CASE_ID,ACCIDENT_YEAR,PROC_DATE,JURIS,COLLISION_DATE,COLLISION_TIME,OFFICER_ID,REPORTING_DISTRICT,DAY_OF_WEEK,CHP_SHIFT,POPULATION,CNTY_CITY_LOC,SPECIAL_COND,BEAT_TYPE,CHP_BEAT_TYPE,CITY_DIVISION_LAPD,CHP_BEAT_CLASS,BEAT_NUMBER,PRIMARY_RD,SECONDARY_RD,DISTANCE,DIRECTION,INTERSECTION,WEATHER_1,WEATHER_2,STATE_HWY_IND,CALTRANS_COUNTY,CALTRANS_DISTRICT,STATE_ROUTE,ROUTE_SUFFIX,POSTMILE_PREFIX,POSTMILE,LOCATION_TYPE,RAMP_INTERSECTION,SIDE_OF_HWY,TOW_AWAY,COLLISION_SEVERITY,NUMBER_KILLED,NUMBER_INJURED,PARTY_COUNT,PRIMARY_COLL_FACTOR,PCF_CODE_OF_VIOL,PCF_VIOL_CATEGORY,PCF_VIOLATION,PCF_VIOL_SUBSECTION,HIT_AND_RUN,TYPE_OF_COLLISION,MVIW,PED_ACTION,ROAD_SURFACE,ROAD_COND_1,ROAD_COND_2,LIGHTING,CONTROL_DEVICE,CHP_ROAD_TYPE,PEDESTRIAN_ACCIDENT,BICYCLE_ACCIDENT,MOTORCYCLE_ACCIDENT,TRUCK_ACCIDENT,NOT_PRIVATE_PROPERTY,ALCOHOL_INVOLVED,STWD_VEHTYPE_AT_FAULT,CHP_VEHTYPE_AT_FAULT,COUNT_SEVERE_INJ,COUNT_VISIBLE_INJ,COUNT_COMPLAINT_PAIN,COUNT_PED_KILLED,COUNT_PED_INJURED,COUNT_BICYCLIST_KILLED,COUNT_BICYCLIST_INJURED,COUNT_MC_KILLED,COUNT_MC_INJURED,PRIMARY_RAMP,SECONDARY_RAMP,LATITUDE,LONGITUDE,COUNTY,CITY,POINT_X,POINT_Y
8195106,2016,2017-03-04,1942,2016-11-15,1640,41535,1443,2,5,7,1942,0,0,0,N,0,14EL2,VENICE BL,LOUELLA AV,0,NA,Y,A,-,Y,LA,7,187,-,-,3.801,I,5,W,N,3,0,1,2,A,-,05,21650,NA,N,G,G,A,A,H,-,B,A,0,NA,Y,NA,NA,Y,NA,L,04,0,1,0,0,0,0,1,0,0,-,-,NA,NA,LOS ANGELES,LOS ANGELES,-118.44836791,33.99639744
8195110,2016,2017-02-03,1942,2016-11-11,1308,42519,882,5,5,7,1942,0,0,0,NA,0,8A59,PICO BL,SAWTELLE,0,NA,Y,A,-,N,NA,NA,NA,NA,NA,NA,NA,NA,NA,N,4,0,2,2,A,-,03,22350,A,N,C,C,A,A,H,-,A,A,0,NA,NA,NA,NA,Y,NA,A,01,0,0,2,0,0,0,0,0,0,-,-,NA,NA,LOS ANGELES,LOS ANGELES,-118.43868009,34.03521008
8195114,2016,2017-02-03,1942,2016-11-05,1715,38590,2088,6,5,7,1942,0,0,0,NA,0,20TL56,WASHINGTON BL,VERMONT AV,0,NA,Y,A,-,N,NA,NA,NA,NA,NA,NA,NA,NA,NA,Y,3,0,2,2,A,-,09,21801,A,N,D,C,A,A,H,-,A,A,0,NA,NA,NA,NA,Y,NA,A,07,0,1,1,0,0,0,0,0,0,-,-,NA,NA,LOS ANGELES,LOS ANGELES,-118.29157014,34.04001001
8195118,2016,2017-02-03,1942,2016-10-14,1320,37614,0849,5,5,7,1942,0,0,0,H,0,14TL52,WHITWORTH DR,SHANENDOAH ST,40,W,N,A,-,N,NA,NA,NA,NA,NA,NA,NA,NA,NA,N,4,0,1,3,A,-,03,22350,A,N,C,C,A,A,H,-,A,D,0,NA,NA,NA,NA,Y,NA,A,01,0,0,1,0,0,0,0,0,0,-,-,NA,NA,LOS ANGELES,LOS ANGELES,-118.381623,34.057102
8195127,2016,2017-04-01,1900,2016-11-12,2117,529141,1517,6,5,5,1954,0,0,0,NA,0,151T3,BURMA RD,BEQUETTE AV,125,E,N,A,-,N,NA,NA,NA,NA,NA,NA,NA,NA,NA,N,4,0,1,2,A,-,21,22106,NA,M,B,C,A,A,H,-,C,D,0,NA,NA,NA,NA,Y,NA,A,NA,0,0,1,0,0,0,0,0,0,-,-,NA,NA,LOS ANGELES,PICO RIVERA,-118.09895,33.97668
8195165,2017,2017-01-24,1942,2017-01-11,2005,27792,1994,3,5,7,1942,0,0,0,NA,0,NA,TOBIAS AV,ROSCOE BL,17,N,N,B,-,N,NA,NA,NA,NA,NA,NA,NA,NA,NA,N,2,0,2,3,A,-,10,21950,A,N,G,B,B,A,H,-,C,A,0,Y,NA,NA,NA,Y,NA,A,01,1,0,1,0,1,0,0,0,0,-,-,NA,NA,LOS ANGELES,LOS ANGELES,-118.45169,34.22156663
8195169,2017,2017-01-25,1942,2017-01-09,1200,37676,1916,1,5,7,1942,0,0,0,NA,0,10TL34,GLENOAKS BL,HUBBARD ST,0,NA,Y,B,-,N,NA,NA,NA,NA,NA,NA,NA,NA,NA,Y,4,0,1,2,A,-,09,21453,C,N,A,C,A,A,H,-,A,A,0,NA,NA,NA,NA,Y,NA,A,01,0,0,1,0,0,0,0,0,0,-,-,NA,NA,LOS ANGELES,LOS ANGELES,-118.43923012,34.29949001
8195185,2016,2017-02-03,1942,2016-12-30,0920,41351,926,5,5,7,1942,0,0,0,NA,0,9A37,WOODMAN AV,VANOWEN ST,0,NA,Y,C,-,N,NA,NA,NA,NA,NA,NA,NA,NA,NA,N,4,0,1,2,A,-,04,21703,NA,N,C,C,A,B,H,-,A,A,0,NA,NA,NA,NA,Y,Y,-,NA,0,0,1,0,0,0,0,0,0,-,-,NA,NA,LOS ANGELES,LOS ANGELES,-118.43127013,34.19394008
8195189,2016,2017-02-03,1942,2016-12-29,1622,42517,1034,4,5,7,1942,0,0,0,J,0,10A21,VICTORY BL,VICTORY BL 18206,0,NA,N,A,-,N,NA,NA,NA,NA,NA,NA,NA,NA,NA,Y,4,0,1,2,A,-,00,20002,A,N,A,C,A,A,H,-,C,A,0,NA,NA,NA,NA,Y,NA,A,01,0,0,1,0,0,0,0,0,0,-,-,NA,NA,LOS ANGELES,LOS ANGELES,NA,NA
8195193,2016,2017-02-03,1942,2016-12-24,1710,42324,1991,6,5,7,1942,0,0,0,NA,0,19X58,SEPULVEDA,ROSCOE BL,20,S,N,A,-,N,NA,NA,NA,NA,NA,NA,NA,NA,NA,N,4,0,1,2,A,-,03,22350,NA,N,D,G,A,A,H,-,A,D,0,NA,Y,NA,NA,Y,NA,L,04,0,0,1,0,0,0,1,0,0,-,-,NA,NA,LOS ANGELES,LOS ANGELES,-118.46773687,34.2213352
8195197,2016,2017-02-03,1942,2016-12-24,0950,32781,1567,6,5,7,1942,0,0,0,O,0,15A21,LANKERSHIM BL,RIVERSIDE DR,0,NA,Y,A,-,N,NA,NA,NA,NA,NA,NA,NA,NA,NA,N,3,0,1,2,A,-,12,21453,A,N,A,C,A,A,-,-,A,A,0,NA,NA,NA,NA,Y,NA,-,NA,0,1,0,0,0,0,0,0,0,-,-,NA,NA,LOS ANGELES,LOS ANGELES,-118.36701013,34.15227001
8195282,2016,2017-02-02,1942,2016-12-06,0615,39624,2039,2,5,7,1942,0,0,0,NA,0,20TL59,WILSHIRE BL,SERRANO AV,0,NA,Y,A,-,N,NA,NA,NA,NA,NA,NA,NA,NA,NA,Y,4,0,2,2,A,-,12,21453,A,N,D,C,A,A,H,-,A,A,0,NA,NA,NA,NA,Y,NA,-,-,0,0,2,0,0,0,0,0,0,-,-,NA,NA,LOS ANGELES,LOS ANGELES,-118.30660012,34.06172012
8195284,2017,2017-02-02,1942,2017-01-14,1350,38857,1008,6,5,7,1942,0,0,0,J,0,15TL42,WOODLEY AV,STRATHERN ST,0,S,N,A,-,N,NA,NA,NA,NA,NA,NA,NA,NA,NA,Y,4,0,5,2,A,-,01,23152,A,N,C,C,A,A,H,-,A,D,0,NA,NA,NA,NA,Y,Y,A,07,0,0,5,0,0,0,0,0,0,-,-,NA,NA,LOS ANGELES,LOS ANGELES,-118.48368011,34.21567006
8195288,2017,2017-02-02,1942,2017-01-13,1110,36755,1004,5,5,7,1942,0,0,0,J,0,10TL37,ROSCOE BL,LOUISE AV,0,NA,Y,A,-,N,NA,NA,NA,NA,NA,NA,NA,NA,NA,Y,4,0,3,2,A,-,09,21806,A,N,D,C,A,A,H,-,A,A,0,NA,NA,NA,NA,Y,NA,A,01,0,0,3,0,0,0,0,0,0,-,-,NA,NA,LOS ANGELES,LOS ANGELES,-118.50986007,34.22113001
8195292,2017,2017-02-02,1942,2017-01-03,0650,41396,1764,2,5,7,1942,0,0,0,Q,0,9TL57,NORDHOFF ST,CORBIN AV,0,NA,Y,B,-,N,NA,NA,NA,NA,NA,NA,NA,NA,NA,Y,3,0,1,2,A,-,09,21801,A,N,A,C,A,A,H,-,A,A,0,NA,NA,NA,NA,Y,NA,I,19,0,1,0,0,0,0,0,0,0,-,-,NA,NA,LOS ANGELES,LOS ANGELES,-118.56230004,34.23548004
8195302,2016,2017-02-01,1942,2016-12-01,0705,38124,0112,4,5,7,1942,0,0,0,A,0,24TL25,SPRING ST,TEMPLE ST,0,N,N,A,-,N,NA,NA,NA,NA,NA,NA,NA,NA,NA,N,4,0,1,2,A,-,08,22100,A,N,D,C,A,A,H,-,A,D,0,NA,NA,NA,NA,Y,NA,A,01,0,0,1,0,0,0,0,0,0,-,-,NA,NA,LOS ANGELES,LOS ANGELES,-118.24263011,34.05488008
8195304,2017,2017-02-02,1942,2017-01-03,1605,40099,0123,2,5,7,1942,0,0,0,A,0,24T55,1ST ST,BROADWAY,0,NA,Y,A,-,N,NA,NA,NA,NA,NA,NA,NA,NA,NA,Y,4,0,1,2,A,-,09,21801,A,N,D,C,A,A,H,-,A,A,0,NA,NA,NA,NA,Y,NA,A,08,0,0,1,0,0,0,0,0,0,-,-,NA,NA,LOS ANGELES,LOS ANGELES,-118.24555005,34.05364004
8195314,2016,2017-02-01,1969,2016-12-22,0601,10156,TRAFF,4,5,5,1969,0,0,0,NA,0,003,SOUTHERN AV,CALIFORNIA AV,0,NA,Y,C,-,N,NA,NA,NA,NA,NA,NA,NA,NA,NA,Y,3,0,4,2,A,-,12,21453,A,F,D,C,A,B,H,-,C,A,0,NA,NA,NA,NA,Y,NA,A,07,0,1,3,0,0,0,0,0,0,-,-,NA,NA,LOS ANGELES,SOUTH GATE,-118.20656006,33.95109004
8195316,2017,2017-02-02,1942,2017-01-09,0810,34561,2134,1,5,7,1942,0,0,0,NA,0,9TL59,SHOUP AV,SHERMAN WY,0,NA,Y,C,-,N,NA,NA,NA,NA,NA,NA,NA,NA,NA,Y,2,0,1,2,A,-,09,21806,A,N,D,C,A,B,H,-,A,A,0,NA,NA,NA,NA,Y,NA,A,01,1,0,0,0,0,0,0,0,0,-,-,NA,NA,LOS ANGELES,LOS ANGELES,-118.61466008,34.20102001
8195317,2016,2017-02-01,1942,2016-11-19,1510,39759,0469,6,5,7,1942,0,0,0,D,0,24T51,INDIANA ST,1ST ST,144,S,N,A,-,N,NA,NA,NA,NA,NA,NA,NA,NA,NA,N,4,0,1,2,A,-,21,22106,NA,N,C,C,A,A,H,-,A,D,0,NA,NA,NA,NA,Y,NA,I,09,0,0,1,0,0,0,0,0,0,-,-,NA,NA,LOS ANGELES,LOS ANGELES,-118.19240725,34.03558512
8195318,2016,2017-02-01,1942,2016-12-12,1130,40690,0702,1,5,7,1942,0,0,0,G,0,6TL7,MELROSE AV,MARTEL AV,0,NA,Y,A,-,N,NA,NA,NA,NA,NA,NA,NA,NA,NA,N,4,0,1,2,A,-,09,21801,A,N,B,C,A,A,H,-,A,A,0,NA,NA,NA,Y,Y,NA,F,21,0,0,1,0,0,0,0,0,0,-,-,NA,NA,LOS ANGELES,LOS ANGELES,-118.35114006,34.08360009
8195321,2016,2017-02-01,1942,2016-11-29,1520,37468,2071,2,5,7,1942,0,0,0,NA,0,20A16,VENICE BL,GRAMERCY PL,0,NA,Y,A,-,N,NA,NA,NA,NA,NA,NA,NA,NA,NA,Y,4,0,1,2,A,-,12,22450,A,N,D,C,A,A,H,-,A,D,0,NA,NA,NA,NA,Y,Y,A,01,0,0,1,0,0,0,0,0,0,-,-,NA,NA,LOS ANGELES,LOS ANGELES,-118.31304005,34.04356011
8195325,2016,2017-02-01,1942,2016-11-08,0800,40530,0738,2,5,7,1942,0,0,0,G,0,7A1,WILSHIRE BL,HIGHLAND AV,0,NA,Y,A,-,N,NA,NA,NA,NA,NA,NA,NA,NA,NA,N,4,0,1,2,A,-,08,22100,A,N,B,C,A,A,H,-,A,A,0,NA,NA,NA,NA,Y,NA,A,01,0,0,1,0,0,0,0,0,0,-,-,NA,NA,LOS ANGELES,LOS ANGELES,-118.33849008,34.06212001
8195329,2016,2017-02-01,1942,2016-11-28,1650,42240,1213,1,5,7,1942,0,0,0,L,0,12A3,S WESTERN AV,W 54TH ST,50,N,N,B,-,N,NA,NA,NA,NA,NA,NA,NA,NA,NA,N,4,0,1,2,A,-,07,21658,A,N,B,C,A,A,H,-,B,D,0,NA,NA,NA,NA,Y,NA,I,19,0,0,1,0,0,0,0,0,0,-,-,NA,NA,LOS ANGELES,LOS ANGELES,-118.30893775,33.99338712
8195337,2016,2017-02-01,1942,2016-12-11,1410,39759,0155,7,5,7,1942,0,0,0,A,0,24T51,5TH ST,MAPLE ST,0,NA,Y,A,-,N,NA,NA,NA,NA,NA,NA,NA,NA,NA,N,4,0,1,2,A,-,07,21658,A,N,B,C,A,A,H,-,A,D,0,NA,NA,NA,NA,Y,NA,I,20,0,0,1,0,0,0,0,0,0,-,-,NA,NA,LOS ANGELES,LOS ANGELES,-118.24652005,34.04538004
8195341,2016,2017-02-01,1942,2016-12-11,2230,40730,0158,7,5,7,1942,0,0,0,A,0,24T36,CENTRAL AV,6TH ST,160,N,N,A,-,N,NA,NA,NA,NA,NA,NA,NA,NA,NA,N,4,0,2,2,A,-,03,22350,NA,N,C,C,A,A,H,-,C,D,0,NA,NA,NA,NA,Y,NA,I,20,0,0,2,0,0,0,0,0,0,-,-,NA,NA,LOS ANGELES,LOS ANGELES,-118.23997496,34.03946829
8195344,2017,2017-02-02,1942,2017-01-03,2150,33504,1017,2,5,7,1942,0,0,0,J,0,10T35,WHITE OAK AV,SATICOY ST,0,NA,Y,A,-,N,NA,NA,NA,NA,NA,NA,NA,NA,NA,N,4,0,1,2,A,-,03,22350,NA,F,D,C,A,A,H,-,C,D,0,NA,NA,NA,NA,Y,NA,A,01,0,0,1,0,0,0,0,0,0,-,-,NA,NA,LOS ANGELES,LOS ANGELES,-118.51860001,34.20841011
8195345,2016,2017-02-01,1942,2016-12-13,1450,265,0443,2,5,7,1942,0,0,0,D,0,4A97,MARENGO ST,STATE ST,64,E,N,A,-,N,NA,NA,NA,NA,NA,NA,NA,NA,NA,N,4,0,1,2,A,-,11,21954,A,N,-,B,E,A,H,-,A,D,0,Y,NA,NA,NA,Y,NA,N,60,0,0,1,0,1,0,0,0,0,-,-,NA,NA,LOS ANGELES,LOS ANGELES,-118.21001252,34.05775965
8195349,2016,2017-02-02,1942,2016-12-16,0635,36238,0443,5,5,7,1942,0,0,0,D,0,24TL25,ZONAL AV,STATE ST,0,NA,Y,C,-,N,NA,NA,NA,NA,NA,NA,NA,NA,NA,Y,3,0,2,2,A,-,09,21802,A,N,D,C,A,B,H,-,B,D,0,NA,NA,NA,NA,Y,NA,J,48,0,1,1,0,0,0,0,0,0,-,-,NA,NA,LOS ANGELES,LOS ANGELES,-118.20872009,34.06111005
8195353,2016,2017-02-27,1942,2016-12-05,0753,36705,RD149,1,5,7,1942,0,0,0,NA,0,14MQ79,IMPERIAL HWY,AVIATION BL,200,E,N,B,-,N,NA,NA,NA,NA,NA,NA,NA,NA,NA,N,4,0,1,2,A,-,06,21755,A,N,B,C,A,A,H,-,A,D,0,NA,NA,Y,NA,Y,NA,C,02,0,0,1,0,0,0,0,0,1,-,-,NA,NA,LOS ANGELES,LOS ANGELES,-118.37898,33.93192
8195357,2016,2017-02-02,1942,2016-12-28,2120,32774,2115,3,5,7,1942,0,0,0,NA,0,16T25,CANOGA AV,ROSCOE BL,171,S,N,A,-,N,NA,NA,NA,NA,NA,NA,NA,NA,NA,Y,4,0,2,2,A,-,09,21801,A,N,D,C,A,A,H,-,C,D,0,NA,NA,NA,NA,Y,NA,A,01,0,0,2,0,0,0,0,0,0,-,-,NA,NA,LOS ANGELES,LOS ANGELES,-118.59752,34.2193309
8195361,2016,2017-02-27,1942,2016-12-10,1640,42011,141,6,5,7,1942,0,0,0,N,0,1A61,5TH,FIGUEROA,0,NA,N,A,-,N,NA,NA,NA,NA,NA,NA,NA,NA,NA,N,4,0,1,2,A,-,08,22101,D,N,B,C,A,A,H,-,A,A,0,NA,NA,NA,NA,Y,NA,-,NA,0,0,1,0,0,0,0,0,0,-,-,NA,NA,LOS ANGELES,LOS ANGELES,-118.25712004,34.05228002
8195362,2016,2017-06-17,1942,2016-12-21,1700,36121,1523,3,5,7,1942,0,0,0,O,0,15A3,VINELAND BL,COLDWATER CANYON,35,E,N,A,-,N,NA,NA,NA,NA,NA,NA,NA,NA,NA,N,4,0,1,2,A,-,12,21453,A,F,D,C,A,A,H,-,C,A,0,NA,NA,NA,NA,Y,NA,-,99,0,0,1,0,0,0,0,0,0,-,-,NA,NA,LOS ANGELES,LOS ANGELES,NA,NA
8195364,2016,2017-02-27,1942,2016-11-16,1750,42092,0643,3,5,7,1942,0,0,0,F,0,6A66,SUNSET BL,VISTA ST,10,E,N,A,-,N,NA,NA,NA,NA,NA,NA,NA,NA,NA,N,4,0,1,2,A,-,09,21804,A,N,A,G,A,A,H,-,D,B,0,NA,Y,NA,NA,Y,NA,L,04,0,0,1,0,0,0,1,0,0,-,-,NA,NA,LOS ANGELES,LOS ANGELES,-118.35170703,34.09801
8195365,2016,2017-02-27,1942,2016-12-25,1143,38357,0123,7,5,7,1942,0,0,0,A,0,24T29,TEMPLE ST,BROADWAY,19,W,N,A,-,N,NA,NA,NA,NA,NA,NA,NA,NA,NA,Y,4,0,2,2,A,-,12,21453,A,N,D,C,A,A,H,-,A,D,0,NA,NA,NA,NA,Y,NA,-,-,0,0,2,0,0,0,0,0,0,-,-,NA,NA,LOS ANGELES,LOS ANGELES,-118.24363458,34.05579658
8195366,2016,2017-02-27,1942,2016-12-21,1815,42357,1727,3,5,7,1942,0,0,0,Q,0,17A44,DEVONSHIRE ST,WILBUR AV,0,NA,Y,G,-,N,NA,NA,NA,NA,NA,NA,NA,NA,NA,N,4,0,1,3,A,-,08,22107,NA,N,D,C,A,A,H,-,C,A,0,NA,NA,NA,NA,Y,NA,A,01,0,0,1,0,0,0,0,0,0,-,-,NA,NA,LOS ANGELES,LOS ANGELES,-118.54483011,34.25727011
8195369,2016,2017-02-27,1942,2016-11-29,1515,33471,1385,2,5,7,1942,0,0,0,M,0,13X28,CENTRAL AV,61ST ST,0,NA,Y,A,-,N,NA,NA,NA,NA,NA,NA,NA,NA,NA,N,4,0,3,4,A,-,03,22350,NA,N,C,B,B,A,H,-,A,A,0,Y,NA,NA,NA,Y,NA,-,NA,0,0,3,0,1,0,0,0,0,-,-,NA,NA,LOS ANGELES,LOS ANGELES,-118.25646009,33.98445004
8195370,2016,2017-02-27,1942,2016-12-24,2210,42363,2141,6,5,7,1942,0,0,0,NA,0,21A73,VICTORY ST,PLATT ST,0,E,N,A,-,N,NA,NA,NA,NA,NA,NA,NA,NA,NA,N,4,0,1,1,A,-,03,22350,NA,N,E,I,A,A,H,-,C,D,0,NA,NA,NA,NA,Y,NA,A,01,0,0,1,0,0,0,0,0,0,-,-,NA,NA,LOS ANGELES,LOS ANGELES,-118.64278005,34.18665005
8195373,2016,2017-02-27,1942,2016-11-12,0820,37282,1333,6,5,7,1942,0,0,0,M,0,13A63,32ND ST,CENTRAL AV,0,NA,N,A,-,N,NA,NA,NA,NA,NA,NA,NA,NA,NA,N,4,0,1,2,D,-,00,NA,NA,N,B,C,A,A,H,-,A,D,0,NA,NA,NA,NA,Y,NA,-,-,0,0,1,0,0,0,0,0,0,-,-,NA,NA,LOS ANGELES,LOS ANGELES,-118.25652011,34.01483005
8195374,2016,2017-02-27,1942,2016-12-21,2240,40297,2155,3,5,7,1942,0,0,0,NA,0,A57,TOPANGA CANYON,VICTORY,0,NA,N,C,-,N,NA,NA,NA,NA,NA,NA,NA,NA,NA,N,4,0,1,2,A,-,08,22108,NA,N,B,C,A,B,H,-,C,A,0,NA,NA,NA,NA,Y,NA,-,NA,0,0,1,0,0,0,0,0,0,-,-,NA,NA,LOS ANGELES,LOS ANGELES,-118.6058901,34.18692006
8195377,2016,2017-02-27,1942,2016-11-10,1630,25385,1824,4,5,7,1942,0,0,0,R,0,MQ53,TOWNE AV,103RD ST,0,NA,Y,A,-,N,NA,NA,NA,NA,NA,NA,NA,NA,NA,N,3,0,1,2,A,-,12,22450,A,F,D,C,A,A,H,-,A,A,0,NA,NA,NA,NA,Y,NA,-,99,0,1,0,0,0,0,0,0,0,-,-,NA,NA,LOS ANGELES,LOS ANGELES,-118.26736004,33.94284001
8195378,2017,2017-05-04,1900,2017-01-14,0315,517301,2832,6,5,5,1915,0,0,0,NA,0,284A,CENTRAL AV,156TH ST,0,NA,Y,A,-,N,NA,NA,NA,NA,NA,NA,NA,NA,NA,Y,3,0,1,1,A,-,03,22350,NA,N,E,I,A,A,A,-,B,D,0,NA,NA,NA,NA,Y,NA,A,01,0,1,0,0,0,0,0,0,0,-,-,NA,NA,LOS ANGELES,COMPTON,-118.25076002,33.89127011
8195384,2016,2017-02-27,1900,2016-10-29,1205,520665,1369,6,5,5,1952,0,0,0,NA,0,136D,DOWNEY AV,MADISON ST,0,NA,Y,B,-,N,NA,NA,NA,NA,NA,NA,NA,NA,NA,Y,4,0,1,2,A,-,09,21802,A,N,D,A,A,A,H,-,A,A,0,NA,NA,NA,NA,Y,NA,A,01,0,0,1,0,0,0,0,0,0,-,-,NA,NA,LOS ANGELES,PARAMOUNT,-118.15148001,33.89111011
8195390,2017,2017-12-27,1942,2017-01-09,0725,4019,1774,1,5,7,1942,0,0,0,Q,0,15TL47,ZELZAH AV,PLUMMER ST,115,S,N,C,-,N,NA,NA,NA,NA,NA,NA,NA,NA,NA,Y,3,0,3,2,A,-,09,21801,A,N,D,C,A,B,H,-,A,D,0,NA,NA,NA,NA,Y,NA,A,07,0,1,2,0,0,0,0,0,0,-,-,NA,NA,LOS ANGELES,LOS ANGELES,-118.52324072,34.24284464
8195395,2017,2017-05-04,1942,2017-01-09,2110,41168,0904,1,5,7,1942,0,0,0,I,0,9A5,SATICOY ST,KESTER AV,0,NA,N,A,-,N,NA,NA,NA,NA,NA,NA,NA,NA,NA,N,4,0,1,2,D,-,00,NA,NA,N,G,B,F,A,H,-,C,D,0,Y,NA,NA,NA,Y,NA,-,-,0,0,1,0,1,0,0,0,0,-,-,NA,NA,LOS ANGELES,LOS ANGELES,-118.45747003,34.20847004
8195398,2016,2017-02-27,1942,2016-12-23,2210,42097,1794,5,5,7,1942,0,0,0,Q,0,17X54,RESEDA,CHASE ST,300,S,N,C,-,N,NA,NA,NA,NA,NA,NA,NA,NA,NA,Y,4,0,1,2,A,-,07,21658,A,N,C,E,A,B,F,-,C,D,0,NA,NA,NA,NA,Y,NA,A,01,0,0,1,0,0,0,0,0,0,-,-,NA,NA,LOS ANGELES,LOS ANGELES,-118.53608,34.22377714
8195399,2017,2017-05-04,1942,2017-01-05,1820,41104,LAPD,4,5,7,1942,0,0,0,NA,0,9X16,VANOWEN ST,HAZELTINE AV,110,W,N,A,-,N,NA,NA,NA,NA,NA,NA,NA,NA,NA,Y,2,0,1,2,A,-,11,21955,NA,N,G,B,D,A,H,-,C,A,0,Y,NA,NA,NA,Y,NA,N,60,1,0,0,0,1,0,0,0,0,-,-,NA,NA,LOS ANGELES,LOS ANGELES,-118.4403431,34.19394
8195402,2016,2017-02-27,1942,2016-11-08,1640,39022,2019,2,5,7,1942,0,0,0,NA,0,34EL2,BEVERLY BL,MADISON AV,0,NA,Y,A,-,N,NA,NA,NA,NA,NA,NA,NA,NA,NA,Y,4,0,1,2,A,-,09,21801,A,N,D,C,A,A,H,-,A,D,0,NA,NA,NA,NA,Y,NA,A,01,0,0,1,0,0,0,0,0,0,-,-,NA,NA,LOS ANGELES,LOS ANGELES,-118.28942006,34.07631011
8195403,2017,2017-05-04,1942,2017-01-13,2125,39258,0933,5,5,7,1942,0,0,0,I,0,9T53,CEDROS AV,VICTORY BL,0,NA,Y,A,-,N,NA,NA,NA,NA,NA,NA,NA,NA,NA,N,3,0,1,2,A,-,12,21453,A,N,D,G,A,A,H,-,C,A,0,NA,Y,NA,NA,Y,NA,L,04,0,1,0,0,0,0,1,0,0,-,-,NA,NA,LOS ANGELES,LOS ANGELES,-118.45311002,34.18666004
8195406,2016,2017-02-27,1942,2016-11-12,0745,41003,2041,6,5,7,1942,0,0,0,NA,0,14T47,CRENSHAW BL,8TH ST,0,NA,Y,A,-,N,NA,NA,NA,NA,NA,NA,NA,NA,NA,N,3,0,1,2,A,-,05,21650,1,N,H,G,A,A,H,-,A,A,0,NA,Y,NA,NA,Y,NA,L,04,0,1,0,0,0,0,1,0,0,-,-,NA,NA,LOS ANGELES,LOS ANGELES,-118.32053,34.05911
8195407,2017,2017-04-06,1942,2017-01-06,1700,41342,1547,5,5,7,1942,0,0,0,O,0,15A1,TUJUNGA AV,MAGNOLIA BL,130,N,N,B,-,N,NA,NA,NA,NA,NA,NA,NA,NA,NA,N,4,0,1,2,A,-,04,21703,NA,N,C,C,A,B,H,-,C,-,0,NA,NA,NA,NA,Y,Y,A,01,0,0,1,0,0,0,0,0,0,-,-,NA,NA,LOS ANGELES,LOS ANGELES,-118.37898193,34.16530647
8195409,2016,2017-02-27,1969,2016-11-11,1649,20226,NA,5,5,5,1969,0,0,0,NA,0,003,CALIFORNIA AV,SANTA ANA ST,0,NA,Y,A,-,N,NA,NA,NA,NA,NA,NA,NA,NA,NA,N,2,0,1,2,A,-,09,21801,A,N,D,C,A,A,H,-,A,A,0,NA,NA,Y,NA,Y,NA,A,01,1,0,0,0,0,0,0,0,1,-,-,NA,NA,LOS ANGELES,SOUTH GATE,-118.20480012,33.96283006
8195410,2016,2017-02-27,1942,2016-11-16,0930,36647,2081,3,5,7,1942,0,0,0,NA,0,20A45,VENICE BL,GRAMERCY PL,0,NA,Y,A,-,N,NA,NA,NA,NA,NA,NA,NA,NA,NA,N,3,0,2,4,A,-,09,21804,NA,N,A,D,A,A,H,-,A,-,0,NA,NA,NA,NA,Y,NA,A,01,0,1,1,0,0,0,0,0,0,-,-,NA,NA,LOS ANGELES,LOS ANGELES,-118.31304005,34.04356011
8195415,2016,2017-02-27,1942,2016-12-01,0930,41957,1456,4,5,7,1942,0,0,0,N,0,14T49,CENTINELA AV,SHORT AV,2,N,N,A,-,N,NA,NA,NA,NA,NA,NA,NA,NA,NA,Y,4,0,3,4,A,-,03,22350,NA,N,A,C,A,A,G,-,A,A,0,NA,NA,NA,NA,Y,NA,A,01,0,0,3,0,0,0,0,0,0,-,-,NA,NA,LOS ANGELES,LOS ANGELES,-118.4233748,33.99292376
8195417,2016,2017-02-27,1942,2016-11-18,2040,36790,NA,5,5,7,1942,0,0,0,NA,0,11A1,FOREST LAWN DR,MT SINAI DR,0,NA,Y,A,-,N,NA,NA,NA,NA,NA,NA,NA,NA,NA,N,4,0,1,2,A,-,03,22350,NA,F,A,-,A,A,H,-,D,D,0,NA,NA,NA,NA,Y,NA,-,99,0,0,1,0,0,0,0,0,0,-,-,NA,NA,LOS ANGELES,LOS ANGELES,-118.31796011,34.15242007
8195419,2016,2017-02-27,1942,2016-12-06,2325,41686,0721,2,5,7,1942,0,0,0,G,0,07A,N ROBERTSON BL,BEVERLY BL,0,NA,Y,A,-,N,NA,NA,NA,NA,NA,NA,NA,NA,NA,Y,4,0,3,2,A,-,08,22107,NA,N,A,C,A,A,H,-,C,A,0,NA,NA,NA,NA,Y,NA,A,01,0,0,3,0,0,0,0,0,0,-,-,NA,NA,LOS ANGELES,LOS ANGELES,-118.38372003,34.0772