CASE_ID,ACCIDENT_YEAR,PROC_DATE,JURIS,COLLISION_DATE,COLLISION_TIME,OFFICER_ID,REPORTING_DISTRICT,DAY_OF_WEEK,CHP_SHIFT,POPULATION,CNTY_CITY_LOC,SPECIAL_COND,BEAT_TYPE,CHP_BEAT_TYPE,CITY_DIVISION_LAPD,CHP_BEAT_CLASS,BEAT_NUMBER,PRIMARY_RD,SECONDARY_RD,DISTANCE,DIRECTION,INTERSECTION,WEATHER_1,WEATHER_2,STATE_HWY_IND,CALTRANS_COUNTY,CALTRANS_DISTRICT,STATE_ROUTE,ROUTE_SUFFIX,POSTMILE_PREFIX,POSTMILE,LOCATION_TYPE,RAMP_INTERSECTION,SIDE_OF_HWY,TOW_AWAY,COLLISION_SEVERITY,NUMBER_KILLED,NUMBER_INJURED,PARTY_COUNT,PRIMARY_COLL_FACTOR,PCF_CODE_OF_VIOL,PCF_VIOL_CATEGORY,PCF_VIOLATION,PCF_VIOL_SUBSECTION,HIT_AND_RUN,TYPE_OF_COLLISION,MVIW,PED_ACTION,ROAD_SURFACE,ROAD_COND_1,ROAD_COND_2,LIGHTING,CONTROL_DEVICE,CHP_ROAD_TYPE,PEDESTRIAN_ACCIDENT,BICYCLE_ACCIDENT,MOTORCYCLE_ACCIDENT,TRUCK_ACCIDENT,NOT_PRIVATE_PROPERTY,ALCOHOL_INVOLVED,STWD_VEHTYPE_AT_FAULT,CHP_VEHTYPE_AT_FAULT,COUNT_SEVERE_INJ,COUNT_VISIBLE_INJ,COUNT_COMPLAINT_PAIN,COUNT_PED_KILLED,COUNT_PED_INJURED,COUNT_BICYCLIST_KILLED,COUNT_BICYCLIST_INJURED,COUNT_MC_KILLED,COUNT_MC_INJURED,PRIMARY_RAMP,SECONDARY_RAMP,LATITUDE,LONGITUDE,COUNTY,CITY,POINT_X,POINT_Y
8199287,2016,2017-01-03,1941,2016-12-16,0752,10916,NA,5,5,7,1941,0,0,0,NA,0,NA,7TH ST,TEMPLE AV,0,NA,Y,B,C,N,NA,NA,NA,NA,NA,NA,NA,NA,NA,N,4,0,2,3,A,-,03,22350,NA,N,C,C,A,B,H,-,A,A,0,NA,NA,NA,NA,Y,NA,A,NA,0,0,2,0,0,0,0,0,0,-,-,NA,NA,LOS ANGELES,LONG BEACH,-118.15896001,33.77535005
8199291,2016,2017-01-03,1941,2016-12-02,1430,10785,NA,5,5,7,1941,0,0,0,NA,0,NA,LOS ALAMITOS TRAFFIC CIR,LOS COYOTES DIAGONAL,0,NA,N,A,-,N,NA,NA,NA,NA,NA,NA,NA,NA,NA,Y,3,0,3,2,D,-,00,NA,NA,N,D,C,A,A,H,-,A,D,0,NA,NA,NA,NA,Y,NA,-,-,0,1,2,0,0,0,0,0,0,-,-,NA,NA,LOS ANGELES,LONG BEACH,-118.14216,33.79039009
8199295,2016,2017-01-12,1941,2016-12-16,1600,6116,NA,5,5,7,1941,0,0,0,NA,0,NA,LAKEWOOD BL,OUTER TRAFFIC CIR,0,NA,Y,A,-,N,NA,NA,NA,NA,NA,NA,NA,NA,NA,Y,4,0,1,2,A,-,09,21802,A,N,F,-,A,A,H,-,A,D,0,NA,NA,NA,NA,Y,NA,A,NA,0,0,1,0,0,0,0,0,0,-,-,NA,NA,LOS ANGELES,LONG BEACH,-118.14273008,33.79153009
8199299,2016,2017-03-04,1941,2016-12-15,1802,6281,NA,4,5,7,1941,0,0,0,NA,0,NA,PACIFIC COAST HWY,E CANAL,119,W,N,C,-,Y,LA,7,1,-,-,7.7,H,-,N,Y,4,0,2,6,A,-,03,22350,NA,N,C,C,A,B,H,-,C,D,0,NA,NA,NA,NA,Y,Y,A,NA,0,0,2,0,0,0,0,0,0,-,-,NA,NA,LOS ANGELES,LONG BEACH,-118.21421151,33.78991678
8199309,2016,2017-01-03,1942,2016-12-14,0830,38980,1959,3,5,7,1942,0,0,0,NA,0,10TL35,DEVONSHIRE ST,ARLETA AV,85,W,N,B,-,N,NA,NA,NA,NA,NA,NA,NA,NA,NA,Y,3,0,2,2,A,-,08,22102,NA,N,D,C,A,A,H,-,A,D,0,NA,NA,NA,NA,Y,NA,A,08,0,1,1,0,0,0,0,0,0,-,-,NA,NA,LOS ANGELES,LOS ANGELES,-118.44436032,34.25760656
8199319,2016,2017-01-03,1941,2016-12-15,0951,10923,NA,4,5,7,1941,0,0,0,NA,0,NA,TEMPLE,EAST 10TH ST,0,NA,Y,A,B,N,NA,NA,NA,NA,NA,NA,NA,NA,NA,Y,3,0,3,2,D,-,00,NA,NA,N,D,C,A,A,H,-,A,A,0,NA,NA,NA,NA,Y,NA,-,-,0,1,2,0,0,0,0,0,0,-,-,NA,NA,LOS ANGELES,LONG BEACH,-118.15896004,33.77895
8199323,2016,2017-01-03,1941,2016-12-15,1740,10573,NA,4,5,7,1941,0,0,0,NA,0,NA,ATLANTA AV,ESTHER ST,0,NA,Y,C,-,N,NA,NA,NA,NA,NA,NA,NA,NA,NA,N,4,0,1,3,A,-,03,22350,NA,N,C,C,A,B,H,-,C,D,0,NA,NA,NA,NA,Y,Y,A,NA,0,0,1,0,0,0,0,0,0,-,-,NA,NA,LOS ANGELES,LONG BEACH,-118.18503013,33.78896012
8199324,2016,2017-01-04,1967,2016-12-19,1524,138,NA,1,5,2,1967,0,0,0,NA,0,SOUTH,WALNUT AV,BURNETT,185,N,N,A,-,N,NA,NA,NA,NA,NA,NA,NA,NA,NA,N,2,0,1,1,B,-,22,NA,NA,N,F,A,A,A,H,-,A,D,0,NA,Y,NA,NA,Y,Y,L,04,1,0,0,0,0,0,1,0,0,-,-,NA,NA,LOS ANGELES,SIGNAL HILL,-118.17198282,33.80125732
8199327,2016,2017-01-03,1941,2016-12-15,1440,5061,NA,4,5,7,1941,0,0,0,NA,0,NA,SANTA FE,HILL ST,160,N,N,B,-,N,NA,NA,NA,NA,NA,NA,NA,NA,NA,Y,3,0,1,2,D,-,00,NA,NA,N,A,B,F,A,H,-,A,A,0,Y,NA,NA,NA,Y,NA,-,-,0,1,0,0,1,0,0,0,0,-,-,NA,NA,LOS ANGELES,LONG BEACH,-118.21552,33.79756879
8199335,2016,2017-01-03,1941,2016-12-13,1303,5498,NA,2,5,7,1941,0,0,0,NA,0,NA,MARTIN LUTHER KING JR AV,11TH ST,30,N,N,A,-,N,NA,NA,NA,NA,NA,NA,NA,NA,NA,Y,4,0,1,3,D,-,00,NA,NA,N,B,E,A,A,H,-,A,D,0,NA,NA,NA,NA,Y,NA,-,-,0,0,1,0,0,0,0,0,0,-,-,NA,NA,LOS ANGELES,LONG BEACH,-118.18067811,33.78087225
8199338,2016,2017-01-03,1941,2016-12-10,1234,10770,NA,6,5,7,1941,0,0,0,NA,0,NA,6TH ST,ATLANTIC AV,153,W,N,A,-,N,NA,NA,NA,NA,NA,NA,NA,NA,NA,N,4,0,1,2,A,-,09,21804,A,N,D,G,A,A,H,-,A,A,0,NA,Y,NA,NA,Y,NA,A,NA,0,0,1,0,0,0,1,0,0,-,-,NA,NA,LOS ANGELES,LONG BEACH,-118.18555242,33.77415
8199339,2016,2017-01-17,1941,2016-12-16,1450,10799,NA,5,5,7,1941,0,0,0,NA,0,NA,XIMENO AV,4TH ST,0,NA,Y,A,-,N,NA,NA,NA,NA,NA,NA,NA,NA,NA,N,3,0,1,2,A,-,08,22107,NA,N,G,B,B,A,H,-,A,A,0,Y,NA,NA,NA,Y,NA,A,NA,0,1,0,0,1,0,0,0,0,-,-,NA,NA,LOS ANGELES,LONG BEACH,-118.14158002,33.77168003
8199374,2016,2017-01-10,1900,2016-11-18,1815,531480,1262,5,5,3,1991,0,0,0,NA,0,121T1,FOOTHILL BL,CROWN AV,0,NA,Y,A,-,N,NA,NA,NA,NA,NA,NA,NA,NA,NA,N,4,0,1,2,A,-,03,22350,NA,N,C,C,A,A,H,-,C,A,0,NA,NA,NA,NA,Y,NA,A,01,0,0,1,0,0,0,0,0,0,-,-,NA,NA,LOS ANGELES,LA CANADA-FLINTRIDGE,-118.18427013,34.19710007
8199377,2016,2017-01-10,1900,2016-11-05,0500,514713,1264,6,5,3,1991,0,0,0,NA,0,122K1,HIGHLAND AV,CORONA DR,100,W,N,A,-,N,NA,NA,NA,NA,NA,NA,NA,NA,NA,Y,4,0,1,1,A,-,08,22107,NA,M,E,I,A,A,H,-,C,D,0,NA,NA,NA,NA,Y,NA,A,07,0,0,1,0,0,0,0,0,0,-,-,NA,NA,LOS ANGELES,LA CANADA-FLINTRIDGE,-118.18470716,34.1865535
8199378,2016,2017-03-04,1900,2016-11-21,0705,536624,1261,1,5,3,1991,0,0,0,NA,0,121T1,ANGELES CREST HWY,ARROYO SUMMIT DR,405,S,N,A,-,Y,LA,7,2,-,-,25.59,H,-,W,Y,4,0,1,1,A,-,03,22350,NA,N,E,I,A,B,G,-,A,D,0,NA,NA,NA,NA,Y,NA,A,01,0,0,1,0,0,0,0,0,0,-,-,NA,NA,LOS ANGELES,LA CANADA-FLINTRIDGE,-118.19479306,34.21878025
8199381,2016,2017-01-10,1900,2016-11-15,2333,454552,1264,2,5,3,1991,0,0,0,NA,0,121T1,BERKSHIRE AV,COMMONWEALTH AV,493,W,N,A,-,N,NA,NA,NA,NA,NA,NA,NA,NA,NA,Y,3,0,1,1,A,-,01,23152,A,N,E,I,A,A,H,-,D,A,0,NA,NA,NA,NA,Y,Y,A,01,0,1,0,0,0,0,0,0,0,-,-,NA,NA,LOS ANGELES,LA CANADA-FLINTRIDGE,-118.19741351,34.1945072
8199382,2016,2017-01-10,1941,2016-11-29,1847,5881,NA,2,5,7,1941,0,0,0,NA,0,NA,ARTESIA BL,INDIANA AV,0,NA,Y,-,-,N,NA,NA,NA,NA,NA,NA,NA,NA,NA,Y,4,0,1,3,C,-,18,NA,NA,N,C,-,A,A,H,-,C,D,0,NA,NA,NA,NA,Y,NA,-,-,0,0,1,0,0,0,0,0,0,-,-,NA,NA,LOS ANGELES,LONG BEACH,-118.15368002,33.87477005
8199385,2016,2017-01-10,1900,2016-11-29,1310,432948,1262,2,5,3,1991,0,0,0,NA,0,121T1,EL VAGO ST,DONA MARIA LN,0,NA,Y,A,-,N,NA,NA,NA,NA,NA,NA,NA,NA,NA,N,4,0,1,2,A,-,12,22450,A,N,C,C,A,A,H,-,A,D,0,NA,NA,NA,NA,Y,NA,A,01,0,0,1,0,0,0,0,0,0,-,-,NA,NA,LOS ANGELES,LA CANADA-FLINTRIDGE,-118.20678002,34.22099006
8199441,2016,2017-04-13,1972,2016-10-09,1748,19996,NA,7,5,6,1972,0,0,0,NA,0,NA,HAWTHORNE BL,242ND ST,15,N,N,A,-,N,NA,NA,NA,NA,NA,NA,NA,NA,NA,N,3,0,1,2,A,-,03,22350,NA,N,C,C,A,A,H,-,A,A,0,NA,NA,NA,NA,Y,NA,A,NA,0,1,0,0,0,0,0,0,0,-,-,NA,NA,LOS ANGELES,TORRANCE,-118.3512,33.80422114
8199445,2016,2017-01-10,1972,2016-10-07,1255,17649,NA,5,5,6,1972,0,0,0,NA,0,NA,CRENSHAW BL,PARK DEL AMO,289,S,N,A,-,N,NA,NA,NA,NA,NA,NA,NA,NA,NA,Y,4,0,1,2,A,-,08,22102,NA,N,D,C,A,A,H,-,A,D,0,NA,NA,NA,NA,Y,NA,A,NA,0,0,1,0,0,0,0,0,0,-,-,NA,NA,LOS ANGELES,TORRANCE,-118.32853,33.82419743
8199446,2016,2017-01-10,1972,2016-10-30,1611,20351,NA,7,5,6,1972,0,0,0,NA,0,NA,CRENSHAW BL,239TH ST,24,N,N,A,-,N,NA,NA,NA,NA,NA,NA,NA,NA,NA,N,4,0,1,2,A,-,03,22350,NA,N,C,C,A,A,H,-,A,D,0,NA,NA,NA,NA,Y,NA,A,NA,0,0,1,0,0,0,0,0,0,-,-,NA,NA,LOS ANGELES,TORRANCE,-118.3279591,33.80775582
8199450,2016,2017-01-10,1972,2016-10-29,0112,18718,NA,6,5,6,1972,0,0,0,NA,0,NA,MADISON,SKYPARK,45,N,N,A,-,N,NA,NA,NA,NA,NA,NA,NA,NA,NA,Y,3,0,2,1,A,-,03,22350,NA,N,A,I,A,A,H,-,C,A,0,NA,NA,NA,NA,Y,NA,A,NA,0,2,0,0,0,0,0,0,0,-,-,NA,NA,LOS ANGELES,TORRANCE,-118.34812305,33.8111139
8199454,2016,2017-01-10,1972,2016-10-27,1146,19767,NA,4,5,6,1972,0,0,0,NA,0,NA,GREENWOOD AV,230TH ST,197,S,N,A,-,N,NA,NA,NA,NA,NA,NA,NA,NA,NA,Y,3,0,1,1,A,-,01,23152,A,N,E,I,A,A,H,-,A,D,0,NA,NA,NA,NA,Y,Y,A,NA,0,1,0,0,0,0,0,0,0,-,-,NA,NA,LOS ANGELES,TORRANCE,-118.33426136,33.81804727
8199457,2016,2017-01-10,1972,2016-10-03,1202,18450,NA,1,5,6,1972,0,0,0,NA,0,NA,SKYPARK DR,COSTCO DR,493,W,N,A,-,N,NA,NA,NA,NA,NA,NA,NA,NA,NA,Y,4,0,3,6,A,-,01,23152,E,N,C,C,A,A,H,-,A,D,0,NA,NA,NA,NA,Y,NA,A,NA,0,0,3,0,0,0,0,0,0,-,-,NA,NA,LOS ANGELES,TORRANCE,NA,NA
8199458,2016,2017-01-10,1972,2016-10-27,1120,14197,NA,4,5,6,1972,0,0,0,NA,0,NA,TORRANCE BL,VILLAGE LN,0,NA,Y,A,-,N,NA,NA,NA,NA,NA,NA,NA,NA,NA,Y,4,0,1,2,A,-,12,21453,A,N,D,C,A,A,H,-,A,A,0,NA,NA,NA,NA,Y,NA,A,NA,0,0,1,0,0,0,0,0,0,-,-,NA,NA,LOS ANGELES,TORRANCE,-118.35580013,33.83757006
8199461,2016,2017-01-10,1900,2016-10-25,0635,480772,1260,2,5,3,1991,0,0,0,NA,0,121T1,FOOTHILL BL,LITTLETON PL,136,E,N,A,-,N,NA,NA,NA,NA,NA,NA,NA,NA,NA,Y,3,0,1,3,A,-,03,22350,NA,N,C,C,A,A,H,-,C,D,0,NA,NA,NA,NA,Y,NA,A,01,0,1,0,0,0,0,0,0,0,-,-,NA,NA,LOS ANGELES,LA CANADA-FLINTRIDGE,-118.21940706,34.21387933
8199465,2016,2017-01-10,1942,2016-10-07,1915,40034,1602,5,5,7,1942,0,0,0,P,0,10T35,BORDEN AV,JUDD ST,0,NA,N,A,-,N,NA,NA,NA,NA,NA,NA,NA,NA,NA,N,4,0,1,2,A,-,00,21954,NA,N,A,B,D,-,H,-,C,A,0,Y,NA,NA,NA,Y,NA,N,60,0,0,1,0,1,0,0,0,0,-,-,NA,NA,LOS ANGELES,LOS ANGELES,-118.41099004,34.27849008
8199469,2016,2017-04-13,1900,2016-10-08,1330,516678,1262,6,5,3,1991,0,0,0,NA,0,121,RT 2,RT 210,0,NA,Y,A,-,Y,LA,7,2,-,-,24.411,I,5,E,N,4,0,1,2,D,-,00,NA,NA,N,D,C,A,A,H,-,A,A,0,NA,NA,NA,NA,Y,NA,-,-,0,0,1,0,0,0,0,0,0,-,EF,NA,NA,LOS ANGELES,LA CANADA-FLINTRIDGE,-118.21541323,34.21141149
8199473,2016,2017-01-10,1972,2016-10-25,0916,17616,NA,2,5,6,1972,0,0,0,NA,0,NA,ARLINGTON,235TH ST,30,S,N,A,-,N,NA,NA,NA,NA,NA,NA,NA,NA,NA,N,4,0,1,2,A,-,03,22350,NA,N,C,C,A,A,H,-,A,A,0,NA,NA,NA,NA,Y,NA,A,NA,0,0,1,0,0,0,0,0,0,-,-,NA,NA,LOS ANGELES,TORRANCE,-118.31992,33.81265772
8199477,2016,2017-01-10,1972,2016-10-19,1853,17649,NA,3,5,6,1972,0,0,0,NA,0,NA,190TH ST,BERYL ST,0,NA,Y,A,-,N,NA,NA,NA,NA,NA,NA,NA,NA,NA,N,3,0,1,2,A,-,09,21801,A,N,D,G,A,A,H,-,C,D,0,NA,Y,NA,NA,Y,NA,A,NA,0,1,0,0,0,0,1,0,0,-,-,NA,NA,LOS ANGELES,TORRANCE,-118.37482006,33.85825005
8199481,2016,2017-01-10,1972,2016-10-19,0958,17649,NA,3,5,6,1972,0,0,0,NA,0,NA,CRENSHAW BL,186TH ST,0,NA,Y,A,-,N,NA,NA,NA,NA,NA,NA,NA,NA,NA,Y,4,0,1,2,A,-,09,21801,A,N,D,C,A,A,H,-,A,A,0,NA,NA,NA,NA,Y,NA,A,NA,0,0,1,0,0,0,0,0,0,-,-,NA,NA,LOS ANGELES,TORRANCE,-118.32668012,33.86195002
8199482,2016,2017-01-10,1942,2016-10-07,0740,37901,0522,5,5,7,1942,0,0,0,E,0,5XL3,HARRY BRIDGES BL,KING AV,30,E,N,A,-,N,NA,NA,NA,NA,NA,NA,NA,NA,NA,Y,4,0,1,1,A,-,03,22350,NA,N,-,I,A,A,H,-,A,D,0,NA,NA,NA,NA,Y,NA,A,01,0,0,1,0,0,0,0,0,0,-,-,NA,NA,LOS ANGELES,LOS ANGELES,-118.27471161,33.77057428
8199485,2016,2017-01-10,1972,2016-10-19,0859,18450,NA,3,5,6,1972,0,0,0,NA,0,NA,CRENSHAW BL,236TH PL,0,NA,Y,A,-,N,NA,NA,NA,NA,NA,NA,NA,NA,NA,N,4,0,1,2,A,-,09,21802,A,N,D,C,A,A,H,-,A,D,0,NA,NA,NA,NA,Y,NA,A,NA,0,0,1,0,0,0,0,0,0,-,-,NA,NA,LOS ANGELES,TORRANCE,-118.32807003,33.81057009
8199486,2016,2017-01-10,1942,2016-10-02,0155,31288,0515,7,5,7,1942,0,0,0,E,0,5T21,LOMITA BL,AVALON BL,0,NA,Y,A,-,N,NA,NA,NA,NA,NA,NA,NA,NA,NA,Y,2,0,2,2,A,-,03,22350,A,N,D,C,A,A,H,-,C,A,0,NA,NA,NA,NA,Y,NA,A,01,1,1,0,0,0,0,0,0,0,-,-,NA,NA,LOS ANGELES,LOS ANGELES,-118.26394,33.79916009
8199489,2016,2017-01-31,1972,2016-10-17,1641,19767,NA,1,5,6,1972,0,0,0,NA,0,NA,ROLLING HILL RD,FALLENLEAF DR,0,NA,Y,A,-,N,NA,NA,NA,NA,NA,NA,NA,NA,NA,Y,4,0,1,3,A,-,09,21801,A,N,C,C,A,A,H,-,A,A,0,NA,NA,NA,NA,Y,NA,A,NA,0,0,1,0,0,0,0,0,0,-,-,NA,NA,LOS ANGELES,TORRANCE,-118.34171011,33.79080003
8199493,2016,2017-01-10,1972,2016-10-02,0520,19769,NA,7,5,6,1972,0,0,0,NA,0,NA,CRENSHAW BL,187TH PL,0,NA,Y,A,-,N,NA,NA,NA,NA,NA,NA,NA,NA,NA,Y,4,0,2,1,A,-,08,22107,NA,N,E,I,A,A,H,-,C,D,0,NA,NA,NA,NA,Y,NA,A,NA,0,0,2,0,0,0,0,0,0,-,-,NA,NA,LOS ANGELES,TORRANCE,-118.32685003,33.86045007
8199497,2016,2017-01-10,1972,2016-10-08,0957,19767,NA,6,5,6,1972,0,0,0,NA,0,NA,SKYPARK DR,GARNIER ST,800,W,N,A,-,N,NA,NA,NA,NA,NA,NA,NA,NA,NA,Y,3,0,3,2,A,-,09,21801,A,N,A,C,A,A,H,-,A,D,0,NA,NA,NA,NA,Y,NA,A,NA,0,3,0,0,0,0,0,0,0,-,-,NA,NA,LOS ANGELES,TORRANCE,-118.33989918,33.80636063
8199501,2016,2017-01-10,1972,2016-10-22,2119,16610,NA,6,5,6,1972,0,0,0,NA,0,NA,SEPULVEDA BL,MAPLE AV,65,W,N,A,-,N,NA,NA,NA,NA,NA,NA,NA,NA,NA,N,4,0,3,2,A,-,04,21703,NA,F,C,C,A,A,H,-,C,D,0,NA,NA,NA,NA,Y,NA,A,NA,0,0,3,0,0,0,0,0,0,-,-,NA,NA,LOS ANGELES,TORRANCE,-118.34006825,33.82421967
8199505,2016,2017-01-10,1972,2016-10-21,1506,17649,NA,5,5,6,1972,0,0,0,NA,0,NA,CABRILLO AV,222ND ST,0,NA,Y,A,-,N,NA,NA,NA,NA,NA,NA,NA,NA,NA,Y,3,0,2,2,A,-,09,21802,A,N,D,C,A,A,H,-,A,A,0,NA,NA,NA,NA,Y,NA,A,NA,0,1,1,0,0,0,0,0,0,-,-,NA,NA,LOS ANGELES,TORRANCE,-118.31437008,33.82615009
8199509,2016,2017-01-10,1972,2016-10-26,1525,17649,NA,3,5,6,1972,0,0,0,NA,0,NA,DOTY AV,182ND ST,60,N,N,A,-,N,NA,NA,NA,NA,NA,NA,NA,NA,NA,N,3,0,1,2,A,-,09,21804,A,N,A,G,A,A,H,-,A,D,0,NA,Y,NA,NA,Y,NA,L,NA,0,1,0,0,0,0,1,0,0,-,-,NA,NA,LOS ANGELES,TORRANCE,-118.33994206,33.86570456
8199513,2016,2017-01-10,1972,2016-10-26,0741,14629,NA,3,5,6,1972,0,0,0,NA,0,NA,CALLE MAYOR,CARLOW,0,NA,Y,A,-,N,NA,NA,NA,NA,NA,NA,NA,NA,NA,N,3,0,1,2,A,-,10,21950,A,N,G,B,B,A,H,-,A,A,0,Y,NA,NA,NA,Y,NA,A,NA,0,1,0,0,1,0,0,0,0,-,-,NA,NA,LOS ANGELES,TORRANCE,-118.36249002,33.81659008
8199517,2016,2017-01-10,1972,2016-10-25,0948,17616,NA,2,5,6,1972,0,0,0,NA,0,NA,ARLINGTON,235TH ST,50,S,N,A,-,N,NA,NA,NA,NA,NA,NA,NA,NA,NA,Y,4,0,1,3,A,-,03,22350,NA,N,C,C,A,A,H,-,A,D,0,NA,NA,NA,NA,Y,NA,A,NA,0,0,1,0,0,0,0,0,0,-,-,NA,NA,LOS ANGELES,TORRANCE,-118.31992,33.81260286
8199522,2016,2017-01-19,1972,2016-09-30,1740,19767,NA,5,5,6,1972,0,0,0,NA,0,NA,VAN NESS AV,186TH ST,100,N,N,A,-,N,NA,NA,NA,NA,NA,NA,NA,NA,NA,Y,4,0,1,2,A,-,09,21804,A,N,D,C,A,A,H,-,A,D,0,NA,NA,NA,NA,Y,NA,A,NA,0,0,1,0,0,0,0,0,0,-,-,NA,NA,LOS ANGELES,TORRANCE,-118.31781,33.86267427
8199524,2016,2017-01-12,1972,2016-06-29,1326,18450,NA,3,5,6,1972,0,0,0,NA,0,NA,CAMINO DEL CAMPO,PASEO DE LAS DELICIAS,0,NA,Y,A,-,N,NA,NA,NA,NA,NA,NA,NA,NA,NA,N,3,0,1,2,A,-,08,22107,NA,M,D,C,A,A,H,-,A,D,0,NA,NA,NA,NA,Y,NA,A,NA,0,1,0,0,0,0,0,0,0,-,-,NA,NA,LOS ANGELES,TORRANCE,-118.38376004,33.81462005
8199526,2016,2017-01-19,1972,2016-09-26,1821,19524,NA,1,5,6,1972,0,0,0,NA,0,NA,ANZA AV,SPENCER ST,25,S,N,A,-,N,NA,NA,NA,NA,NA,NA,NA,NA,NA,Y,4,0,2,2,A,-,03,22350,NA,N,C,C,A,A,H,-,B,D,0,NA,NA,NA,NA,Y,NA,A,NA,0,0,2,0,0,0,0,0,0,-,-,NA,NA,LOS ANGELES,TORRANCE,-118.36237,33.84491143
8199528,2016,2017-01-18,1972,2016-07-23,1535,19767,NA,6,5,6,1972,0,0,0,NA,0,NA,BORDER AV,218TH ST,30,S,N,A,-,N,NA,NA,NA,NA,NA,NA,NA,NA,NA,Y,3,0,1,3,A,-,08,22107,NA,N,C,C,A,A,H,-,A,D,0,NA,NA,NA,NA,Y,NA,A,NA,0,1,0,0,0,0,0,0,0,-,-,NA,NA,LOS ANGELES,TORRANCE,-118.31307,33.82954772
8199532,2016,2017-01-18,1972,2016-07-27,1926,20681,NA,3,5,6,1972,0,0,0,NA,0,NA,182ND ST,WILTON,40,W,N,A,-,N,NA,NA,NA,NA,NA,NA,NA,NA,NA,Y,4,0,2,2,A,-,09,21804,A,N,D,C,A,A,H,-,A,D,0,NA,NA,NA,NA,Y,NA,A,NA,0,0,2,0,0,0,0,0,0,-,-,NA,NA,LOS ANGELES,TORRANCE,-118.31621151,33.86558
8199534,2016,2017-01-19,1942,2016-09-17,2000,41333,2097,6,5,7,1942,0,0,0,NA,0,20A45,BUDLONG,20TH ST,40,N,N,A,-,N,NA,NA,NA,NA,NA,NA,NA,NA,NA,Y,3,0,1,2,A,-,01,23152,A,M,C,E,A,A,H,-,C,-,0,NA,NA,NA,NA,Y,Y,A,01,0,1,0,0,0,0,0,0,0,-,-,NA,NA,LOS ANGELES,LOS ANGELES,-118.29622122,34.0382597
8199536,2016,2017-01-18,1972,2016-07-30,1832,19999,NA,6,5,6,1972,0,0,0,NA,0,NA,DEL AMO BL,ENTRADERO AV,20,E,N,A,-,N,NA,NA,NA,NA,NA,NA,NA,NA,NA,Y,4,0,2,3,A,-,01,23152,NA,N,C,C,A,A,H,-,A,A,0,NA,NA,NA,NA,Y,Y,D,NA,0,0,2,0,0,0,0,0,0,-,-,NA,NA,LOS ANGELES,TORRANCE,-118.36811426,33.84862933
8199538,2016,2017-01-19,1972,2016-09-16,0918,16610,NA,5,5,6,1972,0,0,0,NA,0,NA,190TH ST,INGLEWOOD AV,30,E,N,A,-,N,NA,NA,NA,NA,NA,NA,NA,NA,NA,Y,4,0,1,1,A,-,03,22350,NA,N,E,I,A,A,H,-,A,D,0,NA,NA,NA,NA,Y,NA,A,NA,0,0,1,0,0,0,0,0,0,-,-,NA,NA,LOS ANGELES,TORRANCE,-118.36133137,33.85829
8199540,2016,2017-01-18,1972,2016-07-22,1205,14197,NA,5,5,6,1972,0,0,0,NA,0,NA,VAN NESS AV,166TH ST,25,S,N,A,-,N,NA,NA,NA,NA,NA,NA,NA,NA,NA,N,4,0,1,3,A,-,03,22350,NA,M,C,C,A,A,H,-,A,A,0,NA,NA,NA,NA,Y,NA,A,NA,0,0,1,0,0,0,0,0,0,-,-,NA,NA,LOS ANGELES,TORRANCE,-118.31786,33.88005143
8199542,2016,2017-01-19,1942,2016-09-28,1350,41376,1472,3,5,7,1942,0,0,0,N,0,8TL26,CULVER BL,JEFFERSON BL,0,NA,Y,A,-,N,NA,NA,NA,NA,NA,NA,NA,NA,NA,Y,4,0,2,3,A,-,09,21801,A,N,D,C,A,A,H,-,A,A,0,NA,NA,NA,NA,Y,NA,A,01,0,0,2,0,0,0,0,0,0,-,-,NA,NA,LOS ANGELES,LOS ANGELES,-118.43923011,33.96829012
8199544,2016,2017-01-14,1972,2016-07-29,2128,19999,NA,5,5,6,1972,0,0,0,NA,0,NA,CRENSHAW BL,SKYPARK DR,525,S,N,A,-,N,NA,NA,NA,NA,NA,NA,NA,NA,NA,N,4,0,1,1,C,-,18,NA,NA,N,A,I,A,A,C,-,C,D,0,NA,NA,NA,NA,Y,NA,-,-,0,0,1,0,0,0,0,0,0,-,-,NA,NA,LOS ANGELES,TORRANCE,-118.3283378,33.80008499
8199546,2016,2017-01-24,1942,2016-09-29,0210,36589,2026,4,5,7,1942,0,0,0,NA,0,6T7,3RD ST,BERENDO ST,100,W,N,A,-,N,NA,NA,NA,NA,NA,NA,NA,NA,NA,N,4,0,1,2,A,-,07,21658,A,F,B,C,A,A,H,-,C,D,0,NA,NA,NA,NA,Y,NA,-,NA,0,0,1,0,0,0,0,0,0,-,-,NA,NA,LOS ANGELES,LOS ANGELES,-118.29447956,34.06905
8199552,2016,2017-01-18,1972,2016-07-10,1806,20245,NA,7,5,6,1972,0,0,0,NA,0,NA,SEPULVEDA BL,KNODE ST,0,NA,Y,A,-,N,NA,NA,NA,NA,NA,NA,NA,NA,NA,Y,4,0,1,2,A,-,08,22107,NA,N,B,C,A,A,H,-,A,D,0,NA,NA,NA,NA,Y,NA,A,NA,0,0,1,0,0,0,0,0,0,-,-,NA,NA,LOS ANGELES,TORRANCE,-118.31117002,33.81780001
8199556,2016,2017-01-18,1972,2016-07-09,1653,18874,NA,6,5,6,1972,0,0,0,NA,0,NA,190TH ST,PRAIRIE AV,833,W,N,A,-,N,NA,NA,NA,NA,NA,NA,NA,NA,NA,Y,4,0,2,3,A,-,03,22350,NA,N,C,C,A,A,H,-,A,A,0,NA,NA,NA,NA,Y,NA,A,NA,0,0,2,0,0,0,0,0,0,-,-,NA,NA,LOS ANGELES,TORRANCE,-118.34660824,33.8583