CASE_ID,ACCIDENT_YEAR,PROC_DATE,JURIS,COLLISION_DATE,COLLISION_TIME,OFFICER_ID,REPORTING_DISTRICT,DAY_OF_WEEK,CHP_SHIFT,POPULATION,CNTY_CITY_LOC,SPECIAL_COND,BEAT_TYPE,CHP_BEAT_TYPE,CITY_DIVISION_LAPD,CHP_BEAT_CLASS,BEAT_NUMBER,PRIMARY_RD,SECONDARY_RD,DISTANCE,DIRECTION,INTERSECTION,WEATHER_1,WEATHER_2,STATE_HWY_IND,CALTRANS_COUNTY,CALTRANS_DISTRICT,STATE_ROUTE,ROUTE_SUFFIX,POSTMILE_PREFIX,POSTMILE,LOCATION_TYPE,RAMP_INTERSECTION,SIDE_OF_HWY,TOW_AWAY,COLLISION_SEVERITY,NUMBER_KILLED,NUMBER_INJURED,PARTY_COUNT,PRIMARY_COLL_FACTOR,PCF_CODE_OF_VIOL,PCF_VIOL_CATEGORY,PCF_VIOLATION,PCF_VIOL_SUBSECTION,HIT_AND_RUN,TYPE_OF_COLLISION,MVIW,PED_ACTION,ROAD_SURFACE,ROAD_COND_1,ROAD_COND_2,LIGHTING,CONTROL_DEVICE,CHP_ROAD_TYPE,PEDESTRIAN_ACCIDENT,BICYCLE_ACCIDENT,MOTORCYCLE_ACCIDENT,TRUCK_ACCIDENT,NOT_PRIVATE_PROPERTY,ALCOHOL_INVOLVED,STWD_VEHTYPE_AT_FAULT,CHP_VEHTYPE_AT_FAULT,COUNT_SEVERE_INJ,COUNT_VISIBLE_INJ,COUNT_COMPLAINT_PAIN,COUNT_PED_KILLED,COUNT_PED_INJURED,COUNT_BICYCLIST_KILLED,COUNT_BICYCLIST_INJURED,COUNT_MC_KILLED,COUNT_MC_INJURED,PRIMARY_RAMP,SECONDARY_RAMP,LATITUDE,LONGITUDE,COUNTY,CITY,POINT_X,POINT_Y
8201089,2017,2017-03-23,1942,2017-02-12,1425,39022,1468,7,5,7,1942,0,0,0,N,0,7TL72,BRADDOCK DR,STONER AV,5,W,N,A,-,N,NA,NA,NA,NA,NA,NA,NA,NA,NA,N,3,0,1,2,A,-,10,21950,A,N,G,B,B,A,H,-,A,D,0,Y,NA,NA,NA,Y,NA,A,01,0,1,0,0,1,0,0,0,0,-,-,NA,NA,LOS ANGELES,LOS ANGELES,-118.41326872,33.99430837
8201090,2017,2017-03-23,1942,2017-02-06,0650,39577,1494,1,5,7,1942,0,0,0,N,0,14FBL8,CENTER WY,EAST WY,6,E,N,C,-,N,NA,NA,NA,NA,NA,NA,NA,NA,NA,N,4,0,1,2,A,-,10,21950,A,N,G,B,B,B,H,-,A,A,0,Y,NA,NA,NA,Y,NA,A,01,0,0,1,0,1,0,0,0,0,-,-,NA,NA,LOS ANGELES,LOS ANGELES,-118.40162166,33.94425389
8201093,2017,2017-03-23,1942,2017-02-11,1100,40452,1403,6,5,7,1942,0,0,0,N,0,14TL49,NATIONAL BL,SEPULVEDA BL,0,NA,Y,A,-,N,NA,NA,NA,NA,NA,NA,NA,NA,NA,Y,4,0,3,3,A,-,12,21453,A,N,D,C,A,A,H,-,A,A,0,NA,NA,NA,NA,Y,NA,A,01,0,0,3,0,0,0,0,0,0,-,-,NA,NA,LOS ANGELES,LOS ANGELES,-118.42866009,34.02736012
8201094,2017,2017-03-23,1942,2017-02-10,1811,36255,1407,5,5,7,1942,0,0,0,N,0,14X74,VENICE BL,CLARINGTON AV,0,NA,Y,C,-,N,NA,NA,NA,NA,NA,NA,NA,NA,NA,N,3,0,1,2,A,-,10,21950,A,N,G,B,B,B,H,-,C,A,0,Y,NA,NA,NA,Y,NA,A,01,0,1,0,0,1,0,0,0,0,-,-,NA,NA,LOS ANGELES,LOS ANGELES,-118.40036001,34.02255007
8201097,2017,2017-03-23,1942,2017-02-09,2210,25495,1494,4,5,7,1942,0,0,0,N,0,7T23,SEPULVEDA BL,CENTURY BL,1875,S,N,A,-,N,NA,NA,NA,NA,NA,NA,NA,NA,NA,N,4,0,2,3,A,-,03,22350,NA,N,C,C,A,A,H,-,C,D,0,NA,NA,NA,NA,Y,NA,A,07,0,0,2,0,0,0,0,0,0,-,-,NA,NA,LOS ANGELES,LOS ANGELES,-118.39633,33.94538
8201098,2017,2017-03-23,1942,2017-02-14,1320,41642,1412,2,5,7,1942,0,0,0,N,0,14FB6,PACIFIC AV,PALOMA CT,0,NA,Y,A,-,N,NA,NA,NA,NA,NA,NA,NA,NA,NA,Y,4,0,2,2,A,-,09,21804,A,N,D,C,A,A,H,-,A,D,0,NA,NA,NA,NA,Y,NA,A,07,0,0,2,0,0,0,0,0,0,-,-,NA,NA,LOS ANGELES,LOS ANGELES,-118.47729,33.99402006
8201101,2017,2017-03-23,1942,2017-02-18,2313,37575,0663,6,5,7,1942,0,0,0,F,0,14T47,LEXINGTON AV,LAS PALMAS,30,E,N,A,-,N,NA,NA,NA,NA,NA,NA,NA,NA,NA,Y,3,0,1,2,A,-,01,23152,A,N,A,C,A,A,H,-,C,D,0,NA,NA,NA,NA,Y,Y,A,01,0,1,0,0,0,0,0,0,0,-,-,NA,NA,LOS ANGELES,LOS ANGELES,-118.33619116,34.09257277
8201102,2017,2017-03-23,1942,2017-02-13,0700,40690,1479,1,5,7,1942,0,0,0,N,0,6T7,LA TIJERA BL,74TH ST,20,E,N,A,-,N,NA,NA,NA,NA,NA,NA,NA,NA,NA,N,4,0,3,2,A,-,03,22350,A,N,C,C,A,A,H,-,A,D,0,NA,NA,NA,NA,Y,NA,A,01,0,0,3,0,0,0,0,0,0,-,-,NA,NA,LOS ANGELES,LOS ANGELES,-118.37937449,33.97058964
8201105,2017,2017-03-23,1942,2017-02-19,1900,41848,0644,7,5,7,1942,0,0,0,F,0,7A58,POINSETTIA,SUNSET BL,7,N,N,B,C,N,NA,NA,NA,NA,NA,NA,NA,NA,NA,N,3,0,1,2,A,-,09,21802,A,N,A,C,A,B,H,-,C,D,0,NA,NA,NA,NA,Y,NA,-,NA,0,1,0,0,0,0,0,0,0,-,-,NA,NA,LOS ANGELES,LOS ANGELES,-118.34834,34.098
8201106,2017,2017-03-23,1942,2017-02-03,0705,37550,1449,5,5,7,1942,0,0,0,N,0,14TL49,CULVER BL,CENTINELA AV,0,NA,Y,C,-,N,NA,NA,NA,NA,NA,NA,NA,NA,NA,Y,3,0,1,2,A,-,09,21801,A,N,A,C,A,B,H,-,A,A,0,NA,NA,NA,NA,Y,NA,A,08,0,1,0,0,0,0,0,0,0,-,-,NA,NA,LOS ANGELES,LOS ANGELES,-118.42121008,33.99125005
8201109,2017,2017-03-23,1942,2017-02-03,1655,41481,0625,5,5,7,1942,0,0,0,F,0,6FB31,HIGHLAND AV,ODIN ST,0,NA,Y,B,-,N,NA,NA,NA,NA,NA,NA,NA,NA,NA,Y,4,0,1,5,A,-,12,21453,A,N,D,C,A,B,H,-,A,A,0,NA,NA,NA,NA,Y,NA,A,07,0,0,1,0,0,0,0,0,0,-,-,NA,NA,LOS ANGELES,LOS ANGELES,-118.33646011,34.10990011
8201110,2017,2017-03-23,1942,2017-02-08,1730,42665,1414,3,5,7,1942,0,0,0,N,0,14A12,7TH AV,ROSE AV,8,S,N,B,-,N,NA,NA,NA,NA,NA,NA,NA,NA,NA,N,4,0,1,2,A,-,10,21950,A,N,G,B,B,A,H,-,C,A,0,Y,NA,NA,NA,Y,NA,A,07,0,0,1,0,1,0,0,0,0,-,-,NA,NA,LOS ANGELES,LOS ANGELES,-118.46980314,34.00030314
8201113,2017,2017-03-23,1942,2017-02-25,2300,38090,0646,6,5,7,1942,0,0,0,F,0,6T7,LAS PALMAS AV,SELMA AV,75,N,N,A,-,N,NA,NA,NA,NA,NA,NA,NA,NA,NA,N,4,0,1,2,A,-,21,22106,NA,N,C,E,A,A,H,-,C,D,0,NA,NA,NA,NA,Y,NA,A,01,0,0,1,0,0,0,0,0,0,-,-,NA,NA,LOS ANGELES,LOS ANGELES,-118.33635,34.0997
8201114,2017,2017-03-23,1942,2017-02-07,0935,37437,1416,2,5,7,1942,0,0,0,N,0,14TL47,BUNDY DR,AIRPORT AV,35,N,N,C,-,N,NA,NA,NA,NA,NA,NA,NA,NA,NA,N,4,0,2,3,A,-,03,22350,NA,N,C,C,A,B,H,-,A,A,0,NA,NA,NA,NA,Y,NA,A,01,0,0,2,0,0,0,0,0,0,-,-,NA,NA,LOS ANGELES,LOS ANGELES,-118.44390874,34.01725261
8201117,2017,2017-03-23,1942,2017-02-25,0700,41054,0643,6,5,7,1942,0,0,0,F,0,6TL7,HOLLYWOOD BL,VISTA ST,60,E,N,A,-,N,NA,NA,NA,NA,NA,NA,NA,NA,NA,Y,4,0,1,2,A,-,07,21658,A,N,B,C,A,A,H,-,A,A,0,NA,NA,NA,NA,Y,NA,A,01,0,0,1,0,0,0,0,0,0,-,-,NA,NA,LOS ANGELES,LOS ANGELES,-118.35169218,34.10163
8201118,2017,2017-03-23,1942,2017-02-07,1850,36255,1446,2,5,7,1942,0,0,0,N,0,14X74,WASHINGTON PL,INGLEWOOD BL,100,W,N,C,-,N,NA,NA,NA,NA,NA,NA,NA,NA,NA,Y,3,0,2,2,A,-,00,23250,NA,N,C,C,A,B,H,-,C,D,0,NA,NA,NA,NA,Y,NA,A,01,0,1,1,0,0,0,0,0,0,-,-,NA,NA,LOS ANGELES,LOS ANGELES,-118.42580841,34.00175347
8201121,2017,2017-03-16,1942,2017-02-07,0130,42116,1454,2,5,7,1942,0,0,0,N,0,14A25,LINCOLN BL,MINDANAO BL,1000,S,N,C,-,N,NA,NA,NA,NA,NA,NA,NA,NA,NA,Y,4,0,1,1,A,-,03,22350,NA,N,E,I,A,B,H,-,C,A,0,NA,NA,NA,NA,Y,NA,A,01,0,0,1,0,0,0,0,0,0,-,-,NA,NA,LOS ANGELES,LOS ANGELES,-118.4366688,33.97863348
8201125,2017,2017-03-17,1942,2017-02-08,1015,40690,1485,3,5,7,1942,0,0,0,N,0,6T7,SEPULVEDA WEST WAY,MANCHESTER AV,0,NA,Y,A,-,N,NA,NA,NA,NA,NA,NA,NA,NA,NA,Y,4,0,1,2,A,-,12,21453,A,N,D,C,A,A,H,-,A,A,0,NA,NA,NA,NA,Y,NA,A,01,0,0,1,0,0,0,0,0,0,-,-,NA,NA,LOS ANGELES,LOS ANGELES,-118.39623006,33.95992008
8201129,2017,2017-03-17,1942,2017-02-08,2000,39746,1483,3,5,7,1942,0,0,0,N,0,14T47,LINCOLN BL,LA TIJERA,0,NA,Y,A,-,N,NA,NA,NA,NA,NA,NA,NA,NA,NA,Y,4,0,1,2,A,-,08,22101,NA,N,D,C,A,B,H,-,C,A,0,NA,NA,NA,NA,Y,NA,A,01,0,0,1,0,0,0,0,0,0,-,-,NA,NA,LOS ANGELES,LOS ANGELES,-118.41606013,33.95653011
8201133,2017,2017-04-06,1942,2017-02-01,1400,40315,1499,3,5,7,1942,0,0,0,N,0,14TL52,IMPERIAL HWY,AVIATION BL,0,NA,Y,A,-,N,NA,NA,NA,NA,NA,NA,NA,NA,NA,Y,3,0,3,2,A,-,12,21453,A,N,D,C,A,A,H,-,A,A,0,NA,NA,NA,NA,Y,NA,-,-,0,3,0,0,0,0,0,0,0,-,-,NA,NA,LOS ANGELES,LOS ANGELES,-118.37898004,33.93192001
8201315,2017,2017-04-03,1900,2017-03-09,1600,526021,0540,4,5,3,1921,0,0,0,NA,0,58T1P,BUENA VISTA ST,DUARTE RD,225,S,N,A,-,N,NA,NA,NA,NA,NA,NA,NA,NA,NA,Y,3,0,1,3,A,-,04,21703,NA,M,C,C,A,A,H,-,A,D,0,NA,NA,NA,NA,Y,NA,A,01,0,1,0,0,0,0,0,0,0,-,-,34.13153,-117.97749,LOS ANGELES,DUARTE,-117.97755,34.13170313
8201381,2017,2017-04-01,1902,2017-03-07,1923,759,6,2,5,5,1902,0,0,0,NA,0,001,FOOTHILL BL,BALDWIN AV,0,NA,Y,A,-,N,NA,NA,NA,NA,NA,NA,NA,NA,NA,Y,2,0,2,2,-,-,-,NA,NA,N,-,C,A,A,H,-,C,A,0,NA,NA,NA,NA,Y,NA,-,-,2,0,0,0,0,0,0,0,0,-,-,NA,NA,LOS ANGELES,ARCADIA,-118.05337001,34.15070011
8201385,2017,2018-02-15,1902,2017-03-07,1253,619,11,2,5,5,1902,0,0,0,NA,0,001,SANTA ANITA AV,RT 210,0,NA,Y,A,-,Y,LA,7,210,-,R,32.057,R,4,E,Y,4,0,1,2,A,-,08,22101,D,N,D,C,A,A,H,-,A,A,0,NA,NA,NA,Y,Y,NA,A,01,0,0,1,0,0,0,0,0,0,-,-,NA,NA,LOS ANGELES,ARCADIA,-118.02913396,34.14673926
8201403,2017,2017-03-24,1900,2017-02-28,1735,550488,1622,2,5,5,1977,0,0,0,NA,0,167T1P,SANTA FE AV,WASHINGTON ST,17,S,N,A,-,N,NA,NA,NA,NA,NA,NA,NA,NA,NA,Y,3,0,1,1,A,-,01,23152,F,N,F,I,A,A,H,-,A,A,0,NA,NA,NA,NA,Y,Y,D,22,0,1,0,0,0,0,0,0,0,-,-,NA,NA,LOS ANGELES,CARSON,-118.21672497,33.83244508
8201448,2017,2017-03-29,1941,2017-03-12,0015,10919,NA,7,5,7,1941,0,0,0,NA,0,NA,SANTA FE AV,PACIFIC COAST HWY,0,NA,Y,A,-,N,NA,NA,NA,NA,NA,NA,NA,NA,NA,Y,2,0,3,2,A,-,08,22107,NA,N,D,C,A,A,H,-,C,D,0,NA,NA,NA,NA,Y,Y,A,NA,1,0,2,0,0,0,0,0,0,-,-,NA,NA,LOS ANGELES,LONG BEACH,-118.21548001,33.78986001
8201452,2017,2017-03-29,1941,2017-03-10,1547,10656,NA,5,5,7,1941,0,0,0,NA,0,NA,CHERRY AV,ROOSEVELT RD,0,NA,-,A,-,N,NA,NA,NA,NA,NA,NA,NA,NA,NA,N,4,0,1,2,A,-,04,21703,NA,N,C,A,A,A,H,-,A,D,0,NA,NA,NA,NA,Y,NA,A,NA,0,0,1,0,0,0,0,0,0,-,-,NA,NA,LOS ANGELES,LONG BEACH,-118.16774001,33.82892007
8201458,2017,2017-03-28,1900,2017-02-11,0400,515583,1453,6,5,2,1999,0,0,0,NA,0,141T1,HACIENDA RD,EAST RD,435,S,N,A,-,N,NA,NA,NA,NA,NA,NA,NA,NA,NA,Y,3,0,1,1,A,-,01,23152,A,N,E,I,A,A,H,-,D,D,0,NA,NA,NA,NA,Y,Y,A,07,0,1,0,0,0,0,0,0,0,-,-,NA,NA,LOS ANGELES,LA HABRA HEIGHTS,-117.95874033,33.95487852
8201462,2017,2017-03-28,1900,2017-02-10,1155,529380,1432,5,5,4,1937,0,0,0,NA,0,143T1,TEMPLE AV,DEL VALLE AV,0,NA,Y,B,-,N,NA,NA,NA,NA,NA,NA,NA,NA,NA,N,4,0,1,3,A,-,12,21453,A,N,D,C,A,A,H,-,A,A,0,NA,NA,NA,NA,Y,NA,A,01,0,0,1,0,0,0,0,0,0,-,-,34.02804,-117.94422,LOS ANGELES,LA PUENTE,-117.94417007,34.02809005
8201463,2017,2017-03-28,1941,2017-03-01,1823,10931,NA,3,5,7,1941,0,0,0,NA,0,NA,ARTESIA BL,CHERRY AV,7,W,N,A,-,N,NA,NA,NA,NA,NA,NA,NA,NA,NA,N,4,0,1,2,A,-,03,22350,NA,F,C,C,A,A,H,-,C,A,0,NA,NA,NA,NA,Y,NA,A,NA,0,0,1,0,0,0,0,0,0,-,-,NA,NA,LOS ANGELES,LONG BEACH,-118.168693,33.87470936
8201466,2017,2017-04-03,1900,2017-02-02,1520,510570,1415,4,5,1,1932,0,0,0,NA,0,141T6,GALE AV,BIXBY DR,2,W,N,B,-,N,NA,NA,NA,NA,NA,NA,NA,NA,NA,N,3,0,1,2,A,-,09,21804,A,N,A,G,A,A,H,-,A,D,0,NA,Y,NA,NA,Y,NA,L,04,0,1,0,0,0,0,1,0,0,-,-,34.00468,-117.94459,LOS ANGELES,INDUSTRY,-117.94460564,34.00471282
8201470,2017,2017-03-28,1900,2017-02-16,1120,270471,1414,4,5,1,1932,0,0,0,NA,0,141T2D,HACIENDA BL,STAFFORD ST,345,N,N,A,-,N,NA,NA,NA,NA,NA,NA,NA,NA,NA,Y,3,0,1,2,A,-,07,21658,A,N,B,C,A,A,H,-,A,D,0,NA,NA,NA,NA,Y,NA,A,01,0,1,0,0,0,0,0,0,0,-,-,NA,NA,LOS ANGELES,INDUSTRY,-117.95742384,34.02443768
8201474,2017,2017-03-28,1900,2017-02-16,1213,403161,1417,4,5,1,1932,0,0,0,NA,0,141T3D,TEMPLE AV,AZUSA AV,200,W,N,A,-,N,NA,NA,NA,NA,NA,NA,NA,NA,NA,Y,4,0,3,2,A,-,04,21703,NA,N,C,C,A,A,H,-,A,A,0,NA,NA,NA,NA,Y,NA,A,07,0,0,3,0,0,0,0,0,0,-,-,34.02442,-117.91862,LOS ANGELES,INDUSTRY,-117.91835352,34.02474735
8201479,2017,2017-03-28,1900,2017-03-08,1740,602951,0530,3,5,5,1959,0,0,0,NA,0,53PM,LOMA AZUSA RD,ENCINITA AV,12,E,N,A,-,N,NA,NA,NA,NA,NA,NA,NA,NA,NA,N,3,0,1,2,A,-,12,21453,A,M,G,B,B,A,H,-,B,A,0,Y,NA,NA,NA,Y,NA,A,01,0,1,0,0,1,0,0,0,0,-,-,34.08807,-118.06759,LOS ANGELES,ROSEMEAD,-118.067652,34.087977
8201480,2017,2017-03-29,1928,2017-03-01,1742,314,515,3,5,5,1928,0,0,0,NA,0,503,EL SEGUNDO BL,EL SEGUNDO 4138,0,NA,Y,A,-,N,NA,NA,NA,NA,NA,NA,NA,NA,NA,Y,4,0,1,1,A,-,08,22107,NA,N,E,I,A,A,H,-,B,D,0,NA,NA,NA,NA,Y,NA,A,07,0,0,1,0,0,0,0,0,0,-,-,NA,NA,LOS ANGELES,HAWTHORNE,-118.346936,33.916416
8201483,2017,2017-03-28,1900,2017-03-01,0800,526292,0562,3,5,3,1968,0,0,0,NA,0,55T1AM,PECK RD,DURFEE AV,613,S,N,A,-,N,NA,NA,NA,NA,NA,NA,NA,NA,NA,N,4,0,1,2,A,-,07,21658,A,N,E,I,A,A,H,-,A,D,0,NA,NA,NA,NA,Y,NA,A,01,0,0,1,0,0,0,0,0,0,-,-,34.03421,-118.03804,LOS ANGELES,SOUTH EL MONTE,-118.03825098,34.03459301
8201487,2017,2017-03-28,1900,2017-03-07,1640,525763,0532,2,5,5,1959,0,0,0,NA,0,53T1PM,PINE ST,GARVEY AV,527,S,N,A,-,N,NA,NA,NA,NA,NA,NA,NA,NA,NA,N,3,0,1,2,A,-,09,21804,A,N,D,C,A,A,H,-,A,D,0,NA,NA,NA,NA,Y,NA,A,01,0,1,0,0,0,0,0,0,0,-,-,NA,NA,LOS ANGELES,ROSEMEAD,-118.0920671,34.0612055
8201491,2017,2017-03-28,1900,2017-03-01,1530,487834,0542,3,5,3,1921,0,0,0,NA,0,58T1PM,LAS LOMAS RD,BASHOR ST,0,NA,Y,A,-,N,NA,NA,NA,NA,NA,NA,NA,NA,NA,Y,3,0,3,2,A,-,03,22350,NA,N,C,C,A,A,H,-,A,D,0,NA,NA,NA,NA,Y,NA,A,01,0,1,2,0,0,0,0,0,0,-,-,NA,NA,LOS ANGELES,DUARTE,-117.94688004,34.14196006
8201492,2017,2017-03-28,1941,2017-03-05,0736,10759,NA,7,5,7,1941,0,0,0,NA,0,NA,QUEENSWAY HWY,HARBOR SCENIC DR,0,NA,Y,A,-,N,NA,NA,NA,NA,NA,NA,NA,NA,NA,Y,4,0,1,2,A,-,07,21658,A,N,D,C,A,A,H,-,A,D,0,NA,NA,NA,NA,Y,NA,A,NA,0,0,1,0,0,0,0,0,0,-,-,NA,NA,LOS ANGELES,LONG BEACH,-118.20066005,33.75700006
8201496,2017,2017-04-27,1941,2017-03-10,1906,10328,NA,5,5,7,1941,0,0,0,NA,0,NA,WEST TEMPLE AV,DAISY AV,0,NA,Y,A,-,N,NA,NA,NA,NA,NA,NA,NA,NA,NA,Y,4,0,1,2,A,-,05,21650,NA,F,A,C,A,A,H,-,C,D,0,NA,NA,NA,NA,Y,Y,A,NA,0,0,1,0,0,0,0,0,0,-,-,NA,NA,LOS ANGELES,LONG BEACH,NA,NA
8201500,2017,2017-03-28,1941,2017-03-08,1726,6254,NA,3,5,7,1941,0,0,0,NA,0,NA,SUNRISE BL,ATLANTIC AV,162,E,N,A,-,N,NA,NA,NA,NA,NA,NA,NA,NA,NA,N,4,0,1,2,B,-,22,NA,NA,N,G,B,F,A,H,-,A,D,0,Y,NA,NA,NA,Y,NA,A,NA,0,0,1,0,1,0,0,0,0,-,-,NA,NA,LOS ANGELES,LONG BEACH,-118.18449988,33.80292059
8201521,2017,2017-03-29,1905,2017-03-16,1233,1142,223,4,5,4,1905,0,0,0,NA,0,003,ROCKVALE AV,MATCHWOOD PL,0,NA,Y,A,-,N,NA,NA,NA,NA,NA,NA,NA,NA,NA,Y,4,0,1,2,A,-,09,21804,A,N,D,C,A,A,H,-,A,A,0,NA,NA,NA,NA,Y,NA,A,07,0,0,1,0,0,0,0,0,0,-,-,34.12834,-117.89624,LOS ANGELES,AZUSA,-117.89626007,34.12800007
8201524,2017,2017-03-30,1900,2017-02-10,1331,529380,1432,5,5,4,1937,0,0,0,NA,0,143T1,TEMPLE AV,DEL VALLE AV,0,NA,Y,A,-,N,NA,NA,NA,NA,NA,NA,NA,NA,NA,N,4,0,1,2,A,-,09,21453,B,N,D,C,A,A,H,-,A,A,0,NA,NA,NA,NA,Y,NA,A,01,0,0,1,0,0,0,0,0,0,-,-,34.02818,-117.94418,LOS ANGELES,LA PUENTE,-117.94417007,34.02809005
8201525,2017,2017-03-29,1942,2017-03-09,0645,37059,2073,4,5,7,1942,0,0,0,NA,0,20A71,WESTMORELAND BL,VENICE BL,10,N,N,A,-,N,NA,NA,NA,NA,NA,NA,NA,NA,NA,N,2,0,1,2,A,-,11,21950,B,N,G,B,C,A,H,-,A,D,0,Y,NA,NA,NA,Y,NA,N,60,1,0,0,0,1,0,0,0,0,-,-,NA,NA,LOS ANGELES,LOS ANGELES,-118.30657,34.04359
8201526,2017,2017-03-28,1942,2017-03-01,1600,38326,1049,3,5,7,1942,0,0,0,J,0,9TL54,VICTORY BL,HAYVENHURST AV,650,W,N,A,-,N,NA,NA,NA,NA,NA,NA,NA,NA,NA,N,3,0,1,2,A,-,08,22107,NA,N,-,-,A,A,H,-,A,-,0,NA,Y,NA,NA,Y,NA,A,01,0,1,0,0,0,0,1,0,0,-,-,NA,NA,LOS ANGELES,LOS ANGELES,-118.49454551,34.18661
8201528,2017,2017-03-30,1900,2017-02-07,1744,451502,1415,2,5,1,1932,0,0,0,NA,0,141T6P,AZUSA AV,GALE AV,707,N,N,A,-,N,NA,NA,NA,NA,NA,NA,NA,NA,NA,Y,4,0,1,3,A,-,03,22350,NA,N,C,C,A,A,H,-,C,A,0,NA,NA,NA,NA,Y,NA,A,01,0,0,1,0,0,0,0,0,0,-,-,34.00247,-117.93049,LOS ANGELES,INDUSTRY,-117.93061073,34.00209708
8201529,2017,2017-03-29,1942,2017-03-08,2200,40291,1009,3,5,7,1942,0,0,0,J,0,10T35,ROSCOE BL,RESEDA BL,172,E,N,A,-,N,NA,NA,NA,NA,NA,NA,NA,NA,NA,N,4,0,1,1,A,-,03,22350,NA,N,E,I,A,A,H,-,C,D,0,NA,NA,NA,NA,Y,NA,A,01,0,0,1,0,0,0,0,0,0,-,-,NA,NA,LOS ANGELES,LOS ANGELES,-118.53551237,34.22073331
8201536,2017,2017-03-30,1900,2017-02-24,1530,526285,1432,5,5,4,1937,0,0,0,NA,0,143T1,AMAR RD,DEL VALLE AV,60,W,N,A,-,N,NA,NA,NA,NA,NA,NA,NA,NA,NA,N,4,0,1,2,A,-,04,21703,NA,N,C,C,A,A,H,-,A,A,0,NA,NA,NA,NA,Y,NA,D,22,0,0,1,0,0,0,0,0,0,-,-,34.04337,-117.54686,LOS ANGELES,LA PUENTE,-117.94359691,34.03666358
8201538,2017,2017-03-28,1900,2017-03-12,1545,527057,2610,7,5,6,1950,0,0,0,NA,0,263T1,10TH ST E,AVE Q-6,0,NA,Y,A,-,N,NA,NA,NA,NA,NA,NA,NA,NA,NA,Y,4,0,3,2,A,-,08,22100,5,N,D,C,A,A,H,-,A,D,0,NA,NA,NA,NA,Y,NA,A,01,0,0,3,0,0,0,0,0,0,-,-,NA,NA,LOS ANGELES,PALMDALE,-118.11189014,34.58156003
8201541,2017,2017-03-29,1942,2017-03-10,1200,42664,0722,5,5,7,1942,0,0,0,G,0,7A53,CROFT,3RD ST,0,NA,Y,A,-,N,NA,NA,NA,NA,NA,NA,NA,NA,NA,N,4,0,1,2,A,-,08,22107,NA,F,G,G,A,A,H,-,A,D,0,NA,Y,NA,NA,Y,Y,-,99,0,0,1,0,0,0,1,0,0,-,-,NA,NA,LOS ANGELES,LOS ANGELES,-118.37426009,34.07313011
8201542,2017,2017-03-28,1942,2017-03-09,1316,35481,2148,4,5,7,1942,0,0,0,NA,0,21TL62,VANOWEN ST,COMANCHE AV,140,E,N,A,-,N,NA,NA,NA,NA,NA,NA,NA,NA,NA,N,4,0,1,2,A,-,03,22350,NA,N,C,C,A,A,H,-,A,D,0,NA,NA,Y,NA,Y,NA,C,02,0,0,1,0,0,0,0,0,1,-,-,NA,NA,LOS ANGELES,LOS ANGELES,-118.57180782,34.19379
8201545,2017,2017-03-29,1976,2017-03-05,1543,219,NA,7,5,3,1964,0,0,0,NA,0,002,TELEGRAPH RD,HOUGHTON AV,150,E,N,A,-,N,NA,NA,NA,NA,NA,NA,NA,NA,NA,Y,4,0,2,2,A,-,09,21804,A,N,D,C,A,A,H,-,A,D,0,NA,NA,NA,NA,Y,NA,A,01,0,0,2,0,0,0,0,0,0,-,-,NA,NA,LOS ANGELES,SANTA FE SPRINGS,-118.08817027,33.94813327
8201550,2017,2017-03-28,1942,2017-03-03,1905,38049,1916,5,5,7,1942,0,0,0,NA,0,16A11,GLENOAKS BL,HUBBARD ST,0,NA,Y,A,-,N,NA,NA,NA,NA,NA,NA,NA,NA,NA,Y,3,0,4,2,A,-,09,21801,A,N,D,C,A,A,H,-,C,A,0,NA,NA,Y,NA,Y,NA,C,06,0,2,2,0,0,0,0,0,2,-,-,NA,NA,LOS ANGELES,LOS ANGELES,-118.43923012,34.29949001
8201554,2017,2017-03-28,1942,2017-03-11,1025,39192,1977,6,5,7,1942,0,0,0,NA,0,16TL23,BRANFORD ST,BEACHY AV,250,W,N,A,-,N,NA,NA,NA,NA,NA,NA,NA,NA,NA,Y,3,0,1,2,A,-,03,22350,NA,N,C,C,A,A,H,-,A,D,0,NA,NA,NA,NA,Y,NA,A,01,0,1,0,0,0,0,0,0,0,-,-,NA,NA,LOS ANGELES,LOS ANGELES,-118.42368334,34.23328037
8201558,2017,2017-03-28,1942,2017-03-01,1800,26315,1684,3,5,7,1942,0,0,0,P,0,19T74,LANKERSHIM BL,TUXFORD ST,33,S,N,A,-,N,NA,NA,NA,NA,NA,NA,NA,NA,NA,N,4,0,1,2,A,-,03,22350,NA,N,C,C,A,A,H,-,-,A,0,NA,NA,NA,NA,Y,NA,A,08,0,0,1,0,0,0,0,0,0,-,-,NA,NA,LOS ANGELES,LOS ANGELES,-118.3878,34.22238949
8201562,2017,2017-03-28,1942,2017-03-02,0800,39473,1622,4,5,7,1942,0,0,0,P,0,16TL25,SAN FERNANDO RD,VAN NUYS BL,0,NA,Y,A,-,N,NA,NA,NA,NA,NA,NA,NA,NA,NA,Y,3,0,3,2,A,-,12,21453,A,N,A,C,A,A,H,-,A,A,0,NA,NA,NA,NA,Y,NA,A,01,0,1,2,0,0,0,0,0,0,-,-,NA,NA,LOS ANGELES,LOS ANGELES,-118.42211005,34.26610003