CASE_ID,ACCIDENT_YEAR,PROC_DATE,JURIS,COLLISION_DATE,COLLISION_TIME,OFFICER_ID,REPORTING_DISTRICT,DAY_OF_WEEK,CHP_SHIFT,POPULATION,CNTY_CITY_LOC,SPECIAL_COND,BEAT_TYPE,CHP_BEAT_TYPE,CITY_DIVISION_LAPD,CHP_BEAT_CLASS,BEAT_NUMBER,PRIMARY_RD,SECONDARY_RD,DISTANCE,DIRECTION,INTERSECTION,WEATHER_1,WEATHER_2,STATE_HWY_IND,CALTRANS_COUNTY,CALTRANS_DISTRICT,STATE_ROUTE,ROUTE_SUFFIX,POSTMILE_PREFIX,POSTMILE,LOCATION_TYPE,RAMP_INTERSECTION,SIDE_OF_HWY,TOW_AWAY,COLLISION_SEVERITY,NUMBER_KILLED,NUMBER_INJURED,PARTY_COUNT,PRIMARY_COLL_FACTOR,PCF_CODE_OF_VIOL,PCF_VIOL_CATEGORY,PCF_VIOLATION,PCF_VIOL_SUBSECTION,HIT_AND_RUN,TYPE_OF_COLLISION,MVIW,PED_ACTION,ROAD_SURFACE,ROAD_COND_1,ROAD_COND_2,LIGHTING,CONTROL_DEVICE,CHP_ROAD_TYPE,PEDESTRIAN_ACCIDENT,BICYCLE_ACCIDENT,MOTORCYCLE_ACCIDENT,TRUCK_ACCIDENT,NOT_PRIVATE_PROPERTY,ALCOHOL_INVOLVED,STWD_VEHTYPE_AT_FAULT,CHP_VEHTYPE_AT_FAULT,COUNT_SEVERE_INJ,COUNT_VISIBLE_INJ,COUNT_COMPLAINT_PAIN,COUNT_PED_KILLED,COUNT_PED_INJURED,COUNT_BICYCLIST_KILLED,COUNT_BICYCLIST_INJURED,COUNT_MC_KILLED,COUNT_MC_INJURED,PRIMARY_RAMP,SECONDARY_RAMP,LATITUDE,LONGITUDE,COUNTY,CITY,POINT_X,POINT_Y
8202288,2016,2017-01-03,1900,2016-11-17,0901,506392,1613,4,5,5,1977,0,0,0,NA,0,164T,VICTORIA ST,BISHOP ST,392,E,N,A,-,N,NA,NA,NA,NA,NA,NA,NA,NA,NA,Y,3,0,1,1,A,-,03,22350,NA,N,A,I,A,A,H,-,A,D,0,NA,NA,NA,NA,Y,NA,A,01,0,1,0,0,0,0,0,0,0,-,-,NA,NA,LOS ANGELES,CARSON,-118.24266,33.86766
8202292,2016,2017-03-04,1900,2016-11-16,1742,524694,1742,3,5,5,1977,0,0,0,NA,0,1900,FIGUEROA ST,RT 405,10,S,N,A,-,Y,LA,7,405,-,-,12.63,R,4,N,Y,4,0,1,2,A,-,09,21802,A,N,D,C,A,A,H,-,C,A,0,NA,NA,NA,NA,Y,NA,A,08,0,0,1,0,0,0,0,0,0,-,-,NA,NA,LOS ANGELES,CARSON,-118.28061735,33.85358512
8202296,2016,2017-01-03,1900,2016-11-18,1754,518302,1617,5,5,5,1977,0,0,0,NA,0,167T1,MAIN ST,STADIUM WY,100,S,N,A,-,N,NA,NA,NA,NA,NA,NA,NA,NA,NA,Y,3,0,1,3,A,-,08,22107,NA,N,E,E,A,A,H,-,C,A,0,NA,NA,NA,NA,Y,NA,A,01,0,1,0,0,0,0,0,0,0,-,-,NA,NA,LOS ANGELES,CARSON,-118.279986,33.844611
8202300,2016,2017-01-03,1900,2016-11-21,0535,514205,1610,1,5,5,1977,0,0,0,NA,0,1607,MAIN ST,GARDENA BL,0,NA,Y,C,-,N,NA,NA,NA,NA,NA,NA,NA,NA,NA,Y,4,0,1,2,A,-,08,22107,NA,N,A,C,A,B,H,-,C,A,0,NA,NA,NA,NA,Y,NA,A,01,0,0,1,0,0,0,0,0,0,-,-,NA,NA,LOS ANGELES,CARSON,-118.27579014,33.88201009
8202313,2016,2017-01-03,1972,2016-05-31,1700,20783,NA,2,5,6,1972,0,0,0,NA,0,NA,CRENSHAW,190TH,150,S,N,A,-,N,NA,NA,NA,NA,NA,NA,NA,NA,NA,N,4,0,1,2,A,-,03,22350,NA,F,C,C,A,A,H,-,A,D,0,NA,NA,NA,NA,Y,NA,A,NA,0,0,1,0,0,0,0,0,0,-,-,NA,NA,LOS ANGELES,TORRANCE,-118.32831131,33.85800086
8202326,2016,2017-01-04,1900,2016-12-03,1740,536345,0976,6,5,4,1979,0,0,0,NA,0,93T1,SANTA MONICA BL,SWEETZER AV,12,W,N,A,-,N,NA,NA,NA,NA,NA,NA,NA,NA,NA,N,2,0,1,2,A,-,10,21950,A,N,G,B,B,A,H,-,B,A,0,Y,NA,NA,NA,Y,NA,D,22,1,0,0,0,1,0,0,0,0,-,-,NA,NA,LOS ANGELES,WEST HOLLYWOOD,-118.37031956,34.09069
8202334,2016,2017-02-21,1900,2016-12-09,1330,519547,0977,5,5,4,1979,0,0,0,NA,0,92T1,SANTA MONICA BL,DOHENY DR,134,E,N,A,-,N,NA,NA,NA,NA,NA,NA,NA,NA,NA,N,2,0,1,2,D,-,00,NA,NA,N,G,B,D,A,H,-,A,D,0,Y,NA,NA,Y,Y,NA,-,-,1,0,0,0,1,0,0,0,0,-,-,NA,NA,LOS ANGELES,WEST HOLLYWOOD,-118.38939894,34.08136071
8202338,2016,2017-02-10,1900,2016-12-18,1706,546266,0977,7,5,4,1979,0,0,0,NA,0,93HP,SANTA MONICA BL,ROBERTSON BL,0,NA,Y,A,-,N,NA,NA,NA,NA,NA,NA,NA,NA,NA,Y,4,0,2,3,A,-,09,21801,A,N,D,C,A,-,H,-,C,A,0,NA,NA,NA,NA,Y,NA,A,01,0,0,2,0,0,0,0,0,0,-,-,NA,NA,LOS ANGELES,WEST HOLLYWOOD,-118.38555009,34.08395003
8202348,2016,2017-01-06,1900,2016-12-05,1831,451502,1434,1,5,4,1937,0,0,0,NA,0,143T1P,TAMAR DR,TEMPLE AV,0,N,N,A,-,N,NA,NA,NA,NA,NA,NA,NA,NA,NA,Y,3,0,1,4,A,-,01,23152,A,N,B,C,A,A,H,-,C,D,0,NA,NA,NA,NA,Y,Y,A,01,0,1,0,0,0,0,0,0,0,-,-,34.04857,-117.97535,LOS ANGELES,LA PUENTE,-117.97664003,34.04718001
8202360,2016,2017-02-10,1900,2016-12-13,1643,403161,1418,2,5,1,1932,0,0,0,NA,0,141T6P,ARENTH AV,FULLERTON RD,0,NA,Y,A,-,N,NA,NA,NA,NA,NA,NA,NA,NA,NA,Y,4,0,2,4,A,-,09,21804,A,N,B,C,A,A,H,-,A,A,0,NA,NA,NA,NA,Y,NA,D,22,0,0,2,0,0,0,0,0,0,-,-,34.00332,-117.90418,LOS ANGELES,INDUSTRY,-117.90415009,34.00330012
8202368,2016,2017-01-06,1900,2016-12-13,0635,526352,1431,2,5,4,1937,0,0,0,NA,0,471,FRANCISQUITO AV,HACIENDA BL,63,W,N,A,-,N,NA,NA,NA,NA,NA,NA,NA,NA,NA,N,4,0,1,2,A,-,21,22106,NA,N,C,C,A,A,H,-,A,A,0,NA,NA,NA,NA,Y,NA,A,01,0,0,1,0,0,0,0,0,0,-,-,NA,NA,LOS ANGELES,LA PUENTE,-117.94661747,34.04838248
8202392,2016,2017-02-10,1900,2016-12-06,1545,196195,1419,2,5,1,1932,0,0,0,NA,0,141T5,GRAND AV,FERRERO PKWY,0,NA,Y,A,-,N,NA,NA,NA,NA,NA,NA,NA,NA,NA,Y,4,0,1,2,A,-,09,21802,A,N,D,C,A,A,H,-,A,A,0,NA,NA,NA,Y,Y,NA,A,01,0,0,1,0,0,0,0,0,0,-,-,34.02091,-117.82907,LOS ANGELES,INDUSTRY,-117.83181012,34.02461003
8202393,2016,2017-01-06,1900,2016-11-23,1830,536345,0977,3,5,4,1979,0,0,0,NA,0,93T1,SANTA MONICA BL,DOHENY DR,73,E,N,A,-,N,NA,NA,NA,NA,NA,NA,NA,NA,NA,Y,4,0,2,3,A,-,03,22350,NA,N,C,C,A,A,H,-,C,A,0,NA,NA,NA,NA,Y,NA,A,01,0,0,2,0,0,0,0,0,0,-,-,NA,NA,LOS ANGELES,WEST HOLLYWOOD,-118.38955636,34.08125667
8202435,2016,2017-02-01,1900,2016-12-02,1245,540312,1624,5,5,5,1977,0,0,0,NA,0,168T,AVALON BL,223 RD ST,40,S,N,A,-,N,NA,NA,NA,NA,NA,NA,NA,NA,NA,Y,4,0,3,2,A,-,08,22107,NA,N,B,C,A,A,H,-,A,D,0,NA,NA,NA,NA,Y,NA,A,01,0,0,3,0,0,0,0,0,0,-,-,NA,NA,LOS ANGELES,CARSON,-118.263716,33.824066
8202438,2016,2017-01-09,1900,2016-11-28,1510,532438,1618,1,5,5,1977,0,0,0,NA,0,168T,MAIN ST,STADIUM WY,319,S,N,B,-,N,NA,NA,NA,NA,NA,NA,NA,NA,NA,Y,4,0,1,4,A,-,07,21658,A,N,B,C,A,A,H,-,A,D,0,NA,NA,NA,Y,Y,NA,F,25,0,0,1,0,0,0,0,0,0,-,-,NA,NA,LOS ANGELES,CARSON,-118.279949,33.843999
8202439,2016,2017-02-10,1900,2016-12-15,2031,524694,1610,4,5,5,1977,0,0,0,NA,0,164T1,AVALON BL,GARDENA BL,10,S,N,C,-,N,NA,NA,NA,NA,NA,NA,NA,NA,NA,Y,4,0,1,2,A,-,09,21453,B,N,D,C,A,B,H,-,C,A,0,NA,NA,NA,Y,Y,NA,G,26,0,0,1,0,0,0,0,0,0,-,-,NA,NA,LOS ANGELES,CARSON,-118.26466727,33.88232267
8202441,2016,2017-02-27,1900,2016-12-13,2230,552720,0453,2,5,6,1949,0,0,0,NA,0,43T1E,IMPERIAL HWY,WOODS AV,48,W,N,A,-,N,NA,NA,NA,NA,NA,NA,NA,NA,NA,Y,4,0,1,2,A,-,03,22350,NA,N,C,C,A,A,H,-,C,A,0,NA,NA,NA,Y,Y,Y,A,01,0,0,1,0,0,0,0,0,0,-,-,NA,NA,LOS ANGELES,NORWALK,-118.08413783,33.91709309
8202445,2016,2017-01-26,1900,2016-11-23,1713,551350,455,3,5,6,1949,0,0,0,NA,0,45T1,ALONDRA BL,GRIDLEY RD,0,NA,Y,A,-,N,NA,NA,NA,NA,NA,NA,NA,NA,NA,Y,4,0,1,3,A,-,01,23152,A,M,D,C,A,A,H,-,C,A,0,NA,NA,NA,NA,Y,Y,D,22,0,0,1,0,0,0,0,0,0,-,-,NA,NA,LOS ANGELES,NORWALK,-118.09118011,33.88765003
8202449,2016,2017-02-08,1900,2016-12-08,1130,272611,0454,4,5,6,1949,0,0,0,NA,0,45T1BA,ROSECRANS AV,FIRESTONE BL,274,E,N,A,-,N,NA,NA,NA,NA,NA,NA,NA,NA,NA,Y,4,0,1,2,-,-,-,NA,NA,N,D,C,A,A,H,-,A,D,0,NA,NA,Y,Y,Y,NA,-,-,0,0,1,0,0,0,0,0,1,-,-,NA,NA,LOS ANGELES,NORWALK,-118.05978919,33.90227454
8202461,2016,2017-03-04,1900,2016-12-10,1500,489533,0455,6,5,6,1949,0,0,0,NA,0,45T1,ROSECRANS AV,RT 605,54,E,N,A,-,Y,LA,7,605,-,R,7.133,R,4,S,N,4,0,2,2,A,-,12,21453,A,N,D,C,A,A,H,-,A,A,0,NA,NA,NA,NA,Y,NA,D,22,0,0,2,0,0,0,0,0,0,-,SF,NA,NA,LOS ANGELES,NORWALK,-118.10525341,33.9066374
8202467,2016,2017-01-10,1900,2016-11-29,1535,281365,1626,2,5,5,1977,0,0,0,NA,0,164T1,223RD ST,WILMINGTON AV,750,E,N,A,-,N,NA,NA,NA,NA,NA,NA,NA,NA,NA,Y,3,0,1,2,A,-,08,22100,A,N,D,C,A,A,H,-,A,D,0,NA,NA,NA,Y,Y,NA,G,25,0,1,0,0,0,0,0,0,0,-,-,NA,NA,LOS ANGELES,CARSON,-118.24002049,33.82428
8202469,2016,2017-01-24,1900,2016-11-22,1327,538701,1610,2,5,5,1977,0,0,0,NA,0,164T,ALBERTONI ST,S BROADWAY,0,NA,Y,A,-,N,NA,NA,NA,NA,NA,NA,NA,NA,NA,Y,3,0,6,2,A,-,12,21453,A,N,D,C,A,A,H,-,A,A,0,NA,NA,NA,Y,Y,NA,F,25,0,1,5,0,0,0,0,0,0,-,-,NA,NA,LOS ANGELES,CARSON,-118.27852014,33.87087001
8202471,2016,2017-01-06,1900,2016-11-29,1438,532438,1622,2,5,5,1977,0,0,0,NA,0,168T,JEFFERSON ST,SANTA FE AV,182,W,N,A,-,N,NA,NA,NA,NA,NA,NA,NA,NA,NA,N,3,0,1,3,A,-,01,23152,E,N,B,E,A,A,H,-,A,D,0,NA,NA,NA,NA,Y,NA,A,01,0,1,0,0,0,0,0,0,0,-,-,NA,NA,LOS ANGELES,CARSON,-118.21674809,33.834
8202479,2016,2017-01-04,1900,2016-12-05,1904,523558,1625,1,5,5,1977,0,0,0,NA,0,167T1,WILMINGTON AV,SEPULVEDA BL,10,S,N,A,-,N,NA,NA,NA,NA,NA,NA,NA,NA,NA,Y,4,0,1,2,A,-,03,22350,NA,N,C,C,A,A,H,-,C,A,0,NA,NA,NA,NA,Y,NA,D,22,0,0,1,0,0,0,0,0,0,-,-,NA,NA,LOS ANGELES,CARSON,-118.25535107,33.80836418
8202552,2016,2017-01-24,1900,2016-11-18,1800,536345,0973,5,5,4,1979,0,0,0,NA,0,93T1,LA BREA AV,FOUNTAIN AV,200,S,N,A,-,N,NA,NA,NA,NA,NA,NA,NA,NA,NA,N,4,0,3,4,A,-,03,22350,NA,N,C,C,A,A,H,-,C,A,0,NA,NA,NA,NA,Y,NA,-,99,0,0,3,0,0,0,0,0,0,-,-,NA,NA,LOS ANGELES,WEST HOLLYWOOD,-118.34409688,34.09382149
8202571,2016,2017-01-12,1900,2016-12-10,1815,600726,0453,6,5,6,1949,0,0,0,NA,0,43T1,IMPERIAL HWY,STUDEBAKER RD,218,W,N,A,-,N,NA,NA,NA,NA,NA,NA,NA,NA,NA,Y,4,0,2,2,A,-,09,21801,A,N,D,C,A,A,H,-,C,D,0,NA,NA,NA,NA,Y,NA,A,07,0,0,2,0,0,0,0,0,0,-,-,NA,NA,LOS ANGELES,NORWALK,-118.10002686,33.91717
8202641,2016,2017-03-04,1900,2016-12-10,0900,511622,0454,6,5,6,1949,0,0,0,NA,0,43T1,SAN ANTONIO DR,FRONTAGE RD,0,NA,Y,A,-,Y,LA,7,5,-,-,4.218,R,4,S,Y,4,0,2,2,A,-,12,21453,A,N,D,C,A,A,H,-,A,D,0,NA,NA,NA,NA,Y,NA,A,01,0,0,2,0,0,0,0,0,0,-,-,NA,NA,LOS ANGELES,NORWALK,-118.07072119,33.91041143
8202642,2016,2017-01-04,1900,2016-12-01,1330,403161,1419,4,5,1,1932,0,0,0,NA,0,141T3D,GRAND AV,BAKER PKWY,150,S,N,A,-,N,NA,NA,NA,NA,NA,NA,NA,NA,NA,Y,4,0,1,2,A,-,07,21658,A,N,B,C,A,A,H,-,A,A,0,NA,NA,NA,NA,Y,NA,A,01,0,0,1,0,0,0,0,0,0,-,-,NA,NA,LOS ANGELES,INDUSTRY,-117.82735275,34.02036938
8202645,2016,2017-01-04,1900,2016-12-16,1235,442391,0468,5,5,4,1936,0,0,0,NA,0,46T1,ROSECRANS AV,BEACH BL,327,W,N,B,-,N,NA,NA,NA,NA,NA,NA,NA,NA,NA,Y,3,0,1,1,A,-,08,22107,NA,N,E,I,A,A,H,-,A,D,0,NA,NA,NA,NA,Y,NA,A,01,0,1,0,0,0,0,0,0,0,-,-,NA,NA,LOS ANGELES,LA MIRADA,-117.98830542,33.89673985
8202646,2016,2017-01-04,1900,2016-12-02,2053,516343,1430,5,5,4,1937,0,0,0,NA,0,143K3,TEMPLE AV,WILLOW AV,40,W,N,A,-,N,NA,NA,NA,NA,NA,NA,NA,NA,NA,N,4,0,2,2,A,-,12,21453,A,N,C,C,A,A,H,-,C,A,0,NA,NA,NA,NA,Y,NA,A,01,0,0,2,0,0,0,0,0,0,-,-,NA,NA,LOS ANGELES,LA PUENTE,-117.97767835,34.04772297
8202649,2016,2017-01-04,1900,2016-12-20,1915,523558,1624,2,5,5,1977,0,0,0,NA,0,167T1,CATSKILL AV,237TH ST,85,N,N,A,-,N,NA,NA,NA,NA,NA,NA,NA,NA,NA,N,3,0,1,2,A,-,08,22107,NA,N,B,E,A,A,H,-,C,D,0,NA,NA,NA,NA,Y,NA,A,01,0,1,0,0,0,0,0,0,0,-,-,NA,NA,LOS ANGELES,CARSON,-118.27173,33.81033312
8202650,2016,2017-01-04,1900,2016-12-04,0055,438154,1418,7,5,1,1932,0,0,0,NA,0,141T1,STONE CREEK RD,GALE AV,495,S,N,A,-,N,NA,NA,NA,NA,NA,NA,NA,NA,NA,Y,4,0,1,1,A,-,03,22350,NA,N,E,I,A,A,H,-,C,D,0,NA,NA,Y,NA,Y,NA,C,02,0,0,1,0,0,0,0,0,1,-,-,NA,NA,LOS ANGELES,INDUSTRY,-117.91166,33.99455
8202653,2016,2017-01-04,1900,2016-12-16,2230,527495,1611,5,5,5,1977,0,0,0,NA,0,160T,SANDHILL AV,MARGAY AV,9,E,N,A,-,N,NA,NA,NA,NA,NA,NA,NA,NA,NA,N,4,0,1,2,A,-,10,21950,A,N,G,B,D,-,H,-,C,D,0,Y,NA,NA,NA,Y,NA,A,01,0,0,1,0,1,0,0,0,0,-,-,NA,NA,LOS ANGELES,CARSON,-118.25733093,33.87866462
8202654,2016,2017-01-04,1900,2016-12-06,1930,196195,1416,2,5,1,1932,0,0,0,NA,0,141T5,HANOVER RD,COLIMA RD,3,N,N,A,-,N,NA,NA,NA,NA,NA,NA,NA,NA,NA,N,4,0,1,2,D,-,00,NA,NA,N,G,B,B,A,H,-,C,A,0,Y,NA,NA,NA,Y,NA,-,-,0,0,1,0,1,0,0,0,0,-,-,NA,NA,LOS ANGELES,INDUSTRY,-117.92104895,33.99037818
8202657,2016,2017-01-04,1900,2016-12-10,1440,540312,1623,6,5,5,1977,0,0,0,NA,0,168T,FIGUEROA ST,SEPULVEDA BL,0,NA,Y,A,-,N,NA,NA,NA,NA,NA,NA,NA,NA,NA,Y,3,0,1,3,A,-,12,21453,A,N,D,C,A,A,H,-,A,A,0,NA,NA,NA,NA,Y,NA,A,01,0,1,0,0,0,0,0,0,0,-,-,NA,NA,LOS ANGELES,CARSON,-118.28451011,33.80794008
8202658,2016,2017-01-04,1900,2016-12-07,2000,196195,1416,3,5,1,1932,0,0,0,NA,0,141T5,HANOVER RD,ALMAHURST RD,0,NA,Y,A,-,N,NA,NA,NA,NA,NA,NA,NA,NA,NA,Y,4,0,3,2,A,-,09,21802,A,N,D,C,A,A,H,-,C,A,0,NA,NA,NA,NA,Y,NA,A,07,0,0,3,0,0,0,0,0,0,-,-,33.99144,-117.92065,LOS ANGELES,INDUSTRY,-117.92090001,33.99166006
8202661,2016,2017-01-04,1900,2016-12-04,0904,50639,1630,7,5,5,1977,0,0,0,NA,0,164T,VICTORIA ST,RAINSBURY AV,115,W,N,A,-,N,NA,NA,NA,NA,NA,NA,NA,NA,NA,Y,4,0,1,2,A,-,07,21658,A,N,B,C,A,A,H,-,A,D,0,NA,NA,NA,NA,Y,NA,A,01,0,0,1,0,0,0,0,0,0,-,-,NA,NA,LOS ANGELES,CARSON,-118.26152789,33.86711006
8202662,2016,2017-01-04,1900,2016-12-06,1951,451502,1434,2,5,4,1937,0,0,0,NA,0,143T1P,NORTH 2ND ST,MAIN ST,0,NA,Y,A,-,N,NA,NA,NA,NA,NA,NA,NA,NA,NA,Y,4,0,1,2,A,-,10,21950,A,N,B,B,B,A,H,-,C,A,0,Y,NA,NA,NA,Y,NA,A,01,0,0,1,0,1,0,0,0,0,-,-,34.02021,-117.95148,LOS ANGELES,LA PUENTE,-117.95145002,34.02011005
8202664,2016,2017-01-04,1900,2016-12-08,1844,487849,2228,4,5,3,1994,0,0,0,NA,0,226T1,KANAN RD,THOUSAND OAKS BL,300,N,N,A,-,N,NA,NA,NA,NA,NA,NA,NA,NA,NA,Y,4,0,1,2,A,-,08,22107,NA,N,A,C,A,A,H,-,C,D,0,NA,NA,NA,NA,Y,NA,D,22,0,0,1,0,0,0,0,0,0,-,-,NA,NA,LOS ANGELES,AGOURA HILLS,-118.75682467,34.15472828
8202665,2016,2017-01-04,1900,2016-12-05,1810,281365,1617,1,5,5,1977,0,0,0,NA,0,164T1,FIGUEROA ST,FRANCISCO ST,300,N,N,A,-,N,NA,NA,NA,NA,NA,NA,NA,NA,NA,Y,3,0,1,2,A,-,09,21804,A,N,D,C,A,A,H,-,C,D,0,NA,NA,NA,NA,Y,NA,A,01,0,1,0,0,0,0,0,0,0,-,-,NA,NA,LOS ANGELES,CARSON,-118.28422043,33.85109785
8202666,2016,2017-01-04,1900,2016-12-06,1906,451502,1434,2,5,4,1937,0,0,0,NA,0,143T1P,MAIN ST,HILLCREST DR,698,E,N,A,-,N,NA,NA,NA,NA,NA,NA,NA,NA,NA,Y,4,0,1,1,A,-,08,22107,NA,N,A,I,A,A,H,-,C,D,0,NA,NA,NA,NA,Y,NA,A,01,0,0,1,0,0,0,0,0,0,-,-,34.01804,-117.94206,LOS ANGELES,LA PUENTE,-117.94208967,34.01807625
8202668,2016,2017-03-01,1900,2016-12-04,1427,542823,1012,7,5,3,1995,0,0,0,NA,0,101T3,RT 1,LATIGO CANYON RD,233,N,N,A,-,Y,LA,7,1,-,-,51.11,H,-,S,N,3,0,1,2,A,-,08,22107,NA,N,C,G,A,A,H,-,A,D,0,NA,Y,NA,NA,Y,NA,L,04,0,1,0,0,0,0,1,0,0,-,-,34.02961,-118.75487,LOS ANGELES,MALIBU,-118.75518271,34.02977245
8202669,2016,2017-02-09,1900,2016-12-13,0828,266683,2311,2,5,5,1919,0,0,0,NA,0,230M1,GRIDLEY RD,187TH ST,10,S,N,B,-,N,NA,NA,NA,NA,NA,NA,NA,NA,NA,Y,4,0,1,2,A,-,12,21453,A,N,D,C,A,A,H,-,A,A,0,NA,NA,NA,NA,Y,NA,A,01,0,0,1,0,0,0,0,0,0,-,-,NA,NA,LOS ANGELES,CERRITOS,-118.09098,33.86127258
8202670,2016,2017-01-04,1900,2016-12-05,1530,451502,1434,1,5,4,1937,0,0,0,NA,0,143T1P,STIMSON AV,ABBEY ST,0,NA,Y,A,-,N,NA,NA,NA,NA,NA,NA,NA,NA,NA,Y,3,0,1,2,A,-,09,21802,A,N,D,C,A,A,H,-,A,A,0,NA,NA,NA,NA,Y,NA,A,01,0,1,0,0,0,0,0,0,0,-,-,34.01832,-117.95092,LOS ANGELES,LA PUENTE,-117.95102004,34.01843009
8202673,2016,2017-01-04,1900,2016-12-13,0703,266683,2313,2,5,5,1919,0,0,0,NA,0,230M1,SOUTH ST,STUDEBAKER RD,0,NA,Y,B,-,N,NA,NA,NA,NA,NA,NA,NA,NA,NA,Y,4,0,1,2,A,-,12,21453,A,N,D,C,A,A,H,-,A,A,0,NA,NA,NA,NA,Y,NA,A,01,0,0,1,0,0,0,0,0,0,-,-,NA,NA,LOS ANGELES,CERRITOS,-118.09967011,33.8583401
8202677,2016,2017-01-04,1900,2016-12-08,1234,534809,2313,4,5,5,1919,0,0,0,NA,0,230A,SOUTH ST,GRIDLEY ST,479,E,N,A,-,N,NA,NA,NA,NA,NA,NA,NA,NA,NA,N,4,0,1,2,A,-,10,21950,A,N,G,B,B,A,H,-,A,A,0,Y,NA,NA,NA,Y,NA,A,07,0,0,1,0,1,0,0,0,0,-,-,NA,NA,LOS ANGELES,CERRITOS,-118.0893957,33.85849629
8202681,2016,2017-01-04,1900,2016-12-05,0752,236600,2318,1,5,5,1919,0,0,0,NA,0,230TD,166TH ST,NORWALK BL,0,NA,Y,A,-,N,NA,NA,NA,NA,NA,NA,NA,NA,NA,Y,4,0,1,2,A,-,09,21801,A,N,A,C,A,A,H,-,A,A,0,NA,NA,NA,NA,Y,NA,A,01,0,0,1,0,0,0,0,0,0,-,-,NA,NA,LOS ANGELES,CERRITOS,-118.07272004,33.88038003
8202685,2016,2017-01-04,1900,2016-12-03,1219,236600,2318,6,5,5,1919,0,0,0,NA,0,230TD,ARTESIA BL,GERRITT AV,60,W,N,A,-,N,NA,NA,NA,NA,NA,NA,NA,NA,NA,N,4,0,1,2,A,-,09,21802,A,N,C,C,A,A,H,-,A,D,0,NA,NA,NA,NA,Y,NA,A,01,0,0,1,0,0,0,0,0,0,-,-,NA,NA,LOS ANGELES,CERRITOS,-118.04013723,33.87322
8202686,2016,2017-01-12,1900,2016-12-09,1125,457374,1415,5,5,1,1932,0,0,0,NA,0,141T3,AZUSA AV,ANAHEIM AND PUENTE RD,580,N,N,A,-,N,NA,NA,NA,NA,NA,NA,NA,NA,NA,Y,4,0,1,2,A,-,03,22350,NA,N,A,I,A,B,H,-,A,D,0,NA,NA,NA,NA,Y,NA,A,08,0,0,1,0,0,0,0,0,0,-,-,NA,NA,LOS ANGELES,INDUSTRY,-117.929745,34.00589
8202689,2016,2017-01-04,1900,2016-12-01,1252,236600,2313,4,5,5,1919,0,0,0,NA,0,230TD,DEL AMO BL,NORWALK BL,0,NA,Y,A,-,N,NA,NA,NA,NA,NA,NA,NA,NA,NA,Y,4,0,2,2,A,-,12,21453,A,N,D,C,A,A,H,-,A,A,0,NA,NA,NA,NA,Y,NA,A,01,0,0,2,0,0,0,0,0,0,-,-,NA,NA,LOS ANGELES,CERRITOS,-118.07212002,33.84615008
8202690,2016,2017-01-04,1900,2016-12-10,0025,275801,1415,6,5,1,1932,0,0,0,NA,0,141T1,AZUSA AV,ANAHEIM,104,N,N,A,-,N,NA,NA,NA,NA,NA,NA,NA,NA,NA,NA,4,0,2,3,A,-,07,21658,A,N,A,C,A,A,H,-,C,D,0,NA,NA,NA,NA,Y,NA,A,01,0,0,2,0,0,0,0,0,0,-,-,NA,NA,LOS ANGELES,INDUSTRY,-117.929335,34.006163
8202693,2016,2017-01-12,1900,2016-12-10,1410,541589,0467,6,5,4,1936,0,0,0,NA,0,0PM,IMPERIAL HWY,GROVEDALE DR,0,NA,Y,A,-,N,NA,NA,NA,NA,NA,NA,NA,NA,NA,Y,4,0,1,2,A,-,09,21802,A,N,D,C,A,A,H,-,A,D,0,NA,NA,NA,NA,Y,NA,A,07,0,0,1,0,0,0,0,0,0,-,-,NA,NA,LOS ANGELES,LA MIRADA,-117.98880008,33.9173101
8202694,2016,2017-01-04,1900,2016-12-14,2340,515583,1419,3,5,1,1932,0,0,0,NA,0,141T1,CURRIER RD,REYES DR,350,W,N,A,-,N,NA,NA,NA,NA,NA,NA,NA,NA,NA,Y,3,0,1,1,A,-,03,22350,NA,N,E,I,A,A,H,-,C,D,0,NA,NA,NA,NA,Y,NA,A,01,0,1,0,0,0,0,0,0,0,-,-,NA,NA,LOS ANGELES,INDUSTRY,-117.85265126,34.00811782
8202697,2016,2017-01-24,1900,2016-12-10,2120,489533,0451,6,5,6,1949,0,0,0,NA,0,45T1,ORR AND DAY RD,FIRESTONE BL,162,N,N,B,-,N,NA,NA,NA,NA,NA,NA,NA,NA,NA,N,4,0,1,2,A,-,08,22107,NA,N,B,C,A,A,H,-,C,D,0,NA,NA,NA,NA,Y,NA,A,01,0,0,1,0,0,0,0,0,0,-,-,NA,NA,LOS ANGELES,NORWALK,-118.09098763,33.91808569
8202698,2016,2017-01-04,1900,2016-12-02,1953,529394,1412,5,5,1,1932,0,0,0,NA,0,141T5,BALDWIN PARK BL,TEMPLE AV,0,NA,Y,A,-,N,NA,NA,NA,NA,NA,NA,NA,NA,NA,N,4,0,1,2,A,-,09,21801,A,N,D,C,A,A,H,-,C,A,0,NA,NA,NA,NA,Y,NA,A,01,0,0,1,0,0,0,0,0,0,-,-,34.0326,-117.59303,LOS ANGELES,INDUSTRY,-117.99177004,34.05719003