CASE_ID,ACCIDENT_YEAR,PROC_DATE,JURIS,COLLISION_DATE,COLLISION_TIME,OFFICER_ID,REPORTING_DISTRICT,DAY_OF_WEEK,CHP_SHIFT,POPULATION,CNTY_CITY_LOC,SPECIAL_COND,BEAT_TYPE,CHP_BEAT_TYPE,CITY_DIVISION_LAPD,CHP_BEAT_CLASS,BEAT_NUMBER,PRIMARY_RD,SECONDARY_RD,DISTANCE,DIRECTION,INTERSECTION,WEATHER_1,WEATHER_2,STATE_HWY_IND,CALTRANS_COUNTY,CALTRANS_DISTRICT,STATE_ROUTE,ROUTE_SUFFIX,POSTMILE_PREFIX,POSTMILE,LOCATION_TYPE,RAMP_INTERSECTION,SIDE_OF_HWY,TOW_AWAY,COLLISION_SEVERITY,NUMBER_KILLED,NUMBER_INJURED,PARTY_COUNT,PRIMARY_COLL_FACTOR,PCF_CODE_OF_VIOL,PCF_VIOL_CATEGORY,PCF_VIOLATION,PCF_VIOL_SUBSECTION,HIT_AND_RUN,TYPE_OF_COLLISION,MVIW,PED_ACTION,ROAD_SURFACE,ROAD_COND_1,ROAD_COND_2,LIGHTING,CONTROL_DEVICE,CHP_ROAD_TYPE,PEDESTRIAN_ACCIDENT,BICYCLE_ACCIDENT,MOTORCYCLE_ACCIDENT,TRUCK_ACCIDENT,NOT_PRIVATE_PROPERTY,ALCOHOL_INVOLVED,STWD_VEHTYPE_AT_FAULT,CHP_VEHTYPE_AT_FAULT,COUNT_SEVERE_INJ,COUNT_VISIBLE_INJ,COUNT_COMPLAINT_PAIN,COUNT_PED_KILLED,COUNT_PED_INJURED,COUNT_BICYCLIST_KILLED,COUNT_BICYCLIST_INJURED,COUNT_MC_KILLED,COUNT_MC_INJURED,PRIMARY_RAMP,SECONDARY_RAMP,LATITUDE,LONGITUDE,COUNTY,CITY,POINT_X,POINT_Y
8204931,2016,2017-01-11,1900,2016-12-04,1800,602442,2607,7,5,6,1950,0,0,0,NA,0,264,40TH ST E,AVENUE R,0,NA,Y,A,-,N,NA,NA,NA,NA,NA,NA,NA,NA,NA,Y,4,0,1,2,A,-,09,21800,A,N,C,C,A,A,H,-,C,A,0,NA,NA,NA,NA,Y,NA,A,01,0,0,1,0,0,0,0,0,0,-,-,NA,NA,LOS ANGELES,PALMDALE,-118.05822012,34.57321003
8204943,2016,2017-01-11,1900,2016-12-15,1820,522303,2607,4,5,6,1950,0,0,0,NA,0,264T1,AVENUE R,47TH ST EAST,170,W,N,C,-,N,NA,NA,NA,NA,NA,NA,NA,NA,NA,N,4,0,4,3,A,-,09,21804,A,N,D,C,A,B,H,-,C,A,0,NA,NA,NA,NA,Y,NA,A,01,0,0,4,0,0,0,0,0,0,-,-,NA,NA,LOS ANGELES,PALMDALE,-118.04556284,34.57283196
8204959,2016,2017-02-28,1900,2016-12-01,1212,527069,2603,4,5,6,1950,0,0,0,NA,0,263T1,PEARBLOSSOM HWY,25TH ST EAST,820,E,N,A,-,Y,LA,7,138,-,-,46.39,H,-,W,Y,3,0,1,2,A,-,08,22107,NA,M,E,J,A,A,H,-,A,D,0,NA,NA,NA,NA,Y,NA,-,99,0,1,0,0,0,0,0,0,0,-,-,NA,NA,LOS ANGELES,PALMDALE,-118.08228081,34.58017393
8205137,2016,2017-01-12,1942,2016-12-31,2250,38995,0933,6,5,7,1942,0,0,0,I,0,17T17,ERWIN ST,KESTER AV,478,E,N,A,-,N,NA,NA,NA,NA,NA,NA,NA,NA,NA,N,3,0,1,6,A,-,01,23152,A,M,B,E,A,A,H,-,D,D,0,NA,NA,NA,NA,Y,Y,A,07,0,1,0,0,0,0,0,0,0,-,-,NA,NA,LOS ANGELES,LOS ANGELES,-118.45588233,34.18363002
8205157,2016,2017-01-12,1942,2016-12-27,1035,37080,1641,2,5,7,1942,0,0,0,P,0,15TL45,TERRA BELLA ST,HADDON AV,47,W,N,A,-,N,NA,NA,NA,NA,NA,NA,NA,NA,NA,Y,3,0,1,3,A,-,01,23152,A,N,C,E,A,A,H,-,A,D,0,NA,NA,NA,NA,Y,Y,A,01,0,1,0,0,0,0,0,0,0,-,-,NA,NA,LOS ANGELES,LOS ANGELES,-118.42264521,34.25513359
8205169,2016,2017-02-13,1942,2016-11-17,0730,42056,0132,4,5,7,1942,0,0,0,A,0,1A85,2ND PL,HILL ST,100,W,N,A,-,N,NA,NA,NA,NA,NA,NA,NA,NA,NA,Y,4,0,3,1,A,-,-,NA,NA,N,F,-,A,A,H,-,A,A,0,NA,NA,NA,NA,Y,NA,D,22,0,0,3,0,0,0,0,0,0,-,-,NA,NA,LOS ANGELES,LOS ANGELES,-118.24802907,34.05326828
8205181,2016,2017-01-12,1942,2016-12-10,0259,41661,0257,6,5,7,1942,0,0,0,B,0,24T31,WILSHIRE BL,VALENCIA ST,150,E,N,B,-,N,NA,NA,NA,NA,NA,NA,NA,NA,NA,Y,3,0,1,3,A,-,01,23152,A,N,B,E,A,A,H,-,C,D,0,NA,NA,NA,NA,Y,Y,D,22,0,1,0,0,0,0,0,0,0,-,-,NA,NA,LOS ANGELES,LOS ANGELES,-118.26795721,34.05440134
8205197,2016,2017-01-13,1942,2016-11-17,1615,38466,0112,4,5,7,1942,0,0,0,A,0,1FB4,ALISO ST,BROADWAY,0,NA,Y,A,-,N,NA,NA,NA,NA,NA,NA,NA,NA,NA,N,4,0,1,2,A,-,08,22100,B,N,D,C,A,A,H,-,A,A,0,NA,NA,NA,Y,Y,NA,A,01,0,0,1,0,0,0,0,0,0,-,-,NA,NA,LOS ANGELES,LOS ANGELES,-118.24259003,34.05678005
8205203,2016,2017-02-27,1942,2016-12-25,1350,41704,1844,7,5,7,1942,0,0,0,R,0,5TL25,IMPERIAL HWY,WADSWORTH AV,238,W,N,A,-,N,NA,NA,NA,NA,NA,NA,NA,NA,NA,N,2,0,2,2,A,-,17,21208,B,N,D,G,A,A,H,-,A,A,0,NA,Y,NA,NA,Y,NA,L,04,1,0,1,0,0,0,1,0,0,-,-,NA,NA,LOS ANGELES,LOS ANGELES,-118.25940417,33.93101517
8205204,2016,2017-01-13,1942,2016-11-22,1445,42389,0131,2,5,7,1942,0,0,0,A,0,1A8S,3RD ST,FIGEROA ST,0,NA,Y,A,-,N,NA,NA,NA,NA,NA,NA,NA,NA,NA,N,4,0,1,2,A,-,12,21453,A,N,D,C,A,A,H,-,A,A,0,NA,NA,NA,NA,Y,NA,A,01,0,0,1,0,0,0,0,0,0,-,-,NA,NA,LOS ANGELES,LOS ANGELES,-118.25461002,34.05501004
8205206,2016,2017-01-13,1942,2016-12-23,2320,35023,0551,5,5,7,1942,0,0,0,E,0,5A55,BANDINI ST,SANTA CRUZ ST,2,N,N,B,-,N,NA,NA,NA,NA,NA,NA,NA,NA,NA,N,4,0,1,2,A,-,12,22450,A,N,D,C,A,A,H,-,C,A,0,NA,NA,NA,NA,Y,NA,A,01,0,0,1,0,0,0,0,0,0,-,-,NA,NA,LOS ANGELES,LOS ANGELES,-118.29895,33.74466549
8205211,2016,2017-03-03,1942,2016-12-22,1900,42374,0513,4,5,7,1942,0,0,0,E,0,5A15,PACIFIC COAST HWY,NORMANDIE,0,NA,Y,A,-,Y,LA,7,1,-,-,12.517,I,5,S,N,4,0,1,2,A,-,12,21453,A,F,C,C,A,B,H,-,B,A,0,NA,NA,Y,NA,Y,NA,A,01,0,0,1,0,0,0,0,0,1,-,-,NA,NA,LOS ANGELES,LOS ANGELES,-118.29751493,33.78987447
8205220,2016,2017-01-13,1942,2016-11-22,2300,41976,859,2,5,7,1942,0,0,0,NA,0,8A59,LA CIENEGA AV,AIRDROME ST,0,NA,Y,A,-,N,NA,NA,NA,NA,NA,NA,NA,NA,NA,N,2,0,1,2,A,-,12,21453,A,N,H,G,A,A,H,-,A,A,0,NA,Y,NA,NA,Y,NA,L,04,1,0,0,0,0,0,1,0,0,-,-,NA,NA,LOS ANGELES,LOS ANGELES,-118.37616007,34.04709012
8205222,2016,2017-01-13,1942,2016-10-08,1530,42379,0501,6,5,7,1942,0,0,0,E,0,05A,VERMONT AV,182ND ST,0,NA,Y,A,-,N,NA,NA,NA,NA,NA,NA,NA,NA,NA,N,4,0,1,2,A,-,09,21801,A,N,D,C,A,A,H,-,A,-,0,NA,NA,NA,NA,Y,NA,A,01,0,0,1,0,0,0,0,0,0,-,-,NA,NA,LOS ANGELES,LOS ANGELES,-118.29058,33.86714
8205226,2016,2017-01-13,1942,2016-10-08,1415,37092,522,6,5,7,1942,0,0,0,NA,0,5A25,G ST,WILMINGTON BL,120,E,N,A,-,N,NA,NA,NA,NA,NA,NA,NA,NA,NA,N,3,0,2,3,A,-,09,21802,A,N,H,G,A,A,H,-,A,-,0,NA,Y,NA,NA,Y,NA,L,04,0,1,1,0,0,0,1,0,0,-,-,NA,NA,LOS ANGELES,LOS ANGELES,-118.27364695,33.77790419
8205236,2016,2017-01-13,1942,2016-11-14,1230,37947,0558,1,5,7,1942,0,0,0,E,0,5FB96,OLIVER ST,PACIFIC AV,0,NA,Y,A,-,N,NA,NA,NA,NA,NA,NA,NA,NA,NA,N,3,0,1,2,A,-,11,21953,NA,N,G,B,D,A,H,-,A,A,0,Y,NA,NA,NA,Y,NA,N,60,0,1,0,0,1,0,0,0,0,-,-,NA,NA,LOS ANGELES,LOS ANGELES,-118.28787003,33.74695011
8205240,2016,2017-01-20,1942,2016-10-08,0730,25904,0512,6,5,7,1942,0,0,0,E,0,25MQ15,TERMINAL WY,NAVY WY,480,W,N,A,-,N,NA,NA,NA,NA,NA,NA,NA,NA,NA,N,4,0,1,2,A,-,08,22102,NA,N,D,C,A,A,H,-,A,D,0,NA,NA,NA,Y,Y,NA,G,25,0,0,1,0,0,0,0,0,0,-,-,NA,NA,LOS ANGELES,LOS ANGELES,-118.25164877,33.7504194
8205242,2016,2017-01-20,1942,2016-10-08,1230,31674,0525,6,5,7,1942,0,0,0,E,0,25MQ16,AVALON BL,ANAHEIM ST,0,NA,Y,A,-,N,NA,NA,NA,NA,NA,NA,NA,NA,NA,N,4,0,1,2,A,-,12,21453,A,N,D,G,A,A,H,-,A,A,0,NA,Y,NA,NA,Y,NA,-,-,0,0,1,0,0,0,1,0,0,-,-,NA,NA,LOS ANGELES,LOS ANGELES,-118.26245004,33.77998006
8205244,2016,2017-01-12,1942,2016-12-07,0900,42580,552,3,5,7,1942,0,0,0,NA,0,5A55,GAFFEY,4TH ST,0,NA,Y,A,-,N,NA,NA,NA,NA,NA,NA,NA,NA,NA,N,4,0,1,2,A,-,04,21703,NA,N,C,C,A,A,H,-,A,A,0,NA,NA,NA,NA,Y,NA,D,22,0,0,1,0,0,0,0,0,0,-,-,NA,NA,LOS ANGELES,LOS ANGELES,-118.29232005,33.7406201
8205248,2016,2017-03-03,1942,2016-11-04,1734,38434,0515,5,5,7,1942,0,0,0,E,0,523,PCH,NEPTUNE AV,0,NA,Y,A,-,Y,LA,7,1,-,-,10.901,I,5,S,Y,4,0,1,2,A,-,12,21453,A,N,B,C,A,A,H,-,C,A,0,NA,NA,NA,Y,Y,NA,A,07,0,0,1,0,0,0,0,0,0,-,-,NA,NA,LOS ANGELES,LOS ANGELES,-118.26971807,33.79077153
8205252,2016,2017-01-23,1942,2016-11-21,1950,40762,0501,1,5,7,1942,0,0,0,E,0,18T23,190TH ST,HAMILTON ST,428,E,N,A,-,N,NA,NA,NA,NA,NA,NA,NA,NA,NA,Y,4,0,1,2,A,-,03,22350,NA,N,B,E,A,A,H,-,E,A,0,NA,NA,NA,Y,Y,NA,G,25,0,0,1,0,0,0,0,0,0,-,-,NA,NA,LOS ANGELES,LOS ANGELES,-118.28517,33.86125
8205256,2016,2017-01-12,1942,2016-12-21,1140,24543,0501,3,5,7,1942,0,0,0,E,0,5TL21,FIGUEROA ST,190TH ST,0,NA,Y,B,C,N,NA,NA,NA,NA,NA,NA,NA,NA,NA,Y,4,0,1,2,A,-,09,21801,A,N,D,C,A,B,H,-,A,A,0,NA,NA,NA,NA,Y,NA,A,01,0,0,1,0,0,0,0,0,0,-,-,NA,NA,LOS ANGELES,LOS ANGELES,-118.28156003,33.86279001
8205259,2016,2017-03-04,1942,2016-10-13,2315,41386,0814,4,5,7,1942,0,0,0,H,0,8A53,RT 405,SUNSET,10,S,N,A,-,Y,LA,7,405,-,-,32.807,R,1,N,N,3,0,1,2,A,-,17,21451,A,N,G,B,B,A,H,-,E,A,0,Y,NA,NA,NA,Y,NA,A,01,0,1,0,0,1,0,0,0,0,NF,-,NA,NA,LOS ANGELES,LOS ANGELES,-118.46466115,34.0706359
8205281,2016,2017-01-13,1942,2016-11-18,0825,35004,0251,5,5,7,1942,0,0,0,B,0,2A5,6TH ST,LAFAYETTE PARK PL,14,E,N,A,-,N,NA,NA,NA,NA,NA,NA,NA,NA,NA,N,3,0,1,2,A,-,10,21950,A,N,C,G,A,A,H,-,A,D,0,NA,Y,NA,NA,Y,NA,A,01,0,1,0,0,0,0,1,0,0,-,-,NA,NA,LOS ANGELES,LOS ANGELES,-118.28305931,34.06318191
8205282,2016,2017-01-20,1942,2016-11-18,1245,37724,0559,5,5,7,1942,0,0,0,E,0,5TL21,NAVY WY,SEASIDE AV,0,NA,Y,A,-,N,NA,NA,NA,NA,NA,NA,NA,NA,NA,Y,4,0,1,2,A,-,12,21453,A,N,A,C,A,A,H,-,A,A,0,NA,NA,NA,NA,Y,NA,-,-,0,0,1,0,0,0,0,0,0,-,-,NA,NA,LOS ANGELES,LOS ANGELES,-118.25173008,33.75398004
8205283,2016,2017-01-12,1942,2016-12-10,2255,34288,239,6,5,7,1942,0,0,0,NA,0,2XL11,BEAUDRY AV,TEMPLE ST,0,NA,Y,A,-,N,NA,NA,NA,NA,NA,NA,NA,NA,NA,N,4,0,3,2,A,-,08,22107,NA,F,D,C,A,A,H,-,C,A,0,NA,NA,NA,NA,Y,NA,-,NA,0,0,3,0,0,0,0,0,0,-,-,NA,NA,LOS ANGELES,LOS ANGELES,-118.2513601,34.0632001
8205284,2016,2017-01-13,1942,2016-12-05,1818,42201,0515,1,5,7,1942,0,0,0,E,0,NA,WILMINGTON BL,Q ST,0,NA,N,A,-,N,NA,NA,NA,NA,NA,NA,NA,NA,NA,Y,4,0,2,2,A,-,09,21801,A,N,A,C,A,A,H,-,C,D,0,NA,NA,NA,NA,Y,NA,A,01,0,0,2,0,0,0,0,0,0,-,-,NA,NA,LOS ANGELES,LOS ANGELES,-118.27518005,33.79480004
8205285,2016,2017-01-13,1942,2016-11-17,1840,37894,0235,4,5,7,1942,0,0,0,B,0,NA,TEMPLE ST,ALVARADO ST,0,NA,Y,A,-,N,NA,NA,NA,NA,NA,NA,NA,NA,NA,N,4,0,1,2,A,-,04,21703,NA,N,C,C,A,A,H,-,C,A,0,NA,NA,NA,NA,Y,NA,-,NA,0,0,1,0,0,0,0,0,0,-,-,NA,NA,LOS ANGELES,LOS ANGELES,-118.26805011,34.07027005
8205286,2016,2017-01-13,1942,2016-11-21,0850,36413,118,1,5,7,1942,0,0,0,K,0,24T29,NORTH MAIN ST,LEROY ST,0,NA,Y,B,-,N,NA,NA,NA,NA,NA,NA,NA,NA,NA,Y,4,0,2,2,A,-,09,21801,A,N,B,C,A,B,H,-,A,A,0,NA,NA,NA,NA,Y,NA,A,01,0,0,2,0,0,0,0,0,0,-,-,NA,NA,LOS ANGELES,LOS ANGELES,-118.22959011,34.0657701
8205287,2016,2017-01-12,1942,2016-12-10,2345,41078,0265,6,5,7,1942,0,0,0,B,0,NA,8TH ST,LAKE ST,15,E,N,B,-,N,NA,NA,NA,NA,NA,NA,NA,NA,NA,Y,3,0,2,2,A,-,-,NA,NA,F,D,C,A,A,H,-,C,D,0,NA,NA,NA,NA,Y,NA,-,NA,0,1,1,0,0,0,0,0,0,-,-,NA,NA,LOS ANGELES,LOS ANGELES,-118.2788864,34.05536062
8205288,2016,2017-01-13,1942,2016-12-15,1655,36309,1863,4,5,7,1942,0,0,0,R,0,12X68,116TH ST,TOWNE AV,0,NA,Y,B,C,N,NA,NA,NA,NA,NA,NA,NA,NA,NA,Y,4,0,1,2,A,-,12,22450,A,F,C,C,A,B,H,-,C,A,0,NA,NA,NA,NA,Y,NA,-,NA,0,0,1,0,0,0,0,0,0,-,-,NA,NA,LOS ANGELES,LOS ANGELES,-118.26646001,33.92916001
8205289,2016,2017-01-23,1942,2016-11-17,1855,25399,233,4,5,7,1942,0,0,0,NA,0,2A2,RAMPART BL,2ND ST,0,NA,Y,A,-,N,NA,NA,NA,NA,NA,NA,NA,NA,NA,N,4,0,3,2,A,-,09,21802,A,N,D,C,A,A,H,-,C,D,0,NA,NA,NA,NA,Y,NA,-,-,0,0,3,0,0,0,0,0,0,-,-,34.04065,-118.1639,LOS ANGELES,LOS ANGELES,-118.27748012,34.06847001
8205290,2016,2017-01-13,1942,2016-11-23,2005,41242,0505,3,5,7,1942,0,0,0,E,0,NA,VERMONT,FRANCISCO ST,2640,S,N,A,-,N,NA,NA,NA,NA,NA,NA,NA,NA,NA,N,3,0,1,2,A,-,09,21804,A,N,D,C,A,A,H,-,C,D,0,NA,NA,Y,NA,Y,NA,C,02,0,1,0,0,0,0,0,0,1,-,-,NA,NA,LOS ANGELES,LOS ANGELES,-118.29013049,33.84261722
8205291,2016,2017-01-12,1942,2016-12-09,1615,35945,0841,5,5,7,1942,0,0,0,H,0,6TL2,WILSHIRE BL,SALTAIR AV,0,NA,Y,A,-,N,NA,NA,NA,NA,NA,NA,NA,NA,NA,Y,3,0,1,2,A,-,09,21801,A,N,A,C,A,A,H,-,A,A,0,NA,NA,Y,NA,Y,NA,A,01,0,1,0,0,0,0,0,0,1,-,-,NA,NA,LOS ANGELES,LOS ANGELES,-118.46603003,34.04526009
8205293,2016,2017-01-13,1942,2016-11-18,1910,42394,0235,5,5,7,1942,0,0,0,B,0,2A68,BEVERLY BL,CORONADO ST,300,E,N,A,-,N,NA,NA,NA,NA,NA,NA,NA,NA,NA,N,4,0,1,2,A,-,11,21955,NA,N,G,B,D,A,H,-,C,D,0,Y,NA,NA,NA,Y,NA,N,60,0,0,1,0,1,0,0,0,0,-,-,NA,NA,LOS ANGELES,LOS ANGELES,-118.27500752,34.06868892
8205294,2016,2017-01-13,1942,2016-11-15,1810,39177,0541,2,5,7,1942,0,0,0,E,0,5T25,WESTERN AV,CAPITOL DR,0,NA,Y,A,-,N,NA,NA,NA,NA,NA,NA,NA,NA,NA,N,3,0,1,2,A,-,10,21950,NA,F,A,B,B,A,H,-,B,A,0,Y,NA,NA,NA,Y,NA,-,99,0,1,0,0,1,0,0,0,0,-,-,NA,NA,LOS ANGELES,LOS ANGELES,-118.30898011,33.7537501
8205295,2016,2017-01-12,1942,2016-12-09,2115,25495,0828,5,5,7,1942,0,0,0,H,0,7T23,WILSHIRE BL,SELBY AV,5,S,N,A,-,N,NA,NA,NA,NA,NA,NA,NA,NA,NA,N,4,0,1,2,A,-,10,21950,A,N,G,B,B,A,H,-,C,A,0,Y,NA,NA,NA,Y,NA,A,01,0,0,1,0,1,0,0,0,0,-,-,NA,NA,LOS ANGELES,LOS ANGELES,-118.43798578,34.06035606
8205296,2016,2017-01-23,1942,2016-12-13,0520,42151,HARBO,2,5,7,1942,0,0,0,NA,0,5A1-W3,HARBOR BL,5TH ST,0,NA,Y,A,-,N,NA,NA,NA,NA,NA,NA,NA,NA,NA,Y,4,0,1,2,A,-,00,20015,A,F,B,C,A,A,H,-,C,A,0,NA,NA,NA,NA,Y,NA,-,99,0,0,1,0,0,0,0,0,0,-,-,NA,NA,LOS ANGELES,LOS ANGELES,-118.27979001,33.74054006
8205297,2016,2017-01-13,1942,2016-11-23,1240,38357,0203,3,5,7,1942,0,0,0,B,0,24T22,VIRGIL AV,NORMAL AV,60,N,N,A,-,N,NA,NA,NA,NA,NA,NA,NA,NA,NA,N,4,0,3,3,A,-,03,22350,NA,N,C,C,A,A,H,-,A,D,0,NA,NA,NA,NA,Y,NA,A,08,0,0,3,0,0,0,0,0,0,-,-,NA,NA,LOS ANGELES,LOS ANGELES,-118.28688,34.08679455
8205298,2016,2017-01-13,1942,2016-11-07,1915,42210,1239,1,5,7,1942,0,0,0,L,0,12X4,61ST ST,FIGUEROA ST,215,W,N,A,-,N,NA,NA,NA,NA,NA,NA,NA,NA,NA,N,2,0,2,2,A,-,09,21801,A,N,D,C,A,A,H,-,C,D,0,NA,NA,Y,NA,Y,NA,A,01,1,0,1,0,0,0,0,0,2,-,-,NA,NA,LOS ANGELES,LOS ANGELES,-118.28340783,33.98418839
8205299,2016,2017-01-12,1942,2016-12-11,0030,37613,0824,7,5,7,1942,0,0,0,H,0,8TL35,SUNSET BL,ALLENFORD AV,220,W,N,C,-,N,NA,NA,NA,NA,NA,NA,NA,NA,NA,Y,4,0,1,1,A,-,03,22350,NA,N,E,I,A,B,H,-,C,D,0,NA,NA,NA,NA,Y,NA,-,NA,0,0,1,0,0,0,0,0,0,-,-,NA,NA,LOS ANGELES,LOS ANGELES,-118.49796491,34.05514219
8205300,2016,2017-03-06,1942,2016-12-08,1125,37901,0561,4,5,7,1942,0,0,0,E,0,5A55,WEYMOUTH,9TH ST,0,NA,Y,A,-,N,NA,NA,NA,NA,NA,NA,NA,NA,NA,NA,4,0,2,2,A,-,08,22107,NA,N,D,C,A,A,H,-,A,A,0,NA,NA,NA,NA,Y,NA,A,01,0,0,2,0,0,0,0,0,0,-,-,NA,NA,LOS ANGELES,LOS ANGELES,-118.30969008,33.73612009
8205302,2016,2017-01-13,1942,2016-11-03,1915,41921,0514,4,5,7,1942,0,0,0,E,0,5T21,FRIGATE AV,L ST,65,N,N,A,-,N,NA,NA,NA,NA,NA,NA,NA,NA,NA,Y,3,0,1,3,A,-,01,23152,A,N,B,C,A,A,H,-,C,D,0,NA,NA,NA,NA,Y,Y,A,01,0,1,0,0,0,0,0,0,0,-,-,NA,NA,LOS ANGELES,LOS ANGELES,-118.27788199,33.78618814
8205303,2016,2017-01-12,1942,2016-12-27,1450,40643,0265,2,5,7,1942,0,0,0,B,0,24TL55,7TH ST,BONNIE BRAE ST,60,W,N,A,-,N,NA,NA,NA,NA,NA,NA,NA,NA,NA,N,4,0,1,2,A,-,06,21755,A,F,B,C,A,A,H,-,A,A,0,NA,NA,NA,NA,Y,NA,-,99,0,0,1,0,0,0,0,0,0,-,-,NA,NA,LOS ANGELES,LOS ANGELES,-118.2747422,34.05553083
8205304,2016,2017-01-13,1942,2016-12-06,0725,41747,0362,2,5,7,1942,0,0,0,C,0,18T23,HILLCREST DR,PINAFORE ST,19,N,N,B,-,N,NA,NA,NA,NA,NA,NA,NA,NA,NA,N,2,0,1,2,A,-,11,21950,B,N,G,B,D,A,H,-,A,D,0,Y,NA,NA,NA,Y,NA,N,60,1,0,0,0,1,0,0,0,0,-,-,NA,NA,LOS ANGELES,LOS ANGELES,-118.34770805,34.01269867
8205305,2016,2017-01-13,1942,2016-11-17,2213,40730,0182,4,5,7,1942,0,0,0,A,0,24T35,FIGUEROA AV,11TH ST,0,NA,Y,A,-,N,NA,NA,NA,NA,NA,NA,NA,NA,NA,Y,4,0,4,3,A,-,12,21453,A,N,D,C,A,A,H,-,C,A,0,NA,NA,NA,NA,Y,NA,A,01,0,0,4,0,0,0,0,0,0,-,-,NA,NA,LOS ANGELES,LOS ANGELES,-118.2651901,34.04371011
8205306,2016,2017-01-13,1942,2016-11-22,2354,41774,755,2,5,7,1942,0,0,0,NA,0,755,SAN VICENTE BL,BURNSIDE AV,27,W,N,A,-,N,NA,NA,NA,NA,NA,NA,NA,NA,NA,Y,3,0,1,2,A,-,03,22350,NA,F,C,C,A,A,H,-,C,D,0,NA,NA,NA,NA,Y,NA,A,01,0,1,0,0,0,0,0,0,0,-,-,NA,NA,LOS ANGELES,LOS ANGELES,-118.35305145,34.0533198
8205307,2016,2017-05-04,1942,2016-12-05,1250,30524,423,1,5,7,1942,0,0,0,NA,0,4FB6,MISSION RD,VALLEY BL,0,NA,Y,A,-,N,NA,NA,NA,NA,NA,NA,NA,NA,NA,Y,1,1,2,2,A,-,12,21453,A,N,D,C,A,A,H,-,A,A,0,NA,NA,NA,NA,Y,NA,-,NA,0,1,1,0,0,0,0,0,0,-,-,NA,NA,LOS ANGELES,LOS ANGELES,-118.20724004,34.06551006
8205308,2016,2017-01-13,1942,2016-12-05,1110,42455,0557,1,5,7,1942,0,0,0,E,0,54A55,GAFFEY ST,7TH ST,0,NA,N,A,-,N,NA,NA,NA,NA,NA,NA,NA,NA,NA,N,4,0,1,2,A,-,00,20015,A,F,G,B,F,A,H,-,A,D,0,Y,NA,NA,NA,Y,NA,-,99,0,0,1,0,1,0,0,0,0,-,-,NA,NA,LOS ANGELES,LOS ANGELES,-118.29235011,33.73788009
8205309,2016,2017-01-13,1942,2016-11-17,1340,31713,0192,4,5,7,1942,0,0,0,A,0,1A41,GRAND AV,VENICE BL,0,NA,Y,A,-,N,NA,NA,NA,NA,NA,NA,NA,NA,NA,NA,3,0,1,2,A,-,10,21950,A,N,G,-,B,A,H,-,A,A,0,Y,NA,NA,NA,Y,NA,A,01,0,1,0,0,1,0,0,0,0,-,-,NA,NA,LOS ANGELES,LOS ANGELES,-118.26633002,34.03573001
8205310,2016,2017-01-13,1942,2016-11-29,0825,31542,0422,2,5,7,1942,0,0,0,D,0,24T22,NORTH BROADWAY,EASTLAKE AV,70,N,N,A,-,N,NA,NA,NA,NA,NA,NA,NA,NA,NA,N,4,0,1,2,A,-,03,22350,NA,F,B,B,D,A,H,-,A,A,0,Y,NA,NA,NA,Y,NA,-,99,0,0,1,0,1,0,0,0,0,-,-,NA,NA,LOS ANGELES,LOS ANGELES,-118.20784,34.07375
8205311,2016,2017-01-12,1942,2016-12-30,0920,36733,1023,5,5,7,1942,0,0,0,J,0,19TL7L,SYLVIA AV,VANOWEN ST,0,NA,Y,B,C,N,NA,NA,NA,NA,NA,NA,NA,NA,NA,Y,3,0,3,2,A,-,01,23152,E,F,D,C,A,B,H,-,A,A,0,NA,NA,NA,NA,Y,NA,A,08,0,1,2,0,0,0,0,0,0,-,-,NA,NA,LOS ANGELES,LOS ANGELES,-118.55241011,34.19384009
8205312,2016,2017-01-13,1942,2016-12-04,1710,40440,0585,7,5,7,1942,0,0,0,E,0,12T73,ALMA ST,25TH ST,0,NA,Y,A,-,N,NA,NA,NA,NA,NA,NA,NA,NA,NA,N,4,0,1,2,A,-,10,21950,A,N,G,B,B,A,H,-,C,A,0,Y,NA,NA,NA,Y,NA,A,08,0,0,1,0,1,0,0,0,0,-,-,NA,NA,LOS ANGELES,LOS ANGELES,-118.2990601,33.72157006
8205313,2016,2017-01-13,1942,2016-11-19,1235,41027,0148,6,5,7,1942,0,0,0,A,0,1A61,SAN PEDRO ST,4TH ST,40,S,N,A,-,N,NA,NA,NA,NA,NA,NA,NA,NA,NA,N,4,0,2,2,A,-,04,21703,NA,N,C,C,A,B,H,-,A,A,0,NA,NA,NA,NA,Y,NA,A,01,0,0,2,0,0,0,0,0,0,-,-,NA,NA,LOS ANGELES,LOS ANGELES,-118.24305064,34.04574872
8205314,2016,2017-01-13,1942,2016-11-21,2325,30083,0204,1,5,7,1942,0,0,0,B,0,24T1,SUNSET BL,SANBORN AV,0,NA,Y,A,-,N,NA,NA,NA,NA,NA,NA,NA,NA,NA,N,4,0,1,2,A,-,10,21950,A,F,G,B,B,A,H,-,C,A,0,Y,NA,NA,NA,Y,NA,-,99,0,0,1,0,1,0,0,0,0,-,-,NA,NA,LOS ANGELES,LOS ANGELES,-118.2803601,34.09246001
8205315,2016,2017-01-12,1942,2016-12-29,1820,39410,1037,4,5,7,1942,0,0,0,J,0,16TL26,VICTORY BL,LOUISE AV,0,NA,Y,A,-,N,NA,NA,NA,NA,NA,NA,NA,NA,NA,Y,4,0,2,2,A,-,09,21801,A,N,D,C,A,A,H,-,A,A,0,NA,NA,NA,NA,Y,NA,A,01,0,0,2,0,0,0,0,0,0,-,-,NA,NA,LOS ANGELES,LOS ANGELES,-118.51006006,34.18682006