CASE_ID,ACCIDENT_YEAR,PROC_DATE,JURIS,COLLISION_DATE,COLLISION_TIME,OFFICER_ID,REPORTING_DISTRICT,DAY_OF_WEEK,CHP_SHIFT,POPULATION,CNTY_CITY_LOC,SPECIAL_COND,BEAT_TYPE,CHP_BEAT_TYPE,CITY_DIVISION_LAPD,CHP_BEAT_CLASS,BEAT_NUMBER,PRIMARY_RD,SECONDARY_RD,DISTANCE,DIRECTION,INTERSECTION,WEATHER_1,WEATHER_2,STATE_HWY_IND,CALTRANS_COUNTY,CALTRANS_DISTRICT,STATE_ROUTE,ROUTE_SUFFIX,POSTMILE_PREFIX,POSTMILE,LOCATION_TYPE,RAMP_INTERSECTION,SIDE_OF_HWY,TOW_AWAY,COLLISION_SEVERITY,NUMBER_KILLED,NUMBER_INJURED,PARTY_COUNT,PRIMARY_COLL_FACTOR,PCF_CODE_OF_VIOL,PCF_VIOL_CATEGORY,PCF_VIOLATION,PCF_VIOL_SUBSECTION,HIT_AND_RUN,TYPE_OF_COLLISION,MVIW,PED_ACTION,ROAD_SURFACE,ROAD_COND_1,ROAD_COND_2,LIGHTING,CONTROL_DEVICE,CHP_ROAD_TYPE,PEDESTRIAN_ACCIDENT,BICYCLE_ACCIDENT,MOTORCYCLE_ACCIDENT,TRUCK_ACCIDENT,NOT_PRIVATE_PROPERTY,ALCOHOL_INVOLVED,STWD_VEHTYPE_AT_FAULT,CHP_VEHTYPE_AT_FAULT,COUNT_SEVERE_INJ,COUNT_VISIBLE_INJ,COUNT_COMPLAINT_PAIN,COUNT_PED_KILLED,COUNT_PED_INJURED,COUNT_BICYCLIST_KILLED,COUNT_BICYCLIST_INJURED,COUNT_MC_KILLED,COUNT_MC_INJURED,PRIMARY_RAMP,SECONDARY_RAMP,LATITUDE,LONGITUDE,COUNTY,CITY,POINT_X,POINT_Y
8283377,2016,2017-01-20,1942,2016-11-01,1510,39061,2039,2,5,7,1942,0,0,0,NA,0,6TL2,8TH ST,MAGNOLIA AV,250,W,N,A,-,N,NA,NA,NA,NA,NA,NA,NA,NA,NA,N,4,0,1,5,A,-,08,22100,A,N,B,C,A,A,H,-,A,D,0,NA,NA,NA,NA,Y,NA,A,01,0,0,1,0,0,0,0,0,0,-,-,NA,NA,LOS ANGELES,LOS ANGELES,-118.28771377,34.05774942
8283378,2016,2017-01-19,1942,2016-11-26,0940,42369,LA,6,5,7,1942,0,0,0,NA,0,6A79,3RD ST,WILTON PL,0,NA,Y,A,-,N,NA,NA,NA,NA,NA,NA,NA,NA,NA,Y,4,0,1,2,A,-,07,21658,A,N,C,C,A,A,H,-,A,A,0,NA,NA,NA,NA,Y,NA,A,01,0,0,1,0,0,0,0,0,0,-,-,NA,NA,LOS ANGELES,LOS ANGELES,-118.31412003,34.06897002
8283379,2016,2017-01-19,1942,2016-11-26,1315,30922,1455,6,5,7,1942,0,0,0,N,0,7T38,WASHINGTON BL,YALE,0,NA,Y,C,-,N,NA,NA,NA,NA,NA,NA,NA,NA,NA,N,3,0,1,2,A,-,09,21801,A,N,D,G,A,B,H,-,A,D,0,NA,Y,NA,NA,Y,NA,A,01,0,1,0,0,0,0,1,0,0,-,-,NA,NA,LOS ANGELES,LOS ANGELES,-118.44983007,33.98945008
8283380,2016,2017-01-19,1942,2016-11-30,1305,40690,0643,3,5,7,1942,0,0,0,F,0,7T23,FOUNTAIN AV,HIGHLAND AV,0,NA,Y,A,-,N,NA,NA,NA,NA,NA,NA,NA,NA,NA,Y,4,0,1,2,A,-,00,21703,A,N,C,C,A,A,H,-,A,D,0,NA,NA,NA,NA,Y,NA,A,01,0,0,1,0,0,0,0,0,0,-,-,NA,NA,LOS ANGELES,LOS ANGELES,-118.33864012,34.0943701
8283381,2016,2017-01-19,1942,2016-11-26,1915,37511,2001,6,5,7,1942,0,0,0,NA,0,7T23,WILTON PL,MELROSE AV,30,N,N,B,-,N,NA,NA,NA,NA,NA,NA,NA,NA,NA,N,4,0,1,2,A,-,00,22320,NA,N,C,C,A,A,H,-,C,A,0,NA,NA,NA,NA,Y,NA,A,07,0,0,1,0,0,0,0,0,0,-,-,NA,NA,LOS ANGELES,LOS ANGELES,-118.31355,34.08359228
8283382,2016,2017-01-19,1942,2016-11-11,2250,24475,0636,5,5,7,1942,0,0,0,F,0,7T23,FRANKLIN AV,GRACE AV,10,E,N,A,-,N,NA,NA,NA,NA,NA,NA,NA,NA,NA,Y,4,0,1,1,A,-,03,22350,NA,N,F,I,A,A,H,-,C,D,0,NA,NA,Y,NA,Y,NA,C,02,0,0,1,0,0,0,0,0,1,-,-,NA,NA,LOS ANGELES,LOS ANGELES,-118.33217703,34.10523
8283383,2016,2017-01-19,1942,2016-11-18,0840,42471,1485,5,5,7,1942,0,0,0,N,0,14A73,EMERSON,MANCHESTER,0,NA,Y,A,-,N,NA,NA,NA,NA,NA,NA,NA,NA,NA,N,3,0,1,2,A,-,09,21801,A,N,G,B,B,A,H,-,A,A,0,Y,NA,NA,NA,Y,NA,A,01,0,1,0,0,1,0,0,0,0,-,-,NA,NA,LOS ANGELES,LOS ANGELES,-118.40440001,33.95988003
8283384,2016,2017-01-19,1942,2016-11-21,1545,38590,0663,1,5,7,1942,0,0,0,F,0,20TL56,WILLOUGHBY AV,HIGHLAND AV,0,NA,Y,A,-,N,NA,NA,NA,NA,NA,NA,NA,NA,NA,N,3,0,1,2,A,-,09,21801,A,N,G,B,B,A,H,-,A,A,0,Y,NA,NA,NA,Y,NA,A,01,0,1,0,0,1,0,0,0,0,-,-,NA,NA,LOS ANGELES,LOS ANGELES,-118.33860012,34.08708003
8283385,2016,2017-01-19,1942,2016-11-22,1720,42294,0837,2,5,7,1942,0,0,0,H,0,08A,MIDVALE AV,WILKINS AV,200,S,N,A,-,N,NA,NA,NA,NA,NA,NA,NA,NA,NA,N,3,0,1,2,A,-,05,21650,NA,N,A,G,A,A,H,-,C,A,0,NA,Y,NA,NA,Y,NA,L,04,0,1,0,0,0,0,0,0,0,-,-,NA,NA,LOS ANGELES,LOS ANGELES,-118.44225755,34.05436321
8283386,2016,2017-01-20,1942,2016-11-20,1240,41054,2074,7,5,7,1942,0,0,0,NA,0,20TL59,NORMANDIE AV,15TH ST,0,NA,Y,C,-,N,NA,NA,NA,NA,NA,NA,NA,NA,NA,Y,3,0,5,3,A,-,12,21453,A,N,D,C,A,B,H,-,A,A,0,NA,NA,NA,NA,Y,NA,A,07,0,1,4,0,0,0,0,0,0,-,-,NA,NA,LOS ANGELES,LOS ANGELES,-118.30028005,34.04546002
8283387,2016,2017-01-19,1942,2016-11-17,1255,39058,1414,4,5,7,1942,0,0,0,N,0,14TL52,BROADWAY AV,NORFOLK AV,268,E,N,A,-,N,NA,NA,NA,NA,NA,NA,NA,NA,NA,N,4,0,1,2,A,-,09,21804,A,N,D,G,A,A,H,-,A,D,0,NA,Y,NA,NA,Y,NA,L,04,0,0,1,0,0,0,1,0,0,-,-,NA,NA,LOS ANGELES,LOS ANGELES,-118.46290058,33.99754141
8283388,2016,2017-01-19,1942,2016-11-20,1315,39022,0663,7,5,7,1942,0,0,0,F,0,14TL52,HIGHLAND AV,SANTA MONICA BL,0,NA,Y,C,-,N,NA,NA,NA,NA,NA,NA,NA,NA,NA,Y,4,0,1,2,A,-,08,22100,B,N,D,C,A,B,H,-,A,A,0,NA,NA,NA,NA,Y,NA,A,01,0,0,1,0,0,0,0,0,0,-,-,NA,NA,LOS ANGELES,LOS ANGELES,-118.33860014,34.09070004
8283389,2016,2017-01-19,1942,2016-11-18,0610,41728,0813,5,5,7,1942,0,0,0,H,0,8Z1-W2,MACCULLOCH DR,5TH AV,142,E,N,A,-,N,NA,NA,NA,NA,NA,NA,NA,NA,NA,N,3,0,1,2,A,-,11,21954,A,N,G,B,E,A,H,-,A,D,0,Y,NA,NA,NA,Y,NA,N,60,0,1,0,0,1,0,0,0,0,-,-,NA,NA,LOS ANGELES,LOS ANGELES,NA,NA
8283390,2016,2017-01-19,1942,2016-11-18,1330,42222,2024,5,5,7,1942,0,0,0,NA,0,20A39,SERRANO AV,5TH ST,0,NA,Y,A,-,N,NA,NA,NA,NA,NA,NA,NA,NA,NA,N,3,0,1,2,A,-,10,21950,A,N,A,B,B,A,H,-,A,A,0,Y,NA,NA,NA,Y,NA,A,01,0,1,0,0,1,0,0,0,0,-,-,NA,NA,LOS ANGELES,LOS ANGELES,-118.30660004,34.06535
8283391,2016,2017-01-19,1942,2016-11-11,0240,42564,1433,5,5,7,1942,0,0,0,N,0,14A13,WALGROVE AV,VICTORIA AV,10,N,N,A,-,N,NA,NA,NA,NA,NA,NA,NA,NA,NA,Y,3,0,3,2,A,-,03,22350,NA,N,C,E,A,A,H,-,D,D,0,NA,NA,NA,NA,Y,NA,A,01,0,2,1,0,0,0,0,0,0,-,-,NA,NA,LOS ANGELES,LOS ANGELES,-118.44895798,34.00064298
8283392,2016,2017-01-19,1942,2016-11-19,2045,37550,0649,6,5,7,1942,0,0,0,F,0,6T7,HOLLYWOOD BL,HOBART BL,0,NA,N,A,-,N,NA,NA,NA,NA,NA,NA,NA,NA,NA,Y,4,0,1,2,A,-,09,21804,A,N,D,C,A,A,H,-,C,D,0,NA,NA,NA,NA,Y,NA,A,01,0,0,1,0,0,0,0,0,0,-,-,NA,NA,LOS ANGELES,LOS ANGELES,-118.30564002,34.10174002
8283393,2016,2017-01-19,1942,2016-11-15,0930,41760,0849,2,5,7,1942,0,0,0,H,0,8A59,WOOSTER ST,GREGORY WY,100,S,N,A,-,N,NA,NA,NA,NA,NA,NA,NA,NA,NA,N,4,0,1,2,A,-,21,22106,NA,N,-,C,A,A,H,-,A,A,0,NA,NA,NA,NA,Y,NA,A,01,0,0,1,0,0,0,0,0,0,-,-,NA,NA,LOS ANGELES,LOS ANGELES,-118.38238276,34.06264573
8283394,2016,2017-01-19,1942,2016-11-03,1150,38721,2033,4,5,7,1942,0,0,0,NA,0,20TL56,WESTERN AV,8TH ST,90,S,N,A,-,N,NA,NA,NA,NA,NA,NA,NA,NA,NA,Y,4,0,1,2,A,-,03,22350,NA,N,C,C,A,A,H,-,A,A,0,NA,NA,NA,NA,Y,NA,A,01,0,0,1,0,0,0,0,0,0,-,-,NA,NA,LOS ANGELES,LOS ANGELES,-118.309085,34.057777
8283395,2016,2017-01-19,1942,2016-11-13,1000,42567,LOSAN,7,5,7,1942,0,0,0,NA,0,14A67,SEPULVEDA,MANCHESTER,10,N,N,A,-,N,NA,NA,NA,NA,NA,NA,NA,NA,NA,Y,3,0,2,3,A,-,12,21453,A,N,A,C,A,A,-,-,A,A,0,NA,NA,NA,NA,Y,NA,A,07,0,2,0,0,0,0,0,0,0,-,-,NA,NA,LOS ANGELES,LOS ANGELES,-118.39622953,33.95994743
8283396,2016,2017-01-19,1942,2016-11-14,1900,41976,0678,1,5,7,1942,0,0,0,F,0,20T59,WESTERN AV,ROMAINE ST,50,N,N,A,-,N,NA,NA,NA,NA,NA,NA,NA,NA,NA,N,3,0,1,2,A,-,08,22107,NA,N,D,C,A,A,H,-,C,D,0,NA,NA,Y,NA,Y,NA,A,01,0,1,0,0,0,0,0,0,1,-,-,NA,NA,LOS ANGELES,LOS ANGELES,-118.30916,34.08862713
8283397,2016,2017-01-19,1942,2016-11-18,1845,41633,0852,5,5,7,1942,0,0,0,H,0,8Z1,SANTA MONICA BL,BARRINGTON AV,0,NA,Y,A,-,N,NA,NA,NA,NA,NA,NA,NA,NA,NA,Y,4,0,1,2,A,-,09,21801,NA,N,B,C,A,A,H,-,C,A,0,NA,NA,NA,NA,Y,NA,A,01,0,0,1,0,0,0,0,0,0,-,-,NA,NA,LOS ANGELES,LOS ANGELES,-118.45603011,34.04374005
8283398,2016,2017-01-19,1942,2016-11-17,0155,33509,2022,4,5,7,1942,0,0,0,NA,0,2030W3,WESTERN AV,5TH ST,2,S,N,A,-,N,NA,NA,NA,NA,NA,NA,NA,NA,NA,N,2,0,1,2,A,-,09,21453,B,N,G,B,B,A,H,-,C,A,0,Y,NA,NA,NA,Y,NA,N,60,1,0,0,0,1,0,0,0,0,-,-,NA,NA,LOS ANGELES,LOS ANGELES,-118.309112,34.065308
8283399,2016,2017-01-19,1942,2016-11-13,1200,30264,1454,7,5,7,1942,0,0,0,N,0,14A49,MAXELLA AV,DEL REY,60,E,N,A,-,N,NA,NA,NA,NA,NA,NA,NA,NA,NA,Y,3,0,1,2,A,-,-,NA,NA,N,D,E,A,A,H,-,A,D,0,NA,NA,NA,NA,Y,NA,A,01,0,1,0,0,0,0,0,0,0,-,-,NA,NA,LOS ANGELES,LOS ANGELES,-118.4426491,33.98605257
8283400,2016,2017-01-19,1942,2016-11-21,1540,37966,0666,1,5,7,1942,0,0,0,F,0,6TL2,SUNSET BL,WILCOX AV,75,W,N,A,-,N,NA,NA,NA,NA,NA,NA,NA,NA,NA,N,4,0,2,2,A,-,03,22350,NA,N,C,C,A,A,H,-,A,D,0,NA,NA,NA,NA,Y,NA,A,01,0,0,2,0,0,0,0,0,0,-,-,NA,NA,LOS ANGELES,LOS ANGELES,-118.33124726,34.09799
8283401,2016,2017-01-19,1942,2016-11-18,1310,42395,819,5,5,7,1942,0,0,0,NA,0,8A59,LINDBROOK DR,BEVERLY GLEN BL,0,NA,Y,A,-,N,NA,NA,NA,NA,NA,NA,NA,NA,NA,Y,4,0,1,2,A,-,09,21802,A,N,D,C,A,A,H,-,A,A,0,NA,NA,NA,NA,Y,NA,A,01,0,0,1,0,0,0,0,0,0,-,-,NA,NA,LOS ANGELES,LOS ANGELES,-118.43014014,34.06890004
8283402,2016,2017-01-19,1942,2016-11-11,1055,31573,0677,5,5,7,1942,0,0,0,F,0,34MQ09,MELROSE AV,WILTON PL,3,W,N,A,-,N,NA,NA,NA,NA,NA,NA,NA,NA,NA,N,4,0,1,2,A,-,05,21650,NA,N,H,G,A,A,H,-,A,A,0,NA,Y,NA,NA,Y,NA,L,04,0,0,1,0,0,0,1,0,0,-,-,NA,NA,LOS ANGELES,LOS ANGELES,-118.31355989,34.08351
8283403,2016,2017-01-19,1942,2016-11-15,0800,42373,1428,2,5,7,1942,0,0,0,N,0,14A27,MIDVALE AV,WOODBINE ST,0,NA,Y,A,-,N,NA,NA,NA,NA,NA,NA,NA,NA,NA,N,4,0,1,2,A,-,10,21950,A,N,G,B,B,A,H,-,A,A,0,Y,NA,NA,NA,Y,NA,A,07,0,0,1,0,1,0,0,0,0,-,-,NA,NA,LOS ANGELES,LOS ANGELES,-118.41679009,34.02378012
8283404,2016,2017-01-19,1942,2016-11-15,0835,26740,0656,2,5,7,1942,0,0,0,F,0,8MQ73,EL CENTRO AV,SANTA MONICA,45,S,N,A,-,N,NA,NA,NA,NA,NA,NA,NA,NA,NA,N,3,0,1,2,A,-,11,21954,A,N,G,B,D,A,H,-,A,A,0,Y,NA,NA,NA,Y,NA,N,60,0,1,0,0,1,0,0,0,0,-,-,NA,NA,LOS ANGELES,LOS ANGELES,-118.32445,34.09061658
8283405,2016,2017-01-20,1942,2016-11-14,0750,41944,0815,1,5,7,1942,0,0,0,H,0,8A1,SUNSET BL,GLENROY ST,100,W,N,A,-,N,NA,NA,NA,NA,NA,NA,NA,NA,NA,N,3,0,1,3,A,-,09,21804,A,N,A,G,A,A,H,-,A,D,0,NA,Y,NA,NA,Y,NA,A,01,0,1,0,0,0,0,1,0,0,-,-,NA,NA,LOS ANGELES,LOS ANGELES,-118.46150704,34.07306
8283406,2016,2017-01-19,1942,2016-11-29,0345,37699,2076,2,5,7,1942,0,0,0,NA,0,20A53,VERMONT AV,WASHINGTON BL,0,NA,Y,A,-,N,NA,NA,NA,NA,NA,NA,NA,NA,NA,Y,4,0,2,2,A,-,09,21801,A,N,D,C,A,A,H,-,C,A,0,NA,NA,NA,NA,Y,NA,A,01,0,0,2,0,0,0,0,0,0,-,-,NA,NA,LOS ANGELES,LOS ANGELES,-118.29157014,34.04001001
8283407,2016,2017-01-19,1942,2016-11-12,1215,25481,1464,6,5,7,1942,0,0,0,N,0,14MQ78,JEFFERSON BL,WESTLAWN AV,0,NA,Y,A,-,N,NA,NA,NA,NA,NA,NA,NA,NA,NA,Y,3,0,3,2,A,-,12,21453,A,N,D,C,A,A,H,-,A,A,0,NA,NA,NA,NA,Y,NA,A,01,0,1,2,0,0,0,0,0,0,-,-,NA,NA,LOS ANGELES,LOS ANGELES,-118.41386005,33.97930004
8283408,2016,2017-01-19,1942,2016-11-19,0920,41089,0647,6,5,7,1942,0,0,0,F,0,6TL7,GOWER ST,SELMA AV,0,NA,Y,A,-,N,NA,NA,NA,NA,NA,NA,NA,NA,NA,Y,3,0,1,2,A,-,09,21801,A,N,D,C,A,A,H,-,A,A,0,NA,NA,NA,NA,Y,NA,A,01,0,1,0,0,0,0,0,0,0,-,-,NA,NA,LOS ANGELES,LOS ANGELES,-118.32234011,34.0998201
8283409,2016,2017-01-19,1942,2016-11-30,1325,39091,0822,3,5,7,1942,0,0,0,H,0,8TL28,PACIFIC COAST HWY,TEMESCAL CANYON RD,35,S,N,A,-,N,NA,NA,NA,NA,NA,NA,NA,NA,NA,Y,3,0,1,2,A,-,03,22350,NA,N,C,C,A,A,H,-,A,D,0,NA,NA,NA,NA,Y,NA,A,01,0,1,0,0,0,0,0,0,0,-,-,NA,NA,LOS ANGELES,LOS ANGELES,-118.53565888,34.03575115
8283410,2016,2017-01-19,1942,2016-11-27,0200,42113,2091,7,5,7,1942,0,0,0,NA,0,20A45,WESTERN AV,RT 10,0,NA,Y,A,-,N,NA,NA,NA,NA,NA,NA,NA,NA,NA,Y,4,0,1,2,D,-,00,NA,NA,N,D,C,A,A,H,-,C,A,0,NA,NA,NA,NA,Y,NA,-,-,0,0,1,0,0,0,0,0,0,-,-,NA,NA,LOS ANGELES,LOS ANGELES,-118.30909005,34.03722003
8283411,2016,2017-01-19,1942,2016-11-22,1845,41210,0643,2,5,7,1942,0,0,0,F,0,6T7,LA BREA AV,HOLLYWOOD BL,0,NA,Y,A,-,N,NA,NA,NA,NA,NA,NA,NA,NA,NA,Y,3,0,4,3,A,-,09,21801,A,N,A,C,A,A,H,-,C,A,0,NA,NA,NA,NA,Y,NA,A,01,0,1,3,0,0,0,0,0,0,-,-,NA,NA,LOS ANGELES,LOS ANGELES,-118.34522004,34.10160011
8283412,2016,2017-01-19,1942,2016-11-23,1830,39451,0635,3,5,7,1942,0,0,0,F,0,6A76,HIGHLAND AV,PAT MOORE WY,0,NA,Y,A,-,N,NA,NA,NA,NA,NA,NA,NA,NA,NA,N,4,0,2,2,A,-,09,21453,C,N,D,C,A,A,H,-,C,D,0,NA,NA,NA,NA,Y,NA,A,01,0,0,2,0,0,0,0,0,0,-,-,NA,NA,LOS ANGELES,LOS ANGELES,-118.33623014,34.11139004
8283413,2016,2017-01-19,1942,2016-11-23,0845,31387,847,3,5,7,1942,0,0,0,NA,0,6T7,OLYMPIC BL,PELHAM AV,0,NA,Y,A,-,N,NA,NA,NA,NA,NA,NA,NA,NA,NA,N,4,0,1,2,A,-,09,21802,A,N,D,C,A,A,H,-,A,A,0,NA,NA,NA,NA,Y,NA,A,01,0,0,1,0,0,0,0,0,0,-,-,NA,NA,LOS ANGELES,LOS ANGELES,-118.4273201,34.04652002
8283414,2016,2017-01-19,1942,2016-11-07,0925,26281,2005,1,5,7,1942,0,0,0,NA,0,7MQ56,MAPLEWOOD AV,ARDMORE AV,0,NA,Y,A,-,N,NA,NA,NA,NA,NA,NA,NA,NA,NA,Y,4,0,2,2,A,-,09,21801,A,N,A,C,A,A,H,-,A,D,0,NA,NA,NA,NA,Y,NA,A,07,0,0,2,0,0,0,0,0,0,-,-,NA,NA,LOS ANGELES,LOS ANGELES,-118.30232004,34.07989004
8283415,2016,2017-01-19,1942,2016-11-09,1010,41003,1401,3,5,7,1942,0,0,0,N,0,14A,CENTINELA AV,PEARL ST,0,NA,Y,A,-,N,NA,NA,NA,NA,NA,NA,NA,NA,NA,Y,4,0,2,2,A,-,12,21453,A,N,-,C,A,A,H,-,A,A,0,NA,NA,NA,NA,Y,NA,A,01,0,0,2,0,0,0,0,0,0,-,-,NA,NA,LOS ANGELES,LOS ANGELES,-118.45097003,34.02572009
8283416,2016,2017-01-19,1942,2016-11-23,2057,31131,0668,3,5,7,1942,0,0,0,F,0,6A49,SUNSET BL,VAN NESS AV,20,W,N,A,-,N,NA,NA,NA,NA,NA,NA,NA,NA,NA,N,4,0,1,2,A,-,05,21650,A,N,B,C,A,A,H,-,C,A,0,NA,NA,NA,NA,Y,NA,A,01,0,0,1,0,0,0,0,0,0,-,-,NA,NA,LOS ANGELES,LOS ANGELES,-118.31584594,34.09805
8283417,2016,2017-01-19,1942,2016-11-22,2000,35765,0834,2,5,7,1942,0,0,0,H,0,8A53,WILSHIRE BL,MALCOLM AV,15,S,N,A,-,N,NA,NA,NA,NA,NA,NA,NA,NA,NA,N,4,0,1,2,A,-,10,21950,NA,N,G,B,B,A,H,-,C,D,0,Y,NA,NA,NA,Y,NA,A,07,0,0,1,0,1,0,0,0,0,-,-,NA,NA,LOS ANGELES,LOS ANGELES,-118.43980702,34.05988729
8283418,2016,2017-01-19,1942,2016-11-19,1655,42188,20,6,5,7,1942,0,0,0,NA,0,069,ELDEN AV,PICO BL,400,N,N,A,-,N,NA,NA,NA,NA,NA,NA,NA,NA,NA,N,3,0,1,2,A,-,11,21956,A,N,G,B,D,A,H,-,C,D,0,Y,NA,NA,NA,Y,NA,N,60,0,1,0,0,1,0,0,0,0,-,-,NA,NA,LOS ANGELES,LOS ANGELES,-118.28771206,34.04839697
8283419,2016,2017-01-19,1942,2016-11-01,0745,38398,1406,2,5,7,1942,0,0,0,N,0,14A13W,NATIONAL BL,CHEVIOT VISTA PL,151,W,N,A,-,N,NA,NA,NA,NA,NA,NA,NA,NA,NA,N,4,0,1,2,A,-,12,21453,A,N,D,C,A,A,H,-,A,A,0,NA,NA,NA,NA,Y,NA,A,08,0,0,1,0,0,0,0,0,0,-,-,NA,NA,LOS ANGELES,LOS ANGELES,-118.41516418,34.03089452
8283420,2016,2017-01-19,1942,2016-11-23,1209,38721,0679,3,5,7,1942,0,0,0,F,0,6T2,NORMANDIE AV,MONROE ST,20,S,N,A,-,N,NA,NA,NA,NA,NA,NA,NA,NA,NA,Y,3,0,3,2,A,-,08,22107,NA,N,C,C,A,A,H,-,A,D,0,NA,NA,NA,NA,Y,NA,A,01,0,1,2,0,0,0,0,0,0,-,-,NA,NA,LOS ANGELES,LOS ANGELES,-118.30046,34.08553515
8283421,2016,2017-01-19,1942,2016-11-20,1747,40123,0774,7,5,7,1942,0,0,0,G,0,20A34,SAINT ELMO DR,LA BREA DR,0,NA,Y,C,-,N,NA,NA,NA,NA,NA,NA,NA,NA,NA,N,4,0,1,2,A,-,21,22106,NA,F,G,B,E,B,H,-,C,D,0,Y,NA,NA,NA,Y,NA,-,99,0,0,1,0,1,0,0,0,0,-,-,NA,NA,LOS ANGELES,LOS ANGELES,-118.34603009,34.04420005
8283422,2016,2017-01-19,1942,2016-11-02,2215,39145,2027,3,5,7,1942,0,0,0,NA,0,20A13,KENMORE AV,6TH ST,75,N,N,A,-,N,NA,NA,NA,NA,NA,NA,NA,NA,NA,N,4,0,1,2,A,-,03,22350,NA,N,H,G,A,A,H,-,A,D,0,NA,Y,NA,NA,Y,NA,A,01,0,0,1,0,0,0,1,0,0,-,-,NA,NA,LOS ANGELES,LOS ANGELES,-118.29663343,34.06380567
8283423,2016,2017-01-19,1942,2016-11-08,1935,35330,1414,2,5,7,1942,0,0,0,N,0,14A13,ROSE AV,BERNARD AV,20,W,N,A,-,N,NA,NA,NA,NA,NA,NA,NA,NA,NA,N,3,0,1,2,A,-,17,21208,A,N,A,G,A,A,H,-,C,A,0,NA,Y,NA,NA,Y,NA,A,01,0,1,0,0,0,0,1,0,0,-,-,NA,NA,LOS ANGELES,LOS ANGELES,-118.4706355,33.99990045
8283424,2016,2017-01-19,1942,2016-11-23,1135,26281,0646,3,5,7,1942,0,0,0,F,0,7MQ56,HOLLYWOOD BL,LAS PALMAS AV,0,NA,Y,A,-,N,NA,NA,NA,NA,NA,NA,NA,NA,NA,N,3,0,1,2,A,-,12,21453,A,N,H,G,A,A,H,-,A,A,0,NA,Y,NA,NA,Y,NA,A,01,0,1,0,0,0,0,1,0,0,-,-,NA,NA,LOS ANGELES,LOS ANGELES,-118.33613014,34.10155006
8283425,2016,2017-01-19,1942,2016-11-30,1640,42019,0881,3,5,7,1942,0,0,0,H,0,8A12,MISSISSIPPI AV,STONER AV,0,NA,Y,A,-,N,NA,NA,NA,NA,NA,NA,NA,NA,NA,N,4,0,1,2,A,-,12,22450,NA,N,G,G,A,A,H,-,C,D,0,NA,Y,NA,NA,Y,NA,A,01,0,0,1,0,0,0,0,0,0,-,-,NA,NA,LOS ANGELES,LOS ANGELES,-118.45003002,34.03506002
8283426,2016,2017-01-20,1942,2016-11-22,2040,42415,2029,2,5,7,1942,0,0,0,NA,0,20A71,VERMONT AV,6TH ST,120,N,N,A,-,N,NA,NA,NA,NA,NA,NA,NA,NA,NA,Y,4,0,1,4,A,-,03,22350,NA,N,C,C,A,A,H,-,A,A,0,NA,NA,NA,NA,Y,NA,A,01,0,0,1,0,0,0,0,0,0,-,-,NA,NA,LOS ANGELES,LOS ANGELES,-118.291646,34.063979
8283427,2016,2017-01-19,1942,2016-11-09,1750,40185,1456,3,5,7,1942,0,0,0,N,0,14A25,LINDBLADE DR,WASHINGTON BL,100,S,N,A,-,N,NA,NA,NA,NA,NA,NA,NA,NA,NA,Y,4,0,1,4,A,-,02,22400,NA,N,B,C,A,A,H,-,C,D,0,NA,NA,NA,NA,Y,NA,A,01,0,0,1,0,0,0,0,0,0,-,-,NA,NA,LOS ANGELES,LOS ANGELES,-118.42391267000001,33.9972345
8283428,2016,2017-01-19,1942,2016-11-19,0925,37437,0692,6,5,7,1942,0,0,0,F,0,7MQ57,WESTERN AV,FRANKLIN AV,300,N,N,A,-,N,NA,NA,NA,NA,NA,NA,NA,NA,NA,N,4,0,1,2,A,-,04,21703,NA,N,C,C,A,A,H,-,A,D,0,NA,NA,NA,NA,Y,NA,A,07,0,0,1,0,0,0,0,0,0,-,-,NA,NA,LOS ANGELES,LOS ANGELES,-118.30926,34.10620277
8283429,2016,2017-01-19,1942,2016-11-27,2150,32576,833,7,5,7,1942,0,0,0,NA,0,841,VETERAN AV,WILSHIRE BL,0,NA,Y,A,-,N,NA,NA,NA,NA,NA,NA,NA,NA,NA,N,2,0,1,2,A,-,09,21453,B,N,G,B,B,A,H,-,C,A,0,Y,NA,NA,NA,Y,NA,A,01,1,0,0,0,1,0,0,0,0,-,-,NA,NA,LOS ANGELES,LOS ANGELES,-118.44775003,34.0577601
8283430,2016,2017-01-19,1942,2016-11-28,1240,31264,2015,1,5,7,1942,0,0,0,NA,0,20A45,1ST ST,NEW HAMPSHIRE AV,0,NA,Y,A,-,N,NA,NA,NA,NA,NA,NA,NA,NA,NA,Y,4,0,1,2,A,-,09,21801,A,N,D,C,A,A,H,-,A,A,0,NA,NA,NA,NA,Y,NA,A,07,0,0,1,0,0,0,0,0,0,-,-,NA,NA,LOS ANGELES,LOS ANGELES,-118.29293008,34.0727401
8283431,2016,2017-01-19,1942,2016-11-30,0735,41514,0648,3,5,7,1942,0,0,0,F,0,6A49W2,WESTERN AV,CARLTON WY,0,NA,Y,A,-,N,NA,NA,NA,NA,NA,NA,NA,NA,NA,N,3,0,1,2,A,-,09,21804,A,N,H,G,A,A,H,-,A,-,0,NA,Y,NA,NA,Y,NA,L,04,0,1,0,0,0,0,1,0,0,-,-,NA,NA,LOS ANGELES,LOS ANGELES,-118.30924001,34.10051003