CASE_ID,ACCIDENT_YEAR,PROC_DATE,JURIS,COLLISION_DATE,COLLISION_TIME,OFFICER_ID,REPORTING_DISTRICT,DAY_OF_WEEK,CHP_SHIFT,POPULATION,CNTY_CITY_LOC,SPECIAL_COND,BEAT_TYPE,CHP_BEAT_TYPE,CITY_DIVISION_LAPD,CHP_BEAT_CLASS,BEAT_NUMBER,PRIMARY_RD,SECONDARY_RD,DISTANCE,DIRECTION,INTERSECTION,WEATHER_1,WEATHER_2,STATE_HWY_IND,CALTRANS_COUNTY,CALTRANS_DISTRICT,STATE_ROUTE,ROUTE_SUFFIX,POSTMILE_PREFIX,POSTMILE,LOCATION_TYPE,RAMP_INTERSECTION,SIDE_OF_HWY,TOW_AWAY,COLLISION_SEVERITY,NUMBER_KILLED,NUMBER_INJURED,PARTY_COUNT,PRIMARY_COLL_FACTOR,PCF_CODE_OF_VIOL,PCF_VIOL_CATEGORY,PCF_VIOLATION,PCF_VIOL_SUBSECTION,HIT_AND_RUN,TYPE_OF_COLLISION,MVIW,PED_ACTION,ROAD_SURFACE,ROAD_COND_1,ROAD_COND_2,LIGHTING,CONTROL_DEVICE,CHP_ROAD_TYPE,PEDESTRIAN_ACCIDENT,BICYCLE_ACCIDENT,MOTORCYCLE_ACCIDENT,TRUCK_ACCIDENT,NOT_PRIVATE_PROPERTY,ALCOHOL_INVOLVED,STWD_VEHTYPE_AT_FAULT,CHP_VEHTYPE_AT_FAULT,COUNT_SEVERE_INJ,COUNT_VISIBLE_INJ,COUNT_COMPLAINT_PAIN,COUNT_PED_KILLED,COUNT_PED_INJURED,COUNT_BICYCLIST_KILLED,COUNT_BICYCLIST_INJURED,COUNT_MC_KILLED,COUNT_MC_INJURED,PRIMARY_RAMP,SECONDARY_RAMP,LATITUDE,LONGITUDE,COUNTY,CITY,POINT_X,POINT_Y
8285685,2016,2017-05-11,1976,2016-12-20,0845,NA,NA,2,5,5,1976,0,0,0,NA,0,NA,BEVERLY BL,PIONEER BL,36,E,N,A,-,N,NA,NA,NA,NA,NA,NA,NA,NA,NA,Y,4,0,1,3,A,-,03,22350,NA,N,C,C,A,A,D,-,A,A,0,NA,NA,NA,NA,Y,NA,A,01,0,0,1,0,0,0,0,0,0,-,-,34.00369,-118.06273,LOS ANGELES,WHITTIER,-118.0627878,34.00367798
8285713,2017,2017-01-27,1942,2017-01-07,2200,38613,1912,6,5,7,1942,0,0,0,NA,0,9T53,ROXFORD ST,HERRICK AV,71,W,N,B,-,N,NA,NA,NA,NA,NA,NA,NA,NA,NA,Y,4,0,1,6,A,-,12,21453,A,N,D,C,A,A,H,-,C,A,0,NA,NA,NA,NA,Y,Y,A,01,0,0,1,0,0,0,0,0,0,-,-,NA,NA,LOS ANGELES,LOS ANGELES,-118.46687909,34.31557682
8285717,2017,2017-01-27,1942,2017-01-11,0920,36733,2158,3,5,7,1942,0,0,0,NA,0,19TL77,VICTORY BL,MASON AV,800,W,N,B,-,N,NA,NA,NA,NA,NA,NA,NA,NA,NA,N,4,0,2,3,A,-,03,22350,NA,N,C,C,A,B,H,-,A,D,0,NA,NA,NA,NA,Y,NA,D,22,0,0,2,0,0,0,0,0,0,-,-,NA,NA,LOS ANGELES,LOS ANGELES,-118.58232081,34.18838837
8285721,2017,2017-01-27,1942,2017-01-11,0500,36753,2146,3,5,7,1942,0,0,0,NA,0,19TL77,VANOWEN ST,MILWOOD AV,27,E,N,C,-,N,NA,NA,NA,NA,NA,NA,NA,NA,NA,Y,4,0,1,1,A,-,03,22350,NA,N,E,I,A,B,H,-,C,D,0,NA,NA,NA,NA,Y,NA,D,22,0,0,1,0,0,0,0,0,0,-,-,NA,NA,LOS ANGELES,LOS ANGELES,-118.59419087,34.19376088
8285733,2017,2017-01-27,1942,2017-01-11,1835,38995,2134,3,5,7,1942,0,0,0,NA,0,21T61,GLADE AV,COHASSET ST,0,NA,Y,B,-,N,NA,NA,NA,NA,NA,NA,NA,NA,NA,Y,3,0,2,2,A,-,12,22450,A,N,D,C,A,A,H,-,-,A,0,NA,NA,NA,NA,Y,NA,D,22,0,2,0,0,0,0,0,0,0,-,-,NA,NA,LOS ANGELES,LOS ANGELES,-118.60815003,34.20646011
8285737,2017,2017-01-27,1942,2017-01-15,1435,39096,2134,7,5,7,1942,0,0,0,NA,0,21TL64,SHERMAN WAY,GLADE AV,0,NA,Y,A,-,N,NA,NA,NA,NA,NA,NA,NA,NA,NA,N,4,0,1,2,A,-,09,21804,A,N,D,C,A,A,H,-,A,D,0,NA,NA,NA,NA,Y,NA,D,22,0,0,1,0,0,0,0,0,0,-,-,NA,NA,LOS ANGELES,LOS ANGELES,-118.6081301,34.20102007
8285739,2016,2017-01-25,1942,2016-12-19,2005,40852,0723,1,5,7,1942,0,0,0,G,0,7A17,BEVERLY BL,EDINBURGH AV,50,E,N,A,-,N,NA,NA,NA,NA,NA,NA,NA,NA,NA,Y,4,0,1,2,A,-,04,21703,NA,N,C,C,A,A,H,-,C,D,0,NA,NA,NA,NA,Y,NA,A,01,0,0,1,0,0,0,0,0,0,-,-,NA,NA,LOS ANGELES,LOS ANGELES,-118.3635652,34.0761
8285749,2017,2017-01-27,1942,2017-01-15,0150,40383,1944,7,5,7,1942,0,0,0,NA,0,9T53,LAUREL CANYON BL,BRAND BL,30,S,N,A,-,N,NA,NA,NA,NA,NA,NA,NA,NA,NA,Y,4,0,2,2,A,-,01,23152,A,N,C,C,A,A,H,-,C,A,0,NA,NA,NA,NA,Y,Y,D,22,0,0,2,0,0,0,0,0,0,-,-,NA,NA,LOS ANGELES,LOS ANGELES,-118.44918058,34.27479126
8285750,2016,2017-03-04,1976,2016-12-20,1417,206,NA,2,5,5,1976,0,0,0,NA,0,NA,WHITTIER BL,JACMAR AV,86,E,N,A,-,Y,LA,7,72,-,-,3.14,H,-,N,N,4,0,3,4,A,-,03,22350,NA,N,C,C,A,A,H,-,A,A,0,NA,NA,NA,NA,Y,NA,A,01,0,0,3,0,0,0,0,0,0,-,-,NA,NA,LOS ANGELES,WHITTIER,-118.02532334,33.95895133
8285751,2016,2017-01-25,1942,2016-12-22,1415,36801,1785,4,5,7,1942,0,0,0,Q,0,10TL38,RAYEN ST,RESEDA BL,0,NA,Y,A,-,N,NA,NA,NA,NA,NA,NA,NA,NA,NA,N,3,0,1,2,A,-,10,21950,A,N,G,B,B,A,H,-,A,A,0,Y,NA,NA,NA,Y,NA,A,01,0,1,0,0,1,0,0,0,0,-,-,NA,NA,LOS ANGELES,LOS ANGELES,-118.53609002,34.23189011
8285755,2016,2017-01-31,1942,2016-12-25,0310,31087,1754,7,5,7,1942,0,0,0,Q,0,17A95,RESEDA BL,LEMARSH ST,100,N,N,A,-,N,NA,NA,NA,NA,NA,NA,NA,NA,NA,Y,4,0,1,2,A,-,05,21651,A,N,E,I,A,A,H,-,C,D,0,NA,NA,NA,NA,Y,NA,-,NA,0,0,1,0,0,0,0,0,0,-,-,NA,NA,LOS ANGELES,LOS ANGELES,-118.53609,34.25571431
8285757,2016,2017-01-27,1976,2016-12-26,1134,860,NA,1,5,5,1976,0,0,0,NA,0,001,COMSTOCK AV,BEVERLY BL,7,N,N,A,-,N,NA,NA,NA,NA,NA,NA,NA,NA,NA,N,4,0,1,2,A,-,09,21802,A,N,E,I,A,A,H,-,A,A,0,NA,NA,NA,NA,Y,NA,D,22,0,0,1,0,0,0,0,0,0,-,-,NA,NA,LOS ANGELES,WHITTIER,-118.03854022,33.98814919
8285761,2017,2017-01-26,1941,2017-01-13,1854,10017,NA,5,5,7,1941,0,0,0,NA,0,NA,LINDEN AV,SHORELINE,0,NA,N,A,-,N,NA,NA,NA,NA,NA,NA,NA,NA,NA,N,2,0,1,2,D,-,00,NA,NA,F,D,G,A,A,H,-,C,D,0,NA,Y,NA,NA,Y,NA,-,-,1,0,0,0,0,0,1,0,0,-,-,NA,NA,LOS ANGELES,LONG BEACH,-118.18554009,33.76345008
8285763,2016,2017-01-26,1942,2016-12-11,2245,41316,1526,7,5,7,1942,0,0,0,O,0,9TL57,VICTORY BL,TUJUNGA AV,0,NA,Y,A,-,N,NA,NA,NA,NA,NA,NA,NA,NA,NA,Y,4,0,2,3,A,-,12,21453,A,M,G,C,A,-,H,-,C,A,0,NA,NA,NA,NA,Y,NA,-,-,0,0,2,0,0,0,0,0,0,-,-,NA,NA,LOS ANGELES,LOS ANGELES,-118.37906005,34.18668009
8285764,2017,2017-01-27,1942,2017-01-05,1200,36801,1547,4,5,7,1942,0,0,0,O,0,10TL38,BURBANK AV,FARMDALE AV,121,W,N,B,-,N,NA,NA,NA,NA,NA,NA,NA,NA,NA,Y,3,0,2,5,A,-,03,22350,NA,N,C,C,A,B,H,-,A,D,0,NA,NA,NA,Y,Y,NA,A,01,0,1,1,0,0,0,0,0,0,-,-,NA,NA,LOS ANGELES,LOS ANGELES,-118.38143928,34.17215
8285767,2016,2017-01-26,1942,2016-12-25,1845,42401,2158,7,5,7,1942,0,0,0,NA,0,21X56,WINNETKA AV,CALVERT ST,0,NA,Y,A,-,N,NA,NA,NA,NA,NA,NA,NA,NA,NA,Y,4,0,4,2,A,-,08,22107,NA,F,B,C,A,A,H,-,B,A,0,NA,NA,NA,NA,Y,NA,-,-,0,0,4,0,0,0,0,0,0,-,-,NA,NA,LOS ANGELES,LOS ANGELES,-118.57096008,34.18229003
8285769,2017,2017-01-26,1941,2017-01-05,2120,5703,NA,4,5,7,1941,0,0,0,NA,0,NA,TRAFFIC CIR,LOS COYOTES DIAGONAL,0,NA,Y,A,-,N,NA,NA,NA,NA,NA,NA,NA,NA,NA,N,4,0,1,1,C,-,18,NA,NA,N,H,A,A,A,H,-,C,D,0,NA,NA,Y,NA,Y,NA,-,-,0,0,1,0,0,0,0,0,1,-,-,NA,NA,LOS ANGELES,LONG BEACH,-118.141928,33.790209
8285771,2016,2017-01-26,1942,2016-12-31,0005,41758,2172,6,5,7,1942,0,0,0,NA,0,21A5,VALLEY CIRCLE BL,VENTURA BL,0,NA,Y,C,-,N,NA,NA,NA,NA,NA,NA,NA,NA,NA,Y,4,0,2,2,A,-,12,21453,A,N,A,C,A,B,H,-,C,A,0,NA,NA,NA,NA,Y,NA,A,01,0,0,2,0,0,0,0,0,0,-,-,NA,NA,LOS ANGELES,LOS ANGELES,-118.63807004,34.16079008
8285773,2017,2017-01-26,1941,2017-01-11,0119,5497,NA,3,5,7,1941,0,0,0,NA,0,NA,34TH ST,DENVER,0,NA,Y,C,-,N,NA,NA,NA,NA,NA,NA,NA,NA,NA,Y,3,0,1,3,A,-,12,22450,A,N,D,C,A,B,H,-,C,D,0,NA,NA,NA,NA,Y,NA,A,NA,0,1,0,0,0,0,0,0,0,-,-,NA,NA,LOS ANGELES,LONG BEACH,-118.21195002,33.81888003
8285775,2016,2017-01-26,1942,2016-12-17,1745,42348,2136,6,5,7,1942,0,0,0,NA,0,NA,SATICOY ST,ALABAMA AV,0,NA,Y,A,-,N,NA,NA,NA,NA,NA,NA,NA,NA,NA,N,4,0,1,2,A,-,04,21703,NA,F,C,D,A,A,H,-,A,A,0,NA,NA,NA,NA,Y,NA,-,-,0,0,1,0,0,0,0,0,0,-,-,NA,NA,LOS ANGELES,LOS ANGELES,-118.59904001,34.20832004
8285777,2017,2017-01-26,1941,2017-01-12,2214,10920,NA,4,5,7,1941,0,0,0,NA,0,NA,CHERRY AV,SPAULDING,109,S,N,A,-,N,NA,NA,NA,NA,NA,NA,NA,NA,NA,N,2,0,1,2,A,-,12,21455,NA,F,G,B,D,A,H,-,C,D,0,Y,NA,NA,NA,Y,NA,-,NA,1,0,0,0,1,0,0,0,0,-,-,NA,NA,LOS ANGELES,LONG BEACH,-118.16766308,33.7853911
8285778,2017,2018-02-07,1900,2017-01-05,1330,523421,0626,4,5,6,1985,0,0,0,NA,0,64T1,SIERRA HWY,RT 14,18,N,N,A,-,Y,LA,7,14,-,R,28.122,R,4,S,Y,4,0,1,2,A,-,09,21801,A,N,D,I,A,A,H,-,A,D,0,NA,NA,NA,NA,Y,NA,A,01,0,0,1,0,0,0,0,0,0,-,SO,NA,NA,LOS ANGELES,SANTA CLARITA,-118.4933725,34.37803421
8285781,2017,2017-01-26,1941,2017-01-13,1555,5954,NA,5,5,7,1941,0,0,0,NA,0,NA,CARSON,NECTOR AV,0,NA,Y,A,-,N,NA,NA,NA,NA,NA,NA,NA,NA,NA,N,4,0,1,2,D,-,00,NA,NA,F,D,C,A,A,H,-,A,A,0,NA,NA,NA,NA,Y,Y,-,-,0,0,1,0,0,0,0,0,0,-,-,NA,NA,LOS ANGELES,LONG BEACH,-118.08797013,33.83151001
8285784,2017,2017-01-27,1942,2017-01-05,0825,27260,0933,4,5,7,1942,0,0,0,I,0,M2927,VICTORY BL,NOBLE AV,12,W,N,C,-,N,NA,NA,NA,NA,NA,NA,NA,NA,NA,Y,4,0,1,2,A,-,04,21703,NA,N,C,C,A,B,H,-,A,A,0,NA,NA,NA,NA,Y,NA,A,01,0,0,1,0,0,0,0,0,0,-,-,NA,NA,LOS ANGELES,LOS ANGELES,-118.46188961,34.18665
8285785,2017,2017-01-31,1942,2017-01-01,1905,25907,2133,7,5,7,1942,0,0,0,NA,0,21TL65,FALLBROOK AV,SHERMAN WY,0,NA,Y,A,-,N,NA,NA,NA,NA,NA,NA,NA,NA,NA,Y,3,0,3,2,A,-,12,21453,A,N,D,C,A,A,H,-,C,A,0,NA,NA,NA,NA,Y,NA,-,-,0,1,2,0,0,0,0,0,0,-,-,NA,NA,LOS ANGELES,LOS ANGELES,-118.62342008,34.2009901
8285787,2016,2017-01-26,1942,2016-12-24,1940,41158,1641,6,5,7,1942,0,0,0,P,0,9T53,VAN NUYS BL,AMBOY ST,9,W,N,A,-,N,NA,NA,NA,NA,NA,NA,NA,NA,NA,Y,3,0,4,2,A,-,01,23152,A,N,A,C,A,-,H,-,C,D,0,NA,NA,NA,NA,Y,Y,A,01,0,3,1,0,0,0,0,0,0,-,-,NA,NA,LOS ANGELES,LOS ANGELES,-118.43052231,34.25995368
8285788,2017,2017-01-31,1942,2017-01-05,0625,40388,0932,4,5,7,1942,0,0,0,I,0,16T23,KESTER AV,VICTORY BL,0,NA,Y,C,-,N,NA,NA,NA,NA,NA,NA,NA,NA,NA,Y,3,0,1,2,A,-,09,21453,C,N,D,C,A,B,H,-,B,A,0,NA,NA,NA,NA,Y,NA,-,-,0,1,0,0,0,0,0,0,0,-,-,NA,NA,LOS ANGELES,LOS ANGELES,-118.45745,34.18666011
8285789,2017,2017-01-26,1942,2017-01-02,1135,39281,2148,1,5,7,1942,0,0,0,NA,0,19TL72,SHERMAN WY BL,OSO AV,0,NA,Y,B,-,N,NA,NA,NA,NA,NA,NA,NA,NA,NA,Y,4,0,2,3,A,-,09,21801,A,N,D,C,A,A,H,-,A,A,0,NA,NA,NA,NA,Y,NA,A,01,0,0,2,0,0,0,0,0,0,-,-,NA,NA,LOS ANGELES,LOS ANGELES,-118.57535,34.20102
8285790,2017,2018-02-16,1942,2017-01-16,2105,32774,2104,1,5,7,1942,0,0,0,NA,0,21T61,TOPANGA CANYON BL,NORDHOFF ST,110,N,N,A,-,Y,LA,7,27,-,-,17.03,H,-,S,Y,3,0,3,3,A,-,01,23152,A,N,B,C,A,A,H,-,C,D,0,NA,NA,NA,NA,Y,Y,A,01,0,2,1,0,0,0,0,0,0,-,-,NA,NA,LOS ANGELES,LOS ANGELES,-118.60528234,34.2357389
8285791,2016,2017-01-26,1976,2016-12-30,1209,429,NA,5,5,5,1976,0,0,0,NA,0,002,PICKERING AV,MAR VISTA ST,0,NA,Y,A,-,N,NA,NA,NA,NA,NA,NA,NA,NA,NA,Y,3,0,2,2,A,-,12,21453,A,N,D,C,A,A,H,-,A,A,0,NA,NA,NA,NA,Y,NA,-,-,0,1,1,0,0,0,0,0,0,-,-,NA,NA,LOS ANGELES,WHITTIER,-118.0420501,33.97368006
8285793,2017,2017-01-26,1942,2017-01-13,1450,36801,1519,5,5,7,1942,0,0,0,O,0,10TL38,VANOWEN ST,RIVERTON AV,0,NA,Y,A,-,N,NA,NA,NA,NA,NA,NA,NA,NA,NA,Y,4,0,1,3,A,-,09,21801,A,N,-,C,A,A,H,-,A,D,0,NA,NA,NA,NA,Y,Y,A,01,0,0,1,0,0,0,0,0,0,-,-,NA,NA,LOS ANGELES,LOS ANGELES,-118.36597004,34.19397008
8285796,2017,2017-01-27,1942,2017-01-05,0430,38519,1523,4,5,7,1942,0,0,0,O,0,15A33,VICTORY BL,BELLAIRE AV,60,W,N,C,-,N,NA,NA,NA,NA,NA,NA,NA,NA,NA,Y,2,0,1,2,A,-,05,21650,NA,N,A,C,A,B,H,-,C,D,0,NA,NA,NA,NA,Y,NA,A,01,1,0,0,0,0,0,0,0,0,-,-,NA,NA,LOS ANGELES,LOS ANGELES,-118.40962803,34.18685987
8285797,2017,2017-01-26,1942,2017-01-14,0745,40388,1555,6,5,7,1942,0,0,0,O,0,15T45,LANKERSHIM BL,MAGNOLIA BL,0,NA,Y,A,-,N,NA,NA,NA,NA,NA,NA,NA,NA,NA,Y,3,0,2,2,A,-,09,21801,A,N,A,C,A,A,H,-,A,A,0,NA,NA,NA,NA,Y,NA,A,01,0,1,1,0,0,0,0,0,0,-,-,NA,NA,LOS ANGELES,LOS ANGELES,-118.37465005,34.16490009
8285799,2016,2017-01-26,1976,2016-12-30,1432,419,WHITT,5,5,5,1976,0,0,0,NA,0,001,BEVERLY BL,CITRUS AV,0,NA,Y,B,-,N,NA,NA,NA,NA,NA,NA,NA,NA,NA,Y,4,0,1,2,A,-,09,21802,A,N,D,C,A,A,H,-,A,D,0,NA,NA,NA,NA,Y,NA,A,07,0,0,1,0,0,0,0,0,0,-,-,NA,NA,LOS ANGELES,WHITTIER,-118.04595009,33.98816004
8285800,2017,2017-01-27,1942,2017-01-06,1550,42228,1506,5,5,7,1942,0,0,0,O,0,15A3,SHERMAN WAY,TUJUNGA AV,0,NA,Y,A,-,N,NA,NA,NA,NA,NA,NA,NA,NA,NA,Y,4,0,1,2,A,-,12,21453,A,N,D,C,A,A,H,-,A,A,0,NA,NA,NA,NA,Y,NA,A,08,0,0,1,0,0,0,0,0,0,-,-,NA,NA,LOS ANGELES,LOS ANGELES,-118.3790301,34.20118003
8285801,2017,2017-01-26,1942,2017-01-01,1300,37353,2105,7,5,7,1942,0,0,0,NA,0,17TL14,SCHOENBORN ST,CANOGA AV,250,W,N,A,-,N,NA,NA,NA,NA,NA,NA,NA,NA,NA,Y,4,0,2,2,A,-,09,21801,A,N,A,C,A,A,H,-,A,D,0,NA,NA,NA,NA,Y,NA,A,07,0,0,2,0,0,0,0,0,0,-,-,NA,NA,LOS ANGELES,LOS ANGELES,-118.59834561,34.22091799
8285802,2017,2018-01-06,1953,2017-01-01,0023,5911,NA,7,5,6,1953,0,0,0,NA,0,002,RT 134,FAIR OAKS AV,100,W,N,B,-,Y,LA,7,210,-,R,25.04,H,-,E,Y,4,0,1,2,A,-,01,23152,A,N,A,C,A,B,H,-,C,D,0,NA,NA,NA,NA,Y,Y,-,-,0,0,1,0,0,0,0,0,0,-,-,34.1501,-118.1543,LOS ANGELES,PASADENA,-118.15445649,34.15013867
8285803,2016,2017-01-26,1976,2016-12-31,1438,502,WHITT,6,5,5,1976,0,0,0,NA,0,001,RIDEOUT WY,BEVERLY DR,0,NA,N,C,-,N,NA,NA,NA,NA,NA,NA,NA,NA,NA,Y,4,0,2,1,A,-,04,21703,NA,N,E,I,A,B,H,-,A,D,0,NA,NA,NA,NA,Y,NA,A,01,0,0,2,0,0,0,0,0,0,-,-,NA,NA,LOS ANGELES,WHITTIER,-118.05154002,33.99681005
8285804,2017,2017-01-27,1942,2017-01-13,0015,36336,1559,5,5,7,1942,0,0,0,O,0,10T35,CAHUENGA BL,HUSTON ST,236,N,N,A,-,N,NA,NA,NA,NA,NA,NA,NA,NA,NA,Y,2,0,3,2,A,-,05,21460,A,N,A,C,A,A,H,-,C,D,0,NA,NA,NA,NA,Y,NA,D,22,1,0,2,0,0,0,0,0,0,-,-,NA,NA,LOS ANGELES,LOS ANGELES,-118.36153264,34.16012723
8285805,2017,2017-01-26,1942,2017-01-14,1145,37080,1523,6,5,7,1942,0,0,0,O,0,15T45,COLDWATER CANYON BL,VICTORY BL,96,S,N,A,-,N,NA,NA,NA,NA,NA,NA,NA,NA,NA,N,4,0,2,2,A,-,09,21804,A,N,D,C,A,A,H,-,A,D,0,NA,NA,NA,NA,Y,NA,A,01,0,0,2,0,0,0,0,0,0,-,-,NA,NA,LOS ANGELES,LOS ANGELES,-118.4138044,34.18641673
8285808,2017,2017-01-27,1942,2017-01-13,0645,36755,1543,5,5,7,1942,0,0,0,O,0,10TL37,WHITSETT AV,BURBANK BL,0,NA,Y,B,-,N,NA,NA,NA,NA,NA,NA,NA,NA,NA,Y,3,0,2,2,A,-,09,21801,A,N,D,C,A,A,H,-,A,A,0,NA,NA,NA,NA,Y,NA,D,22,0,1,1,0,0,0,0,0,0,-,-,NA,NA,LOS ANGELES,LOS ANGELES,-118.40526009,34.17213011
8285809,2017,2017-01-26,1942,2017-01-02,1647,40068,2107,1,5,7,1942,0,0,0,NA,0,21G33,CANOGA AV,CHASE ST,388,N,N,A,-,N,NA,NA,NA,NA,NA,NA,NA,NA,NA,N,3,0,1,2,A,-,09,21801,A,N,H,C,A,A,H,-,A,D,0,NA,NA,NA,NA,Y,NA,A,01,0,1,0,0,0,0,0,0,0,-,-,NA,NA,LOS ANGELES,LOS ANGELES,-118.59753375,34.2256044
8285810,2017,2017-06-29,1941,2017-01-12,0800,5839,NA,4,5,7,1941,0,0,0,NA,0,NA,PACIFIC COAST HWY,SHERMAN PL,0,NA,Y,C,-,Y,LA,7,1,-,-,4.931,I,6,S,N,4,0,1,2,A,-,05,21650,1,F,D,G,-,B,H,-,A,A,0,Y,NA,NA,NA,Y,NA,-,NA,0,0,1,0,1,0,0,0,0,-,-,NA,NA,LOS ANGELES,LONG BEACH,-118.16621615,33.78980559
8285811,2016,2017-01-26,1976,2016-12-28,1452,212,NA,3,5,5,1976,0,0,0,NA,0,001,BROADWAY,BRIGHT AV,150,E,N,A,-,N,NA,NA,NA,NA,NA,NA,NA,NA,NA,N,4,0,1,2,A,-,08,22107,NA,N,D,C,A,A,H,-,A,D,0,NA,NA,NA,NA,Y,NA,A,07,0,0,1,0,0,0,0,0,0,-,-,NA,NA,LOS ANGELES,WHITTIER,-118.0356663,33.98629578
8285812,2017,2017-01-27,1942,2017-01-16,1550,33779,1526,1,5,7,1942,0,0,0,O,0,15TL44,OXNARD ST,LANKERSHIM BL,180,E,N,A,-,N,NA,NA,NA,NA,NA,NA,NA,NA,NA,Y,4,0,2,2,A,-,08,22107,NA,N,D,C,A,A,H,-,A,A,0,NA,NA,NA,NA,Y,NA,A,01,0,0,2,0,0,0,0,0,0,-,-,NA,NA,LOS ANGELES,LOS ANGELES,-118.38281597,34.17942
8285813,2017,2017-01-26,1942,2017-01-03,1240,35481,2128,2,5,7,1942,0,0,0,NA,0,21TL62,WINNETKA AV,SATICOY ST,0,NA,Y,A,-,N,NA,NA,NA,NA,NA,NA,NA,NA,NA,Y,2,0,4,4,A,-,12,21453,A,N,D,C,F,A,H,-,A,A,0,Y,NA,NA,NA,Y,NA,A,01,1,1,2,0,2,0,0,0,0,-,-,NA,NA,LOS ANGELES,LOS ANGELES,-118.571,34.20837007
8285814,2017,2018-02-16,1942,2017-01-10,1825,39654,2155,2,5,7,1942,0,0,0,NA,0,21A43,TOPANGA CANYON BL,VICTORY BL,100,S,N,C,-,Y,LA,7,27,-,-,13.53,H,-,N,N,4,0,1,2,A,-,04,21703,NA,N,C,C,A,B,-,-,C,D,0,NA,NA,NA,NA,Y,NA,A,01,0,0,1,0,0,0,0,0,0,-,-,NA,NA,LOS ANGELES,LOS ANGELES,-118.60582111,34.1863564
8285816,2017,2017-03-06,1942,2017-01-04,1035,40291,0739,3,5,7,1942,0,0,0,G,0,10T35,VICTORY BL,MORSE AV,211,W,N,A,-,N,NA,NA,NA,NA,NA,NA,NA,NA,NA,N,4,0,1,2,A,-,06,21750,A,N,D,G,A,A,H,-,A,D,0,NA,Y,NA,Y,Y,NA,L,04,0,0,1,0,0,0,1,0,0,-,-,NA,NA,LOS ANGELES,LOS ANGELES,-118.41663642,34.18668
8285818,2017,2018-02-16,1942,2017-01-16,1550,39096,2145,1,5,7,1942,0,0,0,NA,0,21TL64,TOPANGA CANYON BL,KITTRIDGE ST,150,N,N,A,-,Y,LA,7,27,-,-,13.87,H,-,N,Y,4,0,3,2,A,-,01,23152,A,N,C,C,A,A,H,-,A,D,0,NA,NA,NA,NA,Y,Y,A,01,0,0,3,0,0,0,0,0,0,-,-,NA,NA,LOS ANGELES,LOS ANGELES,-118.60583464,34.19119104
8285819,2017,2017-01-26,1942,2017-01-09,0030,42363,2128,1,5,7,1942,0,0,0,NA,0,21A57,WINNETKA AV,KESWICK ST,75,S,N,C,-,N,NA,NA,NA,NA,NA,NA,NA,NA,NA,Y,4,0,1,2,A,-,03,22350,NA,N,E,E,A,B,G,-,C,D,0,NA,NA,NA,NA,Y,NA,-,NA,0,0,1,0,0,0,0,0,0,-,-,NA,NA,LOS ANGELES,LOS ANGELES,-118.57101,34.20935426
8285820,2017,2017-01-27,1942,2017-01-02,1355,38996,0906,1,5,7,1942,0,0,0,I,0,21TL64,VAN NUYS BL,KESWICK ST,45,S,N,B,-,N,NA,NA,NA,NA,NA,NA,NA,NA,NA,Y,4,0,2,3,A,-,03,22350,NA,N,C,C,A,A,H,-,A,A,0,NA,NA,NA,NA,Y,NA,D,22,0,0,2,0,0,0,0,0,0,-,-,NA,NA,LOS ANGELES,LOS ANGELES,-118.44877,34.21014657
8285821,2017,2017-01-26,1942,2017-01-03,1515,35461,2103,2,5,7,1942,0,0,0,NA,0,21TL62,TOPANGA CANYON BL,CHASE ST,500,S,N,A,-,N,NA,NA,NA,NA,NA,NA,NA,NA,NA,N,4,0,4,2,A,-,09,21801,A,N,D,C,A,A,H,-,A,D,0,NA,NA,NA,NA,Y,NA,A,01,0,0,4,0,0,0,0,0,0,-,-,NA,NA,LOS ANGELES,LOS ANGELES,-118.606,34.2228784
8285822,2017,2017-12-27,1941,2017-01-12,1816,10235,NA,4,5,7,1941,0,0,0,NA,0,NA,RT 710,9TH ST,33,S,N,A,-,N,NA,NA,NA,NA,NA,NA,NA,NA,NA,N,4,0,1,2,A,-,08,22107,NA,N,B,C,A,A,H,-,C,A,0,NA,NA,NA,NA,Y,NA,A,NA,0,0,1,0,0,0,0,0,0,-,-,NA,NA,LOS ANGELES,LONG BEACH,-118.207712,33.778435
8285823,2017,2017-01-26,1942,2017-01-07,2030,41198,2133,6,5,7,1942,0,0,0,NA,0,19T73,SATICOY ST,FALLBROOK AV,0,NA,Y,A,-,N,NA,NA,NA,NA,NA,NA,NA,NA,NA,Y,3,0,2,2,A,-,09,21801,A,N,B,C,A,A,H,-,C,A,0,NA,NA,NA,NA,Y,NA,A,01,0,1,1,0,0,0,0,0,0,-,-,NA,NA,LOS ANGELES,LOS ANGELES,-118.62344002,34.20827007
8285825,2017,2017-01-26,1942,2017-01-04,1750,42401,2172,3,5,7,1942,0,0,0,NA,0,21X56,VENTURA BL,VALLEY CIRCLE BL,300,E,N,C,-,N,NA,NA,NA,NA,NA,NA,NA,NA,NA,Y,4,0,1,2,A,-,05,21460,A,N,B,C,A,B,H,-,D,D,0,NA,NA,NA,NA,Y,NA,A,01,0,0,1,0,0,0,0,0,0,-,-,NA,NA,LOS ANGELES,LOS ANGELES,-118.6371363,34.1606273
8285827,2017,2017-01-26,1942,2017-01-05,1900,36801,2175,4,5,7,1942,0,0,0,NA,0,10TL38,TOPANGA CANYON,BURBANK BL,76,S,N,A,-,N,NA,NA,NA,NA,NA,NA,NA,NA,NA,N,3,0,2,2,A,-,04,21703,NA,N,C,C,A,A,H,-,C,A,0,NA,NA,NA,NA,Y,NA,A,01,0,1,1,0,0,0,0,0,0,-,-,NA,NA,LOS ANGELES,LOS ANGELES,-118.60585884,34.17174732