CASE_ID,ACCIDENT_YEAR,PROC_DATE,JURIS,COLLISION_DATE,COLLISION_TIME,OFFICER_ID,REPORTING_DISTRICT,DAY_OF_WEEK,CHP_SHIFT,POPULATION,CNTY_CITY_LOC,SPECIAL_COND,BEAT_TYPE,CHP_BEAT_TYPE,CITY_DIVISION_LAPD,CHP_BEAT_CLASS,BEAT_NUMBER,PRIMARY_RD,SECONDARY_RD,DISTANCE,DIRECTION,INTERSECTION,WEATHER_1,WEATHER_2,STATE_HWY_IND,CALTRANS_COUNTY,CALTRANS_DISTRICT,STATE_ROUTE,ROUTE_SUFFIX,POSTMILE_PREFIX,POSTMILE,LOCATION_TYPE,RAMP_INTERSECTION,SIDE_OF_HWY,TOW_AWAY,COLLISION_SEVERITY,NUMBER_KILLED,NUMBER_INJURED,PARTY_COUNT,PRIMARY_COLL_FACTOR,PCF_CODE_OF_VIOL,PCF_VIOL_CATEGORY,PCF_VIOLATION,PCF_VIOL_SUBSECTION,HIT_AND_RUN,TYPE_OF_COLLISION,MVIW,PED_ACTION,ROAD_SURFACE,ROAD_COND_1,ROAD_COND_2,LIGHTING,CONTROL_DEVICE,CHP_ROAD_TYPE,PEDESTRIAN_ACCIDENT,BICYCLE_ACCIDENT,MOTORCYCLE_ACCIDENT,TRUCK_ACCIDENT,NOT_PRIVATE_PROPERTY,ALCOHOL_INVOLVED,STWD_VEHTYPE_AT_FAULT,CHP_VEHTYPE_AT_FAULT,COUNT_SEVERE_INJ,COUNT_VISIBLE_INJ,COUNT_COMPLAINT_PAIN,COUNT_PED_KILLED,COUNT_PED_INJURED,COUNT_BICYCLIST_KILLED,COUNT_BICYCLIST_INJURED,COUNT_MC_KILLED,COUNT_MC_INJURED,PRIMARY_RAMP,SECONDARY_RAMP,LATITUDE,LONGITUDE,COUNTY,CITY,POINT_X,POINT_Y
8285912,2017,2017-01-26,1942,2017-01-06,1905,40383,0952,5,5,7,1942,0,0,0,I,0,16T23,MAGNOLIA BL,KESTER AV,257,E,N,A,-,N,NA,NA,NA,NA,NA,NA,NA,NA,NA,Y,3,0,5,3,A,-,09,21804,A,N,D,C,A,A,H,-,D,D,0,NA,NA,NA,NA,Y,NA,A,01,0,1,4,0,0,0,0,0,0,-,-,NA,NA,LOS ANGELES,LOS ANGELES,-118.45656196,34.16485269
8285914,2017,2017-01-27,1976,2017-01-01,1215,419,WHITT,7,5,5,1976,0,0,0,NA,0,003,LA CUARTA ST,RHEA VISTA DR,297,E,N,A,-,N,NA,NA,NA,NA,NA,NA,NA,NA,NA,Y,4,0,1,2,A,-,08,22107,NA,N,C,E,A,A,H,-,A,D,0,NA,NA,NA,NA,Y,NA,A,07,0,0,1,0,0,0,0,0,0,-,-,NA,NA,LOS ANGELES,WHITTIER,-118.02993324,33.96818001
8285915,2017,2017-01-26,1942,2017-01-03,1915,39258,1524,2,5,7,1942,0,0,0,O,0,21T61,VICTORY BL,BELLINGHAM AV,0,NA,Y,A,-,N,NA,NA,NA,NA,NA,NA,NA,NA,NA,Y,4,0,1,2,A,-,09,21801,A,N,D,C,A,A,H,-,C,A,0,NA,NA,NA,NA,Y,NA,A,01,0,0,1,0,0,0,0,0,0,-,-,NA,NA,LOS ANGELES,LOS ANGELES,-118.39875007,34.18667001
8285916,2017,2017-01-26,1942,2017-01-01,1350,38996,0946,7,5,7,1942,0,0,0,I,0,9TL54,WOODMAN AV,OXNARD ST,0,NA,Y,A,-,N,NA,NA,NA,NA,NA,NA,NA,NA,NA,Y,4,0,4,2,A,-,12,21453,A,N,D,C,A,A,H,-,A,A,0,NA,NA,NA,NA,Y,NA,A,07,0,0,4,0,0,0,0,0,0,-,-,NA,NA,LOS ANGELES,LOS ANGELES,-118.43124004,34.17940007
8285917,2017,2017-01-26,1941,2017-01-10,1825,5277,NA,2,5,7,1941,0,0,0,NA,0,NA,LONG BEACH BL,PLEASANT ST,0,NA,Y,A,-,N,NA,NA,NA,NA,NA,NA,NA,NA,NA,N,4,0,2,2,A,-,09,21801,A,N,D,C,A,A,H,-,C,D,0,NA,NA,NA,NA,Y,NA,A,NA,0,0,2,0,0,0,0,0,0,-,-,NA,NA,LOS ANGELES,LONG BEACH,-118.19360003,33.84607002
8285919,2017,2017-01-26,1942,2017-01-04,2105,37304,1535,3,5,7,1942,0,0,0,O,0,9T57,BECK AV,BURBANK BL,5,N,N,C,-,N,NA,NA,NA,NA,NA,NA,NA,NA,NA,N,4,0,2,3,A,-,21,22106,NA,N,G,B,B,B,H,-,C,A,0,Y,NA,NA,NA,Y,NA,A,01,0,0,2,0,2,0,0,0,0,-,-,NA,NA,LOS ANGELES,LOS ANGELES,-118.38340977,34.17216371
8285920,2017,2017-01-26,1942,2017-01-03,0855,34561,0963,2,5,7,1942,0,0,0,I,0,9TL59,MAGNOLIA BL,COLUMBUS AV,0,NA,Y,B,-,N,NA,NA,NA,NA,NA,NA,NA,NA,NA,Y,3,0,2,2,A,-,09,21804,A,N,D,C,A,A,H,-,A,A,0,NA,NA,NA,NA,Y,NA,A,01,0,1,1,0,0,0,0,0,0,-,-,NA,NA,LOS ANGELES,LOS ANGELES,-118.46399007,34.1648601
8285928,2017,2017-02-09,1941,2017-01-10,1845,5146,NA,2,5,7,1941,0,0,0,NA,0,NA,CARSON ST,LOS COYOTES DR,0,NA,Y,B,-,N,NA,NA,NA,NA,NA,NA,NA,NA,NA,Y,4,0,1,3,A,-,03,22350,NA,N,C,C,A,B,H,-,C,A,0,NA,NA,NA,NA,Y,NA,A,NA,0,0,1,0,0,0,0,0,0,-,-,NA,NA,LOS ANGELES,LONG BEACH,-118.098925,33.83214
8285955,2016,2017-02-09,1942,2016-01-12,2215,40972,1533,2,5,7,1942,0,0,0,O,0,21T61,OXNARD ST,RT 170,17,W,N,A,-,N,NA,NA,NA,NA,NA,NA,NA,NA,NA,Y,4,0,1,2,A,-,09,21801,A,N,D,C,A,B,H,-,C,D,0,NA,NA,NA,NA,Y,NA,A,01,0,0,1,0,0,0,0,0,0,-,SO,NA,NA,LOS ANGELES,LOS ANGELES,-118.3953461,34.17942
8285987,2017,2017-02-09,1942,2017-01-04,1830,42417,2129,3,5,7,1942,0,0,0,NA,0,21A42,SATICOY ST,OAKDALE AV,0,NA,Y,C,-,N,NA,NA,NA,NA,NA,NA,NA,NA,NA,Y,4,0,1,2,A,-,08,22107,NA,N,D,C,A,B,H,-,C,A,0,NA,NA,NA,NA,Y,NA,-,NA,0,0,1,0,0,0,0,0,0,-,-,NA,NA,LOS ANGELES,LOS ANGELES,-118.56668002,34.20833006
8285990,2017,2017-01-30,1941,2017-01-14,2130,10798,NA,6,5,7,1941,0,0,0,NA,0,NA,DEL AMO BL,DAISY AV,0,NA,Y,A,-,N,NA,NA,NA,NA,NA,NA,NA,NA,NA,N,4,0,1,2,A,-,10,21950,A,M,G,B,B,A,H,-,C,A,0,Y,NA,NA,NA,Y,NA,-,-,0,0,1,0,1,0,0,0,0,-,-,NA,NA,LOS ANGELES,LONG BEACH,-118.19919009,33.84669008
8286005,2016,2017-01-27,1942,2016-11-27,1330,35291,0467,7,5,7,1942,0,0,0,D,0,24T22,SOTO ST,6TH ST,200,N,N,B,-,N,NA,NA,NA,NA,NA,NA,NA,NA,NA,N,4,0,1,2,A,-,21,22106,NA,N,B,C,A,A,H,-,A,D,0,NA,NA,NA,NA,Y,NA,A,01,0,0,1,0,0,0,0,0,0,-,-,NA,NA,LOS ANGELES,LOS ANGELES,-118.21346158,34.03795466
8286009,2016,2017-03-03,1942,2016-12-09,0950,31152,0112,5,5,7,1942,0,0,0,A,0,24TL21,ALISO ST,BROADWAY,0,NA,Y,B,-,Y,LA,7,101,-,-,1.181,R,4,S,Y,4,0,1,2,A,-,08,22107,NA,N,B,C,A,A,H,-,A,D,0,NA,NA,NA,Y,Y,NA,G,25,0,0,1,0,0,0,0,0,0,-,-,NA,NA,LOS ANGELES,LOS ANGELES,-118.24381353,34.05778651
8286013,2016,2017-01-31,1942,2016-12-17,1440,40452,0732,6,5,7,1942,0,0,0,G,0,7TL38,CRESCENT HEIGHTS BL,6TH ST,100,S,N,A,-,N,NA,NA,NA,NA,NA,NA,NA,NA,NA,N,4,0,2,2,A,-,03,22350,NA,N,C,C,A,A,H,-,A,D,0,NA,NA,NA,NA,Y,NA,A,01,0,0,2,0,0,0,0,0,0,-,-,NA,NA,LOS ANGELES,LOS ANGELES,-118.3650026,34.06500803
8286016,2016,2017-02-01,1942,2016-12-28,0745,41396,1569,3,5,7,1942,0,0,0,O,0,9TL57,TIKITA PL,CYBOURN AV,112,W,N,A,-,N,NA,NA,NA,NA,NA,NA,NA,NA,NA,N,4,0,2,3,A,-,03,22350,NA,M,B,C,A,A,H,-,C,D,0,NA,NA,NA,NA,Y,NA,-,99,0,0,2,0,0,0,0,0,0,-,-,NA,NA,LOS ANGELES,LOS ANGELES,-118.34793915,34.14832727
8286017,2016,2017-01-27,1942,2016-11-22,1310,38590,0629,2,5,7,1942,0,0,0,F,0,20TL56,WESTERN AV,FRANKLIN AV,0,NA,Y,A,-,N,NA,NA,NA,NA,NA,NA,NA,NA,NA,Y,3,0,1,2,A,-,09,21801,A,N,D,C,A,A,H,-,A,A,0,NA,NA,NA,NA,Y,NA,A,01,0,1,0,0,0,0,0,0,0,-,-,NA,NA,LOS ANGELES,LOS ANGELES,-118.30926009,34.10538012
8286029,2016,2017-02-08,1942,2016-12-15,1915,40315,0648,4,5,7,1942,0,0,0,F,0,6T7,HOLLYWOOD BL,WESTERN AV,53,E,N,C,-,N,NA,NA,NA,NA,NA,NA,NA,NA,NA,N,2,0,1,4,A,-,03,22350,NA,N,B,E,E,B,H,-,C,A,0,Y,NA,NA,NA,Y,NA,I,20,1,0,0,0,1,0,0,0,0,-,-,NA,NA,LOS ANGELES,LOS ANGELES,-118.30909527,34.10175
8286033,2016,2017-06-01,1942,2016-12-23,1235,37966,0666,5,5,7,1942,0,0,0,F,0,6TL2,GOWER ST,FOUNTAIN AV,82,N,N,B,-,N,NA,NA,NA,NA,NA,NA,NA,NA,NA,Y,2,0,1,1,C,-,18,NA,NA,N,E,I,A,A,H,-,A,D,0,NA,NA,NA,Y,Y,NA,-,-,1,0,0,0,0,0,0,0,0,-,-,NA,NA,LOS ANGELES,LOS ANGELES,-118.32229409,34.09460487
8286037,2016,2017-02-02,1942,2016-11-25,1630,38991,1498,5,5,7,1942,0,0,0,N,0,14A45,AVIATION BL,111TH ST,0,NA,Y,A,-,N,NA,NA,NA,NA,NA,NA,NA,NA,NA,Y,2,0,1,2,A,-,09,21801,A,N,D,C,A,A,H,-,A,A,0,NA,NA,Y,NA,Y,NA,D,22,1,0,0,0,0,0,0,0,1,-,-,NA,NA,LOS ANGELES,LOS ANGELES,-118.37894006,33.93454002
8286041,2016,2017-02-01,1942,2016-12-06,1315,35945,0774,2,5,7,1942,0,0,0,G,0,6TL2,LA BREA AV,SAINT ELMO DR,380,S,N,A,-,N,NA,NA,NA,NA,NA,NA,NA,NA,NA,Y,3,0,3,2,A,-,08,22107,NA,N,C,E,A,A,H,-,A,A,0,NA,NA,NA,NA,Y,NA,A,01,0,1,2,0,0,0,0,0,0,-,-,NA,NA,LOS ANGELES,LOS ANGELES,-118.34642183,34.04321013
8286045,2017,2017-02-24,1942,2017-01-18,1015,38590,0749,3,5,7,1942,0,0,0,G,0,14TL49,PLYMOUTH BL,6TH ST,0,NA,Y,A,-,N,NA,NA,NA,NA,NA,NA,NA,NA,NA,Y,4,0,1,4,A,-,12,21453,A,F,D,C,A,A,H,-,A,A,0,NA,NA,NA,Y,Y,NA,A,01,0,0,1,0,0,0,0,0,0,-,-,NA,NA,LOS ANGELES,LOS ANGELES,-118.32289009,34.06362002
8286046,2016,2017-01-30,1942,2016-12-09,0708,31152,0415,5,5,7,1942,0,0,0,D,0,24TL21,BROADWAY,WORKMAN ST,0,NA,Y,A,-,N,NA,NA,NA,NA,NA,NA,NA,NA,NA,Y,3,0,1,2,A,-,09,21801,A,N,D,C,A,A,H,-,A,A,0,NA,NA,NA,NA,Y,NA,D,22,0,1,0,0,0,0,0,0,0,-,-,NA,NA,LOS ANGELES,LOS ANGELES,-118.21435001,34.07366008
8286049,2016,2017-01-30,1942,2016-12-17,1510,40452,0729,6,5,7,1942,0,0,0,G,0,7TL38,LUCERNE BL,BEVERLY BL,0,NA,Y,A,-,N,NA,NA,NA,NA,NA,NA,NA,NA,NA,N,4,0,3,2,A,-,09,21802,A,N,D,C,A,A,H,-,A,A,0,NA,NA,NA,NA,Y,NA,A,01,0,0,3,0,0,0,0,0,0,-,-,NA,NA,LOS ANGELES,LOS ANGELES,-118.3248301,34.07623011
8286053,2016,2017-01-27,1942,2016-11-23,1725,40643,0417,3,5,7,1942,0,0,0,D,0,24T56,MISSION RD,COMMODORE ST,100,S,N,A,-,N,NA,NA,NA,NA,NA,NA,NA,NA,NA,N,4,0,4,3,A,-,03,22350,NA,F,C,C,A,A,H,-,C,A,0,NA,NA,NA,NA,Y,NA,-,99,0,0,4,0,0,0,0,0,0,-,-,NA,NA,LOS ANGELES,LOS ANGELES,-118.19535009,34.07558512
8286054,2017,2017-02-23,1942,2017-01-11,0220,40730,1395,3,5,7,1942,0,0,0,M,0,24T36,FLORENCE AV,AVALON BL,76,E,N,C,-,N,NA,NA,NA,NA,NA,NA,NA,NA,NA,Y,2,0,1,2,A,-,07,21658,A,N,C,C,A,B,H,-,C,A,0,NA,NA,NA,Y,Y,NA,A,01,1,0,0,0,0,0,0,0,0,-,-,NA,NA,LOS ANGELES,LOS ANGELES,-118.26492982,33.97471
8286057,2016,2017-02-02,1942,2016-11-17,0710,36238,0477,4,5,7,1942,0,0,0,D,0,24TL24,SOTO ST,7TH ST,250,N,N,A,-,N,NA,NA,NA,NA,NA,NA,NA,NA,NA,N,4,0,1,2,A,-,21,22106,NA,N,C,C,A,A,H,-,A,D,0,NA,NA,NA,Y,Y,NA,G,27,0,0,1,0,0,0,0,0,0,-,-,NA,NA,LOS ANGELES,LOS ANGELES,-118.21660355,34.03290975
8286058,2016,2017-01-31,1942,2016-12-13,0830,38357,0437,2,5,7,1942,0,0,0,D,0,24TL29,VALLEY BL,DEL PASO AV,0,W,N,A,-,N,NA,NA,NA,NA,NA,NA,NA,NA,NA,N,4,0,1,2,A,-,07,21658,A,F,B,C,A,A,H,-,A,D,0,NA,NA,NA,NA,Y,NA,-,99,0,0,1,0,0,0,0,0,0,-,-,NA,NA,LOS ANGELES,LOS ANGELES,-118.18215008,34.06324011
8286060,2016,2017-01-31,1976,2016-12-09,1810,370,NA,5,5,5,1976,0,0,0,NA,0,NA,BEVERLY BL,PICKERING AV,41,E,N,A,-,N,NA,NA,NA,NA,NA,NA,NA,NA,NA,Y,3,0,1,2,A,-,03,22350,NA,M,C,C,A,A,H,-,C,A,0,NA,NA,NA,NA,Y,Y,A,01,0,1,0,0,0,0,0,0,0,-,-,NA,NA,LOS ANGELES,WHITTIER,-118.04189513,33.98814591
8286061,2016,2017-01-27,1942,2016-11-19,1140,36238,0478,6,5,7,1942,0,0,0,D,0,24TL25,WHITTIER BL,LORENA ST,13,E,N,A,-,N,NA,NA,NA,NA,NA,NA,NA,NA,NA,N,4,0,1,2,A,-,04,21703,NA,N,C,C,A,A,H,-,A,D,0,NA,NA,NA,NA,Y,NA,D,22,0,0,1,0,0,0,0,0,0,-,-,NA,NA,LOS ANGELES,LOS ANGELES,-118.20095205,34.0277735
8286062,2016,2017-02-02,1942,2016-12-15,1630,40592,0497,4,5,7,1942,0,0,0,D,0,24T51,SOTO ST,WASHINGTON BL,50,N,N,C,-,N,NA,NA,NA,NA,NA,NA,NA,NA,NA,N,4,0,2,2,A,-,03,22350,NA,N,C,C,A,B,H,-,C,D,0,NA,NA,NA,Y,Y,NA,F,25,0,0,2,0,0,0,0,0,0,-,-,NA,NA,LOS ANGELES,LOS ANGELES,-118.22005815,34.01742695
8286065,2016,2017-02-02,1942,2016-11-17,1635,40643,0497,4,5,7,1942,0,0,0,D,0,24T56,OLYMPIC BL,CAMULOS ST,290,W,N,A,-,N,NA,NA,NA,NA,NA,NA,NA,NA,NA,N,4,0,1,2,A,-,21,22106,NA,N,B,C,A,A,H,-,A,A,0,NA,NA,NA,Y,Y,NA,A,07,0,0,1,0,0,0,0,0,0,-,-,NA,NA,LOS ANGELES,LOS ANGELES,-118.21649725,34.02283715
8286066,2016,2017-01-31,1942,2016-12-15,1405,40592,0497,4,5,7,1942,0,0,0,D,0,24TS1,LORENA ST,ESTRADA ST,0,NA,Y,B,-,N,NA,NA,NA,NA,NA,NA,NA,NA,NA,N,4,0,1,2,A,-,03,22350,NA,N,C,C,A,A,H,-,A,D,0,NA,NA,NA,NA,Y,NA,A,01,0,0,1,0,0,0,0,0,0,-,-,NA,NA,LOS ANGELES,LOS ANGELES,-118.20538012,34.02077002
8286069,2016,2017-01-27,1942,2016-11-18,1315,37505,04552,5,5,7,1942,0,0,0,D,0,24T26,CESAR CHAVEZ AV,CUMMINGS ST,0,NA,Y,A,-,N,NA,NA,NA,NA,NA,NA,NA,NA,NA,Y,3,0,1,2,A,-,09,21801,A,N,D,C,A,A,H,-,A,A,0,NA,NA,Y,NA,Y,NA,D,23,0,1,0,0,0,0,0,0,1,-,-,NA,NA,LOS ANGELES,LOS ANGELES,-118.21274,34.04901
8286077,2016,2017-02-03,1942,2016-10-26,0620,31542,0477,3,5,7,1942,0,0,0,D,0,24TL22,WHITTIER BL,CAMULOS ST,23,W,N,A,-,N,NA,NA,NA,NA,NA,NA,NA,NA,NA,N,4,0,2,2,A,-,03,22350,NA,N,C,C,A,A,H,-,B,A,0,NA,NA,NA,NA,Y,NA,A,01,0,0,2,0,0,0,0,0,0,-,-,NA,NA,LOS ANGELES,LOS ANGELES,-118.21023663,34.03193002
8286083,2016,2017-01-26,1942,2016-12-07,0745,35291,0437,3,5,7,1942,0,0,0,D,0,24T22,DRUID ST,RICHELIEU AV,1,W,N,A,-,N,NA,NA,NA,NA,NA,NA,NA,NA,NA,N,4,0,1,2,A,-,10,21950,A,F,G,B,B,A,H,-,A,D,0,Y,NA,NA,NA,Y,NA,-,99,0,0,1,0,1,0,0,0,0,-,-,NA,NA,LOS ANGELES,LOS ANGELES,-118.18354214,34.06997209
8286087,2016,2017-01-27,1942,2016-12-18,1545,41650,1123,7,5,7,1942,0,0,0,K,0,11A42,EDENHURST AV,INGLEDALE TER,20,W,N,A,-,N,NA,NA,NA,NA,NA,NA,NA,NA,NA,Y,4,0,1,1,A,-,12,22450,NA,N,A,I,A,A,H,-,A,D,0,NA,NA,NA,NA,Y,NA,A,01,0,0,1,0,0,0,0,0,0,-,-,NA,NA,LOS ANGELES,LOS ANGELES,-118.26232681,34.11944551
8286088,2016,2017-03-03,1942,2016-11-10,1601,34374,1494,4,5,7,1942,0,0,0,N,0,14FBL8,SEPULVEDA BL,CENTURY BL,1000,S,N,A,-,Y,LA,7,1,-,-,26.71,H,-,S,Y,4,0,2,2,A,-,04,21703,NA,N,C,C,A,A,H,-,A,D,0,NA,NA,NA,NA,Y,NA,D,22,0,0,2,0,0,0,0,0,0,-,-,NA,NA,LOS ANGELES,LOS ANGELES,-118.3962778,33.942475
8286091,2016,2017-01-26,1942,2016-12-07,1610,40099,0423,3,5,7,1942,0,0,0,D,0,24T54,MAIN ST,EASTLAKE AV,3,E,N,A,-,N,NA,NA,NA,NA,NA,NA,NA,NA,NA,N,4,0,3,2,A,-,12,22450,NA,N,D,C,A,A,H,-,A,A,0,NA,NA,NA,NA,Y,NA,A,01,0,0,3,0,0,0,0,0,0,-,-,NA,NA,LOS ANGELES,LOS ANGELES,-118.20765011,34.0661
8286095,2016,2017-01-26,1942,2016-12-13,1510,42159,466,2,5,7,1942,0,0,0,NA,0,4A53,CESAR CHAVEZ,CEASAR CHAVEZ,25,S,N,A,-,N,NA,NA,NA,NA,NA,NA,NA,NA,NA,N,2,0,2,2,A,-,12,21453,A,N,D,C,A,A,G,-,A,A,0,NA,NA,NA,NA,Y,NA,A,01,1,0,1,0,0,0,0,0,0,-,-,NA,NA,LOS ANGELES,LOS ANGELES,-118.15729,34.04063
8286100,2016,2017-01-27,1942,2016-12-05,1308,42546,0424,1,5,7,1942,0,0,0,D,0,4A71,MISSION RD,BALDWIN ST,0,NA,Y,A,-,N,NA,NA,NA,NA,NA,NA,NA,NA,NA,Y,4,0,2,2,A,-,09,21801,A,N,D,D,A,A,H,-,A,D,0,NA,NA,NA,NA,Y,NA,A,01,0,0,2,0,0,0,0,0,0,-,-,NA,NA,LOS ANGELES,LOS ANGELES,-118.19893001,34.07045001
8286103,2016,2017-01-26,1942,2016-12-15,1900,32416,0464,4,5,7,1942,0,0,0,D,0,4A71,BREED ST,1ST ST,200,N,N,C,-,N,NA,NA,NA,NA,NA,NA,NA,NA,NA,N,4,0,1,2,A,-,11,21954,A,N,G,B,D,B,H,-,C,D,0,Y,NA,NA,NA,Y,NA,N,60,0,0,1,0,1,0,0,0,0,-,-,NA,NA,LOS ANGELES,LOS ANGELES,-118.21105,34.0443
8286107,2016,2017-01-26,1942,2016-12-17,2150,36814,1127,6,5,7,1942,0,0,0,K,0,2150,YORK BL,ALDAMA ST,45,W,N,A,-,N,NA,NA,NA,NA,NA,NA,NA,NA,NA,Y,3,0,2,2,A,-,01,23152,A,N,C,C,A,A,H,-,A,A,0,NA,NA,NA,NA,Y,Y,A,01,0,1,1,0,0,0,0,0,0,-,-,NA,NA,LOS ANGELES,LOS ANGELES,-118.18950519,34.11812541
8286108,2016,2017-01-26,1942,2016-12-02,1911,34735,407,5,5,7,1942,0,0,0,NA,0,407,HUNTINGTON DR,ESMERALDA ST,0,NA,Y,A,-,N,NA,NA,NA,NA,NA,NA,NA,NA,NA,N,4,0,1,2,A,-,08,22107,NA,N,B,C,A,A,H,-,C,A,0,NA,NA,NA,NA,Y,NA,A,01,0,0,1,0,0,0,0,0,0,-,-,NA,NA,LOS ANGELES,LOS ANGELES,-118.1922,34.08147001
8286110,2017,2017-01-26,1942,2017-01-10,1530,39624,1467,2,5,7,1942,0,0,0,N,0,6TL7,CENTINELA BL,SEPULVEDA BL,0,NA,Y,B,-,N,NA,NA,NA,NA,NA,NA,NA,NA,NA,Y,4,0,4,3,A,-,09,21804,A,N,D,C,A,A,H,-,A,A,0,NA,NA,NA,NA,Y,NA,A,01,0,0,4,0,0,0,0,0,0,-,-,NA,NA,LOS ANGELES,LOS ANGELES,-118.39482011,33.98104011
8286111,2016,2017-01-26,1942,2016-12-10,1200,36238,0442,6,5,7,1942,0,0,0,D,0,24TL25,MARENGO ST,LORD ST,66,E,N,A,-,N,NA,NA,NA,NA,NA,NA,NA,NA,NA,N,4,0,1,2,A,-,09,21804,A,N,D,G,A,A,H,-,A,D,0,NA,Y,NA,NA,Y,NA,-,-,0,0,1,0,0,0,1,0,0,-,-,NA,NA,LOS ANGELES,LOS ANGELES,-118.21248793,34.05883513
8286112,2016,2017-01-27,1942,2016-12-04,0250,36698,0437,7,5,7,1942,0,0,0,D,0,24T31W,VALLEY BL,SOTO ST,900,E,N,A,-,N,NA,NA,NA,NA,NA,NA,NA,NA,NA,Y,3,0,2,1,A,-,08,22107,NA,N,E,I,A,A,H,-,C,D,0,NA,NA,NA,NA,Y,NA,A,01,0,2,0,0,0,0,0,0,0,-,-,NA,NA,LOS ANGELES,LOS ANGELES,-118.19413691,34.06399795
8286114,2017,2017-01-26,1942,2017-01-03,1900,41672,1475,2,5,7,1942,0,0,0,N,0,6T7,MANCHESTER AV,GEORGETOWN AV,0,NA,Y,B,-,N,NA,NA,NA,NA,NA,NA,NA,NA,NA,Y,2,0,2,2,A,-,09,21801,A,N,D,C,A,A,H,-,C,A,0,NA,NA,Y,NA,Y,NA,A,01,1,0,1,0,0,0,0,0,1,-,-,NA,NA,LOS ANGELES,LOS ANGELES,-118.4136301,33.95986009
8286115,2016,2017-01-26,1942,2016-12-09,1500,39759,0468,5,5,7,1942,0,0,0,D,0,24T51,4TH ST,CONCORD ST,0,NA,Y,A,-,N,NA,NA,NA,NA,NA,NA,NA,NA,NA,N,4,0,1,2,A,-,03,22350,NA,N,C,C,A,A,H,-,A,A,0,NA,NA,NA,NA,Y,NA,A,01,0,0,1,0,0,0,0,0,0,-,-,NA,NA,LOS ANGELES,LOS ANGELES,-118.1986801,34.03477012
8286119,2016,2017-01-27,1942,2016-12-23,2245,42496,463,5,5,7,1942,0,0,0,NA,0,463,4TH ST,SAINT LOUIS ST,50,W,N,A,-,N,NA,NA,NA,NA,NA,NA,NA,NA,NA,Y,4,0,1,3,A,-,01,23152,A,N,B,C,A,A,H,-,A,A,0,NA,NA,NA,NA,Y,Y,-,-,0,0,1,0,0,0,0,0,0,-,-,NA,NA,LOS ANGELES,LOS ANGELES,-118.21559345,34.04231738
8286123,2016,2017-01-26,1942,2016-12-08,1815,34426,0499,4,5,7,1942,0,0,0,D,0,24T51,CALADA ST,OLYMPIC BL,96,S,N,A,-,N,NA,NA,NA,NA,NA,NA,NA,NA,NA,N,3,0,1,2,A,-,03,22350,NA,N,G,B,D,A,H,-,C,D,0,Y,NA,NA,NA,Y,NA,-,99,0,1,0,0,1,0,0,0,0,-,-,NA,NA,LOS ANGELES,LOS ANGELES,-118.19802,34.01855674
8286127,2016,2017-01-26,1942,2016-12-31,2055,25115,1133,6,5,7,1942,0,0,0,K,0,2YT32,GLENDALE BL,MADERA AV,0,NA,Y,B,-,N,NA,NA,NA,NA,NA,NA,NA,NA,NA,N,2,0,1,2,A,-,10,21950,A,N,G,B,B,A,H,-,C,A,0,Y,NA,NA,NA,Y,NA,A,01,1,0,0,0,1,0,0,0,0,-,-,NA,NA,LOS ANGELES,LOS ANGELES,-118.26204,34.1169501
8286130,2017,2017-01-26,1942,2017-01-13,1820,41633,0853,5,5,7,1942,0,0,0,H,0,8A95,SAWTELLE BL,MASSACHUSETTS AV,0,NA,Y,A,-,N,NA,NA,NA,NA,NA,NA,NA,NA,NA,Y,4,0,4,3,A,-,12,22450,A,N,D,C,A,A,H,-,C,A,0,NA,NA,NA,NA,Y,NA,A,01,0,0,4,0,0,0,0,0,0,-,-,NA,NA,LOS ANGELES,LOS ANGELES,-118.44898004,34.04713006
8286131,2016,2017-01-26,1942,2016-12-08,1845,37705,0421,4,5,7,1942,0,0,0,D,0,24T54,MAIN ST,AVENUE 21,0,NA,Y,A,-,N,NA,NA,NA,NA,NA,NA,NA,NA,NA,Y,2,0,1,2,A,-,09,21802,A,N,D,C,A,A,H,-,A,A,0,NA,NA,Y,NA,Y,NA,A,07,1,0,0,0,0,0,0,0,1,-,-,NA,NA,LOS ANGELES,LOS ANGELES,-118.21684006,34.06598009
8286134,2017,2017-01-26,1942,2017-01-03,0900,40690,0857,2,5,7,1942,0,0,0,H,0,6TL7,GLENVILLE DR,ALLCOTT ST,0,NA,Y,A,-,N,NA,NA,NA,NA,NA,NA,NA,NA,NA,N,4,0,2,2,A,-,09,21802,A,N,D,C,A,A,H,-,A,A,0,NA,NA,NA,NA,Y,NA,A,01,0,0,2,0,0,0,0,0,0,-,-,NA,NA,LOS ANGELES,LOS ANGELES,-118.39321002,34.05425001
8286135,2016,2017-01-26,1942,2016-12-08,1340,37505,0478,4,5,7,1942,0,0,0,D,0,24TL26,LORENA ST,ATLANTIC ST,26,E,N,A,-,N,NA,NA,NA,NA,NA,NA,NA,NA,NA,N,4,0,2,2,A,-,04,21703,NA,N,C,C,A,A,H,-,A,A,0,NA,NA,NA,NA,Y,NA,A,01,0,0,2,0,0,0,0,0,0,-,-,NA,NA,LOS ANGELES,LOS ANGELES,-118.20290017,34.02473312