CASE_ID,ACCIDENT_YEAR,PROC_DATE,JURIS,COLLISION_DATE,COLLISION_TIME,OFFICER_ID,REPORTING_DISTRICT,DAY_OF_WEEK,CHP_SHIFT,POPULATION,CNTY_CITY_LOC,SPECIAL_COND,BEAT_TYPE,CHP_BEAT_TYPE,CITY_DIVISION_LAPD,CHP_BEAT_CLASS,BEAT_NUMBER,PRIMARY_RD,SECONDARY_RD,DISTANCE,DIRECTION,INTERSECTION,WEATHER_1,WEATHER_2,STATE_HWY_IND,CALTRANS_COUNTY,CALTRANS_DISTRICT,STATE_ROUTE,ROUTE_SUFFIX,POSTMILE_PREFIX,POSTMILE,LOCATION_TYPE,RAMP_INTERSECTION,SIDE_OF_HWY,TOW_AWAY,COLLISION_SEVERITY,NUMBER_KILLED,NUMBER_INJURED,PARTY_COUNT,PRIMARY_COLL_FACTOR,PCF_CODE_OF_VIOL,PCF_VIOL_CATEGORY,PCF_VIOLATION,PCF_VIOL_SUBSECTION,HIT_AND_RUN,TYPE_OF_COLLISION,MVIW,PED_ACTION,ROAD_SURFACE,ROAD_COND_1,ROAD_COND_2,LIGHTING,CONTROL_DEVICE,CHP_ROAD_TYPE,PEDESTRIAN_ACCIDENT,BICYCLE_ACCIDENT,MOTORCYCLE_ACCIDENT,TRUCK_ACCIDENT,NOT_PRIVATE_PROPERTY,ALCOHOL_INVOLVED,STWD_VEHTYPE_AT_FAULT,CHP_VEHTYPE_AT_FAULT,COUNT_SEVERE_INJ,COUNT_VISIBLE_INJ,COUNT_COMPLAINT_PAIN,COUNT_PED_KILLED,COUNT_PED_INJURED,COUNT_BICYCLIST_KILLED,COUNT_BICYCLIST_INJURED,COUNT_MC_KILLED,COUNT_MC_INJURED,PRIMARY_RAMP,SECONDARY_RAMP,LATITUDE,LONGITUDE,COUNTY,CITY,POINT_X,POINT_Y
8286212,2016,2017-01-26,1942,2016-12-03,2020,38090,1428,6,5,7,1942,0,0,0,N,0,20T59,MALCOLM AV,NATIONAL BL,0,NA,Y,A,-,N,NA,NA,NA,NA,NA,NA,NA,NA,NA,Y,4,0,1,2,A,-,12,22450,NA,N,D,C,A,A,H,-,C,A,0,NA,NA,NA,NA,Y,NA,A,01,0,0,1,0,0,0,0,0,0,-,-,NA,NA,LOS ANGELES,LOS ANGELES,-118.41996009,34.03113005
8286213,2016,2017-04-12,1942,2016-11-09,1500,39417,415,3,5,7,1942,0,0,0,NA,0,4A15,MARENGO ST,RT 5,0,NA,N,A,-,N,NA,NA,NA,NA,NA,NA,NA,NA,NA,N,4,0,1,2,A,-,09,21801,A,N,D,G,A,A,-,-,A,-,0,NA,Y,NA,NA,Y,NA,-,-,0,0,1,0,0,0,1,0,0,-,NO,NA,NA,LOS ANGELES,LOS ANGELES,-118.212899,34.059051
8286214,2016,2017-01-27,1942,2016-11-24,1845,34426,0469,4,5,7,1942,0,0,0,D,0,24T51,LORENA ST,3RD ST,0,NA,Y,A,-,N,NA,NA,NA,NA,NA,NA,NA,NA,NA,N,4,0,1,2,A,-,08,22103,NA,N,D,C,A,A,H,-,C,D,0,NA,NA,NA,NA,Y,NA,A,01,0,0,1,0,0,0,0,0,0,-,-,NA,NA,LOS ANGELES,LOS ANGELES,-118.19652012,34.03484001
8286215,2016,2017-01-26,1942,2016-12-04,1605,37611,0111,7,5,7,1942,0,0,0,A,0,24T29,MAIN ST,ARCADIA ST,0,NA,Y,A,-,N,NA,NA,NA,NA,NA,NA,NA,NA,NA,Y,3,0,2,2,A,-,12,21453,A,N,D,C,A,A,H,-,A,A,0,NA,NA,NA,NA,Y,NA,A,01,0,1,1,0,0,0,0,0,0,-,-,NA,NA,LOS ANGELES,LOS ANGELES,-118.24005014,34.05581007
8286216,2016,2017-01-26,1942,2016-12-04,2210,37613,0101,7,5,7,1942,0,0,0,A,0,NA,HAYWORTH AV,ROSEWOOD AV,0,NA,Y,A,-,N,NA,NA,NA,NA,NA,NA,NA,NA,NA,N,4,0,1,2,A,-,12,22450,A,N,D,C,A,A,H,-,C,A,0,NA,NA,NA,NA,Y,NA,A,01,0,0,1,0,0,0,0,0,0,-,-,NA,NA,LOS ANGELES,LOS ANGELES,-118.36268007,34.08015011
8286218,2016,2017-01-27,1942,2016-11-21,1930,41621,0424,1,5,7,1942,0,0,0,D,0,4A6,SOTO ST,VALLEY BL,300,N,N,A,-,N,NA,NA,NA,NA,NA,NA,NA,NA,NA,Y,4,0,2,2,A,-,09,21801,A,N,D,C,A,A,H,-,C,D,0,NA,NA,NA,NA,Y,NA,-,NA,0,0,2,0,0,0,0,0,0,-,-,NA,NA,LOS ANGELES,LOS ANGELES,-118.19664599,34.06529803
8286219,2016,2017-01-26,1942,2016-12-13,1610,40592,0152,2,5,7,1942,0,0,0,A,0,24T51,GRAND AV,5TH ST,0,NA,Y,A,-,N,NA,NA,NA,NA,NA,NA,NA,NA,NA,N,4,0,1,2,A,-,10,21950,A,F,G,B,B,A,H,-,A,A,0,Y,NA,NA,NA,Y,NA,-,99,0,0,1,0,1,0,0,0,0,-,-,NA,NA,LOS ANGELES,LOS ANGELES,-118.29016003,33.73969004
8286220,2016,2017-01-26,1942,2016-12-18,1300,40452,0721,7,5,7,1942,0,0,0,G,0,7TL38,DOHENY DR,BURTON WY,230,N,N,A,-,N,NA,NA,NA,NA,NA,NA,NA,NA,NA,Y,4,0,1,2,A,-,07,21658,A,N,B,C,A,A,H,-,A,A,0,NA,NA,NA,NA,Y,NA,A,01,0,0,1,0,0,0,0,0,0,-,-,NA,NA,LOS ANGELES,LOS ANGELES,-118.38972725000001,34.07297082
8286222,2016,2017-02-24,1942,2016-11-21,1046,41499,0112,1,5,7,1942,0,0,0,A,0,1A1,N BROADWAY,ALISO ST,0,NA,Y,B,-,N,NA,NA,NA,NA,NA,NA,NA,NA,NA,Y,3,0,4,2,A,-,12,21453,A,N,D,C,A,B,H,-,A,A,0,NA,NA,NA,NA,Y,NA,-,-,0,1,3,0,0,0,0,0,0,-,-,NA,NA,LOS ANGELES,LOS ANGELES,-118.24259003,34.05678005
8286223,2016,2017-01-26,1942,2016-12-02,2235,40762,0182,5,5,7,1942,0,0,0,A,0,24T37,OLYMPIC BL,OLIVE ST,100,W,N,A,-,N,NA,NA,NA,NA,NA,NA,NA,NA,NA,N,3,0,1,2,A,-,03,22350,NA,N,B,G,A,A,H,-,A,D,0,NA,Y,Y,NA,Y,NA,C,02,0,1,0,0,0,0,1,0,0,-,-,NA,NA,LOS ANGELES,LOS ANGELES,-118.25976752,34.04250103
8286224,2016,2017-01-26,1942,2016-12-05,1430,37614,1412,1,5,7,1942,0,0,0,N,0,8TL26,SPEEDWAY,BROOKS AV,0,NA,Y,A,-,N,NA,NA,NA,NA,NA,NA,NA,NA,NA,N,4,0,1,2,A,-,09,21802,A,F,D,G,A,A,H,-,A,A,0,NA,Y,NA,NA,Y,NA,-,99,0,0,1,0,0,0,1,0,0,-,-,NA,NA,LOS ANGELES,LOS ANGELES,-118.47654008,33.99082002
8286226,2016,2017-01-27,1942,2016-11-21,1210,35769,0165,1,5,7,1942,0,0,0,A,0,1A35,LOS ANGELES ST,7TH ST,96,N,N,A,-,N,NA,NA,NA,NA,NA,NA,NA,NA,NA,N,4,0,1,2,A,-,03,22350,NA,N,C,C,A,A,H,-,A,D,0,NA,NA,NA,NA,Y,NA,A,01,0,0,1,0,0,0,0,0,0,-,-,NA,NA,LOS ANGELES,LOS ANGELES,-118.2502,34.043432
8286227,2016,2017-01-26,1942,2016-12-14,1615,41517,0185,3,5,7,1942,0,0,0,A,0,1X32,MAPLE AV,12TH ST,84,N,N,A,-,N,NA,NA,NA,NA,NA,NA,NA,NA,NA,N,3,0,1,2,A,-,17,22517,NA,N,H,G,A,A,H,-,A,D,0,NA,Y,NA,NA,Y,NA,A,01,0,1,0,0,0,0,1,0,0,-,-,NA,NA,LOS ANGELES,LOS ANGELES,-118.25618113,34.03586418
8286228,2016,2017-01-26,1942,2016-12-07,1855,40315,0784,3,5,7,1942,0,0,0,G,0,7T23,REDONDO BL,20TH ST,35,S,N,A,-,N,NA,NA,NA,NA,NA,NA,NA,NA,NA,Y,4,0,4,2,A,-,05,21460,A,N,A,C,A,A,H,-,C,A,0,NA,NA,NA,NA,Y,NA,A,01,0,0,4,0,0,0,0,0,0,-,-,NA,NA,LOS ANGELES,LOS ANGELES,-118.3532468,34.04009902
8286230,2016,2017-02-24,1942,2016-11-25,1455,37705,0423,5,5,7,1942,0,0,0,D,0,24T52,MAIN ST,GRIFFIN AV,0,NA,Y,A,-,N,NA,NA,NA,NA,NA,NA,NA,NA,NA,N,4,0,2,2,A,-,12,21453,A,N,D,C,A,A,H,-,A,A,0,NA,NA,NA,NA,Y,NA,-,-,0,0,2,0,0,0,0,0,0,-,-,NA,NA,LOS ANGELES,LOS ANGELES,-118.21157004,34.06602005
8286231,2016,2017-01-26,1942,2016-12-15,1520,40643,0148,4,5,7,1942,0,0,0,A,0,24T55,CROCKER ST,5TH ST,110,S,N,B,-,N,NA,NA,NA,NA,NA,NA,NA,NA,NA,N,4,0,1,2,A,-,08,22107,NA,N,B,G,A,A,H,-,A,D,0,NA,Y,NA,NA,Y,NA,A,01,0,0,1,0,0,0,1,0,0,-,-,NA,NA,LOS ANGELES,LOS ANGELES,-118.24296555,34.0432775
8286232,2016,2017-01-26,1942,2016-12-05,1420,40452,0722,1,5,7,1942,0,0,0,G,0,7TL38,BEVERLY BL,SWEETZER AV,0,NA,Y,A,-,N,NA,NA,NA,NA,NA,NA,NA,NA,NA,Y,3,0,1,2,A,-,09,21801,A,N,D,C,A,A,H,-,A,A,0,NA,NA,NA,NA,Y,NA,A,01,0,1,0,0,0,0,0,0,0,-,-,NA,NA,LOS ANGELES,LOS ANGELES,-118.37005011,34.07608007
8286234,2016,2017-02-06,1942,2016-11-22,0746,31152,NA,2,5,7,1942,0,0,0,NA,0,24T28,STATE ST,BAILEY ST,0,N,N,A,-,N,NA,NA,NA,NA,NA,NA,NA,NA,NA,Y,4,0,2,4,A,-,03,22350,NA,N,C,C,A,A,H,-,A,D,0,NA,NA,NA,NA,Y,NA,A,01,0,0,2,0,0,0,0,0,0,-,-,NA,NA,LOS ANGELES,LOS ANGELES,-118.21347,34.05276005
8286235,2016,2017-01-26,1942,2016-12-05,0935,36413,155,1,5,7,1942,0,0,0,O,0,24MQ57,6TH ST,MAPLE AV,112,W,N,A,-,N,NA,NA,NA,NA,NA,NA,NA,NA,NA,Y,3,0,1,2,A,-,07,21658,A,N,D,C,A,A,H,-,A,A,0,NA,NA,Y,NA,Y,Y,A,01,0,1,0,0,0,0,0,0,1,-,-,NA,NA,LOS ANGELES,LOS ANGELES,-118.24820632,34.04412302
8286236,2016,2017-02-22,1942,2016-12-27,1500,37966,6TL4,2,5,7,1942,0,0,0,NA,0,160625,VINE ST,LEXINGTON AV,0,NA,Y,A,-,N,NA,NA,NA,NA,NA,NA,NA,NA,NA,Y,4,0,4,3,A,-,12,21453,A,N,D,C,A,A,H,-,A,A,0,NA,NA,NA,NA,Y,NA,A,01,0,0,4,0,0,0,0,0,0,-,-,NA,NA,LOS ANGELES,LOS ANGELES,-118.32663011,34.09255002
8286238,2016,2017-01-27,1942,2016-11-23,0650,36238,0497,3,5,7,1942,0,0,0,D,0,24T22,WASHINGTON BL,SOTO ST,5,E,N,A,-,N,NA,NA,NA,NA,NA,NA,NA,NA,NA,N,3,0,1,2,A,-,05,21650,1,F,D,G,A,A,H,-,A,A,0,NA,Y,NA,NA,Y,NA,L,04,0,1,0,0,0,0,1,0,0,-,-,NA,NA,LOS ANGELES,LOS ANGELES,-118.22003354,34.01728963
8286239,2016,2017-01-27,1942,2016-12-05,0620,37398,01S2,1,5,7,1942,0,0,0,A,0,24T41,FLOWER ST,6TH ST,92,S,N,A,-,N,NA,NA,NA,NA,NA,NA,NA,NA,NA,Y,3,0,1,1,C,-,18,NA,NA,N,A,I,A,A,H,-,C,D,0,NA,NA,NA,NA,Y,NA,-,-,0,1,0,0,0,0,0,0,0,-,-,NA,NA,LOS ANGELES,LOS ANGELES,-118.25763276,34.04995269
8286240,2016,2017-01-26,1942,2016-12-17,1120,37740,0727,6,5,7,1942,0,0,0,G,0,7MQ58,1ST ST,HIGHLAND AV,0,NA,Y,A,-,N,NA,NA,NA,NA,NA,NA,NA,NA,NA,Y,4,0,3,2,A,-,09,21802,A,N,D,C,A,A,H,-,A,A,0,NA,NA,NA,NA,Y,NA,A,01,0,0,3,0,0,0,0,0,0,-,-,NA,NA,LOS ANGELES,LOS ANGELES,-118.33865002,34.07358001
8286321,2016,2017-01-19,1941,2016-12-26,1908,5326,NA,1,5,7,1941,0,0,0,NA,0,NA,WILLOW ST,BELLFLOWER BL,0,NA,Y,A,-,N,NA,NA,NA,NA,NA,NA,NA,NA,NA,Y,3,0,1,2,A,-,12,21453,A,N,D,C,A,A,H,-,C,A,0,NA,NA,NA,NA,Y,NA,A,NA,0,1,0,0,0,0,0,0,0,-,-,NA,NA,LOS ANGELES,LONG BEACH,-118.12536006,33.80334009
8286381,2017,2017-02-27,1900,2017-01-06,0950,505177,0466,5,5,4,1936,0,0,0,NA,0,46T2,ALONDRA BL,TROJAN WY,630,W,N,A,-,N,NA,NA,NA,NA,NA,NA,NA,NA,NA,Y,4,0,1,2,D,-,00,NA,NA,N,B,C,A,A,H,-,A,D,0,NA,NA,NA,Y,Y,NA,-,-,0,0,1,0,0,0,0,0,0,-,-,NA,NA,LOS ANGELES,LA MIRADA,-118.01797115,33.88805339
8286402,2016,2017-01-23,1900,2016-12-16,1400,520746,0454,5,5,6,1949,0,0,0,NA,0,45K1P,FIRESTONE BL,FUNSTON AV,0,NA,Y,B,-,N,NA,NA,NA,NA,NA,NA,NA,NA,NA,Y,4,0,1,2,A,-,09,21802,A,N,D,C,A,A,H,-,A,A,0,NA,NA,NA,NA,Y,NA,A,01,0,0,1,0,0,0,0,0,0,-,-,NA,NA,LOS ANGELES,NORWALK,-118.07287007,33.90784006
8286420,2017,2017-03-14,1900,2017-01-10,0815,442391,0465,2,5,4,1936,0,0,0,NA,0,46T1,STAGE RD,BARBATA RD,0,NA,Y,B,-,N,NA,NA,NA,NA,NA,NA,NA,NA,NA,Y,4,0,2,2,A,-,03,22350,NA,N,C,C,A,A,H,-,A,D,0,NA,NA,NA,NA,Y,NA,A,08,0,0,2,0,0,0,0,0,0,-,-,NA,NA,LOS ANGELES,LA MIRADA,-118.00590002,33.88472011
8286424,2017,2017-03-14,1900,2017-01-06,0810,442391,0460,5,5,4,1936,0,0,0,NA,0,46T1,TELEGRAPH RD,SPRINGVIEW DR,0,NA,Y,A,-,N,NA,NA,NA,NA,NA,NA,NA,NA,NA,N,4,0,1,2,A,-,12,21453,A,N,D,C,A,A,H,-,A,A,0,NA,NA,NA,NA,Y,NA,A,07,0,0,1,0,0,0,0,0,0,-,-,NA,NA,LOS ANGELES,LA MIRADA,-118.01754008,33.92058008
8286428,2017,2018-02-07,1900,2017-01-02,1320,541589,0452,1,5,6,1949,0,0,0,NA,0,0AM,IMPERIAL HWY,RT 5,6,E,N,A,-,Y,LA,7,5,-,-,5.221,R,4,S,Y,4,0,1,2,A,-,12,21453,A,N,D,C,A,A,H,-,A,A,0,NA,NA,NA,NA,Y,NA,A,01,0,0,1,0,0,0,0,0,0,-,WF,NA,NA,LOS ANGELES,NORWALK,-118.08250451,33.920752
8286482,2016,2017-01-23,1900,2016-11-29,0138,535052,2845,2,5,5,1915,0,0,0,NA,0,281T1,ARTESIA BL,HARBOR AV,50,W,N,A,-,N,NA,NA,NA,NA,NA,NA,NA,NA,NA,N,4,0,1,2,A,-,05,21650,1,N,D,G,A,A,H,-,C,A,0,NA,Y,NA,NA,Y,NA,L,04,0,0,1,0,0,0,1,0,0,-,-,NA,NA,LOS ANGELES,COMPTON,-118.20717,33.87435
8286511,2016,2017-03-01,1972,2016-12-26,1129,18263,NA,1,5,6,1972,0,0,0,NA,0,NA,HAWTHORNE,230TH,32,S,N,A,-,Y,LA,7,107,-,-,0.91,H,-,S,Y,4,0,1,2,A,-,03,22350,NA,N,C,C,A,A,H,-,A,D,0,NA,NA,NA,NA,Y,NA,A,NA,0,0,1,0,0,0,0,0,0,-,-,NA,NA,LOS ANGELES,TORRANCE,-118.35119346,33.81837839
8286516,2016,2017-01-31,1972,2016-12-30,0041,19999,NA,5,5,6,1972,0,0,0,NA,0,NA,190TH ST,CRANBROOK AV,30,E,N,A,-,N,NA,NA,NA,NA,NA,NA,NA,NA,NA,Y,3,0,2,1,A,-,08,22107,A,N,F,I,A,A,H,-,C,D,0,NA,NA,NA,NA,Y,NA,A,NA,0,2,0,0,0,0,0,0,0,-,-,NA,NA,LOS ANGELES,TORRANCE,-118.33592137,33.85829
8286520,2016,2017-01-31,1972,2016-12-30,1011,18263,NA,5,5,6,1972,0,0,0,NA,0,NA,CRENSHAW,182ND ST,130,N,N,C,-,N,NA,NA,NA,NA,NA,NA,NA,NA,NA,Y,4,0,2,2,A,-,09,21804,A,N,D,C,A,B,H,-,A,D,0,NA,NA,NA,NA,Y,NA,A,NA,0,0,2,0,0,0,0,0,0,-,-,NA,NA,LOS ANGELES,TORRANCE,-118.32647938,33.86593646
8286524,2016,2017-01-31,1972,2016-12-27,1555,19086,NA,2,5,6,1972,0,0,0,NA,0,NA,190TH ST,FALDA,0,NA,Y,A,-,N,NA,NA,NA,NA,NA,NA,NA,NA,NA,N,4,0,2,2,A,-,09,21802,A,N,D,C,A,A,H,-,A,D,0,NA,NA,NA,NA,Y,NA,A,NA,0,0,2,0,0,0,0,0,0,-,-,NA,NA,LOS ANGELES,TORRANCE,-118.3298,33.85831005
8286543,2016,2017-03-01,1972,2016-12-29,1945,20050,NA,4,5,6,1972,0,0,0,NA,0,NA,CRENSHAW BL,RT 405,20,S,N,A,-,Y,LA,7,405,-,-,15.514,R,4,S,Y,3,0,1,2,A,-,03,22350,NA,N,C,C,A,A,H,-,C,A,0,NA,NA,Y,NA,Y,NA,A,NA,0,1,0,0,0,0,0,0,1,-,SO,NA,NA,LOS ANGELES,TORRANCE,-118.32730671,33.86471116
8286552,2016,2017-01-31,1972,2016-12-28,1759,19999,NA,3,5,6,1972,0,0,0,NA,0,NA,TORRANCE BL,VICTOR ST,270,E,N,A,-,N,NA,NA,NA,NA,NA,NA,NA,NA,NA,Y,2,0,1,2,A,-,10,21954,B,N,A,B,D,A,H,-,C,D,0,Y,NA,NA,NA,Y,Y,N,NA,1,0,0,0,1,0,0,0,0,-,-,NA,NA,LOS ANGELES,TORRANCE,-118.36587255,33.83757
8286556,2016,2017-01-31,1972,2016-12-15,1232,19086,NA,4,5,6,1972,0,0,0,NA,0,NA,LOMITA,COSTCO,0,NA,Y,A,-,N,NA,NA,NA,NA,NA,NA,NA,NA,NA,N,4,0,1,2,A,-,03,22350,NA,N,C,C,A,A,H,-,A,D,0,NA,NA,NA,NA,Y,NA,A,NA,0,0,1,0,0,0,0,0,0,-,-,NA,NA,LOS ANGELES,TORRANCE,-118.333475,33.80829
8286560,2016,2017-01-31,1972,2016-12-29,1339,18450,NA,4,5,6,1972,0,0,0,NA,0,NA,NADINE CIR,229TH PL,850,N,N,A,-,N,NA,NA,NA,NA,NA,NA,NA,NA,NA,Y,4,0,1,3,A,-,08,22107,NA,N,C,E,A,A,H,-,A,D,0,NA,NA,NA,NA,Y,NA,A,NA,0,0,1,0,0,0,0,0,0,-,-,NA,NA,LOS ANGELES,TORRANCE,-118.3444,33.81905
8286562,2016,2017-02-01,1942,2016-12-30,1430,36336,1522,5,5,7,1942,0,0,0,O,0,21T61,SHERMAN WY,ETHEL AV,210,E,N,B,-,N,NA,NA,NA,NA,NA,NA,NA,NA,NA,N,4,0,1,2,A,-,00,20015,NA,N,D,C,A,B,H,-,A,D,0,NA,NA,NA,NA,Y,NA,D,22,0,0,1,0,0,0,0,0,0,-,-,NA,NA,LOS ANGELES,LOS ANGELES,-118.41745676,34.2012
8286565,2016,2017-02-01,1942,2016-12-20,2025,39779,1608,2,5,7,1942,0,0,0,P,0,16TL25,FOOTHILL BL,WHEATLAND AV,310,W,N,A,-,N,NA,NA,NA,NA,NA,NA,NA,NA,NA,Y,3,0,1,2,A,-,09,21804,B,N,D,C,A,A,H,-,D,D,0,NA,NA,NA,NA,Y,NA,D,22,0,1,0,0,0,0,0,0,0,-,-,NA,NA,LOS ANGELES,LOS ANGELES,-118.35380044,34.2734587
8286569,2016,2017-01-30,1942,2016-12-22,1325,33294,1664,4,5,7,1942,0,0,0,P,0,35M53,GLENOAKS BL,SHELDON ST,0,NA,Y,A,-,N,NA,NA,NA,NA,NA,NA,NA,NA,NA,Y,4,0,3,3,A,-,03,22350,NA,N,D,C,F,A,H,-,A,A,0,Y,NA,NA,NA,Y,NA,A,01,0,0,3,0,1,0,0,0,0,-,-,NA,NA,LOS ANGELES,LOS ANGELES,-118.38394002,34.24643002
8286570,2016,2017-02-08,1942,2016-12-24,1155,40735,1958,6,5,7,1942,0,0,0,NA,0,217L65,VAN NUYS BL,CANTERBURY AV,35,E,N,A,-,N,NA,NA,NA,NA,NA,NA,NA,NA,NA,Y,3,0,5,4,A,-,03,22350,NA,N,B,E,E,A,H,-,A,D,0,Y,NA,NA,NA,Y,NA,A,01,0,2,3,0,1,0,0,0,0,-,-,NA,NA,LOS ANGELES,LOS ANGELES,-118.44519235,34.2492726
8286573,2016,2017-02-21,1942,2016-12-23,1850,42012,1617,5,5,7,1942,0,0,0,P,0,16A37,FOOTHILL BL,WENTWORTH,1000,W,N,C,-,N,NA,NA,NA,NA,NA,NA,NA,NA,NA,Y,4,0,1,2,A,-,08,22100,5,N,F,C,A,B,H,-,C,D,0,NA,NA,NA,Y,Y,NA,F,21,0,0,1,0,0,0,0,0,0,-,-,NA,NA,LOS ANGELES,LOS ANGELES,-118.33542387,34.266861660000004
8286574,2017,2017-01-25,1942,2017-01-05,1330,26319,1984,4,5,7,1942,0,0,0,NA,0,19TL74,PARTHENIA ST,KESTER AV,1,E,N,B,-,N,NA,NA,NA,NA,NA,NA,NA,NA,NA,Y,4,0,1,4,A,-,08,22107,NA,N,B,C,A,A,H,-,A,A,0,NA,NA,NA,NA,Y,NA,A,08,0,0,1,0,0,0,0,0,0,-,-,NA,NA,LOS ANGELES,LOS ANGELES,-118.4574667,34.22828
8286578,2017,2017-01-25,1942,2017-01-09,0925,40388,1977,1,5,7,1942,0,0,0,NA,0,16T23,OSBORNE ST,BEACHY AV,585,W,N,B,C,N,NA,NA,NA,NA,NA,NA,NA,NA,NA,Y,4,0,1,4,A,-,09,21801,A,N,D,C,A,B,H,-,A,D,0,NA,NA,NA,NA,Y,NA,A,01,0,0,1,0,0,0,0,0,0,-,-,NA,NA,LOS ANGELES,LOS ANGELES,-118.43083522,34.2386146
8286579,2016,2017-01-30,1900,2016-12-27,0630,467578,2607,2,5,6,1950,0,0,0,NA,0,260T1,AVENUE T,65TH ST EAST,0,NA,Y,A,-,N,NA,NA,NA,NA,NA,NA,NA,NA,NA,Y,4,0,1,3,A,-,03,22350,NA,N,B,C,A,C,H,-,B,D,0,NA,NA,NA,NA,Y,NA,D,22,0,0,1,0,0,0,0,0,0,-,-,NA,NA,LOS ANGELES,PALMDALE,NA,NA
8286580,2017,2017-01-25,1955,2017-01-06,1559,41949,0089,5,5,6,1955,0,0,0,NA,0,004,RESERVOIR ST,COUNTY RD,3,S,N,A,-,N,NA,NA,NA,NA,NA,NA,NA,NA,NA,N,4,0,1,2,A,-,10,21950,A,N,D,B,B,A,H,-,A,A,0,Y,NA,NA,NA,Y,NA,D,22,0,0,1,0,1,0,0,0,0,-,-,NA,NA,LOS ANGELES,POMONA,-117.73152424,34.02644257
8286582,2016,2017-02-01,1942,2016-12-31,1750,41625,1687,6,5,7,1942,0,0,0,P,0,16X78,STRATHERN ST,VINELAND AV,0,NA,Y,C,-,N,NA,NA,NA,NA,NA,NA,NA,NA,NA,N,4,0,1,2,A,-,10,21950,A,N,G,B,B,B,H,-,C,A,0,Y,NA,NA,NA,Y,NA,D,22,0,0,1,0,1,0,0,0,0,-,-,NA,NA,LOS ANGELES,LOS ANGELES,-118.37035007,34.21572008
8286583,2016,2017-03-04,1900,2016-12-08,2012,522763,2619,4,5,6,1950,0,0,0,NA,0,262T1,AVENUE N,RT 14,0,NA,Y,A,-,Y,LA,7,14,-,R,63.471,R,4,N,N,4,0,1,2,A,-,09,21802,A,N,B,D,A,A,H,-,D,A,0,NA,NA,NA,NA,Y,NA,D,22,0,0,1,0,0,0,0,0,0,-,NF,NA,NA,LOS ANGELES,PALMDALE,-118.15303013,34.62820699
8286587,2016,2017-01-30,1900,2016-12-10,2119,522763,2607,6,5,6,1950,0,0,0,NA,0,264T1,AVENUE S-2,AZTEC PL,0,NA,Y,A,-,N,NA,NA,NA,NA,NA,NA,NA,NA,NA,N,4,0,1,4,A,-,08,22107,NA,N,C,E,A,A,H,-,C,D,0,NA,NA,NA,NA,Y,NA,A,01,0,0,1,0,0,0,0,0,0,-,-,NA,NA,LOS ANGELES,PALMDALE,-118.03447009,34.5558501
8286593,2016,2017-02-01,1942,2016-12-30,0840,34561,0937,5,5,7,1942,0,0,0,I,0,9T59,VICTORY BL,MAMMOTH AV,0,NA,Y,C,-,N,NA,NA,NA,NA,NA,NA,NA,NA,NA,Y,4,0,1,2,A,-,09,21802,A,N,D,C,A,B,H,-,A,A,0,NA,NA,NA,NA,Y,NA,A,01,0,0,1,0,0,0,0,0,0,-,-,NA,NA,LOS ANGELES,LOS ANGELES,-118.43257013,34.18667003
8286601,2016,2017-01-30,1942,2016-12-16,0825,40735,1001,5,5,7,1942,0,0,0,J,0,21TL65,ROSCOE BL,CORBIN AV,82,E,N,B,C,N,NA,NA,NA,NA,NA,NA,NA,NA,NA,Y,4,0,1,1,A,-,03,22350,NA,N,E,I,A,B,H,-,A,A,0,NA,NA,NA,NA,Y,NA,D,22,0,0,1,0,0,0,0,0,0,-,-,NA,NA,LOS ANGELES,LOS ANGELES,-118.56201921,34.22035
8286602,2016,2017-02-01,1942,2016-12-22,1950,38613,1581,4,5,7,1942,0,0,0,O,0,15TL43,WHITSETT AV,WOODBRIDGE ST,17,S,N,A,-,N,NA,NA,NA,NA,NA,NA,NA,NA,NA,N,4,0,4,2,A,-,09,21801,NA,N,D,C,A,A,H,-,C,D,0,NA,NA,NA,NA,Y,NA,A,01,0,0,4,0,0,0,0,0,0,-,-,NA,NA,LOS ANGELES,LOS ANGELES,-118.40523,34.14850337
8286603,2016,2017-04-15,1900,2016-12-28,0811,517840,2608,3,5,6,1950,0,0,0,NA,0,264T1,AVENUE R,10TH ST EAST,0,NA,Y,A,-,N,NA,NA,NA,NA,NA,NA,NA,NA,NA,Y,4,0,1,2,D,-,00,NA,NA,N,D,C,A,A,H,-,A,A,0,NA,NA,NA,NA,Y,NA,-,-,0,0,1,0,0,0,0,0,0,-,-,NA,NA,LOS ANGELES,PALMDALE,-118.11174009,34.57262004
8286605,2016,2017-01-30,1942,2016-12-16,1745,36801,1027,5,5,7,1942,0,0,0,J,0,10TL38,SHERMAN WAY,WILBUR AV,230,E,N,A,-,N,NA,NA,NA,NA,NA,NA,NA,NA,NA,Y,4,0,3,4,A,-,03,22350,NA,N,C,C,A,A,H,-,C,D,0,NA,NA,NA,NA,Y,NA,D,22,0,0,3,0,0,0,0,0,0,-,-,NA,NA,LOS ANGELES,LOS ANGELES,-118.54400065,34.20117
8286606,2016,2017-02-01,1942,2016-12-24,0920,40735,1525,6,5,7,1942,0,0,0,O,0,217L65,VICTORY BL,BEN AV,30,W,N,A,-,N,NA,NA,NA,NA,NA,NA,NA,NA,NA,Y,4,0,1,4,A,-,03,22350,NA,N,C,E,A,A,H,-,A,D,0,NA,NA,NA,NA,Y,NA,A,01,0,0,1,0,0,0,0,0,0,-,-,NA,NA,LOS ANGELES,LOS ANGELES,-118.39444901,34.18668