CASE_ID,ACCIDENT_YEAR,PROC_DATE,JURIS,COLLISION_DATE,COLLISION_TIME,OFFICER_ID,REPORTING_DISTRICT,DAY_OF_WEEK,CHP_SHIFT,POPULATION,CNTY_CITY_LOC,SPECIAL_COND,BEAT_TYPE,CHP_BEAT_TYPE,CITY_DIVISION_LAPD,CHP_BEAT_CLASS,BEAT_NUMBER,PRIMARY_RD,SECONDARY_RD,DISTANCE,DIRECTION,INTERSECTION,WEATHER_1,WEATHER_2,STATE_HWY_IND,CALTRANS_COUNTY,CALTRANS_DISTRICT,STATE_ROUTE,ROUTE_SUFFIX,POSTMILE_PREFIX,POSTMILE,LOCATION_TYPE,RAMP_INTERSECTION,SIDE_OF_HWY,TOW_AWAY,COLLISION_SEVERITY,NUMBER_KILLED,NUMBER_INJURED,PARTY_COUNT,PRIMARY_COLL_FACTOR,PCF_CODE_OF_VIOL,PCF_VIOL_CATEGORY,PCF_VIOLATION,PCF_VIOL_SUBSECTION,HIT_AND_RUN,TYPE_OF_COLLISION,MVIW,PED_ACTION,ROAD_SURFACE,ROAD_COND_1,ROAD_COND_2,LIGHTING,CONTROL_DEVICE,CHP_ROAD_TYPE,PEDESTRIAN_ACCIDENT,BICYCLE_ACCIDENT,MOTORCYCLE_ACCIDENT,TRUCK_ACCIDENT,NOT_PRIVATE_PROPERTY,ALCOHOL_INVOLVED,STWD_VEHTYPE_AT_FAULT,CHP_VEHTYPE_AT_FAULT,COUNT_SEVERE_INJ,COUNT_VISIBLE_INJ,COUNT_COMPLAINT_PAIN,COUNT_PED_KILLED,COUNT_PED_INJURED,COUNT_BICYCLIST_KILLED,COUNT_BICYCLIST_INJURED,COUNT_MC_KILLED,COUNT_MC_INJURED,PRIMARY_RAMP,SECONDARY_RAMP,LATITUDE,LONGITUDE,COUNTY,CITY,POINT_X,POINT_Y
8289894,2017,2017-02-02,1942,2017-01-04,2105,38233,0468,3,5,7,1942,0,0,0,D,0,24T33W,EAST 4TH ST,GRANDE VISTA AV,134,E,N,A,-,N,NA,NA,NA,NA,NA,NA,NA,NA,NA,Y,4,0,1,2,A,-,01,23152,A,N,C,C,A,B,H,-,C,A,0,NA,NA,NA,NA,Y,Y,D,22,0,0,1,0,0,0,0,0,0,-,-,NA,NA,LOS ANGELES,LOS ANGELES,-118.19992009,34.03531777
8289896,2016,2017-02-02,1942,2016-12-13,1400,40053,0334,2,5,7,1942,0,0,0,C,0,3T57,CRENSHAW BL,29TH ST,50,S,N,A,-,N,NA,NA,NA,NA,NA,NA,NA,NA,NA,N,4,0,1,2,A,-,05,21650,1,F,H,G,A,A,H,-,A,D,0,NA,Y,NA,NA,Y,NA,L,04,0,0,1,0,0,0,1,0,0,-,-,NA,NA,LOS ANGELES,LOS ANGELES,-118.335103,34.029309
8289900,2016,2017-02-02,1942,2016-12-13,1620,41922,0314,2,5,7,1942,0,0,0,C,0,3T57,EDGEHILL DR,28TH ST,127,S,N,A,-,N,NA,NA,NA,NA,NA,NA,NA,NA,NA,Y,4,0,1,4,C,-,18,NA,NA,N,H,E,E,A,H,-,A,D,0,Y,NA,NA,NA,Y,NA,-,-,0,0,1,0,1,0,0,0,0,-,-,NA,NA,LOS ANGELES,LOS ANGELES,-118.32961832,34.03087794
8289904,2016,2017-02-02,1942,2016-12-15,1015,33599,0392,4,5,7,1942,0,0,0,C,0,3T5,CRENSHAW BL,48TH ST,0,NA,Y,B,-,N,NA,NA,NA,NA,NA,NA,NA,NA,NA,Y,4,0,3,2,A,-,09,21801,A,N,A,C,A,A,D,-,A,A,0,NA,NA,NA,NA,Y,NA,A,01,0,0,3,0,0,0,0,0,0,-,-,NA,NA,LOS ANGELES,LOS ANGELES,-118.33068,34.000005
8289907,2016,2017-02-01,1933,2016-12-27,0617,828,08,2,5,6,1933,0,0,0,NA,0,001,FLORENCE AV,CEDAR AV,0,NA,Y,A,-,N,NA,NA,NA,NA,NA,NA,NA,NA,NA,Y,3,0,1,2,A,-,09,21801,A,N,B,C,A,A,H,-,C,A,0,NA,NA,NA,NA,Y,NA,D,22,0,1,0,0,0,0,0,0,0,-,-,33.96583,-118.36389,LOS ANGELES,INGLEWOOD,-118.36401009,33.96572006
8289908,2016,2017-02-02,1942,2016-12-29,1610,40440,0359,4,5,7,1942,0,0,0,C,0,12T73,FIGUEROA ST,MARTIN LUTHER KING JR,3,W,N,A,-,N,NA,NA,NA,NA,NA,NA,NA,NA,NA,N,3,0,1,2,A,-,10,21950,A,N,G,B,B,A,H,-,A,A,0,Y,NA,NA,NA,Y,NA,A,01,0,1,0,0,1,0,0,0,0,-,-,NA,NA,LOS ANGELES,LOS ANGELES,-118.28274,34.01113
8289912,2016,2017-02-02,1942,2016-12-29,0825,40237,0393,4,5,7,1942,0,0,0,C,0,3TL3,10TH AV,CREED AV,0,NA,Y,A,-,N,NA,NA,NA,NA,NA,NA,NA,NA,NA,N,4,0,1,2,A,-,12,22450,A,F,D,D,A,A,H,-,A,A,0,NA,NA,NA,NA,Y,NA,-,99,0,0,1,0,0,0,0,0,0,-,-,NA,NA,LOS ANGELES,LOS ANGELES,-118.32875013,34.00740007
8289916,2016,2017-02-02,1942,2016-12-29,1410,40762,0391,4,5,7,1942,0,0,0,C,0,5T25,LA BREA AV,DON LORENZO DR,3000,N,N,A,-,N,NA,NA,NA,NA,NA,NA,NA,NA,NA,Y,4,0,1,1,A,-,03,22350,NA,N,E,I,A,A,H,-,A,A,0,NA,NA,NA,NA,Y,NA,A,01,0,0,1,0,0,0,0,0,0,-,-,NA,NA,LOS ANGELES,LOS ANGELES,-118.3577592,34.00885166
8289920,2016,2017-02-02,1942,2016-12-20,2100,39678,LOSAN,2,5,7,1942,0,0,0,NA,0,NA,43RD ST,VERMONT AV,100,W,N,A,-,N,NA,NA,NA,NA,NA,NA,NA,NA,NA,N,4,0,3,4,A,-,03,22350,A,N,A,C,A,A,H,-,C,D,0,NA,NA,NA,NA,Y,NA,A,01,0,0,3,0,0,0,0,0,0,-,-,NA,NA,LOS ANGELES,LOS ANGELES,-118.29187929,34.005473
8289921,2016,2017-02-03,1933,2016-12-09,1700,670,13,5,5,6,1933,0,0,0,NA,0,003,CRENSHAW BL,85TH ST,0,NA,Y,A,-,N,NA,NA,NA,NA,NA,NA,NA,NA,NA,Y,4,0,1,2,A,-,12,21453,A,N,D,C,A,A,H,-,B,A,0,NA,NA,NA,NA,Y,NA,-,-,0,0,1,0,0,0,0,0,0,-,-,33.96086,-118.32652,LOS ANGELES,INGLEWOOD,-118.32652005999999,33.96086009
8289922,2016,2017-02-01,1933,2016-12-18,1445,990,34,7,5,6,1933,0,0,0,NA,0,004,IMPERIAL HWY,DOTY AV,0,NA,Y,A,-,N,NA,NA,NA,NA,NA,NA,NA,NA,NA,N,4,0,1,2,A,-,12,21453,A,N,D,C,A,A,H,-,A,A,0,NA,NA,NA,NA,Y,NA,A,08,0,0,1,0,0,0,0,0,0,-,-,33.93099,-118.33938,LOS ANGELES,INGLEWOOD,-118.33941005,33.93095009
8289924,2016,2017-02-01,1920,2016-12-28,1348,13279,NA,3,5,6,1920,0,0,0,NA,0,004,SAN GABRIEL RIVEBED,FIRESTONE BL,250,N,N,A,-,N,NA,NA,NA,NA,NA,NA,NA,NA,NA,Y,3,0,1,1,B,-,22,NA,NA,N,E,I,A,A,H,-,A,D,0,NA,NA,Y,NA,Y,NA,C,02,0,1,0,0,0,0,0,0,1,-,-,NA,NA,LOS ANGELES,DOWNEY,-118.108126,33.928214
8289925,2016,2017-01-31,1933,2016-12-11,1600,990,I32,7,5,6,1933,0,0,0,NA,0,004,104TH ST,DIXON AV,75,E,N,A,-,N,NA,NA,NA,NA,NA,NA,NA,NA,NA,Y,3,0,2,2,A,-,09,21801,A,N,A,C,A,A,H,-,A,D,0,NA,NA,NA,NA,Y,NA,A,01,0,1,1,0,0,0,0,0,0,-,-,33.94184,-118.33206,LOS ANGELES,INGLEWOOD,-118.3318532,33.94182053
8289926,2016,2017-02-01,1933,2016-12-11,1705,805,22,7,5,6,1933,0,0,0,NA,0,003,KAREEM CT,PINCAY DR,0,NA,Y,B,-,N,NA,NA,NA,NA,NA,NA,NA,NA,NA,Y,4,0,1,2,A,-,12,21453,A,N,D,C,A,A,H,-,C,A,0,NA,NA,NA,NA,Y,NA,A,07,0,0,1,0,0,0,0,0,0,-,-,33.95645,-118.3399,LOS ANGELES,INGLEWOOD,-118.3399,33.95645
8289928,2016,2017-02-01,1920,2016-12-09,2030,12323,NA,5,5,6,1920,0,0,0,NA,0,001,LAKEWOOD BL,DOWNEY LANDING,19,S,N,A,-,N,NA,NA,NA,NA,NA,NA,NA,NA,NA,Y,3,0,1,2,A,-,09,21801,A,N,D,C,A,A,H,-,C,A,0,NA,NA,NA,NA,Y,NA,A,01,0,1,0,0,0,0,0,0,0,-,-,NA,NA,LOS ANGELES,DOWNEY,-118.13047345,33.92682599
8289929,2016,2017-12-26,1933,2016-12-10,2148,981,23,6,5,6,1933,0,0,0,NA,0,002,LA CIENEGA BL,RT 405,0,NA,Y,A,-,Y,LA,7,405,-,-,22.024,R,4,S,N,4,0,1,2,A,-,09,21801,A,N,A,C,A,A,H,-,C,A,0,NA,NA,NA,NA,Y,NA,A,01,0,0,1,0,0,0,0,0,0,-,SO,NA,NA,LOS ANGELES,INGLEWOOD,-118.36857151,33.9422762
8289930,2016,2017-02-01,1933,2016-12-10,0829,1007,8,6,5,6,1933,0,0,0,NA,0,001,FLORENCE AV,LA CIENEGA BL,66,E,N,A,-,N,NA,NA,NA,NA,NA,NA,NA,NA,NA,Y,4,0,1,1,A,-,03,22350,NA,N,E,I,A,A,H,-,A,D,0,NA,NA,NA,NA,Y,NA,A,01,0,0,1,0,0,0,0,0,0,-,-,33.96346,-118.37048,LOS ANGELES,INGLEWOOD,-118.37037717,33.96347339
8289931,2016,2017-02-01,1900,2016-12-19,1458,404918,2612,1,5,6,1950,0,0,0,NA,0,263T1,10TH ST WEST,MARKETPLACE DR,400,N,N,A,-,N,NA,NA,NA,NA,NA,NA,NA,NA,NA,N,4,0,2,2,A,-,09,21801,A,N,D,C,A,A,H,-,A,D,0,NA,NA,NA,NA,Y,NA,A,01,0,0,2,0,0,0,0,0,0,-,-,NA,NA,LOS ANGELES,PALMDALE,-118.14778657,34.59910438
8289932,2016,2017-02-01,1920,2016-12-04,1320,12645,NA,7,5,6,1920,0,0,0,NA,0,001,BELLFLOWER BL,IMPERIAL HWY,0,NA,Y,A,-,N,NA,NA,NA,NA,NA,NA,NA,NA,NA,Y,4,0,6,2,A,-,09,21801,A,N,D,-,A,A,H,-,A,D,0,NA,NA,NA,NA,Y,NA,-,-,0,0,6,0,0,0,0,0,0,-,-,NA,NA,LOS ANGELES,DOWNEY,-118.12542004,33.91703003
8289933,2016,2017-01-31,1933,2016-12-14,1758,828,10,3,5,6,1933,0,0,0,NA,0,001,FLORENCE AV,HILLCREST BL,14,E,N,A,-,N,NA,NA,NA,NA,NA,NA,NA,NA,NA,N,3,0,1,2,D,-,00,NA,NA,N,G,B,D,A,H,-,C,A,0,Y,NA,NA,NA,Y,NA,-,-,0,1,0,0,1,0,0,0,0,-,-,33.96911,-118.34878,LOS ANGELES,INGLEWOOD,-118.34882087,33.96904029
8289934,2016,2017-02-01,1933,2016-12-15,1648,959,30,4,5,6,1933,0,0,0,NA,0,004,LENNOX BL,PRAIRIE AV,328,W,N,C,-,N,NA,NA,NA,NA,NA,NA,NA,NA,NA,N,3,0,1,2,A,-,11,21954,A,N,G,B,D,B,H,-,C,A,0,Y,NA,NA,NA,Y,NA,N,60,0,1,0,0,1,0,0,0,0,-,-,33.93821,-118.34394,LOS ANGELES,INGLEWOOD,-118.34499927,33.93819103
8289935,2016,2017-02-01,1900,2016-12-19,1908,404918,2608,1,5,6,1950,0,0,0,NA,0,263T1P,AVENUE S,37TH ST EAST,0,NA,Y,A,-,N,NA,NA,NA,NA,NA,NA,NA,NA,NA,Y,4,0,1,2,A,-,12,21453,A,N,D,C,A,A,D,-,C,A,0,NA,NA,NA,NA,Y,NA,A,01,0,0,1,0,0,0,0,0,0,-,-,NA,NA,LOS ANGELES,PALMDALE,-118.0626101,34.55812002
8289936,2016,2017-02-01,1920,2016-12-20,1745,11859,1920,2,5,6,1920,0,0,0,NA,0,002,PARAMOUNT BL,IMPERIAL HWY,215,N,N,B,-,N,NA,NA,NA,NA,NA,NA,NA,NA,NA,N,4,0,1,2,A,-,21,22106,NA,N,C,C,A,A,H,-,C,D,0,NA,NA,NA,NA,Y,NA,A,07,0,0,1,0,0,0,0,0,0,-,-,NA,NA,LOS ANGELES,DOWNEY,-118.1516128,33.92455336
8289938,2016,2017-02-01,1933,2016-12-16,1747,587,27,5,5,6,1933,0,0,0,NA,0,002,PRAIRIE AV,CENTURY BL,25,W,N,A,-,N,NA,NA,NA,NA,NA,NA,NA,NA,NA,Y,4,0,1,2,A,-,03,22350,NA,N,C,C,A,A,H,-,B,A,0,NA,NA,NA,NA,Y,NA,A,01,0,0,1,0,0,0,0,0,0,-,-,NA,NA,LOS ANGELES,INGLEWOOD,-118.34395,33.94545
8289940,2016,2017-02-01,1920,2016-12-25,1537,11992,NA,7,5,6,1920,0,0,0,NA,0,006,LAKEWOOD BL,ALAMEDA ST,0,NA,Y,A,-,N,NA,NA,NA,NA,NA,NA,NA,NA,NA,Y,4,0,1,2,A,-,09,21801,A,N,D,C,A,A,H,-,A,A,0,NA,NA,NA,NA,Y,NA,A,07,0,0,1,0,0,0,0,0,0,-,-,NA,NA,LOS ANGELES,DOWNEY,-118.13289011,33.92358007
8289942,2016,2017-02-01,1933,2016-12-18,1504,1008,NA,7,5,6,1933,0,0,0,NA,0,NA,PLYMOUTH ST,MARKET ST,0,NA,Y,A,-,N,NA,NA,NA,NA,NA,NA,NA,NA,NA,N,4,0,1,2,A,-,09,21804,A,N,D,C,A,A,H,-,A,D,0,NA,NA,NA,NA,Y,NA,A,01,0,0,1,0,0,0,0,0,0,-,-,33.97466,-118.35654,LOS ANGELES,INGLEWOOD,-118.35659006,33.97457005
8289943,2016,2017-03-01,1900,2016-12-21,1430,522445,2608,3,5,6,1950,0,0,0,NA,0,263T1,RT 138,40TH ST EAST,120,W,N,C,-,Y,LA,7,138,-,-,47.74,H,-,E,Y,4,0,1,2,A,-,04,21703,NA,N,C,C,A,B,H,-,A,A,0,NA,NA,NA,NA,Y,NA,A,01,0,0,1,0,0,0,0,0,0,-,-,NA,NA,LOS ANGELES,PALMDALE,-118.05871679,34.58021306
8289944,2016,2017-02-01,1920,2016-12-27,1600,13279,NA,2,5,6,1920,0,0,0,NA,0,005,WESTERN AV,5TH ST,5,N,N,A,-,N,NA,NA,NA,NA,NA,NA,NA,NA,NA,N,3,0,1,2,A,-,09,21802,A,N,D,C,A,A,H,-,A,A,0,NA,NA,NA,NA,Y,Y,A,07,0,1,0,0,0,0,0,0,0,-,-,NA,NA,LOS ANGELES,DOWNEY,-118.13313166,33.94518182
8289946,2016,2017-02-01,1933,2016-12-18,1422,1008,NA,7,5,6,1933,0,0,0,NA,0,NA,LA CIENEGA BL,VESTA ST,0,NA,Y,A,-,N,NA,NA,NA,NA,NA,NA,NA,NA,NA,N,4,0,2,2,A,-,09,21802,A,N,D,C,A,A,H,-,A,D,0,NA,NA,NA,NA,Y,NA,A,01,0,0,2,0,0,0,0,0,0,-,-,NA,NA,LOS ANGELES,INGLEWOOD,-118.37008002,33.96705007
8289947,2016,2017-03-01,1900,2016-12-12,1753,404918,2640,1,5,6,1950,0,0,0,NA,0,262T1,AVENUE N,RT 14,50,E,N,A,-,Y,LA,7,14,-,R,63.874,R,4,S,Y,4,0,2,2,A,-,09,21802,A,N,D,C,A,A,H,-,D,A,0,NA,NA,NA,NA,Y,NA,A,01,0,0,2,0,0,0,0,0,0,-,SF,NA,NA,LOS ANGELES,PALMDALE,-118.15336317,34.63402714
8289948,2016,2017-02-01,1920,2016-12-27,1618,11859,1920,2,5,6,1920,0,0,0,NA,0,003,OLD RIVER SCHOOL RD,3RD ST,0,NA,Y,A,-,N,NA,NA,NA,NA,NA,NA,NA,NA,NA,Y,4,0,2,2,A,-,09,21802,A,N,D,C,A,A,H,-,A,D,0,NA,NA,NA,NA,Y,NA,A,07,0,0,2,0,0,0,0,0,0,-,-,NA,NA,LOS ANGELES,DOWNEY,-118.1471501,33.94980004
8289949,2016,2017-02-01,1933,2016-12-29,1633,959,8,4,5,6,1933,0,0,0,NA,0,001,LA CIENEGA BL,INDUSTRIAL AV,0,NA,Y,A,-,N,NA,NA,NA,NA,NA,NA,NA,NA,NA,Y,4,0,1,2,A,-,07,21658,A,N,B,C,A,A,H,-,A,A,0,NA,NA,NA,NA,Y,NA,A,01,0,0,1,0,0,0,0,0,0,-,-,33.96853,-118.37001,LOS ANGELES,INGLEWOOD,-118.37017009,33.96849009
8289952,2016,2017-02-01,1920,2016-12-13,2007,12611,NA,2,5,6,1920,0,0,0,NA,0,005,FIRESTONE BL,PATTON RD,200,E,N,A,-,N,NA,NA,NA,NA,NA,NA,NA,NA,NA,Y,4,0,3,2,A,-,09,21801,NA,N,D,C,A,A,H,-,C,A,0,NA,NA,NA,NA,Y,NA,-,-,0,0,3,0,0,0,0,0,0,-,-,NA,NA,LOS ANGELES,DOWNEY,-118.12709796,33.937029
8289953,2016,2017-01-31,1933,2016-12-29,2158,959,36,4,5,6,1933,0,0,0,NA,0,004,IMPERIAL HWY,CRENSHAW BL,0,NA,Y,B,-,N,NA,NA,NA,NA,NA,NA,NA,NA,NA,Y,4,0,4,5,A,-,01,23152,A,N,C,C,A,A,H,-,C,A,0,NA,NA,NA,NA,Y,Y,A,01,0,0,4,0,0,0,0,0,0,-,-,33.93096,-118.3265,LOS ANGELES,INGLEWOOD,-118.32658009,33.93102003
8289955,2016,2017-02-01,1942,2016-12-26,1930,42336,0152,1,5,7,1942,0,0,0,A,0,1A41,FIGUEROA ST,WILSHIRE BL,0,NA,Y,A,-,N,NA,NA,NA,NA,NA,NA,NA,NA,NA,N,3,0,1,2,A,-,11,21453,D,N,G,B,D,A,H,-,C,A,0,Y,NA,NA,NA,Y,NA,N,60,0,1,0,0,1,0,0,0,0,-,-,NA,NA,LOS ANGELES,LOS ANGELES,-118.25927008,34.05006009
8289957,2016,2017-01-31,1933,2016-12-29,1533,959,25,4,5,6,1933,0,0,0,NA,0,002,FLOWER ST,HARDY ST,78,N,N,A,-,N,NA,NA,NA,NA,NA,NA,NA,NA,NA,N,4,0,1,2,A,-,11,21954,A,M,G,B,E,A,H,-,A,A,0,Y,NA,NA,NA,Y,NA,N,60,0,0,1,0,1,0,0,0,0,-,-,33.94911,-118.34665,LOS ANGELES,INGLEWOOD,-118.34745,33.94927393
8289959,2016,2017-02-03,1942,2016-12-30,2100,42068,0192,5,5,7,1942,0,0,0,A,0,1A2,WEST WASHINGTON BL,S GRAND AV,0,NA,Y,C,-,N,NA,NA,NA,NA,NA,NA,NA,NA,NA,Y,4,0,1,2,A,-,12,21453,A,N,D,C,A,B,H,-,C,A,0,NA,NA,NA,NA,Y,NA,A,07,0,0,1,0,0,0,0,0,0,-,-,NA,NA,LOS ANGELES,LOS ANGELES,-118.26838,34.03262009
8289961,2016,2017-01-31,1933,2016-12-31,1449,959,29,6,5,6,1933,0,0,0,NA,0,003,CRENSHAW BL,ARBOR VITAE ST,0,NA,Y,B,-,N,NA,NA,NA,NA,NA,NA,NA,NA,NA,Y,4,0,1,2,A,-,09,21801,A,N,A,C,A,A,H,-,A,A,0,NA,NA,NA,NA,Y,NA,A,01,0,0,1,0,0,0,0,0,0,-,-,33.95236,-118.32646,LOS ANGELES,INGLEWOOD,-118.32672004,33.95234005
8289963,2016,2017-02-01,1942,2016-12-30,1505,39065,0111,5,5,7,1942,0,0,0,A,0,1A1,HILL ST,COLLEGE,100,N,N,C,-,N,NA,NA,NA,NA,NA,NA,NA,NA,NA,N,4,0,3,4,A,-,03,22350,NA,N,B,C,A,B,H,-,A,D,0,NA,NA,NA,NA,Y,NA,A,01,0,0,3,0,0,0,0,0,0,-,-,NA,NA,LOS ANGELES,LOS ANGELES,-118.2385934,34.06468319
8289965,2016,2017-01-31,1933,2016-12-30,0135,1010,32,5,5,6,1933,0,0,0,NA,0,004,10TH AV,104TH ST,502,S,N,B,-,N,NA,NA,NA,NA,NA,NA,NA,NA,NA,Y,2,0,2,4,A,-,01,23152,A,N,B,E,A,A,H,-,C,D,0,NA,NA,NA,NA,Y,Y,A,01,1,1,0,0,0,0,0,0,0,-,-,33.94185,-118.32731,LOS ANGELES,INGLEWOOD,-118.32778,33.94183
8289967,2016,2017-02-01,1942,2016-12-28,0530,42037,0111,3,5,7,1942,0,0,0,A,0,1A35,ALAMEDA ST,ALPINE ST,0,NA,Y,A,-,N,NA,NA,NA,NA,NA,NA,NA,NA,NA,Y,4,0,1,2,A,-,12,21453,A,N,D,C,A,A,H,-,C,A,0,NA,NA,Y,NA,Y,NA,C,02,0,0,1,0,0,0,0,0,1,-,-,NA,NA,LOS ANGELES,LOS ANGELES,-118.23632002,34.06163006
8289968,2016,2017-02-01,1920,2016-12-20,1629,11859,1920,2,5,6,1920,0,0,0,NA,0,002,RIVES AV,QUILL DR,0,NA,Y,B,-,N,NA,NA,NA,NA,NA,NA,NA,NA,NA,N,4,0,1,2,A,-,12,22450,A,N,D,G,A,A,H,-,A,D,0,NA,Y,NA,NA,Y,NA,-,-,0,0,1,0,0,0,1,0,0,-,-,NA,NA,LOS ANGELES,DOWNEY,-118.15423,33.92905009
8289969,2016,2017-02-03,1933,2016-12-08,0709,869,14,4,5,6,1933,0,0,0,NA,0,002,ARBOR VITAE ST,HINDRY PL,27,W,N,A,-,N,NA,NA,NA,NA,NA,NA,NA,NA,NA,Y,3,0,2,2,A,-,09,21801,A,N,D,C,A,A,H,-,A,D,0,NA,NA,NA,NA,Y,NA,A,07,0,1,1,0,0,0,0,0,0,-,-,33.95275,-118.37251,LOS ANGELES,INGLEWOOD,-118.37366887,33.95267
8289970,2016,2017-02-01,1933,2016-12-27,1446,812,15,2,5,6,1933,0,0,0,NA,0,002,HILLCREST BL,LA CIENEGA BL,0,NA,Y,A,-,N,NA,NA,NA,NA,NA,NA,NA,NA,NA,N,4,0,1,2,A,-,10,21950,A,N,G,B,B,A,H,-,A,A,0,Y,NA,NA,NA,Y,NA,A,07,0,0,1,0,1,0,0,0,0,-,-,33.95638,-118.37004,LOS ANGELES,INGLEWOOD,-118.37011008,33.95630002
8289971,2016,2017-02-01,1942,2016-12-31,1445,35769,0161,6,5,7,1942,0,0,0,A,0,1A29,JAMES M WOOD BL,GEORGIA ST,0,NA,Y,C,-,N,NA,NA,NA,NA,NA,NA,NA,NA,NA,Y,4,0,1,2,A,-,08,22101,D,N,D,C,A,B,H,-,A,A,0,NA,NA,NA,NA,Y,NA,A,01,0,0,1,0,0,0,0,0,0,-,-,NA,NA,LOS ANGELES,LOS ANGELES,-118.26572006,34.04748011
8289972,2016,2017-02-01,1920,2016-12-11,0033,12323,NA,7,5,6,1920,0,0,0,NA,0,001,FIRESTONE BL,NEWVILLE AV,941,E,N,A,-,N,NA,NA,NA,NA,NA,NA,NA,NA,NA,Y,4,0,1,1,A,-,01,23152,A,N,E,I,A,A,H,-,C,D,0,NA,NA,NA,NA,Y,NA,A,07,0,0,1,0,0,0,0,0,0,-,-,NA,NA,LOS ANGELES,DOWNEY,-118.10917629,33.92791795
8289973,2016,2017-01-31,1933,2016-12-09,1239,670,33,5,5,6,1933,0,0,0,NA,0,004,CRENSHAW BL,102ND ST,0,NA,Y,A,-,N,NA,NA,NA,NA,NA,NA,NA,NA,NA,Y,4,0,2,2,A,-,09,21801,A,N,D,C,A,A,H,-,A,D,0,NA,NA,NA,NA,Y,NA,A,01,0,0,2,0,0,0,0,0,0,-,-,33.94364,-118.32649,LOS ANGELES,INGLEWOOD,-118.32655006,33.94362001
8289974,2016,2017-02-01,1933,2016-12-27,0816,826,01,2,5,6,1933,0,0,0,NA,0,001,CENTINELA AV,LA CIENEGA BL,0,NA,Y,A,-,N,NA,NA,NA,NA,NA,NA,NA,NA,NA,Y,4,0,1,3,A,-,09,21801,A,N,A,C,A,A,H,-,A,A,0,NA,NA,NA,NA,Y,NA,A,01,0,0,1,0,0,0,0,0,0,-,-,33.97738,-118.37001,LOS ANGELES,INGLEWOOD,-118.37024005,33.97730004
8289975,2016,2017-02-01,1920,2016-12-28,1836,11859,1920,3,5,6,1920,0,0,0,NA,0,006,ROSECRANS AV,CASTANA AV,0,NA,Y,A,-,N,NA,NA,NA,NA,NA,NA,NA,NA,NA,Y,4,0,1,2,A,-,09,21802,A,N,D,C,A,A,H,-,C,D,0,NA,NA,NA,NA,Y,NA,A,07,0,0,1,0,0,0,0,0,0,-,-,NA,NA,LOS ANGELES,DOWNEY,-118.14690001,33.90391006
8289976,2016,2017-02-01,1920,2016-12-18,1908,12323,NA,7,5,6,1920,0,0,0,NA,0,002,STEWART AND GRAY RD,PERNELL AV,171,W,N,A,-,N,NA,NA,NA,NA,NA,NA,NA,NA,NA,Y,4,0,2,4,A,-,01,23152,A,N,C,C,A,A,H,-,C,D,0,NA,NA,NA,NA,Y,Y,A,01,0,0,2,0,0,0,0,0,0,-,-,NA,NA,LOS ANGELES,DOWNEY,-118.16014662,33.94336914
8289977,2016,2017-01-31,1933,2016-12-29,0032,916,22,4,5,6,1933,0,0,0,NA,0,003,MANCHESTER BL,10TH AV,7,W,N,A,-,N,NA,NA,NA,NA,NA,NA,NA,NA,NA,Y,4,0,1,1,A,-,01,23152,A,N,E,I,A,A,H,-,C,D,0,NA,NA,NA,NA,Y,NA,A,07,0,0,1,0,0,0,0,0,0,-,-,NA,NA,LOS ANGELES,INGLEWOOD,-118.32772304,33.95998033
8289979,2016,2017-02-01,1920,2016-12-28,2356,11859,1920,3,5,6,1920,0,0,0,NA,0,003,PARAMOUNT BL,3RD ST,0,NA,Y,A,-,N,NA,NA,NA,NA,NA,NA,NA,NA,NA,Y,4,0,2,2,A,-,09,21801,A,N,D,C,A,A,H,-,C,A,0,NA,NA,NA,NA,Y,NA,A,01,0,0,2,0,0,0,0,0,0,-,-,NA,NA,LOS ANGELES,DOWNEY,-118.13682012,33.94431008
8289980,2016,2017-02-01,1920,2016-12-20,1425,11992,NA,2,5,6,1920,0,0,0,NA,0,006,GARDENDALE ST,BARLIN AV,0,NA,Y,A,-,N,NA,NA,NA,NA,NA,NA,NA,NA,NA,Y,4,0,1,2,A,-,12,21453,A,N,D,C,A,A,H,-,A,A,0,NA,NA,NA,NA,Y,NA,A,01,0,0,1,0,0,0,0,0,0,-,-,NA,NA,LOS ANGELES,DOWNEY,-118.14545001,33.91192001
8289981,2016,2017-02-01,1933,2016-12-18,0232,980,NA,7,5,6,1933,0,0,0,NA,0,NA,LA CIENEGA BL,VESTA ST,15,S,N,A,-,N,NA,NA,NA,NA,NA,NA,NA,NA,NA,N,4,0,1,1,A,-,08,22107,NA,N,E,I,A,A,H,-,C,D,0,NA,NA,NA,NA,Y,NA,A,01,0,0,1,0,0,0,0,0,0,-,-,NA,NA,LOS ANGELES,INGLEWOOD,-118.37008,33.96700886
8289983,2016,2017-02-01,1920,2016-12-30,2208,11891,NA,5,5,6,1920,0,0,0,NA,0,006,BROOKSHIRE AV,FIRESTONE BL,36,E,N,B,-,N,NA,NA,NA,NA,NA,NA,NA,NA,NA,Y,4,0,3,2,A,-,09,21801,A,N,A,C,A,B,H,-,C,A,0,NA,NA,NA,NA,Y,NA,A,01,0,0,3,0,0,0,0,0,0,-,-,NA,NA,LOS ANGELES,DOWNEY,-118.12958893,33.93829897