CASE_ID,ACCIDENT_YEAR,PROC_DATE,JURIS,COLLISION_DATE,COLLISION_TIME,OFFICER_ID,REPORTING_DISTRICT,DAY_OF_WEEK,CHP_SHIFT,POPULATION,CNTY_CITY_LOC,SPECIAL_COND,BEAT_TYPE,CHP_BEAT_TYPE,CITY_DIVISION_LAPD,CHP_BEAT_CLASS,BEAT_NUMBER,PRIMARY_RD,SECONDARY_RD,DISTANCE,DIRECTION,INTERSECTION,WEATHER_1,WEATHER_2,STATE_HWY_IND,CALTRANS_COUNTY,CALTRANS_DISTRICT,STATE_ROUTE,ROUTE_SUFFIX,POSTMILE_PREFIX,POSTMILE,LOCATION_TYPE,RAMP_INTERSECTION,SIDE_OF_HWY,TOW_AWAY,COLLISION_SEVERITY,NUMBER_KILLED,NUMBER_INJURED,PARTY_COUNT,PRIMARY_COLL_FACTOR,PCF_CODE_OF_VIOL,PCF_VIOL_CATEGORY,PCF_VIOLATION,PCF_VIOL_SUBSECTION,HIT_AND_RUN,TYPE_OF_COLLISION,MVIW,PED_ACTION,ROAD_SURFACE,ROAD_COND_1,ROAD_COND_2,LIGHTING,CONTROL_DEVICE,CHP_ROAD_TYPE,PEDESTRIAN_ACCIDENT,BICYCLE_ACCIDENT,MOTORCYCLE_ACCIDENT,TRUCK_ACCIDENT,NOT_PRIVATE_PROPERTY,ALCOHOL_INVOLVED,STWD_VEHTYPE_AT_FAULT,CHP_VEHTYPE_AT_FAULT,COUNT_SEVERE_INJ,COUNT_VISIBLE_INJ,COUNT_COMPLAINT_PAIN,COUNT_PED_KILLED,COUNT_PED_INJURED,COUNT_BICYCLIST_KILLED,COUNT_BICYCLIST_INJURED,COUNT_MC_KILLED,COUNT_MC_INJURED,PRIMARY_RAMP,SECONDARY_RAMP,LATITUDE,LONGITUDE,COUNTY,CITY,POINT_X,POINT_Y
8291128,2017,2017-02-06,1942,2017-01-24,1135,38326,1547,2,5,7,1942,0,0,0,O,0,9TL54,TUJUNGA AV,OTSEGO ST,0,NA,Y,A,-,N,NA,NA,NA,NA,NA,NA,NA,NA,NA,Y,3,0,2,2,A,-,09,21801,A,N,D,C,A,A,H,-,A,D,0,NA,NA,NA,NA,Y,NA,A,01,0,1,1,0,0,0,0,0,0,-,-,NA,NA,LOS ANGELES,LOS ANGELES,-118.37901006,34.16300002
8291132,2017,2017-02-07,1942,2017-01-24,1345,35481,2157,2,5,7,1942,0,0,0,NA,0,21TL62,VAN OWEN ST,DE SOTO AV,0,NA,Y,B,-,N,NA,NA,NA,NA,NA,NA,NA,NA,NA,N,3,0,2,2,A,-,09,21801,A,N,D,C,A,A,H,-,A,A,0,NA,NA,NA,NA,Y,NA,A,01,0,1,1,0,0,0,0,0,0,-,-,NA,NA,LOS ANGELES,LOS ANGELES,-118.5884201,34.19379001
8291135,2016,2017-02-02,1942,2016-12-30,1749,31255,2097,5,5,7,1942,0,0,0,NA,0,7TL38,NORMANDIE AV,20TH ST,30,N,N,A,-,N,NA,NA,NA,NA,NA,NA,NA,NA,NA,Y,4,0,1,2,A,-,03,22350,A,N,C,C,A,A,H,-,A,D,0,NA,NA,NA,NA,Y,NA,D,22,0,0,1,0,0,0,0,0,0,-,-,NA,NA,LOS ANGELES,LOS ANGELES,-118.30029191,34.03826226
8291136,2017,2017-02-06,1942,2017-01-23,1310,35481,1779,1,5,7,1942,0,0,0,Q,0,21R62,PLUMMER ST,HASKELL AV,515,W,N,B,C,N,NA,NA,NA,NA,NA,NA,NA,NA,NA,Y,3,0,2,2,A,-,09,21804,A,N,-,C,A,B,H,-,A,A,0,NA,NA,NA,NA,Y,NA,D,22,0,1,1,0,0,0,0,0,0,-,-,NA,NA,LOS ANGELES,LOS ANGELES,-118.47796092,34.24286464
8291139,2017,2017-02-06,1942,2017-01-03,1420,41054,2001,2,5,7,1942,0,0,0,NA,0,20TL59,MELROSE AV,PLYMOUTH BL,0,NA,Y,A,-,N,NA,NA,NA,NA,NA,NA,NA,NA,NA,Y,4,0,1,2,A,-,08,22100,A,N,C,C,A,A,H,-,A,A,0,NA,NA,NA,NA,Y,NA,A,01,0,0,1,0,0,0,0,0,0,-,-,NA,NA,LOS ANGELES,LOS ANGELES,-118.32072012,34.08349008
8291142,2016,2017-02-07,1942,2016-11-14,1000,40690,2038,1,5,7,1942,0,0,0,NA,0,6TL7,VERMONT AV,6TH ST,30,S,N,A,-,N,NA,NA,NA,NA,NA,NA,NA,NA,NA,N,4,0,2,2,A,-,03,22350,NA,N,C,C,A,A,H,-,A,D,0,NA,NA,NA,NA,Y,NA,D,22,0,0,2,0,0,0,0,0,0,-,-,NA,NA,LOS ANGELES,LOS ANGELES,-118.291648,34.063539
8291143,2016,2017-02-07,1942,2016-11-17,1150,39061,2024,4,5,7,1942,0,0,0,NA,0,20TL56,NORMANDIE AV,5TH ST,50,S,N,A,-,N,NA,NA,NA,NA,NA,NA,NA,NA,NA,N,3,0,4,7,A,-,07,21658,A,N,B,C,A,A,H,-,A,D,0,NA,NA,NA,NA,Y,NA,A,01,0,3,1,0,0,0,0,0,0,-,-,NA,NA,LOS ANGELES,LOS ANGELES,-118.30035,34.06522287
8291175,2017,2017-02-07,1942,2017-01-22,0130,42489,1667,7,5,7,1942,0,0,0,P,0,16A77,TUXFORD ST,WHEATLAND AV,115,E,N,C,-,N,NA,NA,NA,NA,NA,NA,NA,NA,NA,Y,3,0,1,2,A,-,03,22350,NA,N,C,C,A,B,H,-,C,D,0,NA,NA,NA,NA,Y,Y,D,22,0,1,0,0,0,0,0,0,0,-,-,NA,NA,LOS ANGELES,LOS ANGELES,-118.36139962,34.23568481
8291180,2017,2017-02-03,1942,2017-01-22,1420,41158,0914,7,5,7,1942,0,0,0,I,0,10TL34,KESTER AV,HARTLAND ST,0,NA,Y,C,-,N,NA,NA,NA,NA,NA,NA,NA,NA,NA,Y,4,0,2,2,A,-,09,21801,A,F,D,C,A,B,F,-,C,D,0,NA,NA,NA,NA,Y,NA,D,22,0,0,2,0,0,0,0,0,0,-,-,NA,NA,LOS ANGELES,LOS ANGELES,-118.45745012,34.19528002
8291184,2016,2017-02-02,1942,2016-12-18,1725,37157,0901,7,5,7,1942,0,0,0,I,0,9A63,SEPULVEDA BL,STAGG ST,0,NA,Y,A,-,N,NA,NA,NA,NA,NA,NA,NA,NA,NA,Y,3,0,3,3,A,-,01,23152,A,N,D,C,A,A,H,-,C,A,0,NA,NA,NA,NA,Y,Y,A,01,0,3,0,0,0,0,0,0,0,-,-,NA,NA,LOS ANGELES,LOS ANGELES,-118.46623004,34.21207007
8291197,2016,2017-02-02,1942,2016-12-01,1615,40123,2097,4,5,7,1942,0,0,0,NA,0,20A58,VERMONT AV,WASHINGTON BL,0,NA,Y,A,-,N,NA,NA,NA,NA,NA,NA,NA,NA,NA,N,4,0,4,4,A,-,03,22350,NA,N,C,C,A,A,H,-,B,D,0,NA,NA,NA,NA,Y,NA,D,22,0,0,4,0,0,0,0,0,0,-,-,NA,NA,LOS ANGELES,LOS ANGELES,-118.29157014,34.04001001
8291202,2016,2017-02-03,1942,2016-11-17,2045,40315,2044,4,5,7,1942,0,0,0,NA,0,20T59,8TH ST,IROLO ST,100,W,N,A,-,N,NA,NA,NA,NA,NA,NA,NA,NA,NA,N,3,0,1,2,A,-,11,21954,A,N,G,B,D,A,H,-,C,A,0,Y,NA,NA,NA,Y,NA,N,60,0,1,0,0,1,0,0,0,0,-,-,NA,NA,LOS ANGELES,LOS ANGELES,-118.30122934,34.0577211
8291204,2016,2017-02-02,1942,2016-12-11,1225,41054,2026,7,5,7,1942,0,0,0,NA,0,20TL59,3RD ST,CATALINA ST,60,W,N,A,-,N,NA,NA,NA,NA,NA,NA,NA,NA,NA,N,3,0,1,2,A,-,03,22350,NA,N,C,G,A,A,H,-,A,D,0,NA,Y,NA,NA,Y,NA,L,04,0,1,0,0,0,0,1,0,0,-,-,NA,NA,LOS ANGELES,LOS ANGELES,-118.2956077,34.06904691
8291206,2016,2017-02-03,1942,2016-11-14,1500,39061,2064,1,5,7,1942,0,0,0,NA,0,20TL56,PICO BL,KINGSLEY DR,0,NA,Y,A,-,N,NA,NA,NA,NA,NA,NA,NA,NA,NA,N,4,0,1,2,A,-,10,21950,A,N,G,B,B,A,H,-,A,A,0,Y,NA,NA,NA,Y,NA,A,01,0,0,1,0,1,0,0,0,0,-,-,NA,NA,LOS ANGELES,LOS ANGELES,-118.30312006,34.04722005
8291208,2016,2017-02-02,1942,2016-12-08,0820,41054,2015,4,5,7,1942,0,0,0,NA,0,7TL23,BEVERLY BL,VERMONT AV,0,NA,Y,A,-,N,NA,NA,NA,NA,NA,NA,NA,NA,NA,N,4,0,1,2,A,-,11,21456,B,N,G,B,B,A,H,-,A,A,0,Y,NA,NA,NA,Y,NA,N,60,0,0,1,0,1,0,0,0,0,-,-,NA,NA,LOS ANGELES,LOS ANGELES,-118.29169011,34.07632002
8291210,2016,2017-02-03,1942,2016-11-20,1005,38374,2038,7,5,7,1942,0,0,0,NA,0,20MQ83,VERMONT AV,7TH ST,0,NA,Y,C,-,N,NA,NA,NA,NA,NA,NA,NA,NA,NA,N,4,0,1,2,A,-,10,21950,C,N,G,B,B,B,H,-,A,A,0,Y,NA,NA,NA,Y,NA,A,07,0,0,1,0,1,0,0,0,0,-,-,NA,NA,LOS ANGELES,LOS ANGELES,-118.291646,34.059754
8291212,2016,2017-02-13,1942,2016-12-02,1915,40315,2044,5,5,7,1942,0,0,0,NA,0,8T35,JAMES M WOOD,KINGSLEY DR,0,NA,Y,A,-,N,NA,NA,NA,NA,NA,NA,NA,NA,NA,Y,4,0,2,2,A,-,09,21802,A,N,D,C,A,A,H,-,C,A,0,NA,NA,NA,NA,Y,NA,A,01,0,0,2,0,0,0,0,0,0,-,-,NA,NA,LOS ANGELES,LOS ANGELES,-118.30308,34.05588
8291214,2016,2017-02-21,1942,2016-11-21,1810,40105,2041,1,5,7,1942,0,0,0,NA,0,20X38,BRONSON AV,OLYMPIC BL,5,N,N,B,-,N,NA,NA,NA,NA,NA,NA,NA,NA,NA,N,4,0,1,2,A,-,10,21950,A,F,G,B,D,A,H,-,C,D,0,Y,NA,NA,NA,Y,NA,-,-,0,0,1,0,1,0,0,0,0,-,-,NA,NA,LOS ANGELES,LOS ANGELES,-118.32186339,34.05427256
8291216,2016,2017-02-02,1942,2016-12-12,1210,40471,2015,1,5,7,1942,0,0,0,NA,0,20XL2W,BEVERLY BL,NORMANDIE AV,0,NA,Y,B,-,N,NA,NA,NA,NA,NA,NA,NA,NA,NA,N,3,0,1,2,A,-,08,22107,NA,N,B,C,A,A,H,-,A,D,0,NA,NA,Y,NA,Y,NA,A,01,0,1,0,0,0,0,0,0,1,-,-,NA,NA,LOS ANGELES,LOS ANGELES,-118.30041009,34.0762901
8291218,2016,2017-02-03,1942,2016-11-20,2100,41978,2004,7,5,7,1942,0,0,0,NA,0,20T59,WESTERN AV,CLINTON ST,0,NA,Y,B,-,N,NA,NA,NA,NA,NA,NA,NA,NA,NA,NA,4,0,1,2,A,-,21,22106,NA,F,H,C,A,B,H,-,C,D,0,NA,NA,NA,NA,Y,NA,-,99,0,0,1,0,0,0,0,0,0,-,-,NA,NA,LOS ANGELES,LOS ANGELES,-118.30914002,34.08165005
8291220,2016,2017-02-02,1942,2016-12-08,1630,37966,2049,4,5,7,1942,0,0,0,NA,0,6TL4,8TH ST,MAGNOLIA AV,53,W,N,A,-,N,NA,NA,NA,NA,NA,NA,NA,NA,NA,Y,4,0,2,3,A,-,03,22350,NA,N,C,C,A,A,H,-,A,D,0,NA,NA,NA,NA,Y,NA,A,01,0,0,2,0,0,0,0,0,0,-,-,NA,NA,LOS ANGELES,LOS ANGELES,-118.28706464,34.05775
8291222,2016,2017-02-03,1942,2016-11-29,1550,37190,NA,2,5,7,1942,0,0,0,NA,0,12A67,MANCHESTER BL,BARING CROSS ST,42,W,N,A,-,N,NA,NA,NA,NA,NA,NA,NA,NA,NA,N,3,0,2,2,D,-,00,NA,NA,N,C,G,A,A,H,-,A,D,0,NA,Y,Y,NA,Y,NA,-,-,0,2,0,0,0,0,1,0,1,-,-,NA,NA,LOS ANGELES,LOS ANGELES,-118.28950824,33.96004
8291224,2016,2017-02-02,1942,2016-12-01,1640,37966,2079,4,5,7,1942,0,0,0,NA,0,1640,PICO BL,MENLO AV,0,NA,Y,A,-,N,NA,NA,NA,NA,NA,NA,NA,NA,NA,N,4,0,1,2,A,-,05,21460,A,N,D,C,A,A,H,-,B,D,0,NA,NA,NA,NA,Y,NA,A,08,0,0,1,0,0,0,0,0,0,-,-,NA,NA,LOS ANGELES,LOS ANGELES,-118.29071006,34.04727004
8291225,2016,2017-02-27,1942,2016-11-03,1600,36212,2034,4,5,7,1942,0,0,0,NA,0,20A34,8TH ST,KINGSLEY DR,0,NA,Y,A,-,N,NA,NA,NA,NA,NA,NA,NA,NA,NA,N,4,0,1,2,A,-,09,21802,A,N,D,C,A,A,H,-,A,D,0,NA,NA,NA,NA,Y,NA,A,01,0,0,1,0,0,0,0,0,0,-,-,NA,NA,LOS ANGELES,LOS ANGELES,-118.30307011,34.05770007
8291226,2016,2017-02-03,1942,2016-11-23,1315,37575,2083,3,5,7,1942,0,0,0,NA,0,7TL23,VENICE BL,SAINT ANDREWS PL,180,E,N,A,-,N,NA,NA,NA,NA,NA,NA,NA,NA,NA,N,4,0,2,3,A,-,09,21801,A,N,D,C,A,A,H,-,A,D,0,NA,NA,NA,NA,Y,NA,A,01,0,0,2,0,0,0,0,0,0,-,-,NA,NA,LOS ANGELES,LOS ANGELES,-118.31100697,34.04357
8291228,2016,2017-02-02,1942,2016-12-15,1820,38391,2088,4,5,7,1942,0,0,0,NA,0,20A16,VENICE,MAGNOLIA,0,NA,Y,C,-,N,NA,NA,NA,NA,NA,NA,NA,NA,NA,N,3,0,1,2,A,-,10,21950,A,N,G,B,B,B,H,-,C,A,0,Y,NA,NA,NA,Y,NA,A,01,0,1,0,0,1,0,0,0,0,-,-,NA,NA,LOS ANGELES,LOS ANGELES,-118.28638007,34.04427002
8291229,2016,2017-02-03,1942,2016-11-21,1315,38590,2015,1,5,7,1942,0,0,0,NA,0,20TL56,BEVERLY BL,NEW HAMPSHIRE AV,0,NA,Y,A,-,N,NA,NA,NA,NA,NA,NA,NA,NA,NA,N,3,0,2,3,A,-,12,21453,A,N,G,B,B,A,H,-,A,A,0,Y,NA,NA,NA,Y,NA,A,01,0,2,0,0,2,0,0,0,0,-,-,NA,NA,LOS ANGELES,LOS ANGELES,-118.29321007,34.07632003
8291230,2016,2017-02-21,1942,2016-11-24,2300,41636,1265,4,5,7,1942,0,0,0,L,0,12A3,NORMANDIE AV,W 79TH ST,12,N,N,A,-,N,NA,NA,NA,NA,NA,NA,NA,NA,NA,N,2,0,1,2,A,-,12,21453,A,N,D,C,A,A,H,-,C,A,0,NA,NA,Y,NA,Y,NA,O,05,1,0,0,0,0,0,0,0,1,-,-,NA,NA,LOS ANGELES,LOS ANGELES,-118.30027117,33.9673329
8291232,2016,2017-02-02,1942,2016-12-14,1730,40476,2097,3,5,7,1942,0,0,0,NA,0,20A34,20TH ST,BUDLONG AV,5,E,N,A,-,N,NA,NA,NA,NA,NA,NA,NA,NA,NA,N,4,0,1,2,A,-,10,21950,NA,F,G,B,B,A,H,-,B,A,0,Y,NA,NA,NA,Y,NA,-,99,0,0,1,0,1,0,0,0,0,-,-,NA,NA,LOS ANGELES,LOS ANGELES,-118.29620353,34.03815
8291233,2016,2017-02-03,1942,2016-11-30,1715,37966,2033,3,5,7,1942,0,0,0,NA,0,6TL2,WILSHIRE BL,SERRANO AV,0,NA,Y,A,-,N,NA,NA,NA,NA,NA,NA,NA,NA,NA,Y,4,0,2,2,A,-,09,21801,A,N,D,C,A,A,H,-,A,A,0,NA,NA,NA,NA,Y,NA,A,01,0,0,2,0,0,0,0,0,0,-,-,NA,NA,LOS ANGELES,LOS ANGELES,-118.30660012,34.06172012
8291234,2016,2017-02-03,1942,2016-11-24,0100,42375,1243,4,5,7,1942,0,0,0,L,0,12A45,WESTERN AV,62ND ST,60,S,N,A,-,N,NA,NA,NA,NA,NA,NA,NA,NA,NA,Y,4,0,1,2,A,-,05,21650,NA,F,B,C,A,A,H,-,C,D,0,NA,NA,NA,NA,Y,NA,-,99,0,0,1,0,0,0,0,0,0,-,-,NA,NA,LOS ANGELES,LOS ANGELES,-118.308967,33.983207
8291236,2016,2017-04-12,1942,2016-12-27,2230,41774,LAPD,2,5,7,1942,0,0,0,NA,0,2026,CATALINA AV,6TH ST,40,N,N,A,-,N,NA,NA,NA,NA,NA,NA,NA,NA,NA,N,4,0,1,2,A,-,17,22517,NA,F,H,E,A,A,H,-,C,D,0,NA,NA,NA,Y,Y,NA,A,01,0,0,1,0,0,0,0,0,0,-,-,NA,NA,LOS ANGELES,LOS ANGELES,-118.29537244,34.06371968
8291237,2016,2017-02-03,1942,2016-11-25,1820,37556,2081,5,5,7,1942,0,0,0,NA,0,20A34,VENICE BL,SAINT ANDREWS PL,0,NA,Y,A,-,N,NA,NA,NA,NA,NA,NA,NA,NA,NA,N,2,0,1,2,A,-,10,21950,A,N,G,B,D,A,H,-,C,D,0,Y,NA,NA,NA,Y,NA,A,01,1,0,0,0,1,0,0,0,0,-,-,NA,NA,LOS ANGELES,LOS ANGELES,-118.31160004,34.04357009
8291240,2016,2017-02-28,1942,2016-12-11,1942,40157,2062,7,5,7,1942,0,0,0,NA,0,8T35,OLYMPIC BL,WESTERN AV,45,E,N,A,-,N,NA,NA,NA,NA,NA,NA,NA,NA,NA,N,4,0,4,2,A,-,08,22107,NA,F,C,C,A,A,H,-,C,A,0,NA,NA,NA,NA,Y,NA,A,01,0,0,4,0,0,0,0,0,0,-,-,NA,NA,LOS ANGELES,LOS ANGELES,-118.30892175,34.052642
8291241,2016,2017-02-03,1942,2016-11-17,1600,39061,2029,4,5,7,1942,0,0,0,NA,0,20TL56,VERMONT AV,WILSHIRE BL,140,S,N,A,-,N,NA,NA,NA,NA,NA,NA,NA,NA,NA,N,3,0,1,2,A,-,11,21950,B,N,G,B,D,A,H,-,A,D,0,Y,NA,NA,NA,Y,NA,N,60,0,1,0,0,1,0,0,0,0,-,-,NA,NA,LOS ANGELES,LOS ANGELES,-118.29167064,34.06141612
8291244,2016,2017-02-02,1942,2016-12-12,0225,42131,2029,1,5,7,1942,0,0,0,NA,0,6A77,VERMONT AV,6TH ST,0,NA,Y,A,-,N,NA,NA,NA,NA,NA,NA,NA,NA,NA,N,4,0,1,2,A,-,03,22350,NA,F,C,C,A,A,H,-,C,A,0,NA,NA,NA,NA,Y,NA,A,01,0,0,1,0,0,0,0,0,0,-,-,NA,NA,LOS ANGELES,LOS ANGELES,-118.29164,34.06364
8291245,2016,2017-02-03,1942,2016-11-21,1550,40690,2071,1,5,7,1942,0,0,0,NA,0,34EL3,SAINT ANDREWS PL,VENICE BL,0,NA,Y,A,-,N,NA,NA,NA,NA,NA,NA,NA,NA,NA,N,4,0,1,2,A,-,09,21802,A,N,D,C,A,A,H,-,A,A,0,NA,NA,NA,NA,Y,NA,A,07,0,0,1,0,0,0,0,0,0,-,-,NA,NA,LOS ANGELES,LOS ANGELES,-118.31160004,34.04357009
8291248,2016,2017-02-02,1942,2016-12-11,1235,40899,2019,7,5,7,1942,0,0,0,NA,0,6TL7W2,VERMONT AV,COUNCIL ST,4,N,N,A,-,N,NA,NA,NA,NA,NA,NA,NA,NA,NA,N,3,0,1,2,A,-,08,22107,NA,F,B,G,A,A,H,-,A,D,0,NA,Y,NA,NA,Y,NA,-,99,0,1,0,0,0,0,1,0,0,-,-,NA,NA,LOS ANGELES,LOS ANGELES,-118.29168978,34.07452097
8291249,2016,2017-02-21,1942,2016-11-18,1750,42197,2002,5,5,7,1942,0,0,0,NA,0,14A12,WESTERN AV,CLINTON ST,0,NA,Y,A,-,N,NA,NA,NA,NA,NA,NA,NA,NA,NA,N,3,0,1,2,A,-,09,21802,A,N,D,D,A,A,H,-,B,D,0,NA,NA,Y,NA,Y,NA,A,08,0,1,0,0,0,0,0,0,1,-,-,NA,NA,LOS ANGELES,LOS ANGELES,-118.30914002,34.08165005
8291251,2016,2017-04-06,1942,2016-12-23,1650,37556,20X46,5,5,7,1942,0,0,0,NA,0,2022,WILTON PL,4TH ST,0,NA,Y,C,-,N,NA,NA,NA,NA,NA,NA,NA,NA,NA,N,4,0,2,2,A,-,09,21801,A,N,A,C,A,B,H,-,C,A,0,NA,NA,NA,NA,Y,NA,A,01,0,0,2,0,0,0,0,0,0,-,-,NA,NA,LOS ANGELES,LOS ANGELES,-118.31409004,34.06713007
8291252,2016,2017-02-02,1942,2016-12-08,0830,26740,2005,4,5,7,1942,0,0,0,NA,0,NA,KINGSLEY DR,MELROSE AV,0,NA,Y,A,-,N,NA,NA,NA,NA,NA,NA,NA,NA,NA,N,4,0,1,2,A,-,12,22450,NA,F,-,G,A,A,H,-,-,A,0,NA,Y,NA,NA,Y,NA,-,99,0,0,1,0,0,0,1,0,0,-,-,NA,NA,LOS ANGELES,LOS ANGELES,-118.30346007,34.08353003
8291255,2016,2017-02-02,1942,2016-12-15,1900,37618,2071,4,5,7,1942,0,0,0,NA,0,20A53,WESTERN AV,PICO BL,0,NA,Y,C,-,N,NA,NA,NA,NA,NA,NA,NA,NA,NA,N,4,0,1,2,A,-,10,21950,A,N,G,B,B,B,H,-,C,A,0,Y,NA,NA,NA,Y,NA,A,01,0,0,1,0,1,0,0,0,0,-,-,NA,NA,LOS ANGELES,LOS ANGELES,-118.30904008,34.04720011
8291256,2016,2017-02-02,1942,2016-12-11,2115,40315,2022,7,5,7,1942,0,0,0,NA,0,8T35,WESTERN AV,6TH ST,144,S,N,A,-,N,NA,NA,NA,NA,NA,NA,NA,NA,NA,Y,3,0,1,3,A,-,08,22107,NA,N,C,E,A,A,H,-,C,A,0,NA,NA,NA,NA,Y,Y,A,07,0,1,0,0,0,0,0,0,0,-,-,NA,NA,LOS ANGELES,LOS ANGELES,-118.309099,34.063108
8291259,2016,2017-02-02,1942,2016-12-21,1630,42416,2029,3,5,7,1942,0,0,0,NA,0,20A58,3RD ST,COMMONWEALTH AV,0,NA,Y,B,-,N,NA,NA,NA,NA,NA,NA,NA,NA,NA,N,4,0,1,2,A,-,09,21801,A,N,A,C,A,B,H,-,C,A,0,NA,NA,NA,NA,Y,NA,A,01,0,0,1,0,0,0,0,0,0,-,-,NA,NA,LOS ANGELES,LOS ANGELES,-118.28572005,34.06896001
8291260,2016,2017-04-06,1942,2016-12-06,0735,38331,1204,2,5,7,1942,0,0,0,L,0,12A51,NORMANDIE AV,48TH ST,25,N,N,B,-,N,NA,NA,NA,NA,NA,NA,NA,NA,NA,Y,4,0,1,2,A,-,03,22350,NA,N,C,C,A,A,H,-,A,A,0,NA,NA,NA,NA,Y,NA,A,01,0,0,1,0,0,0,0,0,0,-,-,NA,NA,LOS ANGELES,LOS ANGELES,-118.30019,34.00014857
8291264,2016,2017-04-07,1942,2016-12-08,0903,42382,1256,4,5,7,1942,0,0,0,L,0,12A3,W FLORENCE AV,HOOVER,8,E,N,A,-,N,NA,NA,NA,NA,NA,NA,NA,NA,NA,N,4,0,1,2,A,-,09,21804,B,N,-,G,A,A,H,-,A,A,0,NA,Y,NA,NA,Y,NA,A,08,0,0,1,0,0,0,1,0,0,-,-,NA,NA,LOS ANGELES,LOS ANGELES,-118.28708367,33.97464037
8291265,2016,2017-02-03,1942,2016-11-17,1940,41563,2083,4,5,7,1942,0,0,0,NA,0,7X52,WESTERN,18TH ST,350,S,N,A,-,N,NA,NA,NA,NA,NA,NA,NA,NA,NA,N,4,0,1,2,A,-,09,21804,NA,N,H,G,A,A,H,-,C,D,0,NA,Y,NA,NA,Y,NA,-,NA,0,0,1,0,0,0,1,0,0,-,-,NA,NA,LOS ANGELES,LOS ANGELES,-118.30900756,34.04078027
8291268,2016,2017-02-02,1942,2016-12-03,1654,37453,1283,6,5,7,1942,0,0,0,L,0,18A26,DENKER AV,94TH ST,0,NA,Y,A,-,N,NA,NA,NA,NA,NA,NA,NA,NA,NA,Y,4,0,1,2,A,-,12,22450,A,N,D,C,A,A,H,-,C,A,0,NA,NA,NA,NA,Y,NA,A,01,0,0,1,0,0,0,0,0,0,-,-,NA,NA,LOS ANGELES,LOS ANGELES,-118.30467001,33.9511101
8291269,2016,2017-02-03,1942,2016-11-03,1215,41054,2024,4,5,7,1942,0,0,0,NA,0,20TL55,HOBART BL,WILSHIRE BL,240,S,N,A,-,N,NA,NA,NA,NA,NA,NA,NA,NA,NA,N,3,0,2,2,A,-,03,22350,NA,N,D,G,A,A,H,-,A,D,0,NA,Y,NA,NA,Y,NA,L,04,0,1,1,0,0,0,1,0,0,-,-,NA,NA,LOS ANGELES,LOS ANGELES,-118.30536022,34.06106183
8291272,2016,2017-02-09,1942,2016-12-06,1700,39497,1208,2,5,7,1942,0,0,0,L,0,12A73,HOOVER ST,48TH ST,0,NA,Y,A,-,N,NA,NA,NA,NA,NA,NA,NA,NA,NA,N,3,0,4,3,A,-,09,21801,A,N,D,C,A,A,H,-,C,A,0,NA,NA,NA,NA,Y,NA,M,96,0,1,3,0,0,0,0,0,0,-,-,NA,NA,LOS ANGELES,LOS ANGELES,-118.28715001,33.99962007
8291273,2016,2017-02-03,1942,2016-11-10,1050,42055,2029,4,5,7,1942,0,0,0,NA,0,20A39,WILSHIRE BL,HOOVER ST,0,NA,Y,A,-,N,NA,NA,NA,NA,NA,NA,NA,NA,NA,Y,3,0,2,3,A,-,09,21801,A,N,D,C,A,A,H,-,A,A,0,NA,NA,NA,NA,Y,NA,A,01,0,1,1,0,0,0,0,0,0,-,-,NA,NA,LOS ANGELES,LOS ANGELES,-118.28423007,34.06176007
8291276,2016,2017-02-02,1942,2016-12-08,0845,42332,1235,4,5,7,1942,0,0,0,L,0,NA,NORMANDIE ST,60TH ST,0,NA,Y,A,-,N,NA,NA,NA,NA,NA,NA,NA,NA,NA,Y,4,0,3,2,A,-,09,21802,A,N,D,C,A,A,H,-,A,A,0,NA,NA,NA,NA,Y,NA,A,01,0,0,3,0,0,0,0,0,0,-,-,NA,NA,LOS ANGELES,LOS ANGELES,-118.30022003,33.98586006
8291277,2016,2017-02-03,1942,2016-11-07,1845,32297,2055,1,5,7,1942,0,0,0,NA,0,20A39,11TH ST,MARIPOSA AV,111,W,N,A,-,N,NA,NA,NA,NA,NA,NA,NA,NA,NA,Y,4,0,2,3,A,-,21,22106,NA,N,H,C,A,A,H,-,C,D,0,NA,NA,NA,NA,Y,NA,A,01,0,0,2,0,0,0,0,0,0,-,-,NA,NA,LOS ANGELES,LOS ANGELES,-118.29930571,34.05087652
8291281,2016,2017-02-02,1942,2016-12-03,0120,41807,1256,6,5,7,1942,0,0,0,L,0,12A39,FLORENCE AV,GRAND AV,0,NA,Y,A,-,N,NA,NA,NA,NA,NA,NA,NA,NA,NA,Y,4,0,3,4,A,-,12,21453,A,N,C,C,A,A,H,-,C,A,0,NA,NA,NA,NA,Y,NA,A,01,0,0,3,0,0,0,0,0,0,-,-,NA,NA,LOS ANGELES,LOS ANGELES,-118.28030011,33.97466009
8291284,2017,2017-02-10,1942,2017-01-22,1120,40141,1908,7,5,7,1942,0,0,0,NA,0,10TL39,ELDRIDGE AV,HUBBARD ST,0,NA,Y,B,C,N,NA,NA,NA,NA,NA,NA,NA,NA,NA,Y,3,0,3,2,A,-,12,21453,A,F,D,C,A,B,H,-,A,A,0,NA,NA,NA,NA,Y,NA,-,99,0,1,2,0,0,0,0,0,0,-,-,NA,NA,LOS ANGELES,LOS ANGELES,-118.42132008,34.31539002