CASE_ID,ACCIDENT_YEAR,PROC_DATE,JURIS,COLLISION_DATE,COLLISION_TIME,OFFICER_ID,REPORTING_DISTRICT,DAY_OF_WEEK,CHP_SHIFT,POPULATION,CNTY_CITY_LOC,SPECIAL_COND,BEAT_TYPE,CHP_BEAT_TYPE,CITY_DIVISION_LAPD,CHP_BEAT_CLASS,BEAT_NUMBER,PRIMARY_RD,SECONDARY_RD,DISTANCE,DIRECTION,INTERSECTION,WEATHER_1,WEATHER_2,STATE_HWY_IND,CALTRANS_COUNTY,CALTRANS_DISTRICT,STATE_ROUTE,ROUTE_SUFFIX,POSTMILE_PREFIX,POSTMILE,LOCATION_TYPE,RAMP_INTERSECTION,SIDE_OF_HWY,TOW_AWAY,COLLISION_SEVERITY,NUMBER_KILLED,NUMBER_INJURED,PARTY_COUNT,PRIMARY_COLL_FACTOR,PCF_CODE_OF_VIOL,PCF_VIOL_CATEGORY,PCF_VIOLATION,PCF_VIOL_SUBSECTION,HIT_AND_RUN,TYPE_OF_COLLISION,MVIW,PED_ACTION,ROAD_SURFACE,ROAD_COND_1,ROAD_COND_2,LIGHTING,CONTROL_DEVICE,CHP_ROAD_TYPE,PEDESTRIAN_ACCIDENT,BICYCLE_ACCIDENT,MOTORCYCLE_ACCIDENT,TRUCK_ACCIDENT,NOT_PRIVATE_PROPERTY,ALCOHOL_INVOLVED,STWD_VEHTYPE_AT_FAULT,CHP_VEHTYPE_AT_FAULT,COUNT_SEVERE_INJ,COUNT_VISIBLE_INJ,COUNT_COMPLAINT_PAIN,COUNT_PED_KILLED,COUNT_PED_INJURED,COUNT_BICYCLIST_KILLED,COUNT_BICYCLIST_INJURED,COUNT_MC_KILLED,COUNT_MC_INJURED,PRIMARY_RAMP,SECONDARY_RAMP,LATITUDE,LONGITUDE,COUNTY,CITY,POINT_X,POINT_Y
8296071,2017,2017-02-08,1975,2017-01-30,1900,347,6P16,1,5,6,1975,0,0,0,NA,0,005,VALINDA AV,AMAR RD,200,N,N,A,-,N,NA,NA,NA,NA,NA,NA,NA,NA,NA,Y,3,0,1,3,A,-,09,21801,A,N,D,C,A,A,H,-,A,D,0,NA,NA,NA,NA,Y,NA,A,01,0,1,0,0,0,0,0,0,0,-,-,NA,NA,LOS ANGELES,WEST COVINA,-117.92628421,34.03624632
8296075,2017,2017-02-06,1975,2017-01-03,1923,384,NA,2,5,6,1975,0,0,0,NA,0,002,CAMERON AV,CITRUS ST,50,E,N,A,-,N,NA,NA,NA,NA,NA,NA,NA,NA,NA,N,4,0,1,2,A,-,03,22350,NA,N,C,C,A,A,H,-,C,D,0,NA,NA,NA,NA,Y,NA,A,01,0,0,1,0,0,0,0,0,0,-,-,NA,NA,LOS ANGELES,WEST COVINA,-117.89005536,34.06092642
8296079,2017,2017-02-06,1975,2017-01-05,1812,414,NA,4,5,6,1975,0,0,0,NA,0,001,PUENTE AV,VINCENT,0,NA,Y,A,-,N,NA,NA,NA,NA,NA,NA,NA,NA,NA,Y,3,0,1,2,A,-,12,21453,A,N,D,C,A,A,H,-,A,A,0,NA,NA,NA,NA,Y,NA,A,01,0,1,0,0,0,0,0,0,0,-,-,NA,NA,LOS ANGELES,WEST COVINA,-117.92569008,34.08276009
8296083,2016,2017-02-09,1900,2016-12-17,1731,528244,1334,6,5,5,1908,0,0,0,NA,0,133T2,SOMERSET BL,WOODRUFF PL,0,NA,Y,A,-,N,NA,NA,NA,NA,NA,NA,NA,NA,NA,Y,4,0,1,2,A,-,03,22350,NA,N,D,C,A,A,H,-,C,A,0,NA,NA,NA,NA,Y,NA,A,07,0,0,1,0,0,0,0,0,0,-,-,NA,NA,LOS ANGELES,BELLFLOWER,-118.11752009,33.89665005
8296098,2017,2017-02-14,1900,2017-01-20,0728,520027,2835,5,5,5,1915,0,0,0,NA,0,282T1,WILLOWBROOK AV,MYRRH ST,140,N,N,B,-,N,NA,NA,NA,NA,NA,NA,NA,NA,NA,N,4,0,1,2,A,-,03,22350,NA,N,C,C,A,A,H,-,A,D,0,NA,NA,NA,NA,Y,NA,A,07,0,0,1,0,0,0,0,0,0,-,-,NA,NA,LOS ANGELES,COMPTON,-118.22414655,33.8926533
8296099,2016,2017-02-09,1900,2016-12-16,1930,608240,1337,5,5,5,1908,0,0,0,NA,0,133F,FLORA VISTA ST,WOODRUFF AV,0,NA,Y,C,-,N,NA,NA,NA,NA,NA,NA,NA,NA,NA,Y,4,0,2,3,A,-,09,21801,A,N,-,C,A,B,H,-,C,A,0,NA,NA,NA,NA,Y,NA,A,01,0,0,2,0,0,0,0,0,0,-,-,NA,NA,LOS ANGELES,BELLFLOWER,-118.11731013,33.88189005
8296100,2016,2017-02-09,1900,2016-12-10,2212,407852,1327,6,5,5,1935,0,0,0,NA,0,132T1,CARSON ST,PIONEER BL,40,W,N,A,-,N,NA,NA,NA,NA,NA,NA,NA,NA,NA,Y,4,0,1,3,A,-,03,22350,NA,N,C,C,A,A,H,-,C,D,0,NA,NA,NA,NA,Y,NA,D,22,0,0,1,0,0,0,0,0,0,-,-,NA,NA,LOS ANGELES,LAKEWOOD,-118.08204143,33.83152
8296103,2016,2017-02-15,1900,2016-12-16,2150,533005,1335,5,5,5,1908,0,0,0,NA,0,133T2,LAKEWOOD BL,ROSE ST,0,NA,Y,A,-,N,NA,NA,NA,NA,NA,NA,NA,NA,NA,Y,3,0,2,2,A,-,09,21802,A,N,D,C,A,A,H,-,C,A,0,NA,NA,NA,NA,Y,NA,D,22,0,1,1,0,0,0,0,0,0,-,-,NA,NA,LOS ANGELES,BELLFLOWER,-118.1425601,33.86957007
8296108,2016,2017-02-09,1900,2016-12-03,0000,552550,1334,6,5,5,1908,0,0,0,NA,0,133R,ALONDRA BL,CLARK AV,60,E,N,A,-,N,NA,NA,NA,NA,NA,NA,NA,NA,NA,Y,3,0,2,2,A,-,09,21804,A,N,D,C,A,A,H,-,C,D,0,NA,NA,NA,NA,Y,NA,D,22,0,1,1,0,0,0,0,0,0,-,-,NA,NA,LOS ANGELES,BELLFLOWER,-118.13378275,33.88930286
8296110,2017,2017-03-06,1900,2017-01-16,0925,531008,2834,1,5,5,1915,0,0,0,NA,0,282T1,WILMINGTON AV,ARTESIA BL,12,S,N,A,-,N,NA,NA,NA,NA,NA,NA,NA,NA,NA,Y,3,0,1,2,A,-,12,21453,A,N,D,C,A,A,H,-,A,A,0,NA,NA,NA,Y,Y,NA,A,01,0,1,0,0,0,0,0,0,0,-,-,NA,NA,LOS ANGELES,COMPTON,-118.23611702,33.87434718
8296114,2017,2017-03-02,1900,2017-01-05,1541,517780,2835,4,5,5,1915,0,0,0,NA,0,283T1,COMPTON BL,WILMINGTON AV,0,NA,N,A,-,N,NA,NA,NA,NA,NA,NA,NA,NA,NA,Y,4,0,3,4,A,-,12,21453,A,N,D,C,A,A,H,-,A,A,0,NA,NA,NA,NA,Y,NA,A,01,0,0,3,0,0,0,0,0,0,-,-,NA,NA,LOS ANGELES,COMPTON,-118.23758007,33.89588006
8296127,2016,2017-02-27,1900,2016-10-26,1040,496174,1320,3,5,5,1935,0,0,0,NA,0,132T1,LAKEWOOD BL,CANDLEWOOD ST,50,N,N,A,-,N,NA,NA,NA,NA,NA,NA,NA,NA,NA,Y,3,0,4,4,A,-,12,21453,A,N,A,C,A,-,H,-,A,A,0,NA,NA,NA,NA,Y,NA,A,01,0,1,3,0,0,0,0,0,0,-,-,NA,NA,LOS ANGELES,LAKEWOOD,-118.14256688,33.85396709
8296130,2017,2017-02-14,1900,2017-01-18,1230,520027,2846,3,5,5,1915,0,0,0,NA,0,282T1,ALONDRA BL,BRADFIELD AV,150,W,N,A,-,N,NA,NA,NA,NA,NA,NA,NA,NA,NA,Y,4,0,1,3,A,-,07,21658,A,N,B,C,A,A,H,-,A,D,0,NA,NA,NA,NA,Y,NA,D,22,0,0,1,0,0,0,0,0,0,-,-,NA,NA,LOS ANGELES,COMPTON,-118.20363322,33.88870749
8296142,2017,2017-02-10,1900,2017-01-30,1341,535052,2847,1,5,5,1915,0,0,0,NA,0,283T1,ATLANTIC AV,ALONDRA BL,14,S,N,A,-,N,NA,NA,NA,NA,NA,NA,NA,NA,NA,N,4,0,1,2,A,-,11,21453,D,N,G,B,B,A,H,-,A,A,0,Y,NA,NA,NA,Y,NA,N,60,0,0,1,0,1,0,0,0,0,-,-,NA,NA,LOS ANGELES,COMPTON,-118.19290542,33.8887318
8296146,2017,2017-03-10,1900,2017-01-26,1200,520027,2837,4,5,5,1915,0,0,0,NA,0,282T1,VICTORIA ST,DOMINGUEZ HILLS DR,244,E,N,A,-,N,NA,NA,NA,NA,NA,NA,NA,NA,NA,Y,4,0,1,2,A,-,03,22350,NA,N,D,C,A,A,H,-,A,D,0,NA,NA,Y,Y,Y,NA,C,02,0,0,1,0,0,0,0,0,1,-,-,NA,NA,LOS ANGELES,COMPTON,-118.22854696,33.8644347
8296150,2017,2017-02-10,1900,2017-01-29,0957,520027,2835,7,5,5,1915,0,0,0,NA,0,282T1,COMPTON BL,ACACIA AV,45,W,N,A,-,N,NA,NA,NA,NA,NA,NA,NA,NA,NA,N,2,0,1,2,A,-,11,21954,A,N,G,B,D,A,H,-,A,D,0,Y,NA,NA,NA,Y,NA,N,60,1,0,0,0,1,0,0,0,0,-,-,NA,NA,LOS ANGELES,COMPTON,-118.22660794,33.89597692
8296155,2016,2017-02-13,1900,2016-10-23,1640,455201,1336,7,5,5,1908,0,0,0,NA,0,133T1,RAMONA ST,ARTESIA BL,347,W,N,C,-,N,NA,NA,NA,NA,NA,NA,NA,NA,NA,Y,3,0,1,3,A,-,03,22350,NA,N,B,E,A,B,H,-,A,D,0,NA,NA,NA,NA,Y,NA,D,22,0,1,0,0,0,0,0,0,0,-,-,NA,NA,LOS ANGELES,BELLFLOWER,-118.12035901,33.87301136
8296159,2016,2017-02-13,1900,2016-10-30,1850,608275,1363,7,5,5,1952,0,0,0,NA,0,136,SOMERSET BL,SAN MARINO AV,100,W,N,C,-,N,NA,NA,NA,NA,NA,NA,NA,NA,NA,Y,2,0,1,5,A,-,08,22107,NA,M,B,E,A,B,H,-,C,D,0,NA,NA,NA,NA,Y,NA,A,01,1,0,0,0,0,0,0,0,0,-,-,NA,NA,LOS ANGELES,PARAMOUNT,-118.17569881,33.89639587
8296172,2017,2017-02-07,1929,2017-01-28,1506,181,1929,6,5,3,1929,0,0,0,NA,0,NA,HERMOSA AV,LONGFELLOW AV,70,N,N,A,-,N,NA,NA,NA,NA,NA,NA,NA,NA,NA,N,3,0,1,2,A,-,17,21209,A,F,A,G,A,A,H,-,A,D,0,NA,Y,NA,NA,Y,NA,A,01,0,1,0,0,0,0,1,0,0,-,-,NA,NA,LOS ANGELES,HERMOSA BEACH,-118.40720732,33.875554
8296176,2017,2017-02-07,1929,2017-01-17,1814,176,SW,2,5,3,1929,0,0,0,NA,0,002,VALLEY DR,GOULD AV,12,S,N,A,-,N,NA,NA,NA,NA,NA,NA,NA,NA,NA,N,3,0,1,2,A,-,09,21800,A,N,D,C,A,A,H,-,C,A,0,NA,NA,Y,NA,Y,NA,A,01,0,1,0,0,0,0,0,0,1,-,-,NA,NA,LOS ANGELES,HERMOSA BEACH,-118.40087179,33.874516990000004
8296191,2017,2017-03-09,1900,2017-01-04,2041,547282,1331,3,5,5,1908,0,0,0,NA,0,13371,ROSECRANS AV,LAKEWOOD BL,0,NA,Y,A,-,N,NA,NA,NA,NA,NA,NA,NA,NA,NA,Y,4,0,1,3,A,-,12,21453,A,N,D,C,A,B,H,-,C,-,0,NA,NA,NA,NA,Y,NA,A,01,0,0,1,0,0,0,0,0,0,-,-,NA,NA,LOS ANGELES,BELLFLOWER,-118.14282004,33.90379003
8296195,2017,2017-02-07,1900,2017-01-06,1921,552623,1321,5,5,5,1935,0,0,0,NA,0,132B,DEL AMO BL,AUTRY AV,33,E,N,A,-,N,NA,NA,NA,NA,NA,NA,NA,NA,NA,Y,4,0,4,3,A,-,03,22350,NA,N,C,C,A,A,H,-,C,A,0,NA,NA,NA,NA,Y,NA,A,08,0,0,4,0,0,0,0,0,0,-,-,NA,NA,LOS ANGELES,LAKEWOOD,-118.12723,33.84723
8296208,2017,2017-08-04,1900,2017-01-14,1612,532455,2846,6,5,5,1915,0,0,0,NA,0,283T1,HOLLY AV,MYRRH ST,0,NA,Y,A,-,N,NA,NA,NA,NA,NA,NA,NA,NA,NA,N,4,0,1,2,A,-,12,22450,A,N,D,C,A,A,H,-,A,D,0,NA,NA,Y,NA,Y,NA,C,03,0,0,1,0,0,0,0,0,1,-,-,NA,NA,LOS ANGELES,COMPTON,-118.20139003,33.89238008
8296219,2017,2017-02-07,1900,2017-01-15,1300,521341,2844,7,5,5,1915,0,0,0,NA,0,283T3,ALONDRA BL,ATLANTIC AV,0,NA,Y,A,-,N,NA,NA,NA,NA,NA,NA,NA,NA,NA,N,4,0,1,3,A,-,03,22350,NA,F,C,C,A,A,H,-,A,A,0,NA,NA,NA,NA,Y,NA,A,07,0,0,1,0,0,0,0,0,0,-,-,NA,NA,LOS ANGELES,COMPTON,-118.19291009,33.88877003
8296223,2017,2017-02-07,1900,2017-01-24,1430,535052,2812,2,5,5,1915,0,0,0,NA,0,283T1,WILMINGTON AV,136TH ST,1,W,N,A,-,N,NA,NA,NA,NA,NA,NA,NA,NA,NA,Y,4,0,2,3,A,-,03,22350,NA,N,C,C,A,A,H,-,A,D,0,NA,NA,NA,NA,Y,NA,A,01,0,0,2,0,0,0,0,0,0,-,-,NA,NA,LOS ANGELES,COMPTON,-118.23916,33.90799
8296227,2017,2017-02-21,1900,2017-01-23,1645,535052,2814,1,5,5,1915,0,0,0,NA,0,283T1,ROSECRANS AV,ARANBE AV,0,NA,Y,A,-,N,NA,NA,NA,NA,NA,NA,NA,NA,NA,N,4,0,1,2,A,-,12,21453,A,N,D,C,A,B,H,-,A,A,0,NA,NA,NA,NA,Y,Y,-,-,0,0,1,0,0,0,0,0,0,-,-,NA,NA,LOS ANGELES,COMPTON,-118.23235003,33.90337005
8296231,2017,2017-02-07,1900,2017-01-28,2013,517730,2820,6,5,5,1915,0,0,0,NA,0,28373,SANTA FE AV,EL SEGUNDO BL,9,S,N,A,-,N,NA,NA,NA,NA,NA,NA,NA,NA,NA,N,4,0,1,2,D,-,00,NA,NA,N,D,B,B,A,H,-,C,A,0,Y,NA,NA,NA,Y,NA,-,-,0,0,1,0,1,0,0,0,0,-,-,NA,NA,LOS ANGELES,COMPTON,-118.21752623,33.91678552
8296235,2017,2017-02-07,1900,2017-01-25,1757,535052,2,3,5,5,1915,0,0,0,NA,0,001,OLEANDER AV,PALM ST,4,S,N,A,-,N,NA,NA,NA,NA,NA,NA,NA,NA,NA,N,4,0,1,2,D,-,00,NA,NA,N,G,B,D,A,H,-,C,D,0,Y,NA,NA,NA,Y,NA,-,-,0,0,1,0,1,0,0,0,0,-,-,NA,NA,LOS ANGELES,COMPTON,-118.22868935,33.89507904
8296239,2017,2017-02-07,1900,2017-01-06,1915,274533,1332,5,5,5,1908,0,0,0,NA,0,NA,BELLFLOWER BL,LIGGETT ST,0,NA,Y,A,-,N,NA,NA,NA,NA,NA,NA,NA,NA,NA,Y,3,0,1,2,A,-,09,21801,A,N,D,C,A,A,H,-,A,D,0,NA,NA,NA,NA,Y,NA,A,01,0,1,0,0,0,0,0,0,0,-,-,NA,NA,LOS ANGELES,BELLFLOWER,-118.12534005,33.90112001
8296240,2017,2017-02-07,1900,2017-01-14,1036,533032,2810,6,5,5,1915,0,0,0,NA,0,282T1,SAM LITTLETON ST,CORLETT AV,8,W,N,A,-,N,NA,NA,NA,NA,NA,NA,NA,NA,NA,Y,4,0,1,2,A,-,03,22350,NA,N,C,C,A,A,H,-,A,A,0,NA,NA,NA,NA,Y,NA,A,01,0,0,1,0,0,0,0,0,0,-,-,NA,NA,LOS ANGELES,COMPTON,-118.258107,33.909194
8296242,2017,2017-02-15,1900,2017-01-27,1710,473767,1131,5,5,6,1992,0,0,0,NA,0,111T1,AVENUE H,DIVISION ST,0,NA,Y,A,-,N,NA,NA,NA,NA,NA,NA,NA,NA,NA,Y,3,0,1,2,A,-,00,21352,A,N,D,C,A,A,H,-,B,A,0,NA,NA,NA,NA,Y,Y,A,08,0,1,0,0,0,0,0,0,0,-,-,NA,NA,LOS ANGELES,LANCASTER,-118.13063001,34.71854003
8296244,2016,2017-02-27,1942,2016-12-14,1940,41921,0326,3,5,7,1942,0,0,0,C,0,18J23,ADAMS BL,LA SALLE AV,0,NA,Y,A,-,N,NA,NA,NA,NA,NA,NA,NA,NA,NA,N,4,0,1,2,A,-,10,21950,A,N,G,B,B,A,H,-,C,A,0,Y,NA,NA,NA,Y,NA,-,-,0,0,1,0,1,0,0,0,0,-,-,NA,NA,LOS ANGELES,LOS ANGELES,-118.30576004,34.03272004
8296246,2017,2017-02-15,1900,2017-01-26,0806,437401,1132,4,5,6,1992,0,0,0,NA,0,112T2,LANCASTER BL,3RD ST EAST,0,NA,Y,A,-,N,NA,NA,NA,NA,NA,NA,NA,NA,NA,Y,3,0,3,2,A,-,09,21801,A,N,A,C,A,A,H,-,A,A,0,NA,NA,NA,NA,Y,NA,D,22,0,1,2,0,0,0,0,0,0,-,-,NA,NA,LOS ANGELES,LANCASTER,-118.12598002,34.69678004
8296248,2016,2017-02-22,1942,2016-12-11,1830,41914,0312,7,5,7,1942,0,0,0,C,0,18T23,ADAMS BL,LA BREA AV,150,E,N,A,-,N,NA,NA,NA,NA,NA,NA,NA,NA,NA,Y,3,0,1,2,A,-,03,22350,NA,N,B,E,A,A,H,-,C,D,0,NA,NA,NA,Y,Y,NA,A,01,0,1,0,0,0,0,0,0,0,-,-,NA,NA,LOS ANGELES,LOS ANGELES,-118.35043595,34.032518
8296250,2017,2017-02-15,1900,2017-01-23,1422,510509,1132,1,5,6,1992,0,0,0,NA,0,111T1,CHALLENGER WY,KETTERING ST,43,S,N,C,-,N,NA,NA,NA,NA,NA,NA,NA,NA,NA,Y,3,0,1,1,A,-,03,22350,NA,N,E,I,A,B,H,-,A,D,0,NA,NA,NA,NA,Y,NA,D,22,0,1,0,0,0,0,0,0,0,-,-,NA,NA,LOS ANGELES,LANCASTER,-118.112657,34.7003
8296256,2017,2017-02-14,1942,2017-01-16,0815,41054,1489,1,5,7,1942,0,0,0,N,0,20TL59,CENTURY BL,LA CIENEGA BL,0,NA,Y,A,-,N,NA,NA,NA,NA,NA,NA,NA,NA,NA,Y,4,0,1,2,A,-,09,21800,D,N,D,C,A,A,H,-,A,B,0,NA,NA,NA,NA,Y,NA,D,22,0,0,1,0,0,0,0,0,0,-,-,NA,NA,LOS ANGELES,LOS ANGELES,-118.37006002,33.94541002
8296258,2017,2017-02-14,1900,2017-01-12,1443,302372,1192,4,5,6,1992,0,0,0,NA,0,112T2,40TH ST WEST,AVENUE L,0,NA,Y,C,-,N,NA,NA,NA,NA,NA,NA,NA,NA,NA,Y,4,0,3,2,A,-,09,21801,A,N,A,C,A,B,H,-,A,A,0,NA,NA,NA,NA,Y,NA,A,07,0,0,3,0,0,0,0,0,0,-,-,NA,NA,LOS ANGELES,LANCASTER,-118.20136004,34.66017001
8296260,2017,2017-02-14,1942,2017-01-02,1400,39022,1449,1,5,7,1942,0,0,0,N,0,20TL56,WASHINGTON PL,MCLAUGHLIN AV,0,NA,Y,B,-,N,NA,NA,NA,NA,NA,NA,NA,NA,NA,Y,3,0,2,3,A,-,12,21453,A,N,D,C,A,A,H,-,A,A,0,NA,NA,NA,NA,Y,NA,A,01,0,1,1,0,0,0,0,0,0,-,-,NA,NA,LOS ANGELES,LOS ANGELES,-118.42128013,34.00445004
8296262,2017,2017-02-09,1900,2017-01-12,1819,602372,1133,4,5,6,1992,0,0,0,NA,0,112T2,AVE K,7TH ST EAST,47,E,N,B,C,N,NA,NA,NA,NA,NA,NA,NA,NA,NA,Y,2,0,1,2,A,-,11,21954,A,N,G,B,D,B,H,-,D,D,0,Y,NA,NA,NA,Y,NA,N,60,1,0,0,0,1,0,0,0,0,-,-,NA,NA,LOS ANGELES,LANCASTER,-118.11775401,34.675
8296264,2017,2017-02-14,1942,2017-01-14,1345,41376,1487,6,5,7,1942,0,0,0,N,0,7TL38,LA TIJERA BL,SEPULVEDA WEST WY,0,NA,Y,A,-,N,NA,NA,NA,NA,NA,NA,NA,NA,NA,Y,4,0,2,2,A,-,12,21453,A,N,D,C,A,A,H,-,A,A,0,NA,NA,NA,NA,Y,NA,A,01,0,0,2,0,0,0,0,0,0,-,-,NA,NA,LOS ANGELES,LOS ANGELES,-118.39623005,33.95724008
8296266,2017,2017-02-14,1900,2017-01-25,1730,602372,1132,3,5,6,1992,0,0,0,NA,0,112T2,DIVISION ST,AVE J,157,N,N,A,-,N,NA,NA,NA,NA,NA,NA,NA,NA,NA,Y,4,0,1,2,A,-,09,21801,A,N,A,C,A,A,H,-,C,D,0,NA,NA,NA,NA,Y,NA,D,22,0,0,1,0,0,0,0,0,0,-,-,NA,NA,LOS ANGELES,LANCASTER,-118.13035788,34.68991037
8296268,2017,2017-02-14,1942,2017-01-13,0535,35817,1449,5,5,7,1942,0,0,0,N,0,14Z1,MINERVA AV,WASHINGTON PL,60,N,N,A,-,N,NA,NA,NA,NA,NA,NA,NA,NA,NA,Y,4,0,1,4,A,-,03,22350,NA,N,F,C,A,B,H,-,C,D,0,NA,NA,NA,NA,Y,NA,A,01,0,0,1,0,0,0,0,0,0,-,-,NA,NA,LOS ANGELES,LOS ANGELES,-118.41919957,34.00588696
8296271,2016,2017-02-09,1900,2016-12-16,1820,516547,2224,5,5,3,1994,0,0,0,NA,0,222T2,KANAN RD,AGOURA RD,800,S,N,A,-,N,NA,NA,NA,NA,NA,NA,NA,NA,NA,Y,4,0,1,2,A,-,03,22350,NA,N,B,C,A,A,H,-,C,D,0,NA,NA,NA,NA,Y,NA,D,22,0,0,1,0,0,0,0,0,0,-,-,34.14171,-118.76194,LOS ANGELES,AGOURA HILLS,-118.76175644,34.14135288
8296272,2017,2018-02-15,1942,2017-01-06,1635,31255,1479,5,5,7,1942,0,0,0,N,0,7TL38,LA TIJERA BL,THORNBURN ST,450,S,N,A,-,Y,LA,7,405,-,-,24.641,R,4,N,N,4,0,1,2,A,-,09,21801,A,N,D,C,A,A,H,-,A,A,0,NA,NA,NA,NA,Y,NA,-,-,0,0,1,0,0,0,0,0,0,-,-,NA,NA,LOS ANGELES,LOS ANGELES,-118.38319984,33.97482573
8296276,2017,2017-02-17,1942,2017-01-05,1405,32049,1452,4,5,7,1942,0,0,0,N,0,34MQ16,PACIFIC AV,HURRICANE ST,140,S,N,B,-,N,NA,NA,NA,NA,NA,NA,NA,NA,NA,N,4,0,1,2,A,-,21,22106,NA,N,C,E,A,A,H,-,A,D,0,NA,NA,NA,NA,Y,NA,D,22,0,0,1,0,0,0,0,0,0,-,-,NA,NA,LOS ANGELES,LOS ANGELES,-118.46205436,33.97512045
8296278,2016,2017-02-09,1942,2016-12-26,2235,32820,0408,1,5,7,1942,0,0,0,D,0,4A9,HUNTINGTON DR N,ROSEMEAD ST,0,NA,Y,A,-,N,NA,NA,NA,NA,NA,NA,NA,NA,NA,Y,3,0,4,2,A,-,01,23152,A,N,D,C,A,A,H,-,C,A,0,NA,NA,NA,NA,Y,Y,D,22,0,4,0,0,0,0,0,0,0,-,-,NA,NA,LOS ANGELES,LOS ANGELES,-118.17597009,34.08722005
8296286,2016,2017-02-27,1942,2016-12-27,0915,37611,0433,2,5,7,1942,0,0,0,D,0,24T27,CHICAGO ST,4TH ST,115,S,N,A,-,N,NA,NA,NA,NA,NA,NA,NA,NA,NA,Y,4,0,2,3,A,-,08,22107,NA,N,B,C,A,A,H,-,A,D,0,NA,NA,NA,NA,Y,NA,A,01,0,0,2,0,0,0,0,0,0,-,-,NA,NA,LOS ANGELES,LOS ANGELES,-118.21441234,34.04143915
8296290,2016,2017-02-23,1942,2016-12-19,0930,39417,NA,1,5,7,1942,0,0,0,NA,0,4A53,S SOTO,26TH ST,40,N,N,A,-,N,NA,NA,NA,NA,NA,NA,NA,NA,NA,Y,4,0,1,2,A,-,05,21460,A,N,B,C,A,A,H,-,A,B,0,NA,NA,NA,NA,Y,NA,-,-,0,0,1,0,0,0,0,0,0,-,-,NA,NA,LOS ANGELES,LOS ANGELES,-118.2199162,34.01451957
8296294,2016,2017-02-22,1942,2016-12-05,1845,39062,0471,1,5,7,1942,0,0,0,D,0,24T35,4TH ST,ANDERSON ST,270,E,N,A,-,N,NA,NA,NA,NA,NA,NA,NA,NA,NA,Y,3,0,2,2,A,-,08,22101,D,N,A,C,A,A,H,-,C,A,0,NA,NA,NA,Y,Y,NA,G,25,0,2,0,0,0,0,0,0,0,-,-,NA,NA,LOS ANGELES,LOS ANGELES,-118.2248,34.04248
8296296,2017,2017-06-30,1900,2017-01-28,1756,525035,1010,6,5,3,1995,0,0,0,NA,0,101T3,PACIFIC COAST HWY,DECKER CANYON RD,20,N,N,A,-,Y,LA,7,1,-,-,59.901,I,5,N,Y,4,0,1,2,A,-,09,21801,A,N,D,C,A,A,H,-,C,D,0,NA,NA,NA,NA,Y,NA,D,22,0,0,1,0,0,0,0,0,0,-,-,34.04041,-118.8853,LOS ANGELES,MALIBU,-118.89439231,34.04152625
8296299,2016,2017-03-03,1900,2016-12-29,1300,606086,1014,4,5,3,1995,0,0,0,NA,0,101,RT 1,CORRAL CANYON RD,444,S,N,A,-,Y,LA,7,1,-,-,49.81,H,-,S,N,3,0,2,3,A,-,04,21703,NA,N,C,C,A,A,H,-,A,A,0,NA,NA,Y,NA,Y,NA,C,02,0,2,0,0,0,0,0,0,2,-,-,34.03329,-118.74205,LOS ANGELES,MALIBU,-118.73256305,34.03336151
8296304,2017,2017-06-30,1900,2017-01-14,2214,530182,1016,6,5,3,1995,0,0,0,NA,0,101A,RT 1,BIG ROCK DR,4224,N,N,A,-,Y,LA,7,1,-,-,42.57,H,-,N,Y,4,0,1,2,A,-,08,21460,5,N,D,C,A,A,H,-,C,D,0,NA,NA,NA,Y,Y,NA,F,26,0,0,1,0,0,0,0,0,0,-,-,NA,NA,LOS ANGELES,MALIBU,-118.60930632,34.03698869
8296319,2016,2017-02-09,1900,2016-12-22,1259,487849,2262,4,5,2,1993,0,0,0,NA,0,226T1,LINDERO CANYON RD,RUSSELL RANCH RD,250,S,N,A,-,N,NA,NA,NA,NA,NA,NA,NA,NA,NA,N,4,0,1,2,A,-,04,21703,NA,N,C,C,A,A,H,-,A,A,0,NA,NA,NA,NA,Y,NA,D,22,0,0,1,0,0,0,0,0,0,-,-,NA,NA,LOS ANGELES,WESTLAKE VILLAGE,-118.80209233,34.15198171
8296321,2017,2017-02-14,1942,2017-01-15,0735,27259,0379,7,5,7,1942,0,0,0,C,0,3TL5,MARTIN LUTHER KING BL,NORMANDIE AV,0,NA,Y,B,-,N,NA,NA,NA,NA,NA,NA,NA,NA,NA,Y,3,0,6,3,A,-,01,23152,A,N,D,C,A,A,H,-,A,A,0,NA,NA,NA,NA,Y,Y,D,22,0,2,4,0,0,0,0,0,0,-,-,NA,NA,LOS ANGELES,LOS ANGELES,-118.30018003,34.01087009
8296322,2016,2017-02-08,1942,2016-11-25,2045,25132,398,5,5,7,1942,0,0,0,NA,0,3A1,HOOVER ST,VERNON AV,0,NA,Y,A,-,N,NA,NA,NA,NA,NA,NA,NA,NA,NA,Y,3,0,1,2,A,-,09,21801,A,F,D,C,A,A,H,-,C,A,0,NA,NA,NA,NA,Y,NA,-,99,0,1,0,0,0,0,0,0,0,-,-,NA,NA,LOS ANGELES,LOS ANGELES,-118.28717,34.00372005