CASE_ID,ACCIDENT_YEAR,PROC_DATE,JURIS,COLLISION_DATE,COLLISION_TIME,OFFICER_ID,REPORTING_DISTRICT,DAY_OF_WEEK,CHP_SHIFT,POPULATION,CNTY_CITY_LOC,SPECIAL_COND,BEAT_TYPE,CHP_BEAT_TYPE,CITY_DIVISION_LAPD,CHP_BEAT_CLASS,BEAT_NUMBER,PRIMARY_RD,SECONDARY_RD,DISTANCE,DIRECTION,INTERSECTION,WEATHER_1,WEATHER_2,STATE_HWY_IND,CALTRANS_COUNTY,CALTRANS_DISTRICT,STATE_ROUTE,ROUTE_SUFFIX,POSTMILE_PREFIX,POSTMILE,LOCATION_TYPE,RAMP_INTERSECTION,SIDE_OF_HWY,TOW_AWAY,COLLISION_SEVERITY,NUMBER_KILLED,NUMBER_INJURED,PARTY_COUNT,PRIMARY_COLL_FACTOR,PCF_CODE_OF_VIOL,PCF_VIOL_CATEGORY,PCF_VIOLATION,PCF_VIOL_SUBSECTION,HIT_AND_RUN,TYPE_OF_COLLISION,MVIW,PED_ACTION,ROAD_SURFACE,ROAD_COND_1,ROAD_COND_2,LIGHTING,CONTROL_DEVICE,CHP_ROAD_TYPE,PEDESTRIAN_ACCIDENT,BICYCLE_ACCIDENT,MOTORCYCLE_ACCIDENT,TRUCK_ACCIDENT,NOT_PRIVATE_PROPERTY,ALCOHOL_INVOLVED,STWD_VEHTYPE_AT_FAULT,CHP_VEHTYPE_AT_FAULT,COUNT_SEVERE_INJ,COUNT_VISIBLE_INJ,COUNT_COMPLAINT_PAIN,COUNT_PED_KILLED,COUNT_PED_INJURED,COUNT_BICYCLIST_KILLED,COUNT_BICYCLIST_INJURED,COUNT_MC_KILLED,COUNT_MC_INJURED,PRIMARY_RAMP,SECONDARY_RAMP,LATITUDE,LONGITUDE,COUNTY,CITY,POINT_X,POINT_Y
8297388,2016,2017-02-14,1942,2016-12-11,0010,42582,2044,7,5,7,1942,0,0,0,NA,0,2DA45,JAMES M WOOD BL,IROLO ST,0,NA,Y,A,-,N,NA,NA,NA,NA,NA,NA,NA,NA,NA,Y,4,0,2,2,A,-,12,21453,A,F,D,C,A,A,H,-,C,A,0,NA,NA,NA,NA,Y,NA,-,99,0,0,2,0,0,0,0,0,0,-,-,NA,NA,LOS ANGELES,LOS ANGELES,-118.30089,34.05589
8297390,2016,2017-02-22,1942,2016-12-09,1200,42013,1802,5,5,7,1942,0,0,0,R,0,18A63,MANCHESTER BL,FIGUEROA ST,30,E,N,A,-,N,NA,NA,NA,NA,NA,NA,NA,NA,NA,N,4,0,1,3,A,-,03,22350,NA,N,C,C,A,A,H,-,A,A,0,NA,NA,NA,NA,Y,NA,A,07,0,0,1,0,0,0,0,0,0,-,-,NA,NA,LOS ANGELES,LOS ANGELES,-118.28263127,33.96006127
8297391,2016,2017-02-23,1942,2016-12-28,1505,41376,1457,3,5,7,1942,0,0,0,N,0,20TL56,CULVER BL,CENTINELA AV,0,NA,Y,A,-,N,NA,NA,NA,NA,NA,NA,NA,NA,NA,N,4,0,1,2,A,-,10,21950,NA,N,G,B,B,A,H,-,A,A,0,Y,NA,NA,NA,Y,NA,A,07,0,0,1,0,1,0,0,0,0,-,-,NA,NA,LOS ANGELES,LOS ANGELES,-118.42121008,33.99125005
8297392,2016,2017-02-14,1942,2016-12-04,1720,39058,2071,7,5,7,1942,0,0,0,NA,0,20TL56,PICO BL,MANHATTAN PL,105,W,N,A,-,N,NA,NA,NA,NA,NA,NA,NA,NA,NA,N,4,0,2,3,A,-,03,22350,NA,F,C,C,A,A,H,-,C,A,0,NA,NA,NA,NA,Y,NA,-,99,0,0,2,0,0,0,0,0,0,-,-,NA,NA,LOS ANGELES,LOS ANGELES,-118.31050595,34.0472
8297394,2016,2017-03-01,1942,2016-12-15,1530,40530,0773,4,5,7,1942,0,0,0,G,0,7A33,REDONDO BL,PICKFORD ST,0,NA,Y,A,-,N,NA,NA,NA,NA,NA,NA,NA,NA,NA,Y,4,0,1,2,A,-,09,21802,A,N,D,C,A,A,H,-,A,A,0,NA,NA,NA,NA,Y,NA,A,01,0,0,1,0,0,0,0,0,0,-,-,NA,NA,LOS ANGELES,LOS ANGELES,-118.35127002,34.04362009
8297395,2016,2017-03-01,1942,2016-12-09,0910,25481,1406,5,5,7,1942,0,0,0,N,0,14MQ78,VENICE BL,KEYSTONE AV,60,W,N,A,-,N,NA,NA,NA,NA,NA,NA,NA,NA,NA,Y,4,0,1,2,A,-,09,21804,NA,N,D,C,A,A,H,-,A,D,0,NA,NA,NA,NA,Y,NA,A,01,0,0,1,0,0,0,0,0,0,-,-,NA,NA,LOS ANGELES,LOS ANGELES,-118.40630678,34.0191817
8297396,2016,2017-02-14,1942,2016-12-15,2205,34235,2,4,5,7,1942,0,0,0,NA,0,1494,WORLD WY,POST WY,15,W,N,C,-,N,NA,NA,NA,NA,NA,NA,NA,NA,NA,N,4,0,1,2,A,-,11,21954,A,N,G,B,D,B,H,-,C,D,0,Y,NA,NA,NA,Y,NA,N,60,0,0,1,0,1,0,0,0,0,-,-,NA,NA,LOS ANGELES,LOS ANGELES,-118.396972,33.9435
8297398,2016,2017-02-23,1942,2016-12-16,1715,41761,0739,5,5,7,1942,0,0,0,G,0,7EL6W7,LUCERNE BL,WILSHIRE BL,0,NA,Y,A,-,N,NA,NA,NA,NA,NA,NA,NA,NA,NA,N,4,0,1,2,A,-,12,21453,A,N,D,G,A,A,D,-,C,A,0,NA,Y,NA,NA,Y,NA,A,01,0,0,1,0,0,0,1,0,0,-,-,NA,NA,LOS ANGELES,LOS ANGELES,-118.32437013,34.06184009
8297399,2016,2017-02-23,1942,2016-12-23,2025,33419,1494,5,5,7,1942,0,0,0,N,0,14ZL94,SEPULVEDA BL,CENTURY BL,0,NA,Y,C,-,N,NA,NA,NA,NA,NA,NA,NA,NA,NA,Y,4,0,3,2,A,-,12,21453,A,N,D,C,A,B,H,-,C,A,0,NA,NA,NA,NA,Y,NA,A,08,0,0,3,0,0,0,0,0,0,-,-,NA,NA,LOS ANGELES,LOS ANGELES,-118.39634005,33.94555003
8297400,2016,2017-02-14,1942,2016-12-02,0245,37839,1488,5,5,7,1942,0,0,0,N,0,14A73,96TH ST,BELFORD AV,60,W,N,A,-,N,NA,NA,NA,NA,NA,NA,NA,NA,NA,Y,2,0,1,2,A,-,03,22350,NA,N,C,E,A,A,H,-,C,D,0,NA,NA,NA,NA,Y,Y,A,07,1,0,0,0,0,0,0,0,0,-,-,NA,NA,LOS ANGELES,LOS ANGELES,-118.38423743,33.94943641
8297401,2016,2017-02-22,1942,2016-12-14,2005,35393,1822,3,5,7,1942,0,0,0,R,0,3T5,IMPERIAL HWY,MAIN ST,0,NA,Y,A,-,N,NA,NA,NA,NA,NA,NA,NA,NA,NA,Y,3,0,1,2,A,-,09,21801,A,F,D,C,A,A,H,-,C,A,0,NA,NA,NA,NA,Y,NA,-,99,0,1,0,0,0,0,0,0,0,-,-,NA,NA,LOS ANGELES,LOS ANGELES,-118.41597012,33.93146001
8297402,2016,2017-02-23,1942,2016-12-02,0915,41130,0763,5,5,7,1942,0,0,0,G,0,7A33,FAIRFAX AV,SATURN ST,0,NA,Y,A,-,N,NA,NA,NA,NA,NA,NA,NA,NA,NA,Y,4,0,1,2,A,-,09,21802,A,N,D,C,A,A,H,-,A,A,0,NA,NA,NA,NA,Y,NA,-,NA,0,0,1,0,0,0,0,0,0,-,-,NA,NA,LOS ANGELES,LOS ANGELES,-118.3670301,34.04964004
8297403,2016,2017-02-14,1942,2016-12-29,0850,41957,1494,4,5,7,1942,0,0,0,N,0,14TL49,AVION DR,CENTURY BL,35,N,N,A,-,N,NA,NA,NA,NA,NA,NA,NA,NA,NA,N,4,0,1,2,A,-,10,21950,A,N,A,B,B,A,H,-,A,A,0,Y,NA,NA,NA,Y,NA,A,01,0,0,1,0,1,0,0,0,0,-,-,NA,NA,LOS ANGELES,LOS ANGELES,-118.39014,33.945676
8297404,2016,2017-02-14,1942,2016-12-13,2120,39212,14501,2,5,7,1942,0,0,0,N,0,14A1,GATEWAY BL,BARRINGTON AV,0,NA,Y,A,-,N,NA,NA,NA,NA,NA,NA,NA,NA,NA,Y,4,0,2,2,A,-,09,21801,A,N,A,C,A,A,H,-,C,A,0,NA,NA,NA,NA,Y,NA,A,01,0,0,2,0,0,0,0,0,0,-,-,NA,NA,LOS ANGELES,LOS ANGELES,-118.4433101,34.02856007
8297406,2016,2017-03-01,1942,2016-12-10,1450,38158,0752,6,5,7,1942,0,0,0,G,0,7X32,OLYMPIC BL,CARRILLO DR,40,W,N,A,-,N,NA,NA,NA,NA,NA,NA,NA,NA,NA,Y,3,0,4,2,A,-,09,21801,A,N,A,C,A,A,H,-,A,A,0,NA,NA,NA,NA,Y,NA,A,01,0,1,3,0,0,0,0,0,0,-,-,NA,NA,LOS ANGELES,LOS ANGELES,-118.36920035,34.05880629
8297407,2016,2017-02-14,1942,2016-12-28,1220,33191,1462,3,5,7,1942,0,0,0,N,0,14TL49,CULVER BL,NICHOLSON ST,0,NA,Y,A,-,N,NA,NA,NA,NA,NA,NA,NA,NA,NA,Y,4,0,1,2,A,-,09,21801,A,N,D,C,A,A,H,-,A,A,0,NA,NA,NA,NA,Y,NA,A,01,0,0,1,0,0,0,0,0,0,-,-,NA,NA,LOS ANGELES,LOS ANGELES,-118.44491006,33.96171006
8297410,2016,2017-03-01,1942,2016-12-07,1755,42362,0739,3,5,7,1942,0,0,0,G,0,7A76,6TH ST,MUIRFIELD RD,0,NA,Y,A,-,N,NA,NA,NA,NA,NA,NA,NA,NA,NA,Y,4,0,1,2,A,-,09,21802,A,N,D,D,A,A,H,-,B,D,0,NA,NA,Y,NA,Y,NA,A,07,0,0,1,0,0,0,0,0,1,-,-,NA,NA,LOS ANGELES,LOS ANGELES,-118.33005011,34.06397005
8297411,2016,2017-02-14,1942,2016-12-28,0750,33191,1406,3,5,7,1942,0,0,0,N,0,14TL49,KEYSTONE AV,PALMS BL,0,NA,Y,A,-,N,NA,NA,NA,NA,NA,NA,NA,NA,NA,Y,3,0,1,2,A,-,09,21802,A,N,D,C,A,A,H,-,A,D,0,NA,NA,NA,NA,Y,NA,A,07,0,1,0,0,0,0,0,0,0,-,-,NA,NA,LOS ANGELES,LOS ANGELES,-118.41070009,34.0252601
8297414,2016,2017-02-23,1942,2016-12-08,1805,41087,0724,4,5,7,1942,0,0,0,G,0,7A33,BEVERLY BL,N OGDEN DR,102,E,N,A,-,N,NA,NA,NA,NA,NA,NA,NA,NA,NA,N,4,0,1,3,A,-,12,21453,A,N,C,C,A,A,H,-,C,A,0,NA,NA,NA,NA,Y,NA,A,01,0,0,1,0,0,0,0,0,0,-,-,NA,NA,LOS ANGELES,LOS ANGELES,-118.35908382,34.0761232
8297415,2016,2017-02-14,1942,2016-12-15,0315,42528,LOS A,4,5,7,1942,0,0,0,NA,0,1469,LA CIENEGA BL,INDUSTRIAL AV,0,NA,Y,E,-,N,NA,NA,NA,NA,NA,NA,NA,NA,NA,Y,2,0,1,1,A,-,03,22350,NA,N,E,I,A,A,H,-,C,A,0,NA,NA,NA,NA,Y,NA,A,01,1,0,0,0,0,0,0,0,0,-,-,NA,NA,LOS ANGELES,LOS ANGELES,-118.37017009,33.96849009
8297418,2016,2017-02-23,1942,2016-12-13,1800,42515,0858,2,5,7,1942,0,0,0,H,0,8A59W3,PICO BL,ROBERTSON BL,10,S,N,A,-,N,NA,NA,NA,NA,NA,NA,NA,NA,NA,N,4,0,1,2,A,-,10,21950,A,N,G,B,B,B,H,-,C,A,0,Y,NA,NA,NA,Y,NA,A,01,0,0,1,0,1,0,0,0,0,-,-,NA,NA,LOS ANGELES,LOS ANGELES,-118.38368773,34.05477444
8297419,2016,2017-02-14,1942,2016-12-27,1440,41048,1487,2,5,7,1942,0,0,0,N,0,14A73,MANCHESTER AV,SEPULVEDA BL,0,NA,Y,A,-,N,NA,NA,NA,NA,NA,NA,NA,NA,NA,N,4,0,1,2,A,-,09,21801,A,N,D,C,A,A,H,-,A,A,0,NA,NA,NA,NA,Y,NA,A,01,0,0,1,0,0,0,0,0,0,-,-,NA,NA,LOS ANGELES,LOS ANGELES,-118.39623006,33.95992008
8297420,2016,2017-03-21,1942,2016-12-11,1940,41072,2013,7,5,7,1942,0,0,0,NA,0,20A45,SERRANO AV,2ND ST,30,S,N,A,-,N,NA,NA,NA,NA,NA,NA,NA,NA,NA,N,4,0,3,2,A,-,03,22350,NA,F,C,C,A,A,H,-,C,D,0,NA,NA,NA,NA,Y,NA,-,99,0,0,3,0,0,0,0,0,0,-,-,NA,NA,LOS ANGELES,LOS ANGELES,-118.30673826,34.07105774
8297422,2016,2017-02-23,1942,2016-12-17,1450,32667,1255,6,5,7,1942,0,0,0,L,0,12L80,VERMONT AV,85TH ST,20,S,N,A,-,N,NA,NA,NA,NA,NA,NA,NA,NA,NA,N,4,0,1,2,A,-,11,21956,A,N,G,B,D,A,H,-,A,D,0,Y,NA,NA,NA,Y,NA,N,60,0,0,1,0,1,0,0,0,0,-,-,NA,NA,LOS ANGELES,LOS ANGELES,NA,NA
8297423,2016,2017-02-14,1942,2016-12-09,1840,40157,1453,5,5,7,1942,0,0,0,N,0,20T59,ALLA RD,IDA AV,113,S,N,A,-,N,NA,NA,NA,NA,NA,NA,NA,NA,NA,Y,3,0,1,3,A,-,08,22107,NA,N,C,C,A,A,H,-,C,D,0,NA,NA,NA,NA,Y,NA,A,01,0,1,0,0,0,0,0,0,0,-,-,NA,NA,LOS ANGELES,LOS ANGELES,-118.43759182,33.99237512
8297424,2016,2017-02-14,1942,2016-12-19,1600,42567,1432,1,5,7,1942,0,0,0,N,0,14A11,SUPERBA AV,LINDEN,5,W,N,A,-,N,NA,NA,NA,NA,NA,NA,NA,NA,NA,Y,3,0,1,1,C,-,18,NA,NA,N,A,I,A,A,H,-,A,A,0,NA,NA,NA,NA,Y,NA,-,-,0,1,0,0,0,0,0,0,0,-,-,NA,NA,LOS ANGELES,LOS ANGELES,-118.45881792,33.99475798
8297425,2016,2017-03-22,1942,2016-12-21,1500,41963,1211,3,5,7,1942,0,0,0,L,0,3A55,54TH ST,CRENSHAW BL,0,NA,Y,C,-,N,NA,NA,NA,NA,NA,NA,NA,NA,NA,N,4,0,1,2,A,-,05,21650,NA,N,A,C,A,B,H,-,A,A,0,NA,NA,NA,NA,Y,NA,A,01,0,0,1,0,0,0,0,0,0,-,-,NA,NA,LOS ANGELES,LOS ANGELES,-118.33089013,33.99312002
8297426,2016,2017-02-23,1942,2016-12-23,1605,36255,1454,5,5,7,1942,0,0,0,N,0,14A58,MAXELLA AV,GLENCOE AV,0,NA,Y,B,-,N,NA,NA,NA,NA,NA,NA,NA,NA,NA,N,4,0,2,2,A,-,21,22106,NA,N,D,C,A,B,H,-,A,D,0,NA,NA,NA,NA,Y,NA,A,01,0,0,2,0,0,0,0,0,0,-,-,NA,NA,LOS ANGELES,LOS ANGELES,-118.44031005,33.98722008
8297427,2016,2017-02-27,1942,2016-12-12,1800,39058,1474,1,5,7,1942,0,0,0,N,0,20TL56,LINCOLN BL,LMU DR,0,NA,Y,A,-,N,NA,NA,NA,NA,NA,NA,NA,NA,NA,N,4,0,1,2,A,-,12,21453,A,N,A,C,A,A,H,-,C,A,0,NA,NA,Y,NA,Y,NA,C,02,0,0,1,0,0,0,0,0,1,-,-,NA,NA,LOS ANGELES,LOS ANGELES,-118.42474006,33.96553009
8297428,2016,2017-02-15,1942,2016-12-21,1615,31255,1426,3,5,7,1942,0,0,0,N,0,14TL52,NATIONAL BL,SAWTELLE BL,70,E,N,A,-,N,NA,NA,NA,NA,NA,NA,NA,NA,NA,N,4,0,1,2,A,-,03,22350,A,N,C,C,A,A,H,-,A,D,0,NA,NA,NA,NA,Y,NA,A,01,0,0,1,0,0,0,0,0,0,-,-,NA,NA,LOS ANGELES,LOS ANGELES,-118.43121786,34.02634241
8297429,2016,2017-02-22,1942,2016-12-30,2350,42550,1826,5,5,7,1942,0,0,0,R,0,5A59,COMPTON AV,96TH ST,0,NA,Y,C,-,N,NA,NA,NA,NA,NA,NA,NA,NA,NA,N,4,0,1,2,A,-,03,22350,NA,F,C,C,A,B,H,-,C,D,0,NA,NA,NA,NA,Y,NA,-,99,0,0,1,0,0,0,0,0,0,-,-,NA,NA,LOS ANGELES,LOS ANGELES,-118.2462001,33.94900004
8297430,2016,2017-02-23,1942,2016-12-15,2315,42538,1454,4,5,7,1942,0,0,0,N,0,14A49,LINCOLN BL,FIJI WY,200,N,N,C,E,N,NA,NA,NA,NA,NA,NA,NA,NA,NA,Y,4,0,1,1,A,-,03,22350,NA,N,E,I,A,B,H,-,C,A,0,NA,NA,NA,NA,Y,NA,A,01,0,0,1,0,0,0,0,0,0,-,-,NA,NA,LOS ANGELES,LOS ANGELES,-118.43712877,33.97883682
8297431,2016,2017-02-14,1942,2016-12-27,2200,40157,1409,2,5,7,1942,0,0,0,N,0,6T7,VENICE BL,CULVER BL,44,W,N,A,-,N,NA,NA,NA,NA,NA,NA,NA,NA,NA,N,3,0,1,2,A,-,11,21456,B,N,G,B,B,A,H,-,C,A,0,Y,NA,NA,NA,Y,Y,N,60,0,1,0,0,1,0,0,0,0,-,-,NA,NA,LOS ANGELES,LOS ANGELES,-118.39259073,34.02688321
8297432,2016,2017-02-14,1942,2016-12-06,0500,42528,1469,2,5,7,1942,0,0,0,N,0,14A67,LA CIENEGA BL,FAIRVIEW BL,0,NA,Y,B,-,N,NA,NA,NA,NA,NA,NA,NA,NA,NA,Y,4,0,1,1,A,-,03,22350,NA,N,E,I,A,B,F,-,C,A,0,NA,NA,NA,NA,Y,NA,A,07,0,0,1,0,0,0,0,0,0,-,-,NA,NA,LOS ANGELES,LOS ANGELES,-118.37034008,33.97990004
8297433,2016,2017-02-22,1942,2016-12-13,2225,41921,1837,2,5,7,1942,0,0,0,R,0,12T41,WILMINGTON AV,109TH PL,24,N,N,A,-,N,NA,NA,NA,NA,NA,NA,NA,NA,NA,N,4,0,1,2,A,-,05,21650,NA,F,A,G,A,A,H,-,C,D,0,NA,Y,NA,NA,Y,NA,L,04,0,0,1,0,0,0,1,0,0,-,-,NA,NA,LOS ANGELES,LOS ANGELES,-118.23903927,33.93626582
8297434,2016,2017-03-01,1942,2016-12-21,1230,42572,0755,3,5,7,1942,0,0,0,G,0,7A55,SAN VICENTE BL,HAUSER BL,0,NA,Y,C,-,N,NA,NA,NA,NA,NA,NA,NA,NA,NA,Y,3,0,1,2,A,-,09,21801,A,N,D,C,A,B,H,-,A,A,0,NA,NA,NA,NA,Y,NA,A,01,0,1,0,0,0,0,0,0,0,-,-,NA,NA,LOS ANGELES,LOS ANGELES,-118.35476001,34.05394008
8297435,2016,2017-02-14,1942,2016-12-16,0620,39854,2099,5,5,7,1942,0,0,0,NA,0,20A71,20TH ST,MAGNOLIA AV,100,E,N,C,-,N,NA,NA,NA,NA,NA,NA,NA,NA,NA,N,4,0,1,2,A,-,00,21952,A,F,G,B,B,B,H,-,A,A,0,Y,NA,NA,NA,Y,NA,-,99,0,0,1,0,1,0,0,0,0,-,-,NA,NA,LOS ANGELES,LOS ANGELES,-118.28672057,34.03818
8297436,2016,2017-02-15,1942,2016-12-16,0830,41957,144,5,5,7,1942,0,0,0,N,0,6T7,LINCOLN BL,JEFFERSON WY,405,N,N,B,-,N,NA,NA,NA,NA,NA,NA,NA,NA,NA,Y,4,0,1,2,A,-,09,21801,A,N,D,C,A,B,H,-,A,D,0,NA,NA,NA,NA,Y,NA,A,01,0,0,1,0,0,0,0,0,0,-,-,NA,NA,LOS ANGELES,LOS ANGELES,-118.44638154,33.98897153
8297437,2016,2017-02-22,1942,2016-12-13,2000,41917,1837,2,5,7,1942,0,0,0,R,0,12T73,COMPTON AV,103RD ST,23,N,N,A,-,N,NA,NA,NA,NA,NA,NA,NA,NA,NA,N,3,0,1,2,A,-,09,21801,A,F,D,G,A,A,H,-,C,A,0,NA,Y,NA,NA,Y,NA,-,99,0,1,0,0,0,0,1,0,0,-,-,NA,NA,LOS ANGELES,LOS ANGELES,-118.24621,33.94329308
8297438,2016,2017-03-01,1942,2016-12-31,2340,25495,0711,6,5,7,1942,0,0,0,G,0,2T23,LA CIENEGA BL,BEVERLY BL,30,N,N,B,-,N,NA,NA,NA,NA,NA,NA,NA,NA,NA,Y,4,0,1,2,A,-,03,22350,NA,N,C,C,A,B,H,-,C,D,0,NA,NA,NA,NA,Y,NA,-,-,0,0,1,0,0,0,0,0,0,-,-,NA,NA,LOS ANGELES,LOS ANGELES,-118.37661,34.07614228
8297439,2016,2017-02-14,1942,2016-12-17,1700,37700,1412,6,5,7,1942,0,0,0,N,0,14TL52,WESTMINSTER AV,SPEEDWAY AV,13,E,N,A,-,N,NA,NA,NA,NA,NA,NA,NA,NA,NA,N,3,0,1,2,A,-,11,21954,A,N,G,B,E,A,H,-,A,D,0,Y,NA,NA,NA,Y,NA,N,60,0,1,0,0,1,0,0,0,0,-,-,NA,NA,LOS ANGELES,LOS ANGELES,-118.47465645,33.98873215
8297440,2016,2017-02-15,1942,2016-12-13,1725,39303,1441,2,5,7,1942,0,0,0,N,0,14A11,VENICE BL,OCEAN AV,0,NA,Y,A,-,N,NA,NA,NA,NA,NA,NA,NA,NA,NA,N,2,0,2,3,A,-,10,21950,A,N,A,B,B,A,H,-,C,A,0,Y,NA,NA,NA,Y,NA,A,01,1,1,0,0,2,0,0,0,0,-,-,NA,NA,LOS ANGELES,LOS ANGELES,-118.46525003000001,33.98727009
8297441,2016,2017-02-15,1942,2016-12-21,1540,40806,2071,3,5,7,1942,0,0,0,NA,0,20A53,PICO BL,ARLINGTON AV,0,NA,Y,B,-,N,NA,NA,NA,NA,NA,NA,NA,NA,NA,N,2,0,1,2,A,-,10,21950,A,F,G,B,B,A,H,-,A,A,0,Y,NA,NA,NA,Y,NA,-,99,1,0,0,0,1,0,0,0,0,-,-,NA,NA,LOS ANGELES,LOS ANGELES,-118.31761007,34.04718004
8297443,2017,2017-02-22,1942,2017-01-24,1610,40824,0833,2,5,7,1942,0,0,0,H,0,7A53,MIDVALE AV,OHIO AV,0,NA,Y,A,-,N,NA,NA,NA,NA,NA,NA,NA,NA,NA,Y,4,0,1,3,A,-,04,21703,NA,N,C,C,A,A,H,-,A,D,0,NA,NA,NA,NA,Y,NA,A,01,0,0,1,0,0,0,0,0,0,-,-,NA,NA,LOS ANGELES,LOS ANGELES,-118.44157011,34.05356004
8297444,2017,2017-02-17,1955,2017-01-24,0628,41138,0086,2,5,6,1955,0,0,0,NA,0,004,PHILLIPS BL,PACKARD DR,164,W,N,A,-,N,NA,NA,NA,NA,NA,NA,NA,NA,NA,Y,4,0,1,2,A,-,08,22107,NA,N,C,E,A,A,H,-,A,A,0,NA,NA,NA,NA,Y,NA,A,01,0,0,1,0,0,0,0,0,0,-,-,NA,NA,LOS ANGELES,POMONA,-117.73895966,34.04445413
8297445,2016,2017-02-15,1942,2016-12-29,2330,39212,1444,4,5,7,1942,0,0,0,N,0,14A49,LINCOLN BL,JEFFERSON WY,200,N,N,A,-,N,NA,NA,NA,NA,NA,NA,NA,NA,NA,N,4,0,1,2,A,-,09,21804,A,N,B,C,A,A,H,-,C,-,0,NA,NA,NA,NA,Y,NA,A,01,0,0,1,0,0,0,0,0,0,-,-,NA,NA,LOS ANGELES,LOS ANGELES,-118.44597259,33.98852415
8297447,2017,2017-02-22,1942,2017-01-13,0735,41957,0842,5,5,7,1942,0,0,0,H,0,6T7,WILSHIRE BL,BARRY AV,0,NA,Y,A,-,N,NA,NA,NA,NA,NA,NA,NA,NA,NA,Y,4,0,4,3,A,-,09,21801,A,N,D,C,A,A,H,-,A,D,0,NA,NA,NA,NA,Y,NA,A,01,0,0,4,0,0,0,0,0,0,-,-,NA,NA,LOS ANGELES,LOS ANGELES,-118.4600801,34.05014002
8297448,2017,2017-03-02,1955,2017-01-31,1139,30381,0097,2,5,6,1955,0,0,0,NA,0,004,RESERVOIR ST,MISSION BL,0,NA,Y,A,-,N,NA,NA,NA,NA,NA,NA,NA,NA,NA,N,4,0,2,2,A,-,08,22107,NA,N,D,C,A,A,H,-,A,A,0,NA,NA,NA,NA,Y,NA,A,01,0,0,2,0,0,0,0,0,0,-,-,NA,NA,LOS ANGELES,POMONA,-117.73261011,34.05554009
8297449,2016,2017-02-17,1942,2016-12-13,1935,42528,LOS A,2,5,7,1942,0,0,0,NA,0,1467,SEPULVEDA BL,77TH ST,0,NA,Y,A,-,N,NA,NA,NA,NA,NA,NA,NA,NA,NA,N,4,0,1,2,A,-,09,21801,A,N,D,C,A,A,H,-,C,A,0,NA,NA,NA,NA,Y,NA,A,01,0,0,1,0,0,0,0,0,0,-,-,NA,NA,LOS ANGELES,LOS ANGELES,-118.394938,33.971686
8297451,2017,2017-02-15,1942,2017-01-08,1425,41907,0847,7,5,7,1942,0,0,0,H,0,8X48,BEVERLY GLEN BL,OLYMPIC,150,S,N,A,-,N,NA,NA,NA,NA,NA,NA,NA,NA,NA,N,4,0,1,2,A,-,21,22106,NA,N,B,C,A,A,H,-,A,D,0,NA,NA,NA,NA,Y,NA,-,NA,0,0,1,0,0,0,0,0,0,-,-,NA,NA,LOS ANGELES,LOS ANGELES,-118.42027537,34.05000362
8297452,2017,2017-02-17,1955,2017-01-24,0607,40348,0054,2,5,6,1955,0,0,0,NA,0,001,HOLT AV,DUDLEY ST,0,NA,Y,B,-,N,NA,NA,NA,NA,NA,NA,NA,NA,NA,N,4,0,2,2,A,-,08,22102,NA,N,D,C,A,B,H,-,C,D,0,NA,NA,NA,NA,Y,NA,A,01,0,0,2,0,0,0,0,0,0,-,-,NA,NA,LOS ANGELES,POMONA,-117.77667003,34.06172002
8297453,2016,2017-02-15,1942,2016-12-15,2200,41679,1457,4,5,7,1942,0,0,0,N,0,14A73-,CENTINELA AV,CULVER BL,0,NA,Y,C,-,N,NA,NA,NA,NA,NA,NA,NA,NA,NA,N,4,0,1,2,A,-,09,21801,A,N,D,G,A,B,H,-,C,A,0,NA,Y,NA,NA,Y,NA,A,07,0,0,1,0,0,0,1,0,0,-,-,NA,NA,LOS ANGELES,LOS ANGELES,-118.42121008,33.99125005
8297455,2017,2017-02-15,1942,2017-01-21,1100,33232,857,6,5,7,1942,0,0,0,NA,0,8A53,PICO BL,EDRIS DR,75,W,N,A,-,N,NA,NA,NA,NA,NA,NA,NA,NA,NA,N,3,0,1,1,A,-,03,22350,NA,N,H,J,A,A,H,-,A,A,0,NA,NA,Y,NA,Y,NA,C,02,0,1,0,0,0,0,0,0,1,-,-,NA,NA,LOS ANGELES,LOS ANGELES,-118.39827316,34.05513316
8297456,2017,2017-02-17,1955,2017-01-31,0738,40348,0060,2,5,6,1955,0,0,0,NA,0,001,TEMPLE AV,VALLEY BL,5,N,N,A,-,N,NA,NA,NA,NA,NA,NA,NA,NA,NA,N,4,0,2,3,A,-,03,22350,NA,N,C,C,A,A,H,-,A,D,0,NA,NA,NA,NA,Y,NA,A,01,0,0,2,0,0,0,0,0,0,-,-,NA,NA,LOS ANGELES,POMONA,-117.81236471,34.04842616
8297457,2016,2017-02-15,1942,2016-12-02,0410,40402,143,5,5,7,1942,0,0,0,N,0,14A27,VENICE BL,ABBOTT KINNEY,1050,E,N,A,-,N,NA,NA,NA,NA,NA,NA,NA,NA,NA,Y,4,0,1,1,A,-,03,22350,NA,N,B,I,A,A,H,-,C,D,0,NA,NA,NA,NA,Y,NA,A,01,0,0,1,0,0,0,0,0,0,-,-,NA,NA,LOS ANGELES,LOS ANGELES,-118.45965102,33.99067614
8297458,2017,2017-02-15,1942,2017-01-03,1845,41704,1249,2,5,7,1942,0,0,0,L,0,12TL73,FIGUEROA ST,FLORENCE,5,E,N,A,-,N,NA,NA,NA,NA,NA,NA,NA,NA,NA,N,4,0,1,2,A,-,11,21456,B,N,D,B,B,A,H,-,C,A,0,Y,NA,NA,NA,Y,NA,N,60,0,0,1,0,1,0,0,0,0,-,-,NA,NA,LOS ANGELES,LOS ANGELES,-118.2827,33.97466