CASE_ID,ACCIDENT_YEAR,PROC_DATE,JURIS,COLLISION_DATE,COLLISION_TIME,OFFICER_ID,REPORTING_DISTRICT,DAY_OF_WEEK,CHP_SHIFT,POPULATION,CNTY_CITY_LOC,SPECIAL_COND,BEAT_TYPE,CHP_BEAT_TYPE,CITY_DIVISION_LAPD,CHP_BEAT_CLASS,BEAT_NUMBER,PRIMARY_RD,SECONDARY_RD,DISTANCE,DIRECTION,INTERSECTION,WEATHER_1,WEATHER_2,STATE_HWY_IND,CALTRANS_COUNTY,CALTRANS_DISTRICT,STATE_ROUTE,ROUTE_SUFFIX,POSTMILE_PREFIX,POSTMILE,LOCATION_TYPE,RAMP_INTERSECTION,SIDE_OF_HWY,TOW_AWAY,COLLISION_SEVERITY,NUMBER_KILLED,NUMBER_INJURED,PARTY_COUNT,PRIMARY_COLL_FACTOR,PCF_CODE_OF_VIOL,PCF_VIOL_CATEGORY,PCF_VIOLATION,PCF_VIOL_SUBSECTION,HIT_AND_RUN,TYPE_OF_COLLISION,MVIW,PED_ACTION,ROAD_SURFACE,ROAD_COND_1,ROAD_COND_2,LIGHTING,CONTROL_DEVICE,CHP_ROAD_TYPE,PEDESTRIAN_ACCIDENT,BICYCLE_ACCIDENT,MOTORCYCLE_ACCIDENT,TRUCK_ACCIDENT,NOT_PRIVATE_PROPERTY,ALCOHOL_INVOLVED,STWD_VEHTYPE_AT_FAULT,CHP_VEHTYPE_AT_FAULT,COUNT_SEVERE_INJ,COUNT_VISIBLE_INJ,COUNT_COMPLAINT_PAIN,COUNT_PED_KILLED,COUNT_PED_INJURED,COUNT_BICYCLIST_KILLED,COUNT_BICYCLIST_INJURED,COUNT_MC_KILLED,COUNT_MC_INJURED,PRIMARY_RAMP,SECONDARY_RAMP,LATITUDE,LONGITUDE,COUNTY,CITY,POINT_X,POINT_Y
8302164,2017,2017-02-14,1942,2017-01-16,2155,41662,0657,1,5,7,1942,0,0,0,F,0,6A67,SANTA MONICA BL,SAINT ANDREWS PL,20,E,N,A,-,N,NA,NA,NA,NA,NA,NA,NA,NA,NA,N,4,0,3,3,A,-,05,21651,B,N,B,C,A,A,H,-,C,A,0,NA,NA,NA,NA,Y,NA,A,01,0,0,3,0,0,0,0,0,0,-,-,NA,NA,LOS ANGELES,LOS ANGELES,-118.31132409,34.09076132
8302166,2016,2017-03-29,1942,2016-12-22,1855,37765,0515,4,5,7,1942,0,0,0,E,0,5A58,PACIFIC COAST HWY,NEPTUNE AV,0,NA,Y,A,-,Y,LA,7,1,-,-,10.901,I,5,S,Y,3,0,1,2,A,-,09,21801,A,N,D,C,A,A,H,-,C,A,0,NA,NA,NA,NA,Y,NA,-,-,0,1,0,0,0,0,0,0,0,-,-,NA,NA,LOS ANGELES,LOS ANGELES,-118.26971807,33.79077153
8302167,2017,2017-02-15,1955,2017-02-01,0756,41138,0085,3,5,6,1955,0,0,0,NA,0,004,PHILLIPS BL,GAREY AV,162,E,N,A,-,N,NA,NA,NA,NA,NA,NA,NA,NA,NA,Y,4,0,1,2,A,-,03,22350,NA,N,C,C,A,A,H,-,A,A,0,NA,NA,NA,NA,Y,NA,A,01,0,0,1,0,0,0,0,0,0,-,-,NA,NA,LOS ANGELES,POMONA,-117.74972,34.04421
8302168,2017,2017-02-14,1942,2017-01-02,1145,39022,0676,1,5,7,1942,0,0,0,F,0,20TL56,CAHUENGA BL,MELROSE AV,3,N,N,B,-,N,NA,NA,NA,NA,NA,NA,NA,NA,NA,N,4,0,1,2,A,-,05,21650,1,F,H,G,A,A,H,-,A,A,0,NA,Y,NA,NA,Y,NA,L,04,0,0,1,0,0,0,1,0,0,-,-,NA,NA,LOS ANGELES,LOS ANGELES,-118.32877,34.08348823
8302170,2016,2017-03-07,1942,2016-12-09,1750,40726,0359,5,5,7,1942,0,0,0,C,0,24T56,MARTIN LUTHER KING BL,FLOWER DR,70,E,N,A,-,Y,LA,7,110,-,-,19.361,R,4,S,N,4,0,1,2,A,-,09,21801,A,F,D,C,A,A,H,-,C,A,0,NA,NA,NA,NA,Y,NA,-,99,0,0,1,0,0,0,0,0,0,-,-,NA,NA,LOS ANGELES,LOS ANGELES,-118.2811411,34.0093935
8302172,2017,2017-02-17,1942,2017-01-12,0745,40671,0645,4,5,7,1942,0,0,0,F,0,6X28,OUTPOST,FRANKLIN,0,NA,Y,B,C,N,NA,NA,NA,NA,NA,NA,NA,NA,NA,Y,3,0,1,2,-,-,-,NA,NA,N,D,C,A,B,H,-,A,A,0,NA,NA,NA,NA,Y,NA,-,-,0,1,0,0,0,0,0,0,0,-,-,NA,NA,LOS ANGELES,LOS ANGELES,-118.34389005,34.10414005
8302174,2016,2017-03-07,1944,2016-12-11,1722,353,M22,7,5,4,1944,0,0,0,NA,0,001,N SEPULVEDA BL,6TH ST,70,S,N,A,-,Y,LA,7,1,-,-,22.571,I,5,N,Y,4,0,1,3,A,-,09,21804,A,M,D,D,A,A,H,-,C,D,0,NA,NA,NA,NA,Y,NA,A,01,0,0,1,0,0,0,0,0,0,-,-,NA,NA,LOS ANGELES,MANHATTAN BEACH,-118.39593804,33.88264539
8302176,2017,2017-02-17,1942,2017-01-01,1930,40831,0645,7,5,7,1942,0,0,0,F,0,6FB19,LA BREA AV,HOLLYWOOD BL,0,NA,Y,A,-,N,NA,NA,NA,NA,NA,NA,NA,NA,NA,N,3,0,1,2,A,-,07,21658,A,N,B,C,A,A,H,-,C,D,0,NA,NA,Y,NA,Y,NA,A,01,0,1,0,0,0,0,0,0,1,-,-,NA,NA,LOS ANGELES,LOS ANGELES,-118.34522004,34.10160011
8302178,2016,2017-03-07,1942,2016-12-03,1040,39022,0648,6,5,7,1942,0,0,0,F,0,20TL58,HOLLYWOOD BL,BRONSON AV,295,E,N,A,-,Y,LA,7,101,-,-,6.631,R,4,S,N,4,0,1,2,A,-,07,21658,A,F,B,C,A,A,H,-,A,D,0,NA,NA,NA,NA,Y,NA,-,99,0,0,1,0,0,0,0,0,0,-,-,NA,NA,LOS ANGELES,LOS ANGELES,-118.31782109,34.10288188
8302180,2017,2017-02-14,1942,2017-01-14,2000,39451,0645,6,5,7,1942,0,0,0,F,0,6A63W3,FRANKLIN AV,HILLCREST RD,0,NA,Y,A,-,N,NA,NA,NA,NA,NA,NA,NA,NA,NA,Y,4,0,2,2,A,-,09,21801,A,N,D,C,A,A,H,-,C,D,0,NA,NA,NA,NA,Y,NA,A,01,0,0,2,0,0,0,0,0,0,-,-,NA,NA,LOS ANGELES,LOS ANGELES,-118.33940008,34.10413006
8302183,2017,2017-02-15,1942,2017-02-03,2320,41977,0557,5,5,7,1942,0,0,0,E,0,5T21,GAFFEY ST,6TH ST,0,NA,Y,A,-,N,NA,NA,NA,NA,NA,NA,NA,NA,NA,Y,3,0,1,2,A,-,01,23152,A,N,D,C,A,A,H,-,A,D,0,NA,NA,Y,NA,Y,Y,A,01,0,1,0,0,0,0,0,0,1,-,-,NA,NA,LOS ANGELES,LOS ANGELES,-118.2923501,33.73877003
8302184,2017,2017-02-17,1942,2017-01-13,2027,42638,HWD,5,5,7,1942,0,0,0,NA,0,6A45,HOLLYWOOD BL,EL CERRITO,0,NA,Y,A,-,N,NA,NA,NA,NA,NA,NA,NA,NA,NA,Y,4,0,2,2,A,-,04,21703,NA,N,C,C,A,A,H,-,C,A,0,NA,NA,NA,NA,Y,NA,A,01,0,0,2,0,0,0,0,0,0,-,-,NA,NA,LOS ANGELES,LOS ANGELES,-118.34471012,34.10153011
8302188,2017,2017-02-14,1942,2017-01-02,1750,31255,0659,1,5,7,1942,0,0,0,F,0,17TL38,SUNSET BL,HARVARD BL,103,E,N,A,-,N,NA,NA,NA,NA,NA,NA,NA,NA,NA,Y,2,0,1,2,A,-,09,21804,A,N,D,C,A,A,H,-,A,D,0,NA,NA,Y,NA,Y,NA,A,07,1,0,0,0,0,0,0,0,1,-,-,NA,NA,LOS ANGELES,LOS ANGELES,-118.30401051,34.09812415
8302195,2017,2017-02-15,1962,2017-02-02,1832,137,1962,4,5,4,1962,0,0,0,NA,0,023,DEL MAR AV,DEL MAR AV 500,0,NA,Y,A,-,N,NA,NA,NA,NA,NA,NA,NA,NA,NA,N,4,0,1,2,B,-,22,NA,NA,N,G,B,F,A,H,-,C,D,0,Y,NA,NA,NA,Y,NA,A,08,0,0,1,0,1,0,0,0,0,-,-,NA,NA,LOS ANGELES,SAN GABRIEL,-118.099588,34.095719
8302199,2016,2017-02-21,1942,2016-12-24,1140,40237,1822,6,5,7,1942,0,0,0,R,0,12T41,BROADWAY,W 93RD ST,0,NA,Y,A,-,N,NA,NA,NA,NA,NA,NA,NA,NA,NA,N,4,0,3,2,A,-,09,21801,A,N,D,C,A,-,H,-,A,A,0,NA,NA,NA,NA,Y,NA,A,01,0,0,3,0,0,0,0,0,0,-,-,NA,NA,LOS ANGELES,LOS ANGELES,-118.2784,33.95189
8302202,2016,2017-02-22,1942,2016-11-19,2015,37724,0392,6,5,7,1942,0,0,0,C,0,3TL5,CRENSHAW BL,49TH ST,0,NA,Y,A,-,N,NA,NA,NA,NA,NA,NA,NA,NA,NA,Y,4,0,3,2,A,-,09,21801,A,N,D,C,A,A,H,-,C,A,0,NA,NA,NA,NA,Y,NA,A,01,0,0,3,0,0,0,0,0,0,-,-,NA,NA,LOS ANGELES,LOS ANGELES,NA,NA
8302203,2016,2017-02-21,1942,2016-12-21,2120,35936,1824,3,5,7,1942,0,0,0,R,0,18T23,94TH ST,MCKINLEY AV,0,NA,Y,C,-,N,NA,NA,NA,NA,NA,NA,NA,NA,NA,N,4,0,1,2,A,-,12,22450,NA,N,D,C,A,B,H,-,C,D,0,NA,NA,NA,NA,Y,NA,A,01,0,0,1,0,0,0,0,0,0,-,-,NA,NA,LOS ANGELES,LOS ANGELES,-118.26082012,33.95111007
8302206,2016,2017-02-22,1922,2016-11-23,1636,502,NA,3,5,6,1922,0,0,0,NA,0,002,MAXSON,MAXSON 3644,0,NA,Y,A,-,N,NA,NA,NA,NA,NA,NA,NA,NA,NA,N,4,0,1,2,A,-,08,22107,NA,F,B,G,A,A,H,-,A,D,0,NA,Y,NA,NA,Y,NA,L,04,0,0,1,0,0,0,1,0,0,-,-,NA,NA,LOS ANGELES,EL MONTE,-118.010935,34.069488
8302207,2016,2017-02-21,1942,2016-12-02,1440,36911,1211,5,5,7,1942,0,0,0,L,0,12T73,54TH ST,2ND AV,0,NA,Y,A,-,N,NA,NA,NA,NA,NA,NA,NA,NA,NA,Y,3,0,1,2,A,-,09,21801,A,N,D,C,A,A,H,-,A,A,0,NA,NA,NA,NA,Y,NA,A,01,0,1,0,0,0,0,0,0,0,-,-,NA,NA,LOS ANGELES,LOS ANGELES,-118.3192801,33.99320008
8302210,2016,2017-02-22,1942,2016-11-06,1450,38590,0642,7,5,7,1942,0,0,0,F,0,8TL26,HOLLYWOOD BL,OGDEN DR,100,E,N,A,-,N,NA,NA,NA,NA,NA,NA,NA,NA,NA,Y,4,0,1,3,A,-,03,22350,NA,F,C,C,A,A,H,-,A,D,0,NA,NA,NA,NA,Y,NA,-,99,0,0,1,0,0,0,0,0,0,-,-,NA,NA,LOS ANGELES,LOS ANGELES,-118.3590603,34.1017
8302211,2016,2017-02-21,1942,2016-12-10,1600,36911,1245,6,5,7,1942,0,0,0,L,0,3R57,GAGE AV,DENKER AV,0,NA,Y,B,-,N,NA,NA,NA,NA,NA,NA,NA,NA,NA,N,4,0,2,2,A,-,12,21453,A,N,D,C,A,A,H,-,A,A,0,NA,NA,NA,NA,Y,NA,A,08,0,0,2,0,0,0,0,0,0,-,-,NA,NA,LOS ANGELES,LOS ANGELES,-118.30460005,33.98236011
8302214,2016,2017-02-22,1942,2016-11-29,1845,4130,0336,2,5,7,1942,0,0,0,C,0,NA,SAINT ANDREWS PL,30TH ST,30,S,N,A,-,N,NA,NA,NA,NA,NA,NA,NA,NA,NA,Y,3,0,1,2,A,-,03,22350,NA,N,B,E,A,A,H,-,D,-,0,NA,NA,NA,NA,Y,NA,A,07,0,1,0,0,0,0,0,0,0,-,-,NA,NA,LOS ANGELES,LOS ANGELES,-118.31202821,34.02730773
8302215,2016,2017-02-21,1942,2016-12-02,1830,41921,1218,5,5,7,1942,0,0,0,L,0,18T23,HOOVER ST,55TH ST,0,NA,Y,A,-,N,NA,NA,NA,NA,NA,NA,NA,NA,NA,N,4,0,2,4,A,-,09,21801,A,N,D,C,A,A,H,-,C,D,0,NA,NA,NA,NA,Y,NA,A,01,0,0,2,0,0,0,0,0,0,-,-,NA,NA,LOS ANGELES,LOS ANGELES,-118.28714004,33.99233003
8302218,2016,2017-02-22,1942,2016-11-17,0740,33599,0399,4,5,7,1942,0,0,0,C,0,3TL5,VERNON AV,FLOWER ST,0,NA,Y,A,-,N,NA,NA,NA,NA,NA,NA,NA,NA,NA,N,4,0,1,2,A,-,05,21650,1,N,H,G,A,A,H,-,A,D,0,NA,Y,NA,NA,Y,NA,L,04,0,0,1,0,0,0,1,0,0,-,-,NA,NA,LOS ANGELES,LOS ANGELES,-118.28157012,34.00376002
8302219,2016,2017-02-23,1942,2016-12-12,0615,31288,1256,1,5,7,1942,0,0,0,L,0,12T41,FLORENCE AV,BROADWAY,33,W,N,A,-,N,NA,NA,NA,NA,NA,NA,NA,NA,NA,Y,4,0,1,2,A,-,12,21453,A,F,D,C,A,A,H,-,A,A,0,NA,NA,NA,NA,Y,NA,-,99,0,0,1,0,0,0,0,0,0,-,-,NA,NA,LOS ANGELES,LOS ANGELES,-118.27843863,33.97466
8302222,2016,2017-02-22,1942,2016-11-30,1244,41927,0397,3,5,7,1942,0,0,0,C,0,3T57,41ST PL,DALTON AV,108,W,N,A,-,N,NA,NA,NA,NA,NA,NA,NA,NA,NA,Y,4,0,1,3,A,-,03,22350,NA,N,B,E,A,A,H,-,A,D,0,NA,NA,NA,NA,Y,NA,A,01,0,0,1,0,0,0,0,0,0,-,-,NA,NA,LOS ANGELES,LOS ANGELES,-118.30380565,34.00845326
8302223,2016,2017-02-21,1942,2016-12-04,2120,41925,0329,7,5,7,1942,0,0,0,C,0,12T41,FIGUEROA ST,27TH ST,0,NA,Y,A,-,N,NA,NA,NA,NA,NA,NA,NA,NA,NA,N,3,0,1,2,A,-,04,21703,NA,N,D,C,A,A,H,-,C,D,0,NA,NA,Y,NA,Y,NA,C,02,0,1,0,0,0,0,0,0,1,-,-,NA,NA,LOS ANGELES,LOS ANGELES,-118.27670003,34.02710002
8302226,2016,2017-02-22,1942,2016-11-24,1450,40529,1245,4,5,7,1942,0,0,0,L,0,5T21,VERMONT AV,FLORENCE,54,N,N,A,-,N,NA,NA,NA,NA,NA,NA,NA,NA,NA,Y,4,0,1,2,A,-,00,21801,D,N,A,C,A,A,H,-,A,A,0,NA,NA,NA,NA,Y,NA,A,01,0,0,1,0,0,0,0,0,0,-,-,NA,NA,LOS ANGELES,LOS ANGELES,-118.29174,33.9747781
8302227,2016,2017-02-21,1942,2016-12-28,1335,40956,0521,3,5,7,1942,0,0,0,E,0,5X64W4,GAFFEY ST,WESTMONT DR,100,S,N,A,-,N,NA,NA,NA,NA,NA,NA,NA,NA,NA,N,3,0,2,2,A,-,08,22107,NA,N,B,G,A,A,H,-,A,D,0,NA,Y,NA,NA,Y,NA,L,04,0,1,1,0,0,0,1,0,0,-,-,NA,NA,LOS ANGELES,LOS ANGELES,-118.29337169,33.76364872
8302230,2016,2017-02-22,1942,2016-11-03,1400,37966,0632,4,5,7,1942,0,0,0,F,0,6TL4,MONTEEL RD,SELMA AV,0,NA,Y,A,-,N,NA,NA,NA,NA,NA,NA,NA,NA,NA,N,4,0,1,2,A,-,21,22106,NA,F,G,B,E,A,H,-,A,D,0,Y,NA,NA,NA,Y,NA,-,99,0,0,1,0,1,0,0,0,0,-,-,NA,NA,LOS ANGELES,LOS ANGELES,-118.36690008,34.09884002
8302231,2016,2017-02-21,1942,2016-12-21,1940,35936,1842,3,5,7,1942,0,0,0,R,0,18T23,IMPERIAL HWY,MAIN ST,500,W,N,C,-,N,NA,NA,NA,NA,NA,NA,NA,NA,NA,N,4,0,1,2,A,-,03,22350,NA,N,C,C,A,B,H,-,C,D,0,NA,NA,NA,NA,Y,NA,A,01,0,0,1,0,0,0,0,0,0,-,-,NA,NA,LOS ANGELES,LOS ANGELES,-118.41761531,33.93146002
8302234,2016,2017-02-22,1942,2016-11-11,1550,38405,0663,5,5,7,1942,0,0,0,F,0,6A31,SYCAMORE AV,LEXINGTON,0,NA,Y,A,-,N,NA,NA,NA,NA,NA,NA,NA,NA,NA,N,4,0,1,2,A,-,08,22107,NA,F,B,G,A,A,H,-,A,D,0,NA,Y,NA,NA,Y,Y,-,99,0,0,1,0,0,0,1,0,0,-,-,NA,NA,LOS ANGELES,LOS ANGELES,-118.34282007,34.09258011
8302235,2016,2017-02-21,1942,2016-12-20,1915,36911,1863,2,5,7,1942,0,0,0,R,0,5TL25,SAN PEDRO ST,120TH ST,0,NA,Y,B,-,N,NA,NA,NA,NA,NA,NA,NA,NA,NA,N,3,0,1,2,A,-,09,21801,A,N,D,C,A,A,H,-,C,A,0,NA,NA,NA,NA,Y,NA,A,01,0,1,0,0,0,0,0,0,0,-,-,NA,NA,LOS ANGELES,LOS ANGELES,-118.26958013,33.92371007
8302238,2016,2017-02-22,1942,2016-11-11,0045,25495,0632,5,5,7,1942,0,0,0,F,0,7T23,SUNSET BL,SELMA AV,30,NA,N,A,-,N,NA,NA,NA,NA,NA,NA,NA,NA,NA,Y,4,0,1,2,A,-,03,22350,NA,F,G,B,E,A,H,-,C,D,0,Y,NA,NA,NA,Y,NA,A,01,0,0,1,0,1,0,0,0,0,-,-,NA,NA,LOS ANGELES,LOS ANGELES,-118.36672001,34.09796009
8302239,2016,2017-02-21,1942,2016-12-20,2045,41977,1804,2,5,7,1942,0,0,0,R,0,5T21,CENTRAL AV,87TH ST,0,NA,Y,A,-,N,NA,NA,NA,NA,NA,NA,NA,NA,NA,Y,4,0,4,2,A,-,09,21802,A,N,B,C,A,A,H,-,C,A,0,NA,NA,NA,NA,Y,NA,A,01,0,0,4,0,0,0,0,0,0,-,-,NA,NA,LOS ANGELES,LOS ANGELES,-118.25641011,33.95929001
8302271,2017,2017-02-22,1942,2017-01-13,2350,41633,0898,5,5,7,1942,0,0,0,H,0,8A95,CADILLAC AV,S HALM AV,20,W,N,A,-,N,NA,NA,NA,NA,NA,NA,NA,NA,NA,Y,3,0,1,4,A,-,01,23152,A,N,B,E,A,A,H,-,C,D,0,NA,NA,NA,NA,Y,Y,A,01,0,1,0,0,0,0,0,0,0,-,-,NA,NA,LOS ANGELES,LOS ANGELES,-118.3821727,34.03960688
8302340,2017,2017-02-13,1942,2017-01-22,0500,42552,0782,7,5,7,1942,0,0,0,G,0,7A85,DAUPHIN AV,S ERNEST,400,S,N,C,-,N,NA,NA,NA,NA,NA,NA,NA,NA,NA,Y,4,0,1,1,A,-,03,22350,NA,N,A,I,A,B,F,G,C,D,0,NA,NA,NA,NA,Y,NA,-,NA,0,0,1,0,0,0,0,0,0,-,-,NA,NA,LOS ANGELES,LOS ANGELES,-118.37426,34.03451
8302352,2017,2017-02-13,1942,2017-01-02,2000,42069,0312,1,5,7,1942,0,0,0,C,0,3A99,ADAMS BL,REDONDO AV,0,NA,Y,A,-,N,NA,NA,NA,NA,NA,NA,NA,NA,NA,N,4,0,1,2,A,-,10,21950,A,N,G,B,B,A,H,-,C,A,0,Y,NA,NA,NA,Y,NA,A,01,0,0,1,0,1,0,0,0,0,-,-,NA,NA,LOS ANGELES,LOS ANGELES,-118.35625009,34.03250001
8302360,2017,2017-03-15,1942,2017-01-04,0950,40869,0394,3,5,7,1942,0,0,0,C,0,5TL21,42ND ST,6TH AV,0,NA,Y,A,-,N,NA,NA,NA,NA,NA,NA,NA,NA,NA,N,4,0,1,2,A,-,09,21802,A,M,D,E,A,A,H,-,A,A,0,NA,NA,NA,NA,Y,NA,-,99,0,0,1,0,0,0,0,0,0,-,-,NA,NA,LOS ANGELES,LOS ANGELES,-118.32395002,34.00729001
8302372,2017,2017-02-13,1942,2017-01-03,1650,42357,0311,2,5,7,1942,0,0,0,C,0,3A19,ADAMS BL,FAIRFAX AV,40,E,N,A,-,N,NA,NA,NA,NA,NA,NA,NA,NA,NA,N,4,0,1,2,A,-,09,21801,A,M,C,C,A,A,H,-,B,A,0,NA,NA,NA,NA,Y,Y,-,99,0,0,1,0,0,0,0,0,0,-,-,NA,NA,LOS ANGELES,LOS ANGELES,-118.37064826,34.03244249
8302429,2017,2017-02-16,1942,2017-01-10,1800,42443,0397,2,5,7,1942,0,0,0,C,0,3A62,MARTIN LUTHER KING BL,NORMANDIE AV,0,NA,Y,A,-,N,NA,NA,NA,NA,NA,NA,NA,NA,NA,N,4,0,1,3,A,-,09,21801,A,N,D,C,A,A,H,-,C,A,0,NA,NA,NA,NA,Y,NA,A,01,0,0,1,0,0,0,0,0,0,-,-,NA,NA,LOS ANGELES,LOS ANGELES,-118.30018003,34.01087009
8302449,2017,2017-02-27,1942,2017-01-03,0630,38503,0308,2,5,7,1942,0,0,0,C,0,12T41,HOOVER ST,25TH ST,3,E,N,B,-,N,NA,NA,NA,NA,NA,NA,NA,NA,NA,N,4,0,1,2,A,-,10,21950,A,F,D,B,-,A,H,-,B,A,0,Y,NA,NA,NA,Y,NA,-,99,0,0,1,0,1,0,0,0,0,-,-,NA,NA,LOS ANGELES,LOS ANGELES,-118.284,34.03359
8302453,2017,2018-02-15,1900,2017-01-30,0600,524795,2116,1,5,5,1943,0,0,0,NA,0,212T4,LONG BEACH BL,RT 105,0,NA,Y,A,-,Y,LA,7,105,-,R,11.372,R,4,W,Y,3,0,2,2,D,-,00,NA,NA,N,D,C,A,A,H,-,C,A,0,NA,NA,NA,NA,Y,NA,-,-,0,1,1,0,0,0,0,0,0,-,-,NA,NA,LOS ANGELES,LYNWOOD,-118.21265878,33.92629504
8302457,2017,2017-02-16,1942,2017-01-19,0855,26217,0321,4,5,7,1942,0,0,0,C,0,3TL3,RODEO RD,CLOVERDALE,0,NA,Y,B,-,N,NA,NA,NA,NA,NA,NA,NA,NA,NA,Y,4,0,2,2,A,-,12,21453,A,N,D,C,A,A,H,-,A,A,0,NA,NA,NA,NA,Y,NA,A,01,0,0,2,0,0,0,0,0,0,-,-,NA,NA,LOS ANGELES,LOS ANGELES,-118.36083011,34.02153011
8302459,2017,2018-04-23,1923,2017-01-08,1733,445,E213,7,5,3,1923,0,0,0,NA,0,NA,EL SEGUNDO BL,SEPULVEDA BL,61,E,N,A,-,Y,LA,7,1,-,-,24.911,I,6,N,N,4,0,1,2,A,-,03,22350,NA,N,C,C,A,A,H,-,C,A,0,NA,NA,NA,Y,Y,NA,F,25,0,0,1,0,0,0,0,0,0,-,-,33.91637,-118.39599,LOS ANGELES,EL SEGUNDO,-118.39587829,33.91637015
8302461,2017,2017-03-16,1942,2017-01-05,2220,41536,0517,4,5,7,1942,0,0,0,E,0,3T5,PACIFIC COAST HWY,NEPTUNE AV,0,NA,Y,-,-,N,NA,NA,NA,NA,NA,NA,NA,NA,NA,N,3,0,1,2,A,-,01,23152,A,N,-,C,A,A,H,-,C,-,0,NA,NA,NA,NA,Y,NA,A,01,0,1,0,0,0,0,0,0,0,-,-,NA,NA,LOS ANGELES,LOS ANGELES,-118.26973001,33.79082008
8302465,2017,2017-02-16,1942,2017-01-14,2045,42550,0526,6,5,7,1942,0,0,0,E,0,5A59,AVALON BL,M ST,90,S,N,A,-,N,NA,NA,NA,NA,NA,NA,NA,NA,NA,N,4,0,1,2,A,-,03,22350,NA,N,C,E,A,A,H,-,C,D,0,NA,NA,NA,NA,Y,NA,A,01,0,0,1,0,0,0,0,0,0,-,-,NA,NA,LOS ANGELES,LOS ANGELES,-118.26311948,33.78858377
8302469,2017,2017-02-16,1942,2017-01-29,1915,41927,0396,7,5,7,1942,0,0,0,C,0,3T57,VERNON AV,VERMONT AV,200,W,N,A,-,N,NA,NA,NA,NA,NA,NA,NA,NA,NA,Y,4,0,2,2,A,-,09,21801,A,N,D,C,A,A,H,-,C,D,0,NA,NA,NA,NA,Y,Y,A,07,0,0,2,0,0,0,0,0,0,-,-,NA,NA,LOS ANGELES,LOS ANGELES,-118.2922286,34.00368
8302473,2017,2017-02-16,1900,2017-01-25,1655,526358,2116,3,5,5,1943,0,0,0,NA,0,212T3,STATE ST,LOUISE ST,0,NA,Y,A,-,N,NA,NA,NA,NA,NA,NA,NA,NA,NA,N,4,0,1,2,B,-,22,NA,NA,N,D,C,A,A,H,-,A,D,0,NA,NA,NA,NA,Y,NA,M,96,0,0,1,0,0,0,0,0,0,-,-,NA,NA,LOS ANGELES,LYNWOOD,-118.21815012,33.92443011
8302477,2017,2017-09-05,1900,2017-01-21,1952,602241,NA,6,5,5,1943,0,0,0,NA,0,212T3,IMPERIAL HWY,CALIFORNIA AV,30,E,N,A,-,N,NA,NA,NA,NA,NA,NA,NA,NA,NA,Y,4,0,3,2,A,-,01,23152,A,N,A,C,A,A,H,-,C,A,0,NA,NA,NA,NA,Y,Y,A,01,0,0,3,0,0,0,0,0,0,-,-,NA,NA,LOS ANGELES,LYNWOOD,-118.20861168,33.93068285
8302482,2017,2017-06-29,1942,2017-01-07,1740,25385,0516,6,5,7,1942,0,0,0,E,0,5TL27,PACIFIC COAST HWY,FRIES AV,0,NA,Y,A,-,Y,LA,7,1,-,-,10.672,I,5,N,N,2,0,1,2,A,-,11,21954,A,N,G,B,D,A,H,-,C,A,0,Y,NA,NA,NA,Y,NA,N,60,1,0,0,0,1,0,0,0,0,-,-,NA,NA,LOS ANGELES,LOS ANGELES,-118.2657634,33.79108086
8302486,2017,2017-06-30,1942,2017-01-23,0835,31674,0514,1,5,7,1942,0,0,0,E,0,5TL21,PACIFIC COAST HWY,FIGUEROA ST,200,E,N,B,-,Y,LA,7,1,-,-,11.52,H,-,N,N,4,0,1,2,A,-,04,21703,NA,N,C,C,A,B,H,-,A,A,0,NA,NA,NA,NA,Y,NA,A,01,0,0,1,0,0,0,0,0,0,-,-,NA,NA,LOS ANGELES,LOS ANGELES,-118.28058128,33.79048553
8302490,2017,2017-06-27,1905,2017-01-20,1355,2019,121,5,5,4,1905,0,0,0,NA,0,061,EAST 1ST ST,ALAMEDA AV,0,NA,Y,C,-,Y,LA,7,210,-,R,39.619,R,4,W,N,4,0,1,2,A,-,09,21801,A,N,D,C,A,B,H,-,A,A,0,NA,NA,NA,NA,Y,NA,A,01,0,0,1,0,0,0,0,0,0,-,-,34.12161,-117.90632,LOS ANGELES,AZUSA,-117.90730614,34.12069488
8302494,2017,2018-01-06,1942,2017-01-25,1615,40315,0899,3,5,7,1942,0,0,0,H,0,8TL26,VENICE BL,NATIONAL BL,141,W,N,A,-,Y,LA,7,187,-,-,7.9,H,-,E,N,3,0,1,1,C,-,18,NA,NA,N,H,I,A,A,H,-,A,D,0,NA,Y,NA,NA,Y,NA,-,-,0,1,0,0,0,0,1,0,0,-,-,NA,NA,LOS ANGELES,LOS ANGELES,-118.3884307,34.02907953
8302498,2017,2017-06-29,1942,2017-01-31,2040,40024,0872,2,5,7,1942,0,0,0,H,0,14T47,PACIFIC COAST HWY,CHAUTAUQUA BL,0,NA,Y,A,-,Y,LA,7,1,-,-,11.38,H,-,S,Y,3,0,4,3,A,-,03,22350,NA,N,E,I,A,A,H,-,C,A,0,NA,NA,NA,NA,Y,NA,A,07,0,1,3,0,0,0,0,0,0,-,-,NA,NA,LOS ANGELES,LOS ANGELES,-118.27812305,33.79032783
8302504,2016,2017-02-22,1942,2016-12-18,1730,41940,0332,7,5,7,1942,0,0,0,C,0,3A99,ADAMS,WEST BL,13,E,N,A,-,N,NA,NA,NA,NA,NA,NA,NA,NA,NA,N,2,0,1,2,A,-,11,21955,NA,N,G,B,D,A,A,-,C,A,0,Y,NA,NA,NA,Y,NA,N,60,1,0,0,0,1,0,0,0,0,-,-,NA,NA,LOS ANGELES,LOS ANGELES,-118.34161718,34.03256038