CASE_ID,ACCIDENT_YEAR,PROC_DATE,JURIS,COLLISION_DATE,COLLISION_TIME,OFFICER_ID,REPORTING_DISTRICT,DAY_OF_WEEK,CHP_SHIFT,POPULATION,CNTY_CITY_LOC,SPECIAL_COND,BEAT_TYPE,CHP_BEAT_TYPE,CITY_DIVISION_LAPD,CHP_BEAT_CLASS,BEAT_NUMBER,PRIMARY_RD,SECONDARY_RD,DISTANCE,DIRECTION,INTERSECTION,WEATHER_1,WEATHER_2,STATE_HWY_IND,CALTRANS_COUNTY,CALTRANS_DISTRICT,STATE_ROUTE,ROUTE_SUFFIX,POSTMILE_PREFIX,POSTMILE,LOCATION_TYPE,RAMP_INTERSECTION,SIDE_OF_HWY,TOW_AWAY,COLLISION_SEVERITY,NUMBER_KILLED,NUMBER_INJURED,PARTY_COUNT,PRIMARY_COLL_FACTOR,PCF_CODE_OF_VIOL,PCF_VIOL_CATEGORY,PCF_VIOLATION,PCF_VIOL_SUBSECTION,HIT_AND_RUN,TYPE_OF_COLLISION,MVIW,PED_ACTION,ROAD_SURFACE,ROAD_COND_1,ROAD_COND_2,LIGHTING,CONTROL_DEVICE,CHP_ROAD_TYPE,PEDESTRIAN_ACCIDENT,BICYCLE_ACCIDENT,MOTORCYCLE_ACCIDENT,TRUCK_ACCIDENT,NOT_PRIVATE_PROPERTY,ALCOHOL_INVOLVED,STWD_VEHTYPE_AT_FAULT,CHP_VEHTYPE_AT_FAULT,COUNT_SEVERE_INJ,COUNT_VISIBLE_INJ,COUNT_COMPLAINT_PAIN,COUNT_PED_KILLED,COUNT_PED_INJURED,COUNT_BICYCLIST_KILLED,COUNT_BICYCLIST_INJURED,COUNT_MC_KILLED,COUNT_MC_INJURED,PRIMARY_RAMP,SECONDARY_RAMP,LATITUDE,LONGITUDE,COUNTY,CITY,POINT_X,POINT_Y
8303552,2016,2017-02-27,1942,2016-12-21,1355,40693,1371,3,5,7,1942,0,0,0,M,0,13A85,BROADWAY AV,67TH ST,0,NA,Y,B,C,N,NA,NA,NA,NA,NA,NA,NA,NA,NA,N,4,0,3,2,A,-,09,21803,A,N,D,C,A,B,-,-,A,A,0,NA,NA,NA,NA,Y,NA,-,NA,0,0,3,0,0,0,0,0,0,-,-,NA,NA,LOS ANGELES,LOS ANGELES,-118.27830013,33.97900008
8303555,2016,2017-05-08,1942,2016-12-26,1620,39759,0235,1,5,7,1942,0,0,0,B,0,24T51,ALVARADO ST,BELLEVUE AV,138,S,N,A,-,Y,LA,7,101,-,-,2.977,R,4,N,N,4,0,3,2,A,-,08,22100,B,N,D,C,A,A,H,-,A,D,0,NA,NA,NA,NA,Y,NA,A,01,0,0,3,0,0,0,0,0,0,-,-,NA,NA,LOS ANGELES,LOS ANGELES,-118.26857637,34.0728222
8303559,2016,2017-02-08,1942,2016-12-18,1940,41952,0269,7,5,7,1942,0,0,0,B,0,242,UNION AV,7TH ST,0,NA,Y,A,-,N,NA,NA,NA,NA,NA,NA,NA,NA,NA,N,4,0,2,2,A,-,12,21453,A,N,D,D,A,A,H,-,C,A,0,NA,NA,NA,Y,Y,NA,F,26,0,0,2,0,0,0,0,0,0,-,-,NA,NA,LOS ANGELES,LOS ANGELES,-118.27117012,34.05393006
8303560,2016,2017-02-09,1942,2016-12-24,0610,38357,1371,6,5,7,1942,0,0,0,M,0,24TL29,56TH ST,BROADWAY,6,W,N,A,-,N,NA,NA,NA,NA,NA,NA,NA,NA,NA,Y,4,0,1,2,A,-,10,21950,A,N,G,B,B,B,H,-,B,D,0,Y,NA,NA,NA,Y,NA,D,22,0,0,1,0,1,0,0,0,0,-,-,NA,NA,LOS ANGELES,LOS ANGELES,-118.27833975,33.99148011
8303563,2016,2017-02-15,1942,2016-12-27,1815,34344,0205,2,5,7,1942,0,0,0,B,0,2A91,SUNSET BL,RENO ST,0,NA,Y,A,-,N,NA,NA,NA,NA,NA,NA,NA,NA,NA,N,4,0,1,1,B,-,22,NA,NA,N,A,I,A,A,H,-,C,D,0,NA,NA,NA,NA,Y,NA,-,NA,0,0,1,0,0,0,0,0,0,-,-,NA,NA,LOS ANGELES,LOS ANGELES,-118.27376004,34.08337004
8303564,2016,2017-02-09,1942,2016-12-19,1725,39759,1383,1,5,7,1942,0,0,0,M,0,24T51,SLAUSON AV,BROADWAY,77,NA,N,A,-,N,NA,NA,NA,NA,NA,NA,NA,NA,NA,N,4,0,2,3,A,-,08,22107,NA,N,B,C,A,A,H,-,C,D,0,NA,NA,NA,NA,Y,NA,A,01,0,0,2,0,0,0,0,0,0,-,-,NA,NA,LOS ANGELES,LOS ANGELES,-118.27830003,33.98918012
8303568,2016,2017-02-09,1942,2016-12-19,2135,41489,1343,1,5,7,1942,0,0,0,M,0,1461W3,AVALON BL,MARTIN LUTHER KING BL,50,N,N,A,-,N,NA,NA,NA,NA,NA,NA,NA,NA,NA,Y,4,0,1,2,A,-,01,23152,A,N,C,C,A,A,H,-,C,D,0,NA,NA,NA,Y,Y,Y,A,01,0,0,1,0,0,0,0,0,0,-,-,NA,NA,LOS ANGELES,LOS ANGELES,-118.26526,34.01119713
8303571,2016,2017-02-27,1942,2016-12-18,1650,34735,265,7,5,7,1942,0,0,0,NA,0,4A72,ALVARADO ST,7TH ST,0,NA,Y,A,-,N,NA,NA,NA,NA,NA,NA,NA,NA,NA,N,4,0,2,2,A,-,08,22100,A,F,B,C,A,A,H,-,C,A,0,NA,NA,NA,NA,Y,NA,-,NA,0,0,2,0,0,0,0,0,0,-,-,NA,NA,LOS ANGELES,LOS ANGELES,-118.27681,34.05648
8303572,2016,2017-02-22,1942,2016-11-15,1430,40726,1383,2,5,7,1942,0,0,0,M,0,24T51,SLAUSON AV,BRENTWOOD ST,80,E,N,A,-,N,NA,NA,NA,NA,NA,NA,NA,NA,NA,N,4,0,2,2,A,-,08,22107,NA,N,D,C,A,A,H,-,A,A,0,NA,NA,NA,NA,Y,NA,D,22,0,0,2,0,0,0,0,0,0,-,-,NA,NA,LOS ANGELES,LOS ANGELES,-118.27694665,33.98919418
8303576,2016,2017-02-08,1942,2016-12-02,0005,38050,1353,5,5,7,1942,0,0,0,M,0,24TL33,VERNON AV,MCKINLEY AV,467,W,N,A,-,N,NA,NA,NA,NA,NA,NA,NA,NA,NA,Y,2,0,6,9,A,-,01,23152,A,N,C,E,E,A,H,-,C,D,0,Y,NA,NA,NA,Y,Y,A,01,1,4,1,0,2,0,0,0,0,-,-,NA,NA,LOS ANGELES,LOS ANGELES,-118.26243778,34.00389446
8303579,2016,2017-02-08,1942,2016-12-15,0810,36238,1325,4,5,7,1942,0,0,0,M,0,24TL25,NAOMI AV,ADAMS BL,0,NA,Y,A,-,N,NA,NA,NA,NA,NA,NA,NA,NA,NA,Y,4,0,1,2,A,-,09,21802,A,N,D,C,A,A,H,-,A,D,0,NA,NA,NA,NA,Y,NA,A,01,0,0,1,0,0,0,0,0,0,-,-,NA,NA,LOS ANGELES,LOS ANGELES,-118.25249011,34.01765004
8303580,2016,2017-02-16,1942,2016-12-15,0605,40514,NA,4,5,7,1942,0,0,0,NA,0,NA,9TH ST,FIGUEROA,0,NA,Y,A,-,N,NA,NA,NA,NA,NA,NA,NA,NA,NA,N,3,0,1,2,A,-,12,21453,A,N,D,G,A,A,H,-,B,A,0,NA,Y,NA,NA,Y,NA,-,-,0,1,0,0,0,0,1,0,0,-,-,NA,NA,LOS ANGELES,LOS ANGELES,-118.26283012,34.04624009
8303584,2016,2017-02-09,1942,2016-12-17,0725,40008,1307,6,5,7,1942,0,0,0,M,0,24TL26,S CENTRAL AV,OLYMPIC BL,0,NA,Y,A,-,N,NA,NA,NA,NA,NA,NA,NA,NA,NA,Y,3,0,3,2,A,-,09,21801,A,N,A,-,A,A,H,-,A,A,0,NA,NA,NA,NA,Y,NA,A,08,0,1,2,0,0,0,0,0,0,-,-,NA,NA,LOS ANGELES,LOS ANGELES,-118.24416007,34.03204008
8303587,2016,2017-02-09,1942,2016-12-03,0730,41521,1307,6,5,7,1942,0,0,0,M,0,24T23,CERES AV,E 8TH ST,212,S,N,A,-,N,NA,NA,NA,NA,NA,NA,NA,NA,NA,N,4,0,1,2,A,-,21,22106,NA,N,E,J,E,A,H,-,A,D,0,Y,NA,NA,Y,Y,NA,G,25,0,0,1,0,1,0,0,0,0,-,-,NA,NA,LOS ANGELES,LOS ANGELES,-118.24593538,34.03503008
8303592,2016,2017-02-22,1942,2016-11-18,1530,40665,1304,5,5,7,1942,0,0,0,M,0,13A9,14TH ST,ALAMEDA ST,0,NA,Y,A,-,N,NA,NA,NA,NA,NA,NA,NA,NA,NA,N,3,0,1,2,A,-,00,20001,A,F,-,C,A,A,H,-,A,A,0,NA,NA,NA,NA,Y,Y,-,-,0,1,0,0,0,0,0,0,0,-,-,NA,NA,LOS ANGELES,LOS ANGELES,-118.23920006,34.02551011
8303595,2016,2017-02-22,1942,2016-12-05,1140,31379,1345,1,5,7,1942,0,0,0,M,0,13A13,CENTRAL AV,42ND PL,0,NA,Y,A,-,N,NA,NA,NA,NA,NA,NA,NA,NA,NA,Y,4,0,2,2,A,-,09,21802,A,N,D,C,A,A,H,-,A,D,0,NA,NA,NA,NA,Y,NA,A,01,0,0,2,0,0,0,0,0,0,-,-,NA,NA,LOS ANGELES,LOS ANGELES,-118.25650006,34.00664
8303596,2016,2017-02-09,1942,2016-12-31,1105,40008,1372,6,5,7,1942,0,0,0,M,0,24TL26,S SAN PEDRO ST,E 56TH ST,15,S,N,A,B,N,NA,NA,NA,NA,NA,NA,NA,NA,NA,N,4,0,1,2,A,-,04,21703,NA,N,C,C,A,A,H,-,A,D,0,NA,NA,NA,NA,Y,NA,D,22,0,0,1,0,0,0,0,0,0,-,-,NA,NA,LOS ANGELES,LOS ANGELES,-118.27013813,33.99150889
8303599,2016,2017-02-27,1942,2016-12-17,2000,42392,1367,6,5,7,1942,0,0,0,M,0,13A63,COMPTON AV,56TH ST,2,S,N,A,-,N,NA,NA,NA,NA,NA,NA,NA,NA,NA,N,4,0,1,2,A,-,09,21804,A,N,G,B,B,A,H,-,C,A,0,Y,NA,NA,NA,Y,NA,-,-,0,0,1,0,1,0,0,0,0,-,-,NA,NA,LOS ANGELES,LOS ANGELES,-118.24776,33.99206452
8303600,2016,2017-02-22,1942,2016-11-04,0800,41485,0885,5,5,7,1942,0,0,0,H,0,8Z1W2,OVERLAND AV,CAMDEN AV,0,NA,Y,A,-,N,NA,NA,NA,NA,NA,NA,NA,NA,NA,N,4,0,1,2,A,-,08,22107,NA,N,D,C,A,A,H,-,A,D,0,NA,NA,NA,NA,Y,NA,A,01,0,0,1,0,0,0,0,0,0,-,-,NA,NA,LOS ANGELES,LOS ANGELES,NA,NA
8303601,2016,2017-02-09,1942,2016-12-22,1405,40407,0883,4,5,7,1942,0,0,0,H,0,225,PICO,W SEPULVEDA BL,5,W,N,A,-,N,NA,NA,NA,NA,NA,NA,NA,NA,NA,NA,4,0,1,2,A,-,10,21950,A,N,G,B,B,A,H,-,A,A,0,Y,NA,NA,NA,Y,NA,D,22,0,0,1,0,1,0,0,0,0,-,-,NA,NA,LOS ANGELES,LOS ANGELES,-118.43514412,34.03698294
8303605,2016,2017-02-09,1942,2016-12-22,1725,42063,0805,4,5,7,1942,0,0,0,H,0,8X44W4,N SEPULVEDA BL,MORAGA DR,20,N,N,A,-,N,NA,NA,NA,NA,NA,NA,NA,NA,NA,NA,4,0,1,2,A,-,09,21801,NA,N,D,C,A,A,-,-,B,A,0,NA,NA,NA,NA,Y,NA,D,22,0,0,1,0,0,0,0,0,0,-,-,NA,NA,LOS ANGELES,LOS ANGELES,-118.46958701,34.07781846
8303607,2017,2017-02-14,1942,2017-01-28,2110,35433,1516,6,5,7,1942,0,0,0,O,0,19T73,BECK AV,VANOWEN ST,0,NA,Y,A,-,N,NA,NA,NA,NA,NA,NA,NA,NA,NA,N,4,0,2,2,A,-,12,21453,A,M,D,C,A,A,H,-,C,A,0,NA,NA,NA,NA,Y,NA,D,22,0,0,2,0,0,0,0,0,0,-,-,NA,NA,LOS ANGELES,LOS ANGELES,-118.38342008,34.19394007
8303609,2016,2017-11-08,1942,2016-10-14,1640,42386,0849,5,5,7,1942,0,0,0,H,0,836,S ROBERTSON BL,CHAMLERS DR,10,N,N,A,-,N,NA,NA,NA,NA,NA,NA,NA,NA,NA,Y,4,0,1,2,A,-,10,21950,A,N,C,C,A,A,H,-,A,A,0,NA,NA,NA,NA,Y,NA,A,01,0,0,1,0,0,0,0,0,0,-,-,NA,NA,LOS ANGELES,LOS ANGELES,-118.383597,34.060953
8303611,2017,2017-02-14,1942,2017-01-29,2200,34599,1918,7,5,7,1942,0,0,0,NA,0,17T17,FOOTHILL BL,SAYRE ST,523,S,N,A,-,N,NA,NA,NA,NA,NA,NA,NA,NA,NA,N,3,0,1,3,A,-,01,23152,A,N,C,C,A,A,C,-,C,A,0,NA,NA,NA,NA,Y,Y,D,22,0,1,0,0,0,0,0,0,0,-,-,NA,NA,LOS ANGELES,LOS ANGELES,-118.43250576,34.30916059
8303613,2016,2017-02-22,1942,2016-11-01,1545,33060,0853,2,5,7,1942,0,0,0,H,0,8A1,SANTA MONICA BL,BELOIT AV,0,NA,Y,A,-,N,NA,NA,NA,NA,NA,NA,NA,NA,NA,N,4,0,1,2,A,-,08,22101,D,N,C,C,A,A,H,-,A,A,0,NA,NA,NA,NA,Y,NA,D,22,0,0,1,0,0,0,0,0,0,-,-,NA,NA,LOS ANGELES,LOS ANGELES,-118.44723007,34.04680003
8303617,2016,2017-02-09,1942,2016-12-10,1415,34426,0275,6,5,7,1942,0,0,0,B,0,24T51,OLYMPIC BL,WESTLAKE AV,0,NA,Y,A,-,N,NA,NA,NA,NA,NA,NA,NA,NA,NA,N,3,0,1,2,A,-,05,21650,NA,N,B,C,A,A,H,-,A,D,0,NA,NA,NA,NA,Y,NA,M,96,0,1,0,0,0,0,0,0,0,-,-,NA,NA,LOS ANGELES,LOS ANGELES,-118.27873002,34.05121
8303621,2016,2017-02-09,1942,2016-12-15,1040,37505,0266,4,5,7,1942,0,0,0,B,0,24TL26,7TH ST,BONNIE BRAE,57,E,N,A,-,N,NA,NA,NA,NA,NA,NA,NA,NA,NA,Y,4,0,1,2,B,-,22,NA,NA,N,B,E,A,A,H,-,A,D,0,NA,NA,NA,NA,Y,Y,D,22,0,0,1,0,0,0,0,0,0,-,-,NA,NA,LOS ANGELES,LOS ANGELES,-118.27440575,34.05537419
8303627,2016,2017-02-09,1942,2016-12-21,1445,34426,0212,3,5,7,1942,0,0,0,B,0,24T51,VERMONT AV,CLINTON ST,0,NA,Y,A,-,N,NA,NA,NA,NA,NA,NA,NA,NA,NA,N,4,0,2,2,A,-,09,21801,A,N,D,C,A,A,H,-,A,A,0,NA,NA,NA,NA,Y,NA,D,22,0,0,2,0,0,0,0,0,0,-,-,NA,NA,LOS ANGELES,LOS ANGELES,-118.29172001,34.08175005
8303628,2017,2017-02-09,1942,2017-01-21,1205,38124,1373,6,5,7,1942,0,0,0,M,0,24TL28,SLAUSON AV,CENTRAL AV,590,W,N,A,-,N,NA,NA,NA,NA,NA,NA,NA,NA,NA,N,3,0,2,2,A,-,09,21804,A,N,D,C,A,A,H,-,A,D,0,NA,NA,NA,NA,Y,NA,D,22,0,2,0,0,0,0,0,0,0,-,-,NA,NA,LOS ANGELES,LOS ANGELES,-118.25840225,33.98931464
8303629,2016,2017-02-09,1942,2016-12-26,1730,26691,0212,1,5,7,1942,0,0,0,B,0,2A2,VERMONT AV,CLINTON ST,0,NA,Y,A,-,N,NA,NA,NA,NA,NA,NA,NA,NA,NA,Y,4,0,1,2,A,-,08,22107,NA,N,A,C,A,A,H,-,A,A,0,NA,NA,NA,NA,Y,NA,-,NA,0,0,1,0,0,0,0,0,0,-,-,NA,NA,LOS ANGELES,LOS ANGELES,-118.29172001,34.08175005
8303633,2016,2017-02-21,1942,2016-12-20,1750,40643,0211,2,5,7,1942,0,0,0,B,0,24T55,SANTA MONICA BL,NORMANDIE AV,0,NA,Y,A,-,N,NA,NA,NA,NA,NA,NA,NA,NA,NA,Y,4,0,3,2,A,-,12,21453,A,N,A,C,A,A,H,-,C,A,0,NA,NA,NA,Y,Y,NA,F,55,0,0,3,0,0,0,0,0,0,-,-,NA,NA,LOS ANGELES,LOS ANGELES,-118.30049007,34.09083008
8303635,2017,2017-02-09,1942,2017-01-01,0750,34458,1134,7,5,7,1942,0,0,0,K,0,24TL24,EAGLE ROCK BL,AVE 40,20,N,N,A,-,N,NA,NA,NA,NA,NA,NA,NA,NA,NA,N,4,0,1,2,A,-,03,22350,NA,F,C,C,A,A,H,-,A,A,0,NA,NA,NA,NA,Y,NA,-,99,0,0,1,0,0,0,0,0,0,-,-,NA,NA,LOS ANGELES,LOS ANGELES,-118.22877296,34.12002752
8303643,2017,2017-02-09,1965,2017-01-24,1013,3693,0B4E,2,5,5,1965,0,0,0,NA,0,B004,12TH ST,MONTANA AV,256,S,N,A,-,N,NA,NA,NA,NA,NA,NA,NA,NA,NA,N,3,0,1,3,A,-,21,22106,NA,N,B,C,A,A,H,-,A,A,0,NA,NA,NA,NA,Y,NA,A,01,0,1,0,0,0,0,0,0,0,-,-,NA,NA,LOS ANGELES,SANTA MONICA,-118.49651003,34.03014815
8303647,2017,2018-02-07,1942,2017-01-21,1015,40275,1134,6,5,7,1942,0,0,0,K,0,24TL22,SAN FERNANDO RD,S GLENDALE FWY,10,S,N,A,-,Y,LA,7,2,-,-,15.925,R,4,W,N,4,0,1,2,A,-,05,21650,1,N,A,G,A,A,H,-,A,D,0,NA,Y,NA,NA,Y,NA,L,04,0,0,1,0,0,0,1,0,0,-,-,NA,NA,LOS ANGELES,LOS ANGELES,-118.24518939,34.11277148
8303648,2016,2017-02-07,1942,2016-11-04,1750,42338,0835,5,5,7,1942,0,0,0,H,0,8A12,WESTWOOD BL,MISSISSIPPI,150,S,N,A,-,N,NA,NA,NA,NA,NA,NA,NA,NA,NA,N,3,0,1,2,A,-,09,21801,A,N,H,G,A,A,H,-,A,D,0,NA,Y,NA,NA,Y,NA,A,01,0,1,0,0,0,0,1,0,0,-,-,NA,NA,LOS ANGELES,LOS ANGELES,-118.43263132,34.04493603
8303649,2016,2017-02-09,1942,2016-12-02,1435,34426,1361,5,5,7,1942,0,0,0,M,0,24T51,MAIN ST,51ST ST,0,NA,Y,A,-,N,NA,NA,NA,NA,NA,NA,NA,NA,NA,Y,4,0,2,2,A,-,03,22350,NA,F,C,C,A,A,H,-,A,A,0,NA,NA,NA,NA,Y,NA,-,99,0,0,2,0,0,0,0,0,0,-,-,NA,NA,LOS ANGELES,LOS ANGELES,-118.27397009,33.99649007
8303659,2017,2017-02-09,1942,2017-01-28,1725,38721,0638,6,5,7,1942,0,0,0,F,0,8TL26,FRANKLIN AV,GRAMERCY PL,20,E,N,A,-,N,NA,NA,NA,NA,NA,NA,NA,NA,NA,Y,4,0,1,6,A,-,01,23152,A,N,B,E,A,A,H,-,B,D,0,NA,NA,NA,NA,Y,Y,A,07,0,0,1,0,0,0,0,0,0,-,-,NA,NA,LOS ANGELES,LOS ANGELES,-118.31252406,34.1054
8303666,2017,2017-02-14,1942,2017-01-21,0910,30734,2158,6,5,7,1942,0,0,0,NA,0,21A57,VARIEL AV,VICTORY BL,0,NA,Y,A,-,N,NA,NA,NA,NA,NA,NA,NA,NA,NA,N,4,0,2,2,A,-,03,22350,NA,N,C,C,A,A,H,-,A,A,0,NA,NA,NA,NA,Y,NA,D,22,0,0,2,0,0,0,0,0,0,-,-,NA,NA,LOS ANGELES,LOS ANGELES,-118.59276006,34.18836002
8303670,2017,2017-02-10,1942,2017-01-27,0730,40141,0901,5,5,7,1942,0,0,0,I,0,10TL39,SEPULVEDA BL,SATICOY ST,0,NA,Y,A,-,N,NA,NA,NA,NA,NA,NA,NA,NA,NA,Y,3,0,2,2,A,-,09,21801,A,N,D,C,A,A,H,-,A,A,0,NA,NA,NA,NA,Y,NA,A,01,0,1,1,0,0,0,0,0,0,-,-,NA,NA,LOS ANGELES,LOS ANGELES,-118.46621008,34.20845005
8303674,2017,2017-02-14,1942,2017-01-28,1920,39258,1663,6,5,7,1942,0,0,0,P,0,9T53,SAN FERNANDO RD,SHELDON ST,0,NA,Y,A,-,N,NA,NA,NA,NA,NA,NA,NA,NA,NA,Y,4,0,1,2,A,-,09,21801,A,N,D,C,A,A,H,-,C,A,0,NA,NA,NA,NA,Y,NA,D,22,0,0,1,0,0,0,0,0,0,-,-,NA,NA,LOS ANGELES,LOS ANGELES,-118.39371003,34.23930005
8303678,2017,2017-02-14,1942,2017-01-24,1635,40193,1729,2,5,7,1942,0,0,0,Q,0,19TL76,AMESTOY AV,SAN FERNANDO MISSION BL,0,NA,Y,A,-,N,NA,NA,NA,NA,NA,NA,NA,NA,NA,Y,4,0,1,2,A,-,09,21802,A,N,D,C,A,A,H,-,A,A,0,NA,NA,NA,NA,Y,NA,D,22,0,0,1,0,0,0,0,0,0,-,-,NA,NA,LOS ANGELES,LOS ANGELES,-118.50660004,34.27204008
8303681,2017,2018-02-07,1942,2017-01-26,2150,27792,2173,4,5,7,1942,0,0,0,NA,0,10T35,VENTURA BL,WOODLAKE AV,0,NA,Y,B,-,Y,LA,7,101,-,-,26.93,R,4,N,Y,3,0,1,2,A,-,09,21801,A,N,A,C,A,A,H,-,C,A,0,NA,NA,Y,NA,Y,NA,A,01,0,1,0,0,0,0,0,0,1,-,-,NA,NA,LOS ANGELES,LOS ANGELES,-118.63089455,34.16193765
8303683,2017,2017-02-14,1942,2017-01-28,1220,41158,1768,6,5,7,1942,0,0,0,Q,0,10TL34,PLUMMER ST,LOUISE AV,0,NA,Y,A,-,N,NA,NA,NA,NA,NA,NA,NA,NA,NA,Y,4,0,3,3,A,-,09,21801,A,N,D,C,A,A,H,-,A,A,0,NA,NA,NA,NA,Y,NA,A,01,0,0,3,0,0,0,0,0,0,-,-,NA,NA,LOS ANGELES,LOS ANGELES,-118.51117008,34.24306007
8303684,2017,2017-02-10,1965,2017-01-12,0634,3809,0B1J,4,5,5,1965,0,0,0,NA,0,B001,4TH ST,WILSHIRE BL,0,NA,Y,C,-,N,NA,NA,NA,NA,NA,NA,NA,NA,NA,N,3,0,1,2,D,-,00,NA,NA,F,G,B,B,B,H,-,C,A,0,Y,NA,NA,NA,Y,NA,-,-,0,1,0,0,1,0,0,0,0,-,-,NA,NA,LOS ANGELES,SANTA MONICA,-118.49836005,34.01908006
8303686,2017,2017-02-14,1941,2017-01-24,1753,10939,NA,2,5,7,1941,0,0,0,NA,0,NA,ATLANTIC AV,SOUTH ST,321,S,N,A,-,N,NA,NA,NA,NA,NA,NA,NA,NA,NA,Y,3,0,2,2,-,-,-,NA,NA,N,G,G,A,A,H,-,C,D,0,NA,Y,Y,NA,Y,NA,-,-,0,2,0,0,0,0,1,0,1,-,-,NA,NA,LOS ANGELES,LONG BEACH,-118.18503566,33.85919973
8303687,2017,2017-02-14,1942,2017-01-28,1320,30983,1735,6,5,7,1942,0,0,0,Q,0,10TL35,LASSEN ST,ZELZAH AV,182,E,N,A,-,N,NA,NA,NA,NA,NA,NA,NA,NA,NA,N,3,0,4,3,A,-,09,21804,A,N,D,C,A,A,H,-,A,D,0,NA,NA,NA,NA,Y,NA,A,01,0,1,3,0,0,0,0,0,0,-,-,NA,NA,LOS ANGELES,LOS ANGELES,-118.52271891,34.25038
8303688,2017,2017-02-10,1965,2017-01-10,1624,3816,0B1H,2,5,5,1965,0,0,0,NA,0,B001,COLORADO AV,2ND AV,8,N,N,B,-,N,NA,NA,NA,NA,NA,NA,NA,NA,NA,Y,3,0,2,2,A,-,10,21952,NA,N,G,B,F,A,H,-,A,D,0,Y,NA,NA,NA,Y,NA,A,01,0,2,0,0,1,0,0,0,0,-,-,NA,NA,LOS ANGELES,SANTA MONICA,-118.49390054,34.0122448
8303690,2017,2017-02-22,1941,2017-01-24,0725,5447,NA,2,5,7,1941,0,0,0,NA,0,NA,PALO VERDE,WOODRUFF,0,NA,Y,A,-,N,NA,NA,NA,NA,NA,NA,NA,NA,NA,Y,2,0,1,2,A,-,12,21453,A,N,D,C,A,A,A,-,A,A,0,NA,NA,NA,NA,Y,NA,A,NA,1,0,0,0,0,0,0,0,0,-,-,NA,NA,LOS ANGELES,LONG BEACH,-118.10793001,33.79767003
8303691,2017,2017-02-10,1942,2017-01-26,2145,31652,1999,4,5,7,1942,0,0,0,NA,0,19T73,ROSCOE BL,WOODMAN AV,370,E,N,A,-,N,NA,NA,NA,NA,NA,NA,NA,NA,NA,N,4,0,1,2,A,-,11,21954,A,N,G,B,D,A,H,-,C,D,0,Y,NA,NA,NA,Y,NA,N,60,0,0,1,0,1,0,0,0,0,-,-,NA,NA,LOS ANGELES,LOS ANGELES,-118.43152828,34.22167878
8303692,2017,2017-02-10,1965,2017-01-19,1830,3158,0B3A,4,5,5,1965,0,0,0,NA,0,B003,EUCLID ST,WILSHIRE BL,6,N,N,A,-,N,NA,NA,NA,NA,NA,NA,NA,NA,NA,N,3,0,1,2,A,-,11,21950,B,N,G,B,B,A,H,-,C,A,0,Y,NA,NA,NA,Y,NA,N,60,0,1,0,0,1,0,0,0,0,-,-,37.01727,-121.01285,LOS ANGELES,SANTA MONICA,-118.48983377,34.02603181
8303693,2017,2017-08-04,1942,2017-01-26,2240,37575,828,4,5,7,1942,0,0,0,NA,0,14T47,WILSHIRE BL,WESTHOLME,63,W,N,A,-,N,NA,NA,NA,NA,NA,NA,NA,NA,NA,Y,3,0,4,4,A,-,01,23152,A,N,C,C,A,A,H,-,C,A,0,NA,NA,NA,NA,Y,Y,A,07,0,1,3,0,0,0,0,0,0,-,-,NA,NA,LOS ANGELES,LOS ANGELES,-118.43386459,34.06141647
8303694,2017,2017-02-14,1941,2017-01-23,1553,5149,NA,1,5,7,1941,0,0,0,NA,0,NA,LONG BEACH BL,SPRING ST,110,S,N,A,-,N,NA,NA,NA,NA,NA,NA,NA,NA,NA,N,4,0,1,2,C,-,18,NA,NA,N,H,B,F,A,H,-,A,D,0,Y,NA,NA,NA,Y,NA,-,-,0,0,1,0,1,0,0,0,0,-,-,NA,NA,LOS ANGELES,LONG BEACH,-118.18948,33.81134834
8303695,2017,2017-02-14,1942,2017-01-27,0625,40388,2142,5,5,7,1942,0,0,0,NA,0,10T37,LEDERER AV,VICTORY BL,0,NA,Y,A,-,N,NA,NA,NA,NA,NA,NA,NA,NA,NA,Y,4,0,2,2,A,-,09,21802,A,N,D,C,A,A,H,-,A,A,0,NA,NA,NA,NA,Y,NA,A,01,0,0,2,0,0,0,0,0,0,-,-,NA,NA,LOS ANGELES,LOS ANGELES,-118.63921003,34.18654005
8303696,2017,2017-02-10,1965,2017-01-21,1354,3764,0B3B,6,5,5,1965,0,0,0,NA,0,B003,11TH ST,BROADWAY,12,S,N,A,-,N,NA,NA,NA,NA,NA,NA,NA,NA,NA,N,3,0,1,2,A,-,08,22101,D,N,B,G,A,A,H,-,A,A,0,NA,Y,Y,NA,Y,NA,C,03,0,1,0,0,0,0,1,0,0,-,-,NA,NA,LOS ANGELES,SANTA MONICA,-118.48698235,34.02043648
8303697,2017,2017-06-29,1942,2017-01-09,2145,37613,0861,1,5,7,1942,0,0,0,H,0,8T35,PACIFIC COAST HWY,LAS PULGAS CANYON RD,385,N,N,G,-,Y,LA,7,1,-,-,38.59,H,-,S,Y,3,0,1,2,A,-,09,21801,A,F,D,C,A,A,H,-,C,A,0,NA,NA,NA,NA,Y,NA,-,99,0,1,0,0,0,0,0,0,0,-,-,NA,NA,LOS ANGELES,LOS ANGELES,-118.54344209,34.03908446