CASE_ID,ACCIDENT_YEAR,PROC_DATE,JURIS,COLLISION_DATE,COLLISION_TIME,OFFICER_ID,REPORTING_DISTRICT,DAY_OF_WEEK,CHP_SHIFT,POPULATION,CNTY_CITY_LOC,SPECIAL_COND,BEAT_TYPE,CHP_BEAT_TYPE,CITY_DIVISION_LAPD,CHP_BEAT_CLASS,BEAT_NUMBER,PRIMARY_RD,SECONDARY_RD,DISTANCE,DIRECTION,INTERSECTION,WEATHER_1,WEATHER_2,STATE_HWY_IND,CALTRANS_COUNTY,CALTRANS_DISTRICT,STATE_ROUTE,ROUTE_SUFFIX,POSTMILE_PREFIX,POSTMILE,LOCATION_TYPE,RAMP_INTERSECTION,SIDE_OF_HWY,TOW_AWAY,COLLISION_SEVERITY,NUMBER_KILLED,NUMBER_INJURED,PARTY_COUNT,PRIMARY_COLL_FACTOR,PCF_CODE_OF_VIOL,PCF_VIOL_CATEGORY,PCF_VIOLATION,PCF_VIOL_SUBSECTION,HIT_AND_RUN,TYPE_OF_COLLISION,MVIW,PED_ACTION,ROAD_SURFACE,ROAD_COND_1,ROAD_COND_2,LIGHTING,CONTROL_DEVICE,CHP_ROAD_TYPE,PEDESTRIAN_ACCIDENT,BICYCLE_ACCIDENT,MOTORCYCLE_ACCIDENT,TRUCK_ACCIDENT,NOT_PRIVATE_PROPERTY,ALCOHOL_INVOLVED,STWD_VEHTYPE_AT_FAULT,CHP_VEHTYPE_AT_FAULT,COUNT_SEVERE_INJ,COUNT_VISIBLE_INJ,COUNT_COMPLAINT_PAIN,COUNT_PED_KILLED,COUNT_PED_INJURED,COUNT_BICYCLIST_KILLED,COUNT_BICYCLIST_INJURED,COUNT_MC_KILLED,COUNT_MC_INJURED,PRIMARY_RAMP,SECONDARY_RAMP,LATITUDE,LONGITUDE,COUNTY,CITY,POINT_X,POINT_Y
8304010,2017,2017-02-10,1941,2017-01-21,1654,10777,NA,6,5,7,1941,0,0,0,NA,0,NA,SANTA FE AV,ARLINGTON ST,150,N,N,A,-,N,NA,NA,NA,NA,NA,NA,NA,NA,NA,N,4,0,1,2,A,-,11,21954,A,N,A,B,D,A,H,-,A,A,0,Y,NA,NA,NA,Y,NA,N,NA,0,0,1,0,1,0,0,0,0,-,-,NA,NA,LOS ANGELES,LONG BEACH,-118.21552479,33.82236134
8304015,2017,2017-03-23,1941,2017-01-24,2303,5497,NA,2,5,7,1941,0,0,0,NA,0,NA,PACIFIC,27TH ST,160,N,N,A,-,N,NA,NA,NA,NA,NA,NA,NA,NA,NA,Y,3,0,1,3,A,-,03,22350,NA,N,B,C,A,A,H,-,C,D,0,NA,NA,NA,NA,Y,NA,A,NA,0,1,0,0,0,0,0,0,0,-,-,NA,NA,LOS ANGELES,LONG BEACH,-118.19371375,33.80665874
8304018,2017,2017-02-23,1941,2017-01-29,1623,10227,NA,7,5,7,1941,0,0,0,NA,0,NA,EAST 6TH ST,ATLANTIC AV,0,NA,Y,A,-,N,NA,NA,NA,NA,NA,NA,NA,NA,NA,Y,4,0,1,2,A,-,12,21453,A,N,D,C,A,A,H,-,A,A,0,NA,NA,NA,NA,Y,NA,A,NA,0,0,1,0,0,0,0,0,0,-,-,NA,NA,LOS ANGELES,LONG BEACH,-118.18505013,33.77415003
8304026,2017,2017-02-10,1941,2017-01-28,1405,10909,NA,6,5,7,1941,0,0,0,NA,0,NA,ATLANTIC AV,CARTAGENA ST,59,S,N,A,-,N,NA,NA,NA,NA,NA,NA,NA,NA,NA,Y,3,0,1,3,A,-,07,21658,A,N,C,E,A,A,H,-,A,A,0,NA,NA,NA,NA,Y,NA,A,NA,0,1,0,0,0,0,0,0,0,-,-,NA,NA,LOS ANGELES,LONG BEACH,-118.18507,33.8325182
8304027,2017,2017-03-23,1942,2017-01-24,1850,39745,1395,2,5,7,1942,0,0,0,M,0,24T36,FLORENCE AV,CENTRAL AV,13,S,N,A,-,N,NA,NA,NA,NA,NA,NA,NA,NA,NA,Y,4,0,3,3,A,-,12,21453,A,F,D,C,A,A,H,-,C,A,0,NA,NA,NA,NA,Y,NA,A,01,0,0,3,0,0,0,0,0,0,-,-,NA,NA,LOS ANGELES,LOS ANGELES,-118.25646,33.97476
8304031,2017,2017-06-17,1942,2017-01-18,1020,31542,1343,3,5,7,1942,0,0,0,M,0,24T22,MARTIN LUTHER KING JR BL,WADSWORTH ST,12,W,N,A,-,N,NA,NA,NA,NA,NA,NA,NA,NA,NA,Y,4,0,1,3,A,-,12,21453,A,F,A,C,A,A,H,-,A,A,0,NA,NA,NA,NA,Y,NA,-,99,0,0,1,0,0,0,0,0,0,-,-,NA,NA,LOS ANGELES,LOS ANGELES,-118.25897952,34.01097
8304035,2017,2017-03-23,1942,2017-01-21,1240,40275,B07,6,5,7,1942,0,0,0,NA,0,24TL22,OLYMPIC BL,MCGARRY ST,0,NA,Y,A,-,N,NA,NA,NA,NA,NA,NA,NA,NA,NA,Y,4,0,1,2,A,-,21,22106,NA,F,B,C,A,A,H,-,A,D,0,NA,NA,NA,NA,Y,NA,A,07,0,0,1,0,0,0,0,0,0,-,-,NA,NA,LOS ANGELES,LOS ANGELES,-118.24049004,34.02888008
8304038,2017,2017-02-17,1941,2017-01-26,2154,10683,NA,4,5,7,1941,0,0,0,NA,0,NA,ORANGE AV,SPRING ST,0,NA,Y,A,-,N,NA,NA,NA,NA,NA,NA,NA,NA,NA,Y,4,0,1,2,A,-,01,23152,NA,F,D,C,A,A,H,-,C,A,0,NA,NA,NA,NA,Y,Y,D,NA,0,0,1,0,0,0,0,0,0,-,-,NA,NA,LOS ANGELES,LONG BEACH,-118.17631013,33.81168011
8304039,2017,2017-08-04,1942,2017-01-09,0545,42524,1307,1,5,7,1942,0,0,0,M,0,13A9,WASHINGTON BL,CENTRAL AV,15,E,N,B,C,N,NA,NA,NA,NA,NA,NA,NA,NA,NA,Y,4,0,1,2,A,-,-,NA,NA,F,D,C,A,B,H,-,E,B,0,NA,NA,NA,NA,Y,NA,-,-,0,0,1,0,0,0,0,0,0,-,-,NA,NA,LOS ANGELES,LOS ANGELES,-118.25051867,34.02439746
8304043,2017,2017-03-23,1942,2017-01-07,1505,37705,1395,6,5,7,1942,0,0,0,M,0,24T52,GAGE AV,CENTRAL AV,400,W,N,A,-,N,NA,NA,NA,NA,NA,NA,NA,NA,NA,Y,4,0,7,5,A,-,03,22350,NA,F,C,C,A,A,H,-,-,A,0,NA,NA,NA,NA,Y,NA,-,99,0,0,7,0,0,0,0,0,0,-,-,NA,NA,LOS ANGELES,LOS ANGELES,-118.2577729,33.98196
8304046,2017,2017-02-13,1942,2017-01-31,0745,39096,1913,2,5,7,1942,0,0,0,NA,0,10TL35,DRONFIELD AV,CARL ST,60,S,N,A,-,N,NA,NA,NA,NA,NA,NA,NA,NA,NA,N,4,0,2,2,A,-,09,21804,A,N,D,C,A,A,H,-,A,D,0,NA,NA,NA,NA,Y,NA,A,07,0,0,2,0,0,0,0,0,0,-,-,NA,NA,LOS ANGELES,LOS ANGELES,-118.403898,34.27727722
8304047,2017,2017-03-23,1942,2017-01-25,0350,41781,CENT,3,5,7,1942,0,0,0,NA,0,0171,JAMES M WOOD,FRANCISCO,45,E,N,A,-,N,NA,NA,NA,NA,NA,NA,NA,NA,NA,N,2,0,1,2,A,-,08,22100,A,N,G,B,B,A,-,-,C,D,0,Y,NA,NA,NA,Y,NA,A,01,1,0,0,0,1,0,0,0,0,-,-,NA,NA,LOS ANGELES,LOS ANGELES,-118.26454988,34.04694085
8304050,2017,2017-02-13,1942,2017-01-30,0805,34561,1505,1,5,7,1942,0,0,0,O,0,9TL59,SHERMAN WAY,IRVINE AV,28,E,N,A,-,N,NA,NA,NA,NA,NA,NA,NA,NA,NA,NA,4,0,1,2,A,-,09,21804,A,N,A,C,A,A,H,-,A,D,0,NA,NA,NA,NA,Y,NA,A,07,0,0,1,0,0,0,0,0,0,-,-,NA,NA,LOS ANGELES,LOS ANGELES,-118.38544757,34.20119
8304064,2017,2017-03-22,1942,2017-01-27,1500,42334,1977,5,5,7,1942,0,0,0,NA,0,19A85,MONTAGUE ST,SPARTON AV,5,N,N,A,-,N,NA,NA,NA,NA,NA,NA,NA,NA,NA,Y,3,0,2,2,A,-,05,21650,NA,F,B,C,A,A,H,-,A,D,0,NA,NA,NA,NA,Y,NA,-,NA,0,1,1,0,0,0,0,0,0,-,-,NA,NA,LOS ANGELES,LOS ANGELES,-118.43422785,34.23079928
8304066,2016,2017-02-21,1942,2016-12-01,1930,30087,1309,4,5,7,1942,0,0,0,M,0,24T31,ALAMEDA ST,14TH ST,0,NA,Y,A,-,N,NA,NA,NA,NA,NA,NA,NA,NA,NA,N,4,0,1,2,A,-,08,22107,NA,F,B,C,A,A,H,-,C,D,0,NA,NA,NA,NA,Y,NA,-,99,0,0,1,0,0,0,0,0,0,-,-,NA,NA,LOS ANGELES,LOS ANGELES,-118.2392,34.02551
8304068,2017,2017-03-22,1942,2017-01-28,1930,38634,FOOTH,6,5,7,1942,0,0,0,NA,0,1601,GLENOAKS BL,CORCORAN ST,0,NA,Y,A,-,N,NA,NA,NA,NA,NA,NA,NA,NA,NA,N,4,0,1,2,A,-,08,22107,NA,F,D,C,A,A,-,-,C,D,0,NA,NA,NA,NA,Y,NA,-,99,0,0,1,0,0,0,0,0,0,-,-,NA,NA,LOS ANGELES,LOS ANGELES,-118.42271013,34.28411005
8304072,2017,2017-03-23,1942,2017-01-29,1335,40193,0914,7,5,7,1942,0,0,0,I,0,19TL76,KESTER AV,VANOWEN ST,0,NA,Y,A,-,N,NA,NA,NA,NA,NA,NA,NA,NA,NA,Y,3,0,3,3,A,-,12,21453,A,N,D,C,A,A,H,-,A,A,0,NA,NA,NA,NA,Y,NA,A,01,0,1,2,0,0,0,0,0,0,-,-,NA,NA,LOS ANGELES,LOS ANGELES,-118.45744003,34.19392004
8304076,2017,2017-04-10,1942,2017-01-25,0710,34561,0909,3,5,7,1942,0,0,0,I,0,9TL59,SHERMAN WY,ALLOTT AV,12,E,N,A,-,N,NA,NA,NA,NA,NA,NA,NA,NA,NA,N,3,0,1,2,A,-,00,20015,NA,N,G,B,B,A,H,-,A,A,0,Y,NA,NA,NA,Y,NA,-,-,0,1,0,0,1,0,0,0,0,-,-,NA,NA,LOS ANGELES,LOS ANGELES,-118.42803039,34.20119031
8304077,2017,2017-02-10,1941,2017-01-25,1542,10939,NA,3,5,7,1941,0,0,0,NA,0,NA,LONG BEACH BL,52ND ST,0,NA,Y,A,-,N,NA,NA,NA,NA,NA,NA,NA,NA,NA,N,4,0,1,2,A,-,10,21950,A,N,G,B,B,A,H,-,A,A,0,Y,NA,NA,NA,Y,NA,A,NA,0,0,1,0,1,0,0,0,0,-,-,NA,NA,LOS ANGELES,LONG BEACH,-118.19522003,33.85046011
8304080,2017,2017-04-15,1942,2017-01-30,1205,33779,0998,1,5,7,1942,0,0,0,I,0,15TL44,VENTURA BL,VAN NOORD AV,450,W,N,A,-,N,NA,NA,NA,NA,NA,NA,NA,NA,NA,Y,4,0,3,3,A,-,04,21703,NA,N,C,C,A,A,H,-,A,A,0,NA,NA,NA,NA,Y,NA,A,07,0,0,3,0,0,0,0,0,0,-,-,NA,NA,LOS ANGELES,LOS ANGELES,-118.416924,34.14536898
8304081,2017,2017-02-08,1942,2017-01-31,0910,40141,0952,2,5,7,1942,0,0,0,I,0,10TL39,BURBANK BL,KESTER AV,240,W,N,A,-,N,NA,NA,NA,NA,NA,NA,NA,NA,NA,Y,4,0,1,2,A,-,03,22350,NA,N,C,C,A,A,H,-,A,A,0,NA,NA,NA,NA,Y,NA,A,01,0,0,1,0,0,0,0,0,0,-,-,NA,NA,LOS ANGELES,LOS ANGELES,-118.45824203,34.172110000000004
8304082,2017,2017-02-09,1942,2017-01-18,1910,42541,1651,3,5,7,1942,0,0,0,P,0,16A23,LAUREL CANYON BL,OSBORNE ST,50,W,N,C,-,N,NA,NA,NA,NA,NA,NA,NA,NA,NA,N,4,0,1,2,A,-,10,21950,C,F,G,B,B,B,H,-,C,A,0,Y,NA,NA,NA,Y,Y,-,99,0,0,1,0,1,0,0,0,0,-,-,NA,NA,LOS ANGELES,LOS ANGELES,-118.41964833,34.24698351
8304085,2017,2017-02-08,1942,2017-01-31,1450,41316,0914,2,5,7,1942,0,0,0,I,0,21TL64,VAN NUYS BL,VOSE ST,0,NA,Y,A,-,N,NA,NA,NA,NA,NA,NA,NA,NA,NA,Y,4,0,5,2,A,-,09,21801,A,N,D,C,A,A,H,-,A,A,0,NA,NA,NA,NA,Y,NA,A,01,0,0,5,0,0,0,0,0,0,-,-,NA,NA,LOS ANGELES,LOS ANGELES,-118.44879011,34.19845008
8304086,2017,2017-12-12,1942,2017-01-25,1520,42565,1041,3,5,7,1942,0,0,0,J,0,10A38,WILBUR AV,HATTERAS,5,S,N,A,-,N,NA,NA,NA,NA,NA,NA,NA,NA,NA,N,3,0,1,2,A,-,10,21950,A,N,G,B,B,A,H,-,A,A,0,Y,NA,NA,NA,Y,Y,-,-,0,1,0,0,1,0,0,0,0,-,-,NA,NA,LOS ANGELES,LOS ANGELES,-118.54472005,34.17710628
8304089,2017,2017-02-08,1942,2017-01-29,1135,40193,1023,7,5,7,1942,0,0,0,J,0,19TL76,WILBUR AV,KITTRIDGE ST,15,S,N,A,-,N,NA,NA,NA,NA,NA,NA,NA,NA,NA,N,3,0,1,2,A,-,04,21703,NA,N,C,C,A,A,H,-,A,D,0,NA,NA,NA,NA,Y,NA,A,07,0,1,0,0,0,0,0,0,0,-,-,NA,NA,LOS ANGELES,LOS ANGELES,-118.54475,34.19017885
8304090,2017,2017-02-09,1942,2017-01-23,0900,39305,1516,1,5,7,1942,0,0,0,O,0,15A21,TUJUNGA AV,VANOWEN ST,0,NA,Y,B,C,N,NA,NA,NA,NA,NA,NA,NA,NA,NA,Y,4,0,1,2,A,-,12,21453,A,N,D,C,A,B,H,-,A,A,0,NA,NA,NA,NA,Y,NA,A,07,0,0,1,0,0,0,0,0,0,-,-,NA,NA,LOS ANGELES,LOS ANGELES,-118.3790201,34.19395005
8304093,2017,2017-02-08,1942,2017-01-30,1645,41158,1044,1,5,7,1942,0,0,0,J,0,10TL34,RESEDA BL,HATTERAS,243,N,N,A,-,N,NA,NA,NA,NA,NA,NA,NA,NA,NA,N,4,0,1,2,A,-,03,22350,A,N,C,C,A,A,H,-,A,A,0,NA,NA,NA,NA,Y,NA,A,01,0,0,1,0,0,0,0,0,0,-,-,NA,NA,LOS ANGELES,LOS ANGELES,-118.53602,34.17811659
8304094,2017,2017-02-15,1942,2017-01-25,1215,42397,1754,3,5,7,1942,0,0,0,Q,0,17A74,LASSEN ST,RESEDA,0,NA,Y,A,-,N,NA,NA,NA,NA,NA,NA,NA,NA,NA,N,4,0,1,2,A,-,04,21703,NA,N,C,C,A,A,H,-,A,A,0,NA,NA,NA,NA,Y,NA,A,01,0,0,1,0,0,0,0,0,0,-,-,NA,NA,LOS ANGELES,LOS ANGELES,-118.53609,34.24999008
8304097,2017,2017-02-08,1942,2017-01-31,1545,35480,1591,2,5,7,1942,0,0,0,O,0,21TL62,CANTON DR,LAUREL CANYON BL,10,E,N,A,-,N,NA,NA,NA,NA,NA,NA,NA,NA,NA,N,4,0,1,2,A,-,10,21950,A,N,G,B,B,A,H,-,A,D,0,Y,NA,NA,NA,Y,NA,A,01,0,0,1,0,1,0,0,0,0,-,-,NA,NA,LOS ANGELES,LOS ANGELES,-118.3866,34.13226
8304098,2017,2017-02-09,1942,2017-01-25,1730,37226,LAPD,3,5,7,1942,0,0,0,NA,0,19X8,FOOTHILL BL,GRIDLEY AV,0,NA,Y,A,-,N,NA,NA,NA,NA,NA,NA,NA,NA,NA,Y,3,0,3,2,A,-,09,21801,A,N,D,C,A,A,H,-,C,A,0,NA,NA,NA,NA,Y,NA,A,01,0,2,1,0,0,0,0,0,0,-,-,NA,NA,LOS ANGELES,LOS ANGELES,-118.42632006,34.30395011
8304101,2017,2017-02-08,1942,2017-01-31,1910,40542,1503,2,5,7,1942,0,0,0,O,0,9T57,SHERMAN WY,LAUREL CANYON BL,300,E,N,A,-,N,NA,NA,NA,NA,NA,NA,NA,NA,NA,N,3,0,1,1,C,-,18,NA,NA,N,F,A,A,A,H,-,C,D,0,NA,Y,NA,NA,Y,NA,-,-,0,1,0,0,0,0,1,0,0,-,-,NA,NA,LOS ANGELES,LOS ANGELES,-118.39552382,34.20060312
8304102,2017,2017-02-09,1942,2017-01-26,0600,41467,1959,4,5,7,1942,0,0,0,NA,0,19A61,TERRA BELLA,ARLETA,0,NA,Y,A,-,N,NA,NA,NA,NA,NA,NA,NA,NA,NA,Y,4,0,1,3,A,-,09,21801,A,N,D,C,A,A,H,-,B,A,0,NA,NA,NA,NA,Y,NA,-,NA,0,0,1,0,0,0,0,0,0,-,-,NA,NA,LOS ANGELES,LOS ANGELES,-118.43241002,34.24804012
8304105,2017,2017-02-08,1942,2017-01-30,0555,41396,1601,1,5,7,1942,0,0,0,P,0,9TL57,FOOTHILL BL,ARROYO ST,22,S,N,A,-,N,NA,NA,NA,NA,NA,NA,NA,NA,NA,Y,4,0,2,2,A,-,09,21801,A,N,D,C,A,A,H,-,A,A,0,NA,NA,NA,NA,Y,NA,A,01,0,0,2,0,0,0,0,0,0,-,-,NA,NA,LOS ANGELES,LOS ANGELES,-118.4143723,34.29273446
8304106,2017,2017-08-04,1942,2017-01-26,0727,41358,1077,4,5,7,1942,0,0,0,J,0,10A17,VENTURA,LOUISE,0,NA,Y,A,-,N,NA,NA,NA,NA,NA,NA,NA,NA,NA,N,4,0,1,2,A,-,09,21801,A,N,D,C,A,A,H,-,A,D,0,NA,NA,NA,NA,Y,NA,A,01,0,0,1,0,0,0,0,0,0,-,-,NA,NA,LOS ANGELES,LOS ANGELES,-118.50980003,34.16084004
8304109,2017,2017-02-08,1942,2017-01-30,1005,41396,1798,1,5,7,1942,0,0,0,Q,0,9TL57,WOODLEY AV,NORDHOFF ST,70,S,N,A,-,N,NA,NA,NA,NA,NA,NA,NA,NA,NA,Y,4,0,1,2,A,-,09,21801,A,N,D,C,A,A,H,-,A,A,0,NA,NA,NA,NA,Y,NA,A,01,0,0,1,0,0,0,0,0,0,-,-,NA,NA,LOS ANGELES,LOS ANGELES,-118.48507,34.23544799
8304110,2017,2017-02-09,1942,2017-01-25,1500,38999,1035,3,5,7,1942,0,0,0,J,0,10EL1,KITTRIDGE ST,LINDLEY AV,0,NA,Y,A,-,N,NA,NA,NA,NA,NA,NA,NA,NA,NA,N,4,0,1,2,A,-,10,21950,A,N,G,B,B,-,H,-,A,A,0,Y,NA,NA,NA,Y,NA,-,NA,0,0,1,0,1,0,0,0,0,-,-,NA,NA,LOS ANGELES,LOS ANGELES,-118.52730008,34.19024001
8304112,2017,2017-02-08,1941,2017-01-27,1436,10914,NA,5,5,7,1941,0,0,0,NA,0,NA,7TH ST,PARK AV,0,NA,Y,A,-,N,NA,NA,NA,NA,NA,NA,NA,NA,NA,Y,4,0,1,3,A,-,09,21801,A,N,D,C,A,A,H,-,A,A,0,NA,NA,Y,NA,Y,NA,A,NA,0,0,1,0,0,0,0,0,1,-,-,NA,NA,LOS ANGELES,LONG BEACH,-118.13747011,33.77536006
8304113,2017,2017-02-08,1942,2017-01-30,1420,39281,1761,1,5,7,1942,0,0,0,Q,0,19TL72,MARILLA ST,OWENSMOUTH AV,0,NA,Y,A,-,N,NA,NA,NA,NA,NA,NA,NA,NA,NA,Y,3,0,2,2,A,-,09,21801,A,N,A,C,A,A,H,-,A,A,0,NA,NA,Y,NA,Y,NA,A,01,0,2,0,0,0,0,0,0,1,-,-,NA,NA,LOS ANGELES,LOS ANGELES,-118.60169013,34.24762001
8304114,2017,2017-02-09,1942,2017-01-29,1930,42437,WVAL,7,5,7,1942,0,0,0,NA,0,10A39,LEADWELL ST,DENSMORE AV,73,W,N,A,-,N,NA,NA,NA,NA,NA,NA,NA,NA,NA,Y,4,0,1,2,A,-,01,23153,A,F,B,E,A,A,H,-,C,D,0,NA,NA,NA,NA,Y,Y,A,01,0,0,1,0,0,0,0,0,0,-,-,NA,NA,LOS ANGELES,LOS ANGELES,-118.47736099,34.20390781
8304116,2017,2017-02-08,1941,2017-01-27,1219,10914,NA,5,5,7,1941,0,0,0,NA,0,NA,E ANAHEIM ST,DAWSON AV,0,NA,Y,A,-,N,NA,NA,NA,NA,NA,NA,NA,NA,NA,Y,4,0,1,2,A,-,09,21802,A,N,D,C,A,A,H,-,A,A,0,NA,NA,NA,NA,Y,NA,A,NA,0,0,1,0,0,0,0,0,0,-,-,NA,NA,LOS ANGELES,LONG BEACH,-118.16551014,33.78260006
8304117,2017,2017-02-08,1942,2017-01-30,1620,33294,1782,1,5,7,1942,0,0,0,Q,0,35M53,PARTHENIA ST,SHIRLEY AV,25,E,N,A,-,N,NA,NA,NA,NA,NA,NA,NA,NA,NA,Y,3,0,1,2,A,-,03,22350,NA,N,C,C,A,A,H,-,A,A,0,NA,NA,NA,NA,Y,NA,A,01,0,1,0,0,0,0,0,0,0,-,-,NA,NA,LOS ANGELES,LOS ANGELES,-118.55783744,34.22822019
8304118,2017,2017-02-09,1942,2017-01-30,0740,36755,0938,1,5,7,1942,0,0,0,I,0,10TL37,OXNARD ST,FULTON AV,0,NA,Y,A,-,N,NA,NA,NA,NA,NA,NA,NA,NA,NA,Y,4,0,2,2,A,-,09,21801,A,F,D,C,A,A,H,-,A,A,0,NA,NA,NA,NA,Y,NA,A,01,0,0,2,0,0,0,0,0,0,-,-,NA,NA,LOS ANGELES,LOS ANGELES,-118.42251001,34.17940005
8304120,2017,2017-02-08,1941,2017-01-26,1309,10914,NA,4,5,7,1941,0,0,0,NA,0,NA,CARSON ST,CLARK AV,166,E,N,A,-,N,NA,NA,NA,NA,NA,NA,NA,NA,NA,N,4,0,1,2,A,-,03,22350,NA,N,C,C,A,A,H,-,A,A,0,NA,NA,NA,NA,Y,NA,A,NA,0,0,1,0,0,0,0,0,0,-,-,NA,NA,LOS ANGELES,LONG BEACH,-118.13332472,33.83237
8304121,2017,2017-02-08,1942,2017-01-27,1015,41396,1964,5,5,7,1942,0,0,0,NA,0,9TL57,NORDHOFF ST,VAN NUYS BL,163,W,N,A,-,N,NA,NA,NA,NA,NA,NA,NA,NA,NA,N,4,0,1,2,A,-,03,22350,NA,N,D,G,A,A,H,-,A,D,0,NA,Y,NA,NA,Y,NA,L,04,0,0,1,0,0,0,1,0,0,-,-,NA,NA,LOS ANGELES,LOS ANGELES,-118.45078826,34.23541673
8304122,2017,2017-08-04,1942,2017-01-25,1900,39423,2105,3,5,7,1942,0,0,0,NA,0,21OV1,CANOGA AV,CANOGA AV  8381,0,NA,N,A,-,N,NA,NA,NA,NA,NA,NA,NA,NA,NA,N,4,0,1,2,A,-,21,22106,NA,F,C,B,A,A,H,-,C,D,0,NA,NA,NA,NA,Y,NA,-,NA,0,0,1,0,0,0,0,0,0,-,-,NA,NA,LOS ANGELES,LOS ANGELES,-118.597548,34.222328
8304124,2017,2017-02-08,1941,2017-01-26,0825,6117,NA,4,5,7,1941,0,0,0,NA,0,NA,ATLANTIC AV,MARKET ST,153,S,N,A,-,N,NA,NA,NA,NA,NA,NA,NA,NA,NA,Y,4,0,1,2,A,-,09,21804,A,N,D,C,A,A,H,-,A,D,0,NA,NA,NA,NA,Y,NA,A,NA,0,0,1,0,0,0,0,0,0,-,-,NA,NA,LOS ANGELES,LONG BEACH,-118.185,33.85392043
8304125,2017,2017-02-08,1942,2017-01-31,1425,38356,1984,2,5,7,1942,0,0,0,NA,0,16TL26,PARTHENIA ST,CEDROS AV,0,NA,Y,A,-,N,NA,NA,NA,NA,NA,NA,NA,NA,NA,Y,4,0,2,3,A,-,09,21802,A,N,D,C,A,A,H,-,A,A,0,NA,NA,NA,NA,Y,NA,A,01,0,0,2,0,0,0,0,0,0,-,-,NA,NA,LOS ANGELES,LOS ANGELES,-118.45353005,34.22826005
8304126,2017,2017-02-09,1942,2017-01-30,1510,41158,1077,1,5,7,1942,0,0,0,J,0,10TL34,VENTURA BL,BALBOA BL,120,E,N,A,-,N,NA,NA,NA,NA,NA,NA,NA,NA,NA,N,4,0,1,2,A,-,00,21954,NA,F,G,B,E,A,H,-,A,D,0,Y,NA,NA,NA,Y,NA,N,60,0,0,1,0,1,0,0,0,0,-,-,NA,NA,LOS ANGELES,LOS ANGELES,-118.50072846,34.15917195
8304128,2017,2017-02-08,1941,2017-01-29,1725,10953,NA,7,5,7,1941,0,0,0,NA,0,NA,WILLOW ST,PACIFIC AV,0,NA,Y,A,-,N,NA,NA,NA,NA,NA,NA,NA,NA,NA,Y,4,0,1,2,A,-,08,22107,NA,N,D,C,A,A,H,-,C,A,0,NA,NA,NA,NA,Y,NA,A,NA,0,0,1,0,0,0,0,0,0,-,-,NA,NA,LOS ANGELES,LONG BEACH,-118.19371011,33.80445004
8304129,2017,2017-02-17,1942,2017-01-25,2200,40291,2158,3,5,7,1942,0,0,0,NA,0,19T73,MASON AV,VICTORY BL,25,N,N,A,-,N,NA,NA,NA,NA,NA,NA,NA,NA,NA,N,4,0,1,2,A,-,10,21950,A,N,D,B,B,A,H,-,C,A,0,Y,NA,NA,NA,Y,NA,A,01,0,0,1,0,1,0,0,0,0,-,-,NA,NA,LOS ANGELES,LOS ANGELES,-118.57969047,34.18846803
8304130,2017,2017-02-09,1942,2017-01-30,2355,34599,1915,1,5,7,1942,0,0,0,NA,0,17T17,RAVEN ST,DE FOE AV,151,E,N,A,-,N,NA,NA,NA,NA,NA,NA,NA,NA,NA,N,3,0,1,2,A,-,11,21954,A,F,G,B,D,A,H,-,C,D,0,Y,NA,NA,NA,Y,NA,N,60,0,1,0,0,1,0,0,0,0,-,-,NA,NA,LOS ANGELES,LOS ANGELES,-118.4455443,34.3010663
8304132,2017,2017-08-04,1941,2017-01-24,2312,6159,NA,2,5,7,1941,0,0,0,NA,0,NA,PICO,OCEAN BL,0,NA,Y,A,-,N,NA,NA,NA,NA,NA,NA,NA,NA,NA,Y,4,0,1,1,A,-,03,22350,NA,N,F,I,A,A,D,-,C,A,0,NA,NA,NA,Y,Y,NA,G,NA,0,0,1,0,0,0,0,0,0,-,-,NA,NA,LOS ANGELES,LONG BEACH,-118.20948004,33.76694002
8304133,2017,2017-02-08,1942,2017-01-24,1530,42401,LAPD,2,5,7,1942,0,0,0,NA,0,DESK,CANOGA AV,ROSCOE BL,0,NA,N,A,-,N,NA,NA,NA,NA,NA,NA,NA,NA,NA,Y,4,0,1,2,A,-,00,20015,NA,N,B,C,A,A,H,-,A,D,0,NA,NA,NA,NA,Y,NA,-,NA,0,0,1,0,0,0,0,0,0,-,-,NA,NA,LOS ANGELES,LOS ANGELES,-118.59752013,34.21980002
8304134,2017,2017-02-09,1942,2017-01-30,1910,40542,1047,1,5,7,1942,0,0,0,J,0,21T65,BURBANK BL,BALBOA BL,300,E,N,A,-,N,NA,NA,NA,NA,NA,NA,NA,NA,NA,Y,4,0,3,3,A,-,01,23152,A,N,C,C,A,A,H,-,C,D,0,NA,NA,NA,NA,Y,Y,A,01,0,0,3,0,0,0,0,0,0,-,-,NA,NA,LOS ANGELES,LOS ANGELES,-118.50020041,34.17221
8304136,2017,2017-02-08,1941,2017-01-21,0025,10923,NA,6,5,7,1941,0,0,0,NA,0,NA,CHERRY AV,68TH ST,0,NA,Y,A,-,N,NA,NA,NA,NA,NA,NA,NA,NA,NA,Y,4,0,1,2,D,-,00,NA,NA,N,A,C,A,A,H,-,C,A,0,NA,NA,NA,NA,Y,NA,-,-,0,0,1,0,0,0,0,0,0,-,-,NA,NA,LOS ANGELES,LONG BEACH,-118.1688,33.87829