CASE_ID,ACCIDENT_YEAR,PROC_DATE,JURIS,COLLISION_DATE,COLLISION_TIME,OFFICER_ID,REPORTING_DISTRICT,DAY_OF_WEEK,CHP_SHIFT,POPULATION,CNTY_CITY_LOC,SPECIAL_COND,BEAT_TYPE,CHP_BEAT_TYPE,CITY_DIVISION_LAPD,CHP_BEAT_CLASS,BEAT_NUMBER,PRIMARY_RD,SECONDARY_RD,DISTANCE,DIRECTION,INTERSECTION,WEATHER_1,WEATHER_2,STATE_HWY_IND,CALTRANS_COUNTY,CALTRANS_DISTRICT,STATE_ROUTE,ROUTE_SUFFIX,POSTMILE_PREFIX,POSTMILE,LOCATION_TYPE,RAMP_INTERSECTION,SIDE_OF_HWY,TOW_AWAY,COLLISION_SEVERITY,NUMBER_KILLED,NUMBER_INJURED,PARTY_COUNT,PRIMARY_COLL_FACTOR,PCF_CODE_OF_VIOL,PCF_VIOL_CATEGORY,PCF_VIOLATION,PCF_VIOL_SUBSECTION,HIT_AND_RUN,TYPE_OF_COLLISION,MVIW,PED_ACTION,ROAD_SURFACE,ROAD_COND_1,ROAD_COND_2,LIGHTING,CONTROL_DEVICE,CHP_ROAD_TYPE,PEDESTRIAN_ACCIDENT,BICYCLE_ACCIDENT,MOTORCYCLE_ACCIDENT,TRUCK_ACCIDENT,NOT_PRIVATE_PROPERTY,ALCOHOL_INVOLVED,STWD_VEHTYPE_AT_FAULT,CHP_VEHTYPE_AT_FAULT,COUNT_SEVERE_INJ,COUNT_VISIBLE_INJ,COUNT_COMPLAINT_PAIN,COUNT_PED_KILLED,COUNT_PED_INJURED,COUNT_BICYCLIST_KILLED,COUNT_BICYCLIST_INJURED,COUNT_MC_KILLED,COUNT_MC_INJURED,PRIMARY_RAMP,SECONDARY_RAMP,LATITUDE,LONGITUDE,COUNTY,CITY,POINT_X,POINT_Y
8304996,2017,2017-06-05,1909,2017-01-26,0017,352,1909,4,5,4,1909,0,0,0,NA,0,SOUTH1,EASTERN AV,CECILIA ST,28,N,N,A,-,N,NA,NA,NA,NA,NA,NA,NA,NA,NA,Y,4,0,1,3,C,-,18,NA,NA,N,C,E,A,A,H,-,C,D,0,NA,NA,NA,NA,Y,NA,-,-,0,0,1,0,0,0,0,0,0,-,-,NA,NA,LOS ANGELES,BELL GARDENS,-118.16450022,33.95729253
8305004,2017,2017-02-13,1969,2017-01-09,1142,10156,TRAFF,1,5,5,1969,0,0,0,NA,0,004,TWEEDY BL,HUNT AV,0,NA,Y,C,-,N,NA,NA,NA,NA,NA,NA,NA,NA,NA,N,4,0,1,2,D,-,00,NA,NA,N,D,C,A,B,H,-,A,A,0,NA,NA,NA,NA,Y,NA,-,-,0,0,1,0,0,0,0,0,0,-,-,NA,NA,LOS ANGELES,SOUTH GATE,-118.19272009,33.94279012
8305008,2017,2017-02-13,1969,2017-01-18,1456,10156,TRAFF,3,5,5,1969,0,0,0,NA,0,005,PARAMOUNT BL,MAIN ST,75,N,N,A,-,N,NA,NA,NA,NA,NA,NA,NA,NA,NA,N,4,0,1,2,A,-,09,21802,A,N,D,C,A,A,H,-,A,A,0,NA,NA,NA,NA,Y,NA,A,01,0,0,1,0,0,0,0,0,0,-,-,NA,NA,LOS ANGELES,SOUTH GATE,-118.15876953,33.91482947
8305012,2017,2017-02-13,1969,2017-01-19,1334,20226,NA,4,5,5,1969,0,0,0,NA,0,002,SANTA ANA ST,COMMERCIAL PL,30,E,N,A,-,N,NA,NA,NA,NA,NA,NA,NA,NA,NA,Y,3,0,5,2,A,-,09,21801,A,N,A,C,A,A,H,-,A,A,0,NA,NA,NA,NA,Y,NA,A,01,0,1,4,0,0,0,0,0,0,-,-,NA,NA,LOS ANGELES,SOUTH GATE,-118.22120203,33.96456978
8305016,2017,2017-02-13,1969,2017-01-24,1944,20041,TRAFF,2,5,5,1969,0,0,0,NA,0,004,SOUTHERN AV,RAYO AV,0,NA,Y,A,-,N,NA,NA,NA,NA,NA,NA,NA,NA,NA,N,4,0,2,2,A,-,12,22450,A,N,D,C,A,A,H,-,C,D,0,NA,NA,NA,NA,Y,NA,A,01,0,0,2,0,0,0,0,0,0,-,-,NA,NA,LOS ANGELES,SOUTH GATE,-118.17999,33.94608001
8305020,2017,2017-02-13,1969,2017-01-24,1600,10097,PATRO,2,5,5,1969,0,0,0,NA,0,A-5,FIRESTONE BL,RT 710,0,NA,Y,A,-,N,NA,NA,NA,NA,NA,NA,NA,NA,NA,N,4,0,1,2,A,-,03,22350,NA,N,C,C,A,A,H,-,A,D,0,NA,NA,NA,NA,Y,NA,A,08,0,0,1,0,0,0,0,0,0,-,-,NA,NA,LOS ANGELES,SOUTH GATE,-118.17055013,33.94975004
8305024,2017,2017-02-16,1969,2017-01-23,1700,10211,NA,1,5,5,1969,0,0,0,NA,0,002,FILESTONE BLVD,MADISON AV,0,NA,Y,A,-,N,NA,NA,NA,NA,NA,NA,NA,NA,NA,N,4,0,1,2,A,-,03,22350,NA,N,G,B,B,A,H,-,A,D,0,Y,NA,NA,NA,Y,NA,A,07,0,0,1,0,1,0,0,0,0,-,-,NA,NA,LOS ANGELES,SOUTH GATE,-118.213443,33.954973
8305028,2017,2017-02-13,1969,2017-01-20,0145,10068,PATRO,5,5,5,1969,0,0,0,NA,0,001,FILESTONE BLVD,SANTA FE,40,E,N,B,-,N,NA,NA,NA,NA,NA,NA,NA,NA,NA,N,4,0,2,2,A,-,03,22350,NA,N,C,C,A,B,H,-,C,A,0,NA,NA,NA,NA,Y,NA,A,07,0,0,2,0,0,0,0,0,0,-,-,NA,NA,LOS ANGELES,SOUTH GATE,-118.224654,33.956096
8305072,2017,2017-02-17,1909,2017-01-26,1518,555,1909,4,5,4,1909,0,0,0,NA,0,NORTH,EASTERN AV,LUBEC ST,247,S,N,A,-,N,NA,NA,NA,NA,NA,NA,NA,NA,NA,N,4,0,1,2,A,-,09,21804,A,N,D,C,A,A,H,-,A,D,0,NA,NA,NA,NA,Y,NA,A,01,0,0,1,0,0,0,0,0,0,-,-,NA,NA,LOS ANGELES,BELL GARDENS,-118.16441554,33.9708884
8305149,2017,2017-03-16,1942,2017-02-01,1120,41316,1658,3,5,7,1942,0,0,0,P,0,21TL64,TUJUNGA CANYON BL,FOOTHILL BL,230,N,N,A,-,N,NA,NA,NA,NA,NA,NA,NA,NA,NA,N,3,0,1,2,B,-,22,NA,NA,N,G,B,F,A,H,-,A,D,0,Y,NA,NA,NA,Y,NA,A,07,0,1,0,0,1,0,0,0,0,-,-,NA,NA,LOS ANGELES,LOS ANGELES,-118.27627021,34.24708038
8305153,2017,2017-03-16,1942,2017-02-01,1735,35481,1601,3,5,7,1942,0,0,0,P,0,21TL62,FOOTHILL BL,VAUGHN ST,275,N,N,A,-,N,NA,NA,NA,NA,NA,NA,NA,NA,NA,N,4,0,1,2,A,-,09,21804,A,N,D,G,A,A,H,-,D,D,0,NA,Y,NA,NA,Y,NA,A,01,0,0,1,0,0,0,1,0,0,-,-,NA,NA,LOS ANGELES,LOS ANGELES,-118.4118898,34.29039664
8305157,2017,2017-03-16,1942,2017-02-01,1900,34427,2145,3,5,7,1942,0,0,0,NA,0,10735,VENTURA BL,SHOUP AV,120,E,N,A,-,N,NA,NA,NA,NA,NA,NA,NA,NA,NA,Y,4,0,1,2,A,-,09,21801,A,N,D,C,A,A,H,-,C,A,0,NA,NA,Y,NA,Y,NA,A,01,0,0,1,0,0,0,0,0,0,-,-,NA,NA,LOS ANGELES,LOS ANGELES,-118.61409038,34.1688489
8305161,2017,2017-03-16,1942,2017-02-01,0800,41396,1788,3,5,7,1942,0,0,0,Q,0,9TL57,NORDHOFF ST,LOUISE AV,55,E,N,A,-,N,NA,NA,NA,NA,NA,NA,NA,NA,NA,Y,4,0,3,2,A,-,01,23152,A,N,D,C,A,A,H,-,A,A,0,NA,NA,NA,NA,Y,Y,A,01,0,0,3,0,0,0,0,0,0,-,-,NA,NA,LOS ANGELES,LOS ANGELES,-118.51107842,34.23576568
8305165,2017,2017-03-28,1942,2017-02-01,1750,40542,1921,3,5,7,1942,0,0,0,NA,0,16T23,LAKESIDE DR,SAN FERNANDO RD,410,W,N,A,-,N,NA,NA,NA,NA,NA,NA,NA,NA,NA,N,4,0,1,2,A,-,03,22350,NA,F,B,C,E,A,H,-,C,D,0,Y,NA,NA,NA,Y,NA,-,99,0,0,1,0,1,0,0,0,0,-,-,NA,NA,LOS ANGELES,LOS ANGELES,-118.46251949,34.30018631
8305169,2017,2017-03-16,1942,2017-02-01,1735,38996,1003,3,5,7,1942,0,0,0,J,0,10TL34,WILBUR AV,ROSCOE BL,100,S,N,A,-,N,NA,NA,NA,NA,NA,NA,NA,NA,NA,N,4,0,2,2,A,-,01,23152,A,F,B,C,A,A,H,-,A,D,0,NA,NA,NA,NA,Y,Y,A,01,0,0,2,0,0,0,0,0,0,-,-,NA,NA,LOS ANGELES,LOS ANGELES,-118.54481,34.22033568
8305173,2017,2017-03-16,1942,2017-02-01,1735,41316,1078,3,5,7,1942,0,0,0,J,0,21TL64,MAGNOLIA BL,HAYVENHURST AV,50,W,N,A,-,N,NA,NA,NA,NA,NA,NA,NA,NA,NA,N,4,0,2,3,A,-,03,22350,NA,F,C,C,A,A,H,-,C,A,0,NA,NA,NA,NA,Y,NA,-,99,0,0,2,0,0,0,0,0,0,-,-,NA,NA,LOS ANGELES,LOS ANGELES,-118.492505,34.16492
8305177,2017,2017-03-16,1942,2017-02-02,0030,33504,1781,4,5,7,1942,0,0,0,Q,0,19T73,NORDHOFF ST,MASON AV,546,W,N,A,-,N,NA,NA,NA,NA,NA,NA,NA,NA,NA,Y,2,0,3,1,A,-,03,22350,NA,N,E,J,A,A,H,-,C,D,0,NA,NA,NA,NA,Y,NA,A,01,1,0,2,0,0,0,0,0,0,-,-,NA,NA,LOS ANGELES,LOS ANGELES,-118.58142922,34.2321773
8305181,2017,2017-03-16,1942,2017-02-01,0755,34561,1043,3,5,7,1942,0,0,0,J,0,9TL59,RESEDA BL,OXNARD ST,23,N,N,A,-,N,NA,NA,NA,NA,NA,NA,NA,NA,NA,Y,4,0,1,2,A,-,04,21703,NA,N,C,C,A,A,H,-,A,A,0,NA,NA,NA,NA,Y,NA,A,01,0,0,1,0,0,0,0,0,0,-,-,NA,NA,LOS ANGELES,LOS ANGELES,-118.53601371,34.18004302
8305185,2017,2017-03-16,1942,2017-02-01,1820,38185,1018,3,5,7,1942,0,0,0,J,0,16T23,SHERMAN WAY,WOODLEY AV,200,E,N,A,-,N,NA,NA,NA,NA,NA,NA,NA,NA,NA,N,4,0,1,2,A,-,08,22107,NA,N,-,-,F,A,H,-,C,-,0,Y,NA,NA,NA,Y,NA,A,01,0,0,1,0,1,0,0,0,0,-,-,NA,NA,LOS ANGELES,LOS ANGELES,-118.48302688,34.20112
8305189,2017,2017-03-16,1942,2017-02-01,2215,41729,1824,3,5,7,1942,0,0,0,R,0,12T41,AVALON BL,97TH ST,0,NA,Y,A,-,N,NA,NA,NA,NA,NA,NA,NA,NA,NA,Y,2,0,1,2,A,-,09,21801,A,N,A,C,A,A,H,-,C,D,0,NA,NA,Y,NA,Y,NA,A,01,1,0,0,0,0,0,0,0,1,-,-,NA,NA,LOS ANGELES,LOS ANGELES,-118.26517012,33.9483201
8305193,2017,2017-03-16,1965,2017-02-02,2147,3831,0B1G,4,5,5,1965,0,0,0,NA,0,A001,OLYMPIC BL,4TH ST,0,NA,Y,B,-,N,NA,NA,NA,NA,NA,NA,NA,NA,NA,Y,4,0,1,2,A,-,12,21453,A,N,D,C,A,A,H,-,C,A,0,NA,NA,NA,NA,Y,NA,A,01,0,0,1,0,0,0,0,0,0,-,-,NA,NA,LOS ANGELES,SANTA MONICA,-118.49003008,34.01205003
8305203,2017,2017-02-21,1941,2017-01-31,1553,10939,NA,2,5,7,1941,0,0,0,NA,0,NA,ATLANTIC AV,52ND ST,0,NA,Y,A,-,N,NA,NA,NA,NA,NA,NA,NA,NA,NA,Y,4,0,1,2,A,-,09,21801,A,N,D,C,A,A,H,-,A,A,0,NA,NA,NA,NA,Y,NA,D,NA,0,0,1,0,0,0,0,0,0,-,-,NA,NA,LOS ANGELES,LONG BEACH,-118.1849701,33.8504901
8305207,2017,2017-02-21,1941,2017-01-31,1223,5612,NA,2,5,7,1941,0,0,0,NA,0,NA,PALO VERDE AV,FAIRBROOK,0,NA,Y,A,-,N,NA,NA,NA,NA,NA,NA,NA,NA,NA,Y,3,0,3,4,A,-,03,22350,NA,N,C,C,A,A,H,-,A,D,0,NA,NA,NA,NA,Y,NA,A,NA,0,1,2,0,0,0,0,0,0,-,-,NA,NA,LOS ANGELES,LONG BEACH,-118.10794011,33.79154006
8305255,2017,2017-02-22,1900,2017-02-01,2335,514205,1626,3,5,5,1977,0,0,0,NA,0,160T,WILMINGTON AV,236TH ST,0,NA,Y,A,-,N,NA,NA,NA,NA,NA,NA,NA,NA,NA,Y,3,0,1,2,A,-,03,22350,NA,N,C,C,A,A,H,-,C,D,0,NA,NA,NA,Y,Y,NA,A,01,0,1,0,0,0,0,0,0,0,-,-,NA,NA,LOS ANGELES,CARSON,-118.25385,33.81039
8305297,2017,2018-01-06,1942,2017-01-27,1000,41342,0905,5,5,7,1942,0,0,0,I,0,9A1,FIRMAMENT,SHERMAN WAY,24,S,N,A,-,Y,LA,7,405,-,-,42.598,R,4,N,N,4,0,2,2,A,-,09,21453,C,F,D,C,A,A,H,-,A,A,0,NA,NA,NA,NA,Y,NA,-,99,0,0,2,0,0,0,0,0,0,-,-,NA,NA,LOS ANGELES,LOS ANGELES,-118.47325536,34.20431841
8305301,2017,2017-08-04,1942,2017-01-27,1540,41840,1585,5,5,7,1942,0,0,0,O,0,9A5,VINELAND AV,AQUA VISTA ST,0,NA,Y,A,-,N,NA,NA,NA,NA,NA,NA,NA,NA,NA,N,4,0,1,2,A,-,10,21950,A,N,G,B,B,A,H,-,A,A,0,Y,NA,NA,NA,Y,NA,A,01,0,0,1,0,1,0,0,0,0,-,-,NA,NA,LOS ANGELES,LOS ANGELES,-118.37055006,34.14496004
8305305,2017,2017-02-16,1942,2017-01-28,1530,37464,NA,6,5,7,1942,0,0,0,NA,0,15A44,CHANDLER BL,LAUREL CANYON,75,E,N,A,-,N,NA,NA,NA,NA,NA,NA,NA,NA,NA,N,3,0,1,2,A,-,09,21804,A,N,D,G,A,A,H,-,A,D,0,NA,Y,NA,NA,Y,NA,L,04,0,1,0,0,0,0,1,0,0,-,-,NA,NA,LOS ANGELES,LOS ANGELES,-118.39625253,34.16866221
8305309,2017,2017-02-16,1942,2017-01-29,1100,40857,1596,7,5,7,1942,0,0,0,O,0,15A68,VENTURA BL,FRUITLAND DR,0,NA,Y,A,-,N,NA,NA,NA,NA,NA,NA,NA,NA,NA,N,3,0,1,2,A,-,08,22107,NA,N,B,G,A,A,H,-,A,D,0,NA,Y,NA,NA,Y,NA,A,01,0,1,0,0,0,0,1,0,0,-,-,NA,NA,LOS ANGELES,LOS ANGELES,-118.37199013,34.14117012
8305313,2017,2017-02-16,1942,2017-01-17,1440,42473,1668,2,5,7,1942,0,0,0,P,0,16A23,FOOTHILL BL,MARCUS AV,200,E,N,A,-,N,NA,NA,NA,NA,NA,NA,NA,NA,NA,Y,3,0,1,5,A,-,08,22107,NA,N,A,E,A,A,H,-,A,D,0,NA,NA,NA,NA,Y,NA,A,01,0,1,0,0,0,0,0,0,0,-,-,NA,NA,LOS ANGELES,LOS ANGELES,-118.28114238,34.24774884
8305317,2017,2017-02-16,1942,2017-01-31,0815,30452,1762,2,5,7,1942,0,0,0,Q,0,9TL53,MASON AV,LASSEN ST,0,NA,Y,A,-,N,NA,NA,NA,NA,NA,NA,NA,NA,NA,Y,3,0,2,4,A,-,09,21801,A,N,D,C,A,A,H,-,A,A,0,NA,NA,NA,NA,Y,NA,A,01,0,1,1,0,0,0,0,0,0,-,-,NA,NA,LOS ANGELES,LOS ANGELES,-118.57980002,34.24998008
8305444,2017,2017-02-27,1941,2017-01-23,0821,5612,NA,1,5,7,1941,0,0,0,NA,0,NA,PALO VERDE AV,METZ,0,NA,Y,C,-,N,NA,NA,NA,NA,NA,NA,NA,NA,NA,N,3,0,1,2,B,-,22,NA,NA,N,B,B,B,B,H,-,A,A,0,Y,NA,NA,NA,Y,NA,A,NA,0,1,0,0,1,0,0,0,0,-,-,NA,NA,LOS ANGELES,LONG BEACH,-118.10786013,33.81512011
8305448,2017,2017-05-17,1941,2017-01-31,1440,5129,NA,2,5,7,1941,0,0,0,NA,0,NA,REDONDO AV,PACIFIC COAST HWY,600,S,N,A,-,N,NA,NA,NA,NA,NA,NA,NA,NA,NA,Y,3,0,2,1,A,-,07,21658,A,N,E,I,A,A,H,-,A,A,0,NA,NA,NA,NA,Y,NA,A,NA,0,2,0,0,0,0,0,0,0,-,-,NA,NA,LOS ANGELES,LONG BEACH,-118.15241,33.78821487
8305452,2017,2017-03-03,1941,2017-01-28,1835,10795,NA,6,5,7,1941,0,0,0,NA,0,NA,ATLANTIC,56TH ST,0,NA,Y,A,-,N,NA,NA,NA,NA,NA,NA,NA,NA,NA,Y,3,0,1,2,A,-,00,20001,NA,F,G,B,B,A,H,-,C,A,0,Y,NA,NA,NA,Y,NA,A,NA,0,1,0,0,1,0,0,0,0,-,-,NA,NA,LOS ANGELES,LONG BEACH,-118.184926,33.858093
8305456,2017,2017-02-27,1941,2017-01-31,1620,5966,NA,2,5,7,1941,0,0,0,NA,0,NA,NIETO,2ND ST,130,N,N,A,-,N,NA,NA,NA,NA,NA,NA,NA,NA,NA,N,3,0,1,2,A,-,10,21950,A,F,G,B,A,A,H,-,A,D,0,NA,NA,NA,NA,Y,NA,A,NA,0,1,0,0,0,0,0,0,0,-,-,NA,NA,LOS ANGELES,LONG BEACH,-118.13504398,33.7606922
8305460,2017,2017-02-27,1900,2017-01-27,1819,524694,1628,5,5,5,1977,0,0,0,NA,0,164T1,AVALON BL,CARSON ST,75,S,N,A,-,N,NA,NA,NA,NA,NA,NA,NA,NA,NA,N,4,0,1,2,A,-,04,21703,NA,N,C,E,A,A,H,-,C,A,0,NA,NA,NA,NA,Y,NA,A,01,0,0,1,0,0,0,0,0,0,-,-,NA,NA,LOS ANGELES,CARSON,-118.26374793,33.83155434
8305499,2017,2017-06-29,1941,2017-01-25,0801,10916,NA,3,5,7,1941,0,0,0,NA,0,NA,PACIFIC COAST HWY,LEMON AV,0,NA,Y,A,-,Y,LA,7,1,-,-,5.63,H,-,N,N,4,0,1,3,A,-,03,22350,NA,N,C,C,A,A,H,-,A,A,0,NA,NA,NA,NA,Y,NA,A,NA,0,0,1,0,0,0,0,0,0,-,-,NA,NA,LOS ANGELES,LONG BEACH,-118.17825887,33.78991494
8305503,2017,2017-02-27,1941,2017-01-25,1004,5741,NA,3,5,7,1941,0,0,0,NA,0,NA,WARDLOW,SANTA FE AV,0,NA,Y,A,-,N,NA,NA,NA,NA,NA,NA,NA,NA,NA,Y,4,0,1,2,A,-,12,21453,A,N,D,C,A,A,H,-,A,A,0,NA,NA,NA,NA,Y,NA,A,NA,0,0,1,0,0,0,0,0,0,-,-,NA,NA,LOS ANGELES,LONG BEACH,-118.21554001,33.82439006
8305507,2017,2017-02-27,1941,2017-01-23,1132,6132,NA,1,5,7,1941,0,0,0,NA,0,NA,HARVEY WY,CLARK AV,40,W,N,A,-,N,NA,NA,NA,NA,NA,NA,NA,NA,NA,Y,3,0,1,2,A,-,08,22107,NA,N,D,C,A,A,H,-,A,D,0,NA,NA,Y,NA,Y,NA,A,NA,0,1,0,0,0,0,0,0,1,-,-,NA,NA,LOS ANGELES,LONG BEACH,-118.13398144,33.83612
8305511,2017,2017-02-27,1941,2017-01-31,0934,5839,NA,2,5,7,1941,0,0,0,NA,0,NA,7TH ST,LONG BEACH BL,0,NA,Y,A,-,N,NA,NA,NA,NA,NA,NA,NA,NA,NA,Y,4,0,2,2,A,-,12,21453,A,N,D,C,A,A,H,-,A,A,0,NA,NA,NA,NA,Y,NA,A,NA,0,0,2,0,0,0,0,0,0,-,-,NA,NA,LOS ANGELES,LONG BEACH,-118.18946007,33.77534009
8305515,2017,2017-02-27,1941,2017-01-14,1026,5966,NA,6,5,7,1941,0,0,0,NA,0,NA,BROADWAY,KENNEBEC,0,NA,Y,A,-,N,NA,NA,NA,NA,NA,NA,NA,NA,NA,Y,4,0,2,2,A,-,08,22107,NA,N,D,C,A,A,H,-,A,D,0,NA,NA,NA,NA,Y,NA,A,NA,0,0,2,0,0,0,0,0,0,-,-,NA,NA,LOS ANGELES,LONG BEACH,-118.16407011,33.76656009
8305699,2017,2017-04-15,1942,2017-02-02,1540,38326,1601,4,5,7,1942,0,0,0,P,0,9TL54,FOOTHILL BL,ARROYO ST,150,N,N,A,-,N,NA,NA,NA,NA,NA,NA,NA,NA,NA,N,4,0,1,2,B,-,22,NA,NA,F,C,C,A,A,H,-,A,D,0,NA,NA,NA,NA,Y,NA,-,99,0,0,1,0,0,0,0,0,0,-,-,NA,NA,LOS ANGELES,LOS ANGELES,-118.41474822,34.29308822
8305703,2017,2017-02-16,1942,2017-02-02,1835,38356,1506,4,5,7,1942,0,0,0,O,0,16TL26,TUJUNGA AV,SHERMAN WY,0,S,N,B,-,N,NA,NA,NA,NA,NA,NA,NA,NA,NA,N,4,0,1,2,A,-,03,22350,NA,F,C,C,A,A,H,-,C,A,0,NA,NA,NA,NA,Y,NA,-,99,0,0,1,0,0,0,0,0,0,-,-,NA,NA,LOS ANGELES,LOS ANGELES,-118.3790301,34.20118003
8305707,2017,2017-02-16,1942,2017-02-01,0805,38471,2143,3,5,7,1942,0,0,0,NA,0,19TL73,VICTORY BL,FALLBROOK CIR DWY,0,NA,Y,A,-,N,NA,NA,NA,NA,NA,NA,NA,NA,NA,N,4,0,1,2,A,-,09,21801,A,N,D,C,A,A,H,-,A,A,0,NA,NA,NA,NA,Y,NA,A,07,0,0,1,0,0,0,0,0,0,-,-,NA,NA,LOS ANGELES,LOS ANGELES,NA,NA
8305711,2017,2017-02-16,1942,2017-02-02,1700,36801,1956,4,5,7,1942,0,0,0,NA,0,10TL38,DEVONSHIRE ST,ARLETA AV,1000,W,N,A,-,N,NA,NA,NA,NA,NA,NA,NA,NA,NA,Y,3,0,4,5,A,-,05,21651,A,N,D,C,A,A,H,-,A,D,0,NA,NA,NA,NA,Y,Y,A,01,0,1,3,0,0,0,0,0,0,-,-,NA,NA,LOS ANGELES,LOS ANGELES,-118.44737799,34.25746348
8305715,2017,2018-01-06,1942,2017-02-02,1350,38326,1713,4,5,7,1942,0,0,0,Q,0,9TL54,RINALDI ST,AMIGO AV,0,NA,Y,A,-,Y,LA,7,118,-,R,5.909,R,4,W,N,3,0,1,3,A,-,08,22107,NA,N,A,C,A,A,H,-,A,A,0,NA,NA,NA,NA,Y,NA,A,01,0,1,0,0,0,0,0,0,0,-,-,NA,NA,LOS ANGELES,LOS ANGELES,-118.53459713,34.27570013
8305719,2017,2017-02-16,1942,2017-02-02,2313,39779,1667,4,5,7,1942,0,0,0,P,0,9TL43,LA TUNA CANYON RD,ELBEN AV,6336,E,N,A,-,N,NA,NA,NA,NA,NA,NA,NA,NA,NA,Y,3,0,1,2,A,-,03,22350,NA,N,B,C,A,A,H,-,D,D,0,NA,NA,NA,NA,Y,NA,A,01,0,1,0,0,0,0,0,0,0,-,-,34.14124,-118.18517,LOS ANGELES,LOS ANGELES,-118.32171,34.23733
8305723,2017,2017-02-16,1942,2017-02-02,1020,40388,1503,4,5,7,1942,0,0,0,O,0,16T23,SHERMAN WY,LAUREL CANYON BL,917,W,N,A,-,N,NA,NA,NA,NA,NA,NA,NA,NA,NA,N,4,0,1,2,A,-,04,21703,NA,N,C,C,A,A,H,-,A,D,0,NA,NA,NA,NA,Y,NA,A,01,0,0,1,0,0,0,0,0,0,-,-,NA,NA,LOS ANGELES,LOS ANGELES,-118.3994788,34.20114938
8305727,2017,2017-02-16,1942,2017-02-02,1420,38356,1569,4,5,7,1942,0,0,0,O,0,16TL26,MOORPARK ST,FORMAN AV,0,NA,Y,B,-,N,NA,NA,NA,NA,NA,NA,NA,NA,NA,Y,3,0,3,2,A,-,12,22450,A,N,D,C,A,A,H,-,A,A,0,NA,NA,NA,NA,Y,NA,-,-,0,1,2,0,0,0,0,0,0,-,-,NA,NA,LOS ANGELES,LOS ANGELES,-118.35273012,34.1503901
8305728,2017,2017-02-16,1941,2017-02-01,1707,6281,NA,3,5,7,1941,0,0,0,NA,0,NA,17TH ST,HAYES AV,0,NA,Y,A,-,N,NA,NA,NA,NA,NA,NA,NA,NA,NA,Y,3,0,1,2,A,-,09,21802,A,N,D,J,A,A,H,-,A,D,0,NA,NA,NA,NA,Y,Y,A,NA,0,1,0,0,0,0,0,0,0,-,-,NA,NA,LOS ANGELES,LONG BEACH,-118.21876012,33.78817001
8305732,2017,2017-02-16,1941,2017-02-02,0750,5839,NA,4,5,7,1941,0,0,0,NA,0,NA,WILLOW ST,EUCALYPTUS AV,0,NA,Y,A,-,N,NA,NA,NA,NA,NA,NA,NA,NA,NA,N,3,0,1,2,A,-,05,21650,1,N,D,G,A,A,H,-,A,D,0,NA,Y,NA,NA,Y,NA,L,NA,0,1,0,0,0,0,1,0,0,-,-,NA,NA,LOS ANGELES,LONG BEACH,-118.19698005,33.80445002
8305736,2017,2017-02-16,1941,2017-02-01,1700,10164,NA,3,5,7,1941,0,0,0,NA,0,NA,ARTESIA BL,ATLANTIC AV,850,W,N,A,-,N,NA,NA,NA,NA,NA,NA,NA,NA,NA,N,2,0,1,2,A,-,03,22350,NA,N,C,C,A,A,H,-,A,D,0,NA,NA,NA,NA,Y,NA,D,NA,1,0,0,0,0,0,0,0,0,-,-,NA,NA,LOS ANGELES,LONG BEACH,-118.18897445,33.87439
8305740,2017,2017-02-16,1941,2017-02-01,1054,10952,NA,3,5,7,1941,0,0,0,NA,0,NA,10TH ST,RAYMOND AV,0,NA,Y,A,-,N,NA,NA,NA,NA,NA,NA,NA,NA,NA,Y,4,0,1,2,A,-,09,21802,A,N,D,C,A,A,H,-,A,D,0,NA,NA,NA,NA,Y,NA,A,NA,0,0,1,0,0,0,0,0,0,-,-,NA,NA,LOS ANGELES,LONG BEACH,-118.16441006,33.77896005
8305744,2017,2017-02-16,1941,2017-02-01,0900,10938,NA,3,5,7,1941,0,0,0,NA,0,NA,7TH ST,CORONADO AV,3,E,N,A,-,N,NA,NA,NA,NA,NA,NA,NA,NA,NA,N,4,0,1,2,A,-,21,22106,NA,N,G,G,A,A,H,-,A,D,0,NA,Y,NA,NA,Y,NA,A,NA,0,0,1,0,0,0,1,0,0,-,-,NA,NA,LOS ANGELES,LONG BEACH,-118.15352015,33.77535
8305748,2017,2017-02-16,1941,2017-02-02,0707,5966,NA,4,5,7,1941,0,0,0,NA,0,NA,7TH ST,PARK,185,E,N,A,-,N,NA,NA,NA,NA,NA,NA,NA,NA,NA,Y,2,0,2,2,A,-,07,21658,A,N,A,C,A,A,H,-,A,D,0,NA,NA,NA,NA,Y,NA,D,NA,1,0,1,0,0,0,0,0,0,-,-,NA,NA,LOS ANGELES,LONG BEACH,-118.19378248,33.77536
8305752,2017,2017-02-16,1900,2017-02-01,1450,S52620,1624,3,5,5,1977,0,0,0,NA,0,166T,223RD ST,FIGUEROA ST,150,W,N,A,-,N,NA,NA,NA,NA,NA,NA,NA,NA,NA,Y,4,0,1,3,A,-,03,22350,NA,N,C,C,A,A,H,-,A,D,0,NA,NA,NA,NA,Y,NA,I,11,0,0,1,0,0,0,0,0,0,-,-,NA,NA,LOS ANGELES,CARSON,-118.28660259,33.82443493
8305760,2017,2017-02-17,1956,2017-02-01,1752,1172,67,3,5,5,1956,0,0,0,NA,0,004,AVIATION BL,MARINE AV,307,S,N,A,-,N,NA,NA,NA,NA,NA,NA,NA,NA,NA,Y,4,0,2,3,A,-,03,22350,NA,N,C,C,A,A,H,-,C,-,0,NA,NA,NA,NA,Y,NA,A,01,0,0,2,0,0,0,0,0,0,-,-,NA,NA,LOS ANGELES,REDONDO BEACH,-118.37870261,33.89379797