CASE_ID,ACCIDENT_YEAR,PROC_DATE,JURIS,COLLISION_DATE,COLLISION_TIME,OFFICER_ID,REPORTING_DISTRICT,DAY_OF_WEEK,CHP_SHIFT,POPULATION,CNTY_CITY_LOC,SPECIAL_COND,BEAT_TYPE,CHP_BEAT_TYPE,CITY_DIVISION_LAPD,CHP_BEAT_CLASS,BEAT_NUMBER,PRIMARY_RD,SECONDARY_RD,DISTANCE,DIRECTION,INTERSECTION,WEATHER_1,WEATHER_2,STATE_HWY_IND,CALTRANS_COUNTY,CALTRANS_DISTRICT,STATE_ROUTE,ROUTE_SUFFIX,POSTMILE_PREFIX,POSTMILE,LOCATION_TYPE,RAMP_INTERSECTION,SIDE_OF_HWY,TOW_AWAY,COLLISION_SEVERITY,NUMBER_KILLED,NUMBER_INJURED,PARTY_COUNT,PRIMARY_COLL_FACTOR,PCF_CODE_OF_VIOL,PCF_VIOL_CATEGORY,PCF_VIOLATION,PCF_VIOL_SUBSECTION,HIT_AND_RUN,TYPE_OF_COLLISION,MVIW,PED_ACTION,ROAD_SURFACE,ROAD_COND_1,ROAD_COND_2,LIGHTING,CONTROL_DEVICE,CHP_ROAD_TYPE,PEDESTRIAN_ACCIDENT,BICYCLE_ACCIDENT,MOTORCYCLE_ACCIDENT,TRUCK_ACCIDENT,NOT_PRIVATE_PROPERTY,ALCOHOL_INVOLVED,STWD_VEHTYPE_AT_FAULT,CHP_VEHTYPE_AT_FAULT,COUNT_SEVERE_INJ,COUNT_VISIBLE_INJ,COUNT_COMPLAINT_PAIN,COUNT_PED_KILLED,COUNT_PED_INJURED,COUNT_BICYCLIST_KILLED,COUNT_BICYCLIST_INJURED,COUNT_MC_KILLED,COUNT_MC_INJURED,PRIMARY_RAMP,SECONDARY_RAMP,LATITUDE,LONGITUDE,COUNTY,CITY,POINT_X,POINT_Y
8310216,2017,2017-05-17,1965,2017-02-03,0545,3866,0B2A,5,5,5,1965,0,0,0,NA,0,B002,LINCOLN BL,PICO BL,128,S,N,C,-,N,NA,NA,NA,NA,NA,NA,NA,NA,NA,N,4,0,2,2,A,-,21,22106,NA,N,C,C,A,B,H,-,C,A,0,NA,NA,NA,NA,Y,NA,A,01,0,0,2,0,0,0,0,0,0,-,-,37.00353,-121.00603,LOS ANGELES,SANTA MONICA,-118.48264924,34.01206393
8310225,2016,2017-03-02,1942,2016-12-27,1430,42212,1129,2,5,7,1942,0,0,0,K,0,11A37,SAN PASCUAL AV,PRINCESS DR,29,N,N,A,-,N,NA,NA,NA,NA,NA,NA,NA,NA,NA,N,2,0,1,2,A,-,09,21804,A,N,C,C,A,A,H,-,A,-,0,NA,NA,NA,NA,Y,NA,I,12,1,0,0,0,0,0,0,0,0,-,-,NA,NA,LOS ANGELES,LOS ANGELES,-118.17670496,34.11512928
8310242,2017,2017-03-02,1942,2017-02-06,1850,40068,2149,1,5,7,1942,0,0,0,NA,0,21G33,WINNETKA AV,VANOWEN,0,NA,Y,B,-,N,NA,NA,NA,NA,NA,NA,NA,NA,NA,Y,4,0,1,3,A,-,12,21453,A,N,H,C,A,A,H,-,C,A,0,NA,NA,NA,NA,Y,NA,A,01,0,0,1,0,0,0,0,0,0,-,-,NA,NA,LOS ANGELES,LOS ANGELES,-118.57098004,34.19379004
8310243,2017,2017-03-06,1942,2017-02-10,0700,41396,1792,5,5,7,1942,0,0,0,Q,0,9TL57,CORBIN AV,PARTHENIA ST,0,NA,Y,B,-,N,NA,NA,NA,NA,NA,NA,NA,NA,NA,Y,3,0,2,2,A,-,09,21801,A,N,D,C,A,A,H,-,A,A,0,NA,NA,NA,NA,Y,NA,A,01,0,1,1,0,0,0,0,0,0,-,-,NA,NA,LOS ANGELES,LOS ANGELES,-118.56229,34.22823
8310244,2017,2017-03-06,1942,2017-02-11,0730,37080,0926,6,5,7,1942,0,0,0,I,0,15TL45,WOODMAN AV,VANOWEN ST,156,S,N,B,-,N,NA,NA,NA,NA,NA,NA,NA,NA,NA,Y,4,0,1,1,A,-,04,21703,NA,N,E,I,A,B,H,-,A,D,0,NA,NA,NA,NA,Y,NA,A,01,0,0,1,0,0,0,0,0,0,-,-,NA,NA,LOS ANGELES,LOS ANGELES,-118.43127,34.19351211
8310246,2017,2017-03-02,1942,2017-02-08,2035,35410,2148,3,5,7,1942,0,0,0,NA,0,21A5,SHERMAN WY,OSO AV,50,E,N,A,-,N,NA,NA,NA,NA,NA,NA,NA,NA,NA,N,4,0,1,2,A,-,11,21955,NA,N,B,B,D,A,H,-,C,D,0,Y,NA,NA,NA,Y,Y,N,60,0,0,1,0,1,0,0,0,0,-,-,NA,NA,LOS ANGELES,LOS ANGELES,-118.57518493,34.20101819
8310247,2017,2017-03-03,1942,2017-02-10,0635,33700,1785,5,5,7,1942,0,0,0,Q,0,NA,RAYEN ST,CHIMINEAS,225,W,N,B,-,N,NA,NA,NA,NA,NA,NA,NA,NA,NA,Y,3,0,1,1,B,-,22,NA,NA,N,E,J,A,A,H,-,D,A,0,NA,NA,NA,NA,Y,NA,A,01,0,1,0,0,0,0,0,0,0,-,-,NA,NA,LOS ANGELES,LOS ANGELES,-118.52918306,34.23186652
8310248,2017,2017-12-27,1942,2017-02-10,0950,36733,1634,5,5,7,1942,0,0,0,P,0,19TL77,FOOTHILL BL,RT 210,525,W,N,B,-,N,NA,NA,NA,NA,NA,NA,NA,NA,NA,Y,3,0,2,2,A,-,05,21650,NA,F,B,C,A,A,H,-,A,D,0,NA,NA,NA,NA,Y,NA,-,99,0,1,1,0,0,0,0,0,0,-,EO,NA,NA,LOS ANGELES,LOS ANGELES,-118.48561961,34.31845392
8310251,2017,2017-03-03,1942,2017-02-10,1730,30983,1687,5,5,7,1942,0,0,0,P,0,10TL36,STRATHERN ST,FAIR AV,7,S,N,B,C,N,NA,NA,NA,NA,NA,NA,NA,NA,NA,N,4,0,1,2,A,-,09,21801,A,N,D,G,A,B,H,-,B,D,0,NA,Y,NA,NA,Y,NA,A,01,0,0,1,0,0,0,1,0,0,-,-,NA,NA,LOS ANGELES,LOS ANGELES,-118.37468,34.21568
8310252,2017,2017-03-13,1941,2017-02-06,0753,10916,NA,1,5,7,1941,0,0,0,NA,0,NA,OREGON AV,ESTHER,116,S,N,B,C,N,NA,NA,NA,NA,NA,NA,NA,NA,NA,N,4,0,1,2,A,-,09,21804,A,N,D,C,A,B,H,-,A,D,0,NA,NA,NA,NA,Y,NA,A,NA,0,0,1,0,0,0,0,0,0,-,-,NA,NA,LOS ANGELES,LONG BEACH,-118.20101755,33.78856244
8310255,2017,2017-03-03,1942,2017-02-09,0935,30452,1651,4,5,7,1942,0,0,0,P,0,9TL53,LAUREL CANYON BL,OSBORNE ST,650,S,N,A,-,N,NA,NA,NA,NA,NA,NA,NA,NA,NA,N,4,0,2,2,A,-,09,21804,A,N,D,C,A,A,H,-,A,D,0,NA,NA,NA,NA,Y,NA,A,01,0,0,2,0,0,0,0,0,0,-,-,NA,NA,LOS ANGELES,LOS ANGELES,-118.41811537,34.24554632
8310256,2017,2017-03-06,1942,2017-02-08,0755,42430,1774,3,5,7,1942,0,0,0,Q,0,17A67,ZELZAH AV,PLUMMER ST,43,S,N,B,-,N,NA,NA,NA,NA,NA,NA,NA,NA,NA,N,4,0,1,2,A,-,04,21703,NA,N,C,C,A,B,H,-,A,A,0,NA,NA,NA,NA,Y,NA,A,01,0,0,1,0,0,0,0,0,0,-,-,NA,NA,LOS ANGELES,LOS ANGELES,-118.52324653,34.24304208
8310259,2017,2017-03-09,1942,2017-02-12,1655,42562,NA,7,5,7,1942,0,0,0,NA,0,10A26,SATICOY,ENFIELD,75,W,N,A,-,N,NA,NA,NA,NA,NA,NA,NA,NA,NA,Y,4,0,1,5,A,-,01,23153,A,N,A,E,A,A,H,-,A,D,0,NA,NA,NA,NA,Y,Y,A,01,0,0,1,0,0,0,0,0,0,-,-,NA,NA,LOS ANGELES,LOS ANGELES,-118.52433755,34.20839484
8310260,2017,2017-03-16,1941,2017-02-08,0833,10920,NA,3,5,7,1941,0,0,0,NA,0,NA,DOWNEY AV,70TH ST,150,S,N,A,-,N,NA,NA,NA,NA,NA,NA,NA,NA,NA,Y,3,0,1,2,A,-,08,22100,B,F,H,C,A,B,H,-,A,D,0,NA,NA,Y,NA,Y,NA,A,NA,0,1,0,0,0,0,0,0,1,-,-,NA,NA,LOS ANGELES,LONG BEACH,-118.15132326,33.88157871
8310263,2017,2017-03-06,1942,2017-02-08,1430,38326,1761,3,5,7,1942,0,0,0,Q,0,9T54,MARILLA ST,CANOGA AV,100,W,N,A,-,N,NA,NA,NA,NA,NA,NA,NA,NA,NA,Y,4,0,1,2,A,-,08,22107,NA,N,C,E,A,A,H,-,A,D,0,NA,NA,NA,NA,Y,NA,A,01,0,0,1,0,0,0,0,0,0,-,-,NA,NA,LOS ANGELES,LOS ANGELES,-118.60037327,34.24760902
8310264,2017,2017-03-06,1942,2017-02-09,0335,41467,1942,4,5,7,1942,0,0,0,NA,0,19A79,ROMAR,SEPULVEDA,25,W,N,A,-,N,NA,NA,NA,NA,NA,NA,NA,NA,NA,N,2,0,1,2,A,-,09,21804,A,N,A,G,A,A,H,-,C,D,0,NA,Y,NA,NA,Y,NA,L,04,1,0,0,0,0,0,1,0,0,-,-,NA,NA,LOS ANGELES,LOS ANGELES,-118.46756257,34.25452147
8310267,2017,2017-03-03,1942,2017-02-11,1030,37080,1912,6,5,7,1942,0,0,0,NA,0,15TL45,EXCELSIOR ST,FOOTHILL BL,0,NA,Y,B,-,N,NA,NA,NA,NA,NA,NA,NA,NA,NA,Y,4,0,2,2,A,-,09,21802,A,N,D,C,A,A,H,-,A,A,0,NA,NA,NA,NA,Y,NA,A,01,0,0,2,0,0,0,0,0,0,-,-,NA,NA,LOS ANGELES,LOS ANGELES,-118.47596012,34.32160009
8310268,2017,2017-03-06,1942,2017-02-10,1920,38613,0984,5,5,7,1942,0,0,0,I,0,9T53,KESTER AV,VENTURA BL,10,S,N,C,-,N,NA,NA,NA,NA,NA,NA,NA,NA,NA,N,4,0,1,2,A,-,10,21950,A,N,G,B,B,B,H,-,C,A,0,Y,NA,NA,NA,Y,NA,A,01,0,0,1,0,1,0,0,0,0,-,-,NA,NA,LOS ANGELES,LOS ANGELES,-118.45743,34.15235
8310271,2017,2017-03-06,1941,2017-02-08,2304,6148,NA,3,5,7,1941,0,0,0,NA,0,NA,VERNON ST,SAN ANSELINE AV,71,W,N,A,-,N,NA,NA,NA,NA,NA,NA,NA,NA,NA,Y,3,0,1,2,A,-,08,22107,NA,N,C,E,A,A,H,-,C,D,0,NA,NA,NA,NA,Y,Y,A,NA,0,1,0,0,0,0,0,0,0,-,-,NA,NA,LOS ANGELES,LONG BEACH,-118.12165282,33.80203878
8310272,2017,2017-03-03,1942,2017-02-10,0945,39096,1708,5,5,7,1942,0,0,0,Q,0,10TL35,ENCINITAS AV,ROXFORD ST,50,S,N,A,-,N,NA,NA,NA,NA,NA,NA,NA,NA,NA,N,4,0,1,2,A,-,09,21804,A,F,D,C,A,A,H,-,A,D,0,NA,NA,NA,NA,Y,NA,-,99,0,0,1,0,0,0,0,0,0,-,-,NA,NA,LOS ANGELES,LOS ANGELES,-118.47874191,34.30373405
8310275,2017,2017-03-06,1941,2017-02-08,1842,5226,NA,3,5,7,1941,0,0,0,NA,0,NA,ATLANTIC AV,31ST ST,0,NA,Y,A,-,N,NA,NA,NA,NA,NA,NA,NA,NA,NA,Y,4,0,1,2,A,-,03,22350,A,N,C,C,A,A,H,-,C,A,0,NA,NA,NA,NA,Y,NA,A,NA,0,0,1,0,0,0,0,0,0,-,-,NA,NA,LOS ANGELES,LONG BEACH,-118.18503003,33.81348009
8310276,2017,2017-03-06,1942,2017-02-10,1605,37686,1088,5,5,7,1942,0,0,0,J,0,10TL34,HAYVENHURST AV,HUERTA RD,10,S,N,C,-,N,NA,NA,NA,NA,NA,NA,NA,NA,NA,Y,4,0,1,2,A,-,03,22350,NA,F,C,C,A,B,H,-,A,D,0,NA,NA,NA,NA,Y,NA,-,99,0,0,1,0,0,0,0,0,0,-,-,NA,NA,LOS ANGELES,LOS ANGELES,-118.4944616,34.15024432
8310279,2017,2017-03-06,1942,2017-02-10,1450,36406,1754,5,5,7,1942,0,0,0,Q,0,21T65,RESEDA BL,DEVONSHIRE ST,500,N,N,B,-,N,NA,NA,NA,NA,NA,NA,NA,NA,NA,Y,4,0,1,2,A,-,09,21804,A,N,D,C,A,B,H,-,A,D,0,NA,NA,NA,NA,Y,NA,A,01,0,0,1,0,0,0,0,0,0,-,-,NA,NA,LOS ANGELES,LOS ANGELES,-118.5361,34.25863151
8310280,2017,2017-03-03,1942,2017-02-09,1005,37080,0905,4,5,7,1942,0,0,0,I,0,15TL45,WYANDOTTE ST,CEDROS AV,260,E,N,A,-,N,NA,NA,NA,NA,NA,NA,NA,NA,NA,Y,4,0,1,3,A,-,09,21804,A,N,D,C,A,A,H,-,A,D,0,NA,NA,NA,NA,Y,NA,A,01,0,0,1,0,0,0,0,0,0,-,-,NA,NA,LOS ANGELES,LOS ANGELES,-118.45225167,34.20300718
8310282,2017,2017-03-02,1976,2017-02-08,1354,380,NA,3,5,5,1976,0,0,0,NA,0,004,LAMBERT RD,GUNN AV,38,E,Y,A,-,N,NA,NA,NA,NA,NA,NA,NA,NA,NA,N,4,0,1,2,A,-,03,22350,NA,N,C,C,A,A,H,-,A,A,0,NA,NA,NA,NA,Y,NA,A,01,0,0,1,0,0,0,0,0,0,-,-,NA,NA,LOS ANGELES,WHITTIER,-118.02458402,33.94894323
8310283,2017,2017-03-03,1942,2017-02-10,1155,36801,2103,5,5,7,1942,0,0,0,NA,0,10TL38,TOPANGA CANYON BL,PARTHENIA ST,150,N,N,A,-,N,NA,NA,NA,NA,NA,NA,NA,NA,NA,Y,4,0,1,1,A,-,03,22350,NA,N,E,I,A,A,H,-,A,D,0,NA,NA,NA,NA,Y,Y,A,01,0,0,1,0,0,0,0,0,0,-,-,NA,NA,LOS ANGELES,LOS ANGELES,-118.60440841,34.22813885
8310284,2017,2017-03-06,1942,2017-02-10,1245,37686,2147,5,5,7,1942,0,0,0,NA,0,10TL34,DE SOTO AV,SHERMAN WY,0,NA,Y,A,-,N,NA,NA,NA,NA,NA,NA,NA,NA,NA,N,4,0,1,2,A,-,08,22100,A,F,D,C,A,A,H,-,A,D,0,NA,NA,NA,NA,Y,NA,A,01,0,0,1,0,0,0,0,0,0,-,-,NA,NA,LOS ANGELES,LOS ANGELES,-118.58845008,34.20112005
8310286,2017,2017-03-02,1976,2017-02-17,1538,419,WHITT,5,5,5,1976,0,0,0,NA,0,002,LAMBERT RD,PAINTER AV,180,W,N,A,-,N,NA,NA,NA,NA,NA,NA,NA,NA,NA,Y,4,0,1,2,A,-,21,22106,NA,N,C,C,A,A,H,-,A,A,0,NA,NA,NA,NA,Y,NA,A,07,0,0,1,0,0,0,0,0,0,-,-,NA,NA,LOS ANGELES,WHITTIER,-118.03841685,33.95856409
8310287,2017,2017-03-09,1942,2017-02-12,1350,41316,1727,7,5,7,1942,0,0,0,Q,0,21TL62,CHATSWORTH ST,TAMPA AV,0,NA,Y,A,-,N,NA,NA,NA,NA,NA,NA,NA,NA,NA,Y,4,0,1,2,A,-,12,21453,A,N,D,C,A,A,H,-,A,A,0,NA,NA,NA,NA,Y,NA,-,-,0,0,1,0,0,0,0,0,0,-,-,NA,NA,LOS ANGELES,LOS ANGELES,-118.55528007,34.26626012
8310288,2017,2017-03-06,1942,2017-02-12,0740,34561,1621,7,5,7,1942,0,0,0,P,0,9TL59,VAN NUYS BL,REMICK AV,75,N,N,A,-,N,NA,NA,NA,NA,NA,NA,NA,NA,NA,N,4,0,1,2,A,-,09,21804,A,F,D,C,A,A,H,-,A,D,0,NA,NA,NA,NA,Y,NA,-,99,0,0,1,0,0,0,0,0,0,-,-,NA,NA,LOS ANGELES,LOS ANGELES,-118.43362058,34.2577326
8310291,2017,2017-03-03,1942,2017-02-12,0935,37080,1792,7,5,7,1942,0,0,0,Q,0,15TL45,CORBIN AV,PARTHENIA ST,0,NA,Y,A,-,N,NA,NA,NA,NA,NA,NA,NA,NA,NA,Y,4,0,2,3,A,-,12,21453,A,N,D,C,A,A,H,-,A,A,0,NA,NA,NA,NA,Y,NA,A,08,0,0,2,0,0,0,0,0,0,-,-,NA,NA,LOS ANGELES,LOS ANGELES,-118.56229,34.22823
8310292,2017,2017-03-06,1942,2017-02-11,0745,40388,0923,6,5,7,1942,0,0,0,I,0,9T53,VICTORY BL,CEDROS AV,30,E,N,B,-,N,NA,NA,NA,NA,NA,NA,NA,NA,NA,N,4,0,1,2,A,-,03,22350,NA,N,C,C,A,B,H,-,A,A,0,NA,NA,NA,NA,Y,NA,A,01,0,0,1,0,0,0,0,0,0,-,-,NA,NA,LOS ANGELES,LOS ANGELES,-118.45301098,34.18666
8310295,2017,2017-03-06,1941,2017-02-07,1220,5407,NA,2,5,7,1941,0,0,0,NA,0,NA,WARDLOW RD,STUDEBAKER RD,0,NA,Y,B,C,N,NA,NA,NA,NA,NA,NA,NA,NA,NA,Y,3,0,3,3,A,-,12,21453,A,N,D,C,A,B,H,-,A,A,0,NA,NA,NA,NA,Y,NA,A,01,0,1,2,0,0,0,0,0,0,-,-,NA,NA,LOS ANGELES,LONG BEACH,-118.09919007,33.81888009
8310296,2017,2017-03-06,1942,2017-02-12,1500,41316,0969,7,5,7,1942,0,0,0,I,0,21TL62,WHITSETT AV,RIVERSIDE DR,0,NA,Y,A,-,N,NA,NA,NA,NA,NA,NA,NA,NA,NA,Y,3,0,2,2,A,-,08,22101,D,N,D,C,A,A,H,-,A,A,0,NA,NA,NA,NA,Y,NA,A,01,0,2,0,0,0,0,0,0,0,-,-,NA,NA,LOS ANGELES,LOS ANGELES,-118.40526013,34.15761012
8310299,2017,2017-03-06,1941,2017-02-08,1740,10845,NA,3,5,7,1941,0,0,0,NA,0,NA,CARSON ST,WOODRUFF AV,7,E,N,A,-,N,NA,NA,NA,NA,NA,NA,NA,NA,NA,N,4,0,1,2,D,-,00,NA,NA,N,D,G,A,A,H,-,A,A,0,NA,Y,NA,NA,Y,NA,-,-,0,0,1,0,0,0,1,0,0,-,-,NA,NA,LOS ANGELES,LONG BEACH,-118.116517,33.83233
8310300,2017,2017-03-07,1942,2017-02-09,0800,27260,1063,4,5,7,1942,0,0,0,J,0,NA,RESEDA BL,BURBANK BL,80,N,N,A,-,N,NA,NA,NA,NA,NA,NA,NA,NA,NA,Y,4,0,3,2,A,-,12,21453,A,N,D,C,A,A,H,-,A,A,0,NA,NA,NA,NA,Y,NA,-,-,0,0,3,0,0,0,0,0,0,-,-,NA,NA,LOS ANGELES,LOS ANGELES,-118.53600783,34.17255936
8310303,2017,2017-03-03,1941,2017-02-08,1200,5407,NA,3,5,7,1941,0,0,0,NA,0,NA,WARDLOW RD,PALO VERDE AV,20,E,N,B,-,N,NA,NA,NA,NA,NA,NA,NA,NA,NA,Y,3,0,1,2,A,-,12,21453,A,N,C,C,A,A,H,-,A,A,0,NA,NA,NA,NA,Y,NA,A,01,0,1,0,0,0,0,0,0,0,-,-,NA,NA,LOS ANGELES,LONG BEACH,-118.10780429,33.81887
8310304,2017,2017-03-06,1942,2017-02-11,1230,41397,0942,6,5,7,1942,0,0,0,I,0,21TL67,HAZELTINE AV,BURBANK BL,0,NA,Y,A,-,N,NA,NA,NA,NA,NA,NA,NA,NA,NA,Y,4,0,1,2,A,-,09,21801,A,N,D,C,A,A,H,-,A,A,0,NA,NA,NA,NA,Y,NA,A,07,0,0,1,0,0,0,0,0,0,-,-,NA,NA,LOS ANGELES,LOS ANGELES,-118.43998011,34.17211001
8310307,2017,2017-03-06,1941,2017-02-07,0744,10909,NA,2,5,7,1941,0,0,0,NA,0,NA,LONG BEACH BL,ELECTRICAL POLE #FC1458,16,S,N,B,C,N,NA,NA,NA,NA,NA,NA,NA,NA,NA,Y,4,0,1,2,A,-,06,21755,NA,N,D,C,A,B,H,-,A,D,0,NA,NA,NA,NA,Y,NA,A,NA,0,0,1,0,0,0,0,0,0,-,-,NA,NA,LOS ANGELES,LONG BEACH,NA,NA
8310308,2017,2017-03-07,1942,2017-02-12,0840,42439,0916,7,5,7,1942,0,0,0,I,0,9A89,HAZELTINE AV,GAULT ST,150,S,N,A,-,N,NA,NA,NA,NA,NA,NA,NA,NA,NA,Y,3,0,1,2,A,-,08,22103,NA,N,D,C,A,A,H,-,A,D,0,NA,NA,NA,NA,Y,NA,A,01,0,1,0,0,0,0,0,0,0,-,-,NA,NA,LOS ANGELES,LOS ANGELES,-118.43995073,34.19893857
8310312,2017,2017-03-03,1942,2017-02-11,1030,40119,1088,6,5,7,1942,0,0,0,J,0,15TL47,VENTURA BL,HAYVENHURST AV,69,E,N,A,-,N,NA,NA,NA,NA,NA,NA,NA,NA,NA,Y,3,0,4,2,A,-,09,21801,A,N,D,C,A,A,H,-,A,A,0,NA,NA,NA,NA,Y,NA,A,01,0,3,1,0,0,0,0,0,0,-,-,NA,NA,LOS ANGELES,LOS ANGELES,-118.49209586,34.15751679
8310315,2017,2017-03-06,1941,2017-02-07,0735,5839,NA,2,5,7,1941,0,0,0,NA,0,NA,WILLOW ST,MAGNOLIA AV,0,NA,Y,B,C,N,NA,NA,NA,NA,NA,NA,NA,NA,NA,Y,4,0,3,2,A,-,09,21801,A,N,A,C,A,B,H,-,A,A,0,NA,NA,NA,NA,Y,NA,A,NA,0,0,3,0,0,0,0,0,0,-,-,NA,NA,LOS ANGELES,LONG BEACH,-118.19811004,33.80445004
8310316,2017,2017-03-29,1942,2017-02-09,1900,40291,1065,4,5,7,1942,0,0,0,J,0,19T73,VENTURA BL,ZELZAH AV,36,N,N,A,-,N,NA,NA,NA,NA,NA,NA,NA,NA,NA,Y,4,0,3,2,A,-,03,22350,NA,N,C,C,A,A,H,-,C,A,0,NA,NA,NA,NA,Y,NA,A,01,0,0,3,0,0,0,0,0,0,-,-,NA,NA,LOS ANGELES,LOS ANGELES,-118.52292588,34.16387479
8310320,2017,2017-03-03,1942,2017-02-10,1350,39281,1039,5,5,7,1942,0,0,0,J,0,19TL72,GLORIA AV,HAYNES ST,0,NA,Y,B,-,N,NA,NA,NA,NA,NA,NA,NA,NA,NA,Y,4,0,1,2,A,-,12,21453,A,N,D,C,A,A,H,-,A,A,0,NA,NA,NA,NA,Y,NA,A,01,0,0,1,0,0,0,0,0,0,-,-,NA,NA,LOS ANGELES,LOS ANGELES,-118.47930014,34.18922002
8310321,2017,2017-02-23,1965,2017-01-24,0900,3918,0BIG,2,5,5,1965,0,0,0,NA,0,004,7TH ST,IDAHO AV,0,NA,Y,A,-,N,NA,NA,NA,NA,NA,NA,NA,NA,NA,N,4,0,1,2,A,-,10,21950,A,N,G,B,B,A,H,-,A,A,0,Y,NA,NA,NA,Y,NA,A,01,0,0,1,0,1,0,0,0,0,-,-,NA,NA,LOS ANGELES,SANTA MONICA,-118.50027009,34.02551008
8310331,2017,2017-02-22,1926,2017-02-01,1410,0082,NA,3,5,5,1926,0,0,0,NA,0,002,GRAND AV,COLORADO AV,86,S,N,A,-,N,NA,NA,NA,NA,NA,NA,NA,NA,NA,Y,4,0,1,2,A,-,03,22350,NA,N,C,C,A,A,H,-,A,A,0,NA,NA,NA,NA,Y,NA,A,07,0,0,1,0,0,0,0,0,0,-,-,NA,NA,LOS ANGELES,GLENDORA,-117.87272298,34.12646426
8310333,2017,2017-02-23,1965,2017-01-30,2023,3843,SM,1,5,5,1965,0,0,0,NA,0,D03,COLORADO AV,26TH ST,0,NA,Y,A,-,N,NA,NA,NA,NA,NA,NA,NA,NA,NA,Y,4,0,1,2,A,-,12,21453,A,N,D,C,A,A,H,-,A,A,0,NA,NA,NA,NA,Y,NA,A,07,0,0,1,0,0,0,0,0,0,-,-,NA,NA,LOS ANGELES,SANTA MONICA,-118.47122009,34.03063006
8310335,2017,2017-02-22,1965,2017-02-01,0858,3693,0B1L,3,5,5,1965,0,0,0,NA,0,B001,2ND ST,BROADWAY,284,N,N,A,-,N,NA,NA,NA,NA,NA,NA,NA,NA,NA,N,3,0,2,2,A,-,10,21950,A,N,G,B,C,A,H,-,A,A,0,Y,Y,NA,NA,Y,NA,L,04,0,2,0,0,1,0,1,0,0,-,-,NA,NA,LOS ANGELES,SANTA MONICA,-118.49613681,34.01411641
8310338,2017,2017-02-23,1976,2017-01-02,1010,860,NA,1,5,5,1976,0,0,0,NA,0,001,BROADWAY,PICKERING AV,0,NA,Y,A,-,N,NA,NA,NA,NA,NA,NA,NA,NA,NA,Y,3,0,2,3,A,-,12,21453,A,N,D,C,A,A,H,-,A,A,0,NA,NA,NA,NA,Y,NA,A,01,0,1,1,0,0,0,0,0,0,-,-,NA,NA,LOS ANGELES,WHITTIER,-118.04205006,33.98633003
8310342,2017,2017-02-23,1942,2017-01-30,2325,34427,1025,1,5,7,1942,0,0,0,J,0,9T57,SHERMAN WAY,ZELZAH AV,0,NA,Y,A,-,N,NA,NA,NA,NA,NA,NA,NA,NA,NA,N,4,0,1,2,A,-,09,21804,A,N,D,C,A,A,H,-,C,D,0,NA,NA,NA,NA,Y,NA,A,01,0,0,1,0,0,0,0,0,0,-,-,NA,NA,LOS ANGELES,LOS ANGELES,-118.52294002,34.20121003
8310345,2017,2017-02-23,1920,2017-01-16,1853,11859,1920,1,5,6,1920,0,0,0,NA,0,006,ROSECRANS AV,LAKEWOOD BL,100,W,N,A,-,N,NA,NA,NA,NA,NA,NA,NA,NA,NA,Y,4,0,3,2,A,-,21,22106,NA,N,C,C,A,A,H,-,C,A,0,NA,NA,NA,NA,Y,NA,A,01,0,0,3,0,0,0,0,0,0,-,-,NA,NA,LOS ANGELES,DOWNEY,-118.14330872,33.90378178
8310348,2017,2017-02-27,1965,2017-02-03,1210,3407,OB4F,5,5,5,1965,0,0,0,NA,0,B004,BERKELEY ST,LIPTON AV,318,N,N,A,-,N,NA,NA,NA,NA,NA,NA,NA,NA,NA,N,3,0,1,2,A,-,08,22107,NA,N,C,E,A,A,H,-,A,A,0,NA,NA,NA,NA,Y,NA,A,01,0,1,0,0,0,0,0,0,0,-,-,37.03278,-120.99723,LOS ANGELES,SANTA MONICA,-118.4757808,34.04223512
8310349,2017,2017-02-23,1920,2017-01-14,1754,12323,NA,6,5,6,1920,0,0,0,NA,0,003,FLORENCE AV,POMERING RD,24,W,N,A,-,N,NA,NA,NA,NA,NA,NA,NA,NA,NA,Y,4,0,1,2,A,-,09,21801,A,N,D,C,A,A,H,-,C,D,0,NA,NA,NA,NA,Y,NA,A,01,0,0,1,0,0,0,0,0,0,-,-,NA,NA,LOS ANGELES,DOWNEY,-118.13879677,33.95796514
8310352,2017,2017-02-27,1965,2017-02-03,1905,3418,083A,5,5,5,1965,0,0,0,NA,0,B003,WILSHIRE BL,9TH ST,0,NA,Y,A,-,N,NA,NA,NA,NA,NA,NA,NA,NA,NA,Y,3,0,1,2,A,-,09,21801,A,N,D,C,A,A,H,-,A,D,0,NA,NA,Y,NA,Y,NA,A,01,0,1,0,0,0,0,0,0,1,-,-,NA,NA,LOS ANGELES,SANTA MONICA,-118.49360001,34.02293007
8310369,2017,2017-02-22,1920,2017-01-12,0810,12476,NA,4,5,6,1920,0,0,0,NA,0,003,FIRESTONE BL,RIVES AV,0,NA,Y,C,-,N,NA,NA,NA,NA,NA,NA,NA,NA,NA,Y,4,0,1,2,A,-,09,21801,A,N,A,C,A,B,H,-,A,A,0,NA,NA,NA,NA,Y,NA,A,01,0,0,1,0,0,0,0,0,0,-,-,NA,NA,LOS ANGELES,DOWNEY,-118.14211006,33.94488012
8310377,2017,2017-02-23,1920,2017-01-14,1443,12609,NA,6,5,6,1920,0,0,0,NA,0,001,BELLFLOWER BL,APOLLO WY,0,NA,Y,A,-,N,NA,NA,NA,NA,NA,NA,NA,NA,NA,Y,3,0,2,2,D,-,00,NA,NA,N,D,C,A,A,H,-,A,A,0,NA,NA,NA,NA,Y,NA,-,-,0,1,1,0,0,0,0,0,0,-,-,NA,NA,LOS ANGELES,DOWNEY,-118.12543006,33.92277009