CASE_ID,ACCIDENT_YEAR,PROC_DATE,JURIS,COLLISION_DATE,COLLISION_TIME,OFFICER_ID,REPORTING_DISTRICT,DAY_OF_WEEK,CHP_SHIFT,POPULATION,CNTY_CITY_LOC,SPECIAL_COND,BEAT_TYPE,CHP_BEAT_TYPE,CITY_DIVISION_LAPD,CHP_BEAT_CLASS,BEAT_NUMBER,PRIMARY_RD,SECONDARY_RD,DISTANCE,DIRECTION,INTERSECTION,WEATHER_1,WEATHER_2,STATE_HWY_IND,CALTRANS_COUNTY,CALTRANS_DISTRICT,STATE_ROUTE,ROUTE_SUFFIX,POSTMILE_PREFIX,POSTMILE,LOCATION_TYPE,RAMP_INTERSECTION,SIDE_OF_HWY,TOW_AWAY,COLLISION_SEVERITY,NUMBER_KILLED,NUMBER_INJURED,PARTY_COUNT,PRIMARY_COLL_FACTOR,PCF_CODE_OF_VIOL,PCF_VIOL_CATEGORY,PCF_VIOLATION,PCF_VIOL_SUBSECTION,HIT_AND_RUN,TYPE_OF_COLLISION,MVIW,PED_ACTION,ROAD_SURFACE,ROAD_COND_1,ROAD_COND_2,LIGHTING,CONTROL_DEVICE,CHP_ROAD_TYPE,PEDESTRIAN_ACCIDENT,BICYCLE_ACCIDENT,MOTORCYCLE_ACCIDENT,TRUCK_ACCIDENT,NOT_PRIVATE_PROPERTY,ALCOHOL_INVOLVED,STWD_VEHTYPE_AT_FAULT,CHP_VEHTYPE_AT_FAULT,COUNT_SEVERE_INJ,COUNT_VISIBLE_INJ,COUNT_COMPLAINT_PAIN,COUNT_PED_KILLED,COUNT_PED_INJURED,COUNT_BICYCLIST_KILLED,COUNT_BICYCLIST_INJURED,COUNT_MC_KILLED,COUNT_MC_INJURED,PRIMARY_RAMP,SECONDARY_RAMP,LATITUDE,LONGITUDE,COUNTY,CITY,POINT_X,POINT_Y
8310664,2016,2017-02-27,1942,2016-12-31,2115,34332,1112,6,5,7,1942,0,0,0,K,0,24T33,VERDUGO RD,WAWONA ST,38,N,N,B,-,N,NA,NA,NA,NA,NA,NA,NA,NA,NA,Y,4,0,1,5,A,-,01,23152,A,N,C,E,A,B,H,-,C,A,0,NA,NA,NA,NA,Y,Y,A,01,0,0,1,0,0,0,0,0,0,-,-,NA,NA,LOS ANGELES,LOS ANGELES,-118.23217029,34.12723283
8310665,2017,2017-02-27,1942,2017-02-10,0820,42192,1934,5,5,7,1942,0,0,0,NA,0,19A75,SAN FERNANDO MISSION,SEPULVEDA,0,NA,Y,B,-,N,NA,NA,NA,NA,NA,NA,NA,NA,NA,N,3,0,1,2,A,-,08,22107,NA,N,G,B,A,A,H,-,A,A,0,NA,Y,NA,NA,Y,NA,A,01,0,1,0,0,0,0,1,0,0,-,-,NA,NA,LOS ANGELES,LOS ANGELES,-118.49066009,34.31511005
8310666,2016,2017-02-23,1900,2016-12-16,2055,602250,1329,5,5,5,1935,0,0,0,NA,0,132T2,CANDLEWOOD ST,LAKEWOOD BL,0,NA,Y,A,-,N,NA,NA,NA,NA,NA,NA,NA,NA,NA,N,4,0,1,2,A,-,09,21801,A,N,D,C,A,A,H,-,C,A,0,NA,NA,NA,NA,Y,NA,A,01,0,0,1,0,0,0,0,0,0,-,-,NA,NA,LOS ANGELES,LAKEWOOD,-118.14257002,33.85383004
8310667,2016,2017-03-24,1942,2016-12-16,1035,31476,1136,5,5,7,1942,0,0,0,K,0,24TL26,EL PASO DR,EAGLE ROCK BL,0,NA,Y,A,-,N,NA,NA,NA,NA,NA,NA,NA,NA,NA,N,4,0,1,2,A,-,09,21802,A,N,D,C,A,A,H,-,A,A,0,NA,NA,NA,NA,Y,NA,A,01,0,0,1,0,0,0,0,0,0,-,-,NA,NA,LOS ANGELES,LOS ANGELES,-118.22437001,34.12236009
8310668,2016,2017-02-24,1942,2016-12-14,1450,38054,1132,3,5,7,1942,0,0,0,K,0,11A1,RIVERSIDE DR,GLENDALE BL,0,NA,Y,A,-,N,NA,NA,NA,NA,NA,NA,NA,NA,NA,Y,4,0,1,3,A,-,09,21801,A,N,A,C,A,A,H,-,A,A,0,NA,NA,NA,NA,Y,NA,-,NA,0,0,1,0,0,0,0,0,0,-,-,NA,NA,LOS ANGELES,LOS ANGELES,-118.26505003,34.11112002
8310669,2017,2017-02-28,1942,2017-02-09,1805,41787,1798,4,5,7,1942,0,0,0,Q,0,17X66,PARTHENIA ST,HASKELL AV,0,NA,Y,A,-,N,NA,NA,NA,NA,NA,NA,NA,NA,NA,Y,4,0,1,2,A,-,09,21801,A,N,A,C,A,A,H,-,C,A,0,NA,NA,NA,NA,Y,NA,A,01,0,0,1,0,0,0,0,0,0,-,-,NA,NA,LOS ANGELES,LOS ANGELES,-118.47640008,34.22832002
8310670,2016,2017-02-23,1900,2016-12-12,0950,527451,1351,1,5,3,1927,0,0,0,NA,0,135BPM,PIONEER BL,CARSON ST,0,NA,Y,A,-,N,NA,NA,NA,NA,NA,NA,NA,NA,NA,Y,4,0,2,2,A,-,12,21453,A,N,D,D,A,A,H,-,A,A,0,NA,NA,NA,NA,Y,NA,-,-,0,0,2,0,0,0,0,0,0,-,-,NA,NA,LOS ANGELES,HAWAIIAN GARDENS,-118.08184004,33.8314001
8310671,2016,2017-02-23,1942,2016-12-21,1600,40099,1395,3,5,7,1942,0,0,0,M,0,24T51,FLORENCE AV,AVALON BL,40,E,N,A,-,N,NA,NA,NA,NA,NA,NA,NA,NA,NA,N,4,0,1,2,A,-,08,22100,A,N,D,C,A,A,H,-,A,D,0,NA,NA,NA,NA,Y,NA,A,01,0,0,1,0,0,0,0,0,0,-,-,NA,NA,LOS ANGELES,LOS ANGELES,-118.26504833,33.97471
8310672,2016,2017-02-27,1942,2016-12-10,2015,38233,1158,6,5,7,1942,0,0,0,K,0,24T36W,NORTH FIGUEROA ST,W AVENUE 37,0,NA,Y,A,-,N,NA,NA,NA,NA,NA,NA,NA,NA,NA,Y,4,0,1,2,A,-,01,23153,A,N,D,G,A,A,H,-,C,A,0,NA,Y,NA,NA,Y,Y,A,07,0,0,1,0,0,0,1,0,0,-,-,NA,NA,LOS ANGELES,LOS ANGELES,-118.21286005,34.09043004
8310673,2017,2017-02-28,1942,2017-02-08,1420,42430,1785,3,5,7,1942,0,0,0,Q,0,17A67,RESEDA BL,NORDOFF ST,0,NA,Y,A,-,N,NA,NA,NA,NA,NA,NA,NA,NA,NA,N,4,0,1,2,A,-,08,22107,NA,N,G,G,A,A,H,-,A,A,0,NA,Y,NA,NA,Y,NA,A,01,0,0,1,0,0,0,1,0,0,-,-,NA,NA,LOS ANGELES,LOS ANGELES,-118.53609012,34.23544007
8310674,2016,2017-02-23,1900,2016-12-20,1600,527451,1352,2,5,3,1903,0,0,0,NA,0,135B,183RD ST,JERSEY AV,50,E,N,A,-,N,NA,NA,NA,NA,NA,NA,NA,NA,NA,N,4,0,1,2,A,-,04,21703,NA,N,C,C,A,A,H,-,C,A,0,NA,NA,NA,NA,Y,NA,A,NA,0,0,1,0,0,0,0,0,0,-,-,NA,NA,LOS ANGELES,ARTESIA,-118.08535566,33.86571853
8310675,2016,2017-02-23,1942,2016-12-14,0745,34458,1362,3,5,7,1942,0,0,0,M,0,24TL24,MAIN ST,59TH PL,0,NA,Y,A,-,N,NA,NA,NA,NA,NA,NA,NA,NA,NA,Y,4,0,5,2,A,-,09,21801,A,N,D,C,A,A,H,-,A,A,0,NA,NA,NA,NA,Y,NA,A,01,0,0,5,0,0,0,0,0,0,-,-,NA,NA,LOS ANGELES,LOS ANGELES,-118.27393006,33.98604006
8310676,2016,2017-03-01,1942,2016-12-10,1255,38054,1113,6,5,7,1942,0,0,0,K,0,11A17,COLLEGE VIEW AV,COLORADO,250,S,N,A,-,N,NA,NA,NA,NA,NA,NA,NA,NA,NA,Y,4,0,1,2,A,-,01,23152,A,F,A,C,A,A,H,-,A,D,0,NA,NA,NA,NA,Y,Y,A,07,0,0,1,0,0,0,0,0,0,-,-,NA,NA,LOS ANGELES,LOS ANGELES,-118.22104,34.14132
8310677,2017,2017-02-27,1942,2017-02-10,1500,40632,LOSAN,5,5,7,1942,0,0,0,NA,0,17A1,HAYVENHURST AV,NORDHOFF AV,5,N,N,C,-,N,NA,NA,NA,NA,NA,NA,NA,NA,NA,Y,3,0,4,2,A,-,09,21801,A,N,A,C,A,B,H,-,A,A,0,NA,NA,NA,NA,Y,NA,A,01,0,1,3,0,0,0,0,0,0,-,-,NA,NA,LOS ANGELES,LOS ANGELES,-118.4938,34.23570371
8310679,2016,2017-02-23,1942,2016-12-26,1030,38124,1347,1,5,7,1942,0,0,0,M,0,24TL28,VERNON AV,HONDURAS ST,0,NA,Y,B,-,N,NA,NA,NA,NA,NA,NA,NA,NA,NA,Y,3,0,3,2,A,-,09,21802,A,N,D,C,A,A,H,-,A,A,0,NA,NA,NA,NA,Y,NA,A,01,0,2,1,0,0,0,0,0,0,-,-,NA,NA,LOS ANGELES,LOS ANGELES,-118.24411011,34.00392011
8310680,2016,2017-02-24,1942,2016-12-03,0845,37540,0205,6,5,7,1942,0,0,0,B,0,24T42,DESCANSO DR,SUNSET BL,35,S,N,A,-,N,NA,NA,NA,NA,NA,NA,NA,NA,NA,N,4,0,1,2,A,-,03,22350,NA,F,C,C,A,A,H,-,A,D,0,NA,NA,NA,NA,Y,NA,-,99,0,0,1,0,0,0,0,0,0,-,-,NA,NA,LOS ANGELES,LOS ANGELES,-118.2749458,34.08538173
8310681,2017,2017-02-28,1942,2017-02-10,1755,35858,1701,5,5,7,1942,0,0,0,Q,0,17X22,RINALDI ST,CORBIN AV,40,W,N,C,-,N,NA,NA,NA,NA,NA,NA,NA,NA,NA,N,4,0,1,2,A,-,03,22350,NA,N,C,C,A,B,H,-,C,A,0,NA,NA,NA,NA,Y,NA,A,01,0,0,1,0,0,0,0,0,0,-,-,NA,NA,LOS ANGELES,LOS ANGELES,-118.56227216,34.27485848
8310683,2016,2017-02-23,1942,2016-12-31,2340,42352,1383,6,5,7,1942,0,0,0,M,0,13A93,BROADWAY,61ST ST,8,N,N,A,-,N,NA,NA,NA,NA,NA,NA,NA,NA,NA,N,3,0,1,2,D,-,00,NA,NA,F,G,B,D,A,H,-,C,D,0,Y,NA,NA,NA,Y,NA,-,-,0,1,0,0,1,0,0,0,0,-,-,NA,NA,LOS ANGELES,LOS ANGELES,-118.278294,33.984226
8310687,2016,2017-03-01,1942,2016-12-21,1730,38171,1321,3,5,7,1942,0,0,0,M,0,24T56,FLOWER ST,23RD ST,0,NA,Y,C,-,N,NA,NA,NA,NA,NA,NA,NA,NA,NA,Y,4,0,2,2,A,-,17,21451,A,N,D,F,A,B,H,-,C,A,0,NA,NA,NA,NA,Y,NA,-,-,0,0,2,0,0,0,0,0,0,-,-,NA,NA,LOS ANGELES,LOS ANGELES,-118.27300005,34.03015006
8310688,2016,2017-02-27,1942,2016-12-11,1600,39759,0235,7,5,7,1942,0,0,0,B,0,24T51,2ND ST,CORONADO ST,219,E,N,A,-,N,NA,NA,NA,NA,NA,NA,NA,NA,NA,N,4,0,1,2,A,-,09,21804,A,F,D,G,A,A,H,-,B,D,0,NA,Y,NA,NA,Y,NA,L,04,0,0,1,0,0,0,1,0,0,-,-,NA,NA,LOS ANGELES,LOS ANGELES,-118.27594119,34.06770052
8310691,2016,2017-02-23,1942,2016-12-17,0755,38124,1394,6,5,7,1942,0,0,0,M,0,24TL28,MAIN ST,FLORENCE AV,0,NA,Y,A,-,N,NA,NA,NA,NA,NA,NA,NA,NA,NA,N,3,0,1,2,A,-,10,21950,A,N,G,B,B,A,H,-,A,A,0,Y,NA,NA,NA,Y,NA,A,01,0,1,0,0,1,0,0,0,0,-,-,NA,NA,LOS ANGELES,LOS ANGELES,-118.27394008,33.97468005
8310692,2016,2017-02-27,1942,2016-12-15,0005,39745,0275,4,5,7,1942,0,0,0,B,0,24T36,OLYMPIC BL,ALVARADO ST,50,E,N,A,-,N,NA,NA,NA,NA,NA,NA,NA,NA,NA,N,4,0,1,2,A,-,03,22350,NA,F,C,C,A,A,H,-,C,D,0,NA,NA,NA,NA,Y,NA,-,99,0,0,1,0,0,0,0,0,0,-,-,NA,NA,LOS ANGELES,LOS ANGELES,-118.27968749,34.0516712
8310695,2016,2017-02-23,1942,2016-12-18,1450,34426,1309,7,5,7,1942,0,0,0,M,0,24T51,ALAMEDA ST,16TH ST,0,NA,Y,A,-,N,NA,NA,NA,NA,NA,NA,NA,NA,NA,Y,4,0,4,2,A,-,09,21801,A,N,D,C,A,A,H,-,A,D,0,NA,NA,NA,NA,Y,NA,A,07,0,0,4,0,0,0,0,0,0,-,-,NA,NA,LOS ANGELES,LOS ANGELES,-118.23941,34.02209
8310696,2016,2017-02-24,1942,2016-12-14,1730,36284,1177,3,5,7,1942,0,0,0,K,0,11A89,SAN FERNANDO RD,AVE 26,600,S,N,A,-,N,NA,NA,NA,NA,NA,NA,NA,NA,NA,N,4,0,1,2,A,-,04,21703,NA,N,C,C,A,A,H,-,C,D,0,NA,NA,NA,NA,Y,NA,-,NA,0,0,1,0,0,0,0,0,0,-,-,NA,NA,LOS ANGELES,LOS ANGELES,-118.2257946,34.08513776
8310698,2017,2017-02-28,1942,2017-02-11,1840,42562,1011,6,5,7,1942,0,0,0,J,0,10A3,TAMPA,SATICOY,0,NA,Y,A,-,N,NA,NA,NA,NA,NA,NA,NA,NA,NA,Y,3,0,1,3,A,-,09,21801,A,N,B,C,A,A,H,-,C,A,0,NA,NA,NA,NA,Y,NA,A,01,0,1,0,0,0,0,0,0,0,-,-,NA,NA,LOS ANGELES,LOS ANGELES,-118.55351002,34.20836006
8310699,2016,2017-02-23,1942,2016-12-29,2314,40730,1303,4,5,7,1942,0,0,0,M,0,24T31,SAN PEDRO ST,9TH ST,0,NA,Y,A,-,N,NA,NA,NA,NA,NA,NA,NA,NA,NA,Y,4,0,1,2,A,-,12,21453,A,N,D,C,A,A,H,-,C,A,0,NA,NA,NA,NA,Y,NA,A,01,0,0,1,0,0,0,0,0,0,-,-,NA,NA,LOS ANGELES,LOS ANGELES,-118.25034006,34.03730009
8310700,2016,2017-02-23,1942,2016-12-07,2050,38050,1132,3,5,7,1942,0,0,0,K,0,11T34,LOS FELIZ BL,LOWRY RD,200,E,N,A,-,N,NA,NA,NA,NA,NA,NA,NA,NA,NA,Y,4,0,2,2,A,-,03,22350,NA,N,C,C,A,A,H,-,C,D,0,NA,NA,NA,NA,Y,NA,A,01,0,0,2,0,0,0,0,0,0,-,-,NA,NA,LOS ANGELES,LOS ANGELES,-118.27848644,34.11340294
8310702,2017,2017-02-28,1942,2017-02-07,0900,27633,1531,2,5,7,1942,0,0,0,O,0,15TL45,OXNARD ST,BELLAIRE AV,100,E,N,B,C,N,NA,NA,NA,NA,NA,NA,NA,NA,NA,Y,4,0,1,2,A,-,07,21658,A,N,B,C,A,B,H,-,A,D,0,NA,NA,NA,NA,Y,NA,A,01,0,0,1,0,0,0,0,0,0,-,-,NA,NA,LOS ANGELES,LOS ANGELES,-118.40910998,34.17941
8310703,2016,2017-02-22,1942,2016-12-20,0950,34458,1186,2,5,7,1942,0,0,0,K,0,24TL24,ELYSIAN PARK DR,PARK ROW,1580,W,N,A,-,N,NA,NA,NA,NA,NA,NA,NA,NA,NA,Y,4,0,1,1,A,-,03,22350,NA,N,E,I,A,A,H,-,A,D,0,NA,NA,NA,NA,Y,NA,A,01,0,0,1,0,0,0,0,0,0,-,-,NA,NA,LOS ANGELES,LOS ANGELES,NA,NA
8310704,2016,2017-02-22,1942,2016-12-10,1325,39065,1181,6,5,7,1942,0,0,0,K,0,1A41,GLENDALE BL,MONTANA ST,0,NA,Y,A,-,N,NA,NA,NA,NA,NA,NA,NA,NA,NA,N,4,0,1,1,A,-,09,21801,A,N,E,J,A,A,H,-,A,D,0,NA,NA,Y,NA,Y,NA,C,02,0,0,1,0,0,0,0,0,1,-,-,NA,NA,LOS ANGELES,LOS ANGELES,-118.2602701,34.07984008
8310706,2017,2017-02-28,1942,2017-02-08,0001,38233,0215,3,5,7,1942,0,0,0,B,0,24T33,SILVER LAKE BL,LONDON ST,165,W,N,C,-,N,NA,NA,NA,NA,NA,NA,NA,NA,NA,Y,4,0,1,2,A,-,12,21453,A,F,D,C,A,B,H,-,C,A,0,NA,NA,NA,NA,Y,NA,A,01,0,0,1,0,0,0,0,0,0,-,-,NA,NA,LOS ANGELES,LOS ANGELES,-118.28054394,34.07757045
8310707,2016,2017-02-23,1942,2016-12-03,0105,34906,1307,6,5,7,1942,0,0,0,M,0,13A9,9TH ST,SAN PEDRO,50,W,N,A,-,N,NA,NA,NA,NA,NA,NA,NA,NA,NA,N,3,0,1,2,A,-,17,21208,A,N,B,G,A,A,H,-,C,A,0,NA,Y,NA,NA,Y,NA,L,04,0,1,0,0,0,0,1,0,0,-,-,NA,NA,LOS ANGELES,LOS ANGELES,-118.25045022,34.0374019
8310708,2016,2017-02-23,1942,2016-12-13,1220,40922,NA,2,5,7,1942,0,0,0,NA,0,11A89,COLORADO BL,COLLEGE VIEW,0,NA,Y,A,-,N,NA,NA,NA,NA,NA,NA,NA,NA,NA,N,4,0,1,2,A,-,04,21703,NA,N,C,C,A,A,-,-,A,A,0,NA,NA,NA,NA,Y,NA,A,01,0,0,1,0,0,0,0,0,0,-,-,NA,NA,LOS ANGELES,LOS ANGELES,-118.22104006000001,34.14132003
8310710,2017,2017-02-28,1942,2017-02-12,1030,39576,1079,7,5,7,1942,0,0,0,J,0,10A83,WOODLEY AV,OTSEGO ST,60,N,N,A,-,N,NA,NA,NA,NA,NA,NA,NA,NA,NA,Y,4,0,1,1,A,-,03,22350,A,N,A,I,A,A,-,-,A,D,0,NA,NA,NA,NA,Y,NA,A,01,0,0,1,0,0,0,0,0,0,-,-,NA,NA,LOS ANGELES,LOS ANGELES,-118.48365909,34.16324458
8310711,2016,2017-02-23,1942,2016-12-23,2105,42272,1333,5,5,7,1942,0,0,0,M,0,13A41,30TH ST,MAPLE AV,0,NA,Y,B,C,N,NA,NA,NA,NA,NA,NA,NA,NA,NA,N,4,0,1,2,A,-,10,21950,A,N,G,B,B,B,F,-,C,A,0,Y,NA,NA,NA,Y,NA,A,01,0,0,1,0,1,0,0,0,0,-,-,NA,NA,LOS ANGELES,LOS ANGELES,-118.26744009,34.02034002
8310712,2016,2017-02-23,1942,2016-12-24,1150,36238,1128,6,5,7,1942,0,0,0,K,0,24TL25,YORK BL,AVENUE 63,0,NA,Y,B,-,N,NA,NA,NA,NA,NA,NA,NA,NA,NA,Y,4,0,1,2,A,-,09,21801,A,N,D,C,A,A,H,-,A,D,0,NA,NA,NA,NA,Y,NA,A,01,0,0,1,0,0,0,0,0,0,-,-,NA,NA,LOS ANGELES,LOS ANGELES,-118.18263011,34.11483008
8310714,2017,2017-02-28,1942,2017-02-08,2000,42544,NA,3,5,7,1942,0,0,0,NA,0,15D21,VICTORY BL,HAZELTINE AV,0,NA,Y,A,-,N,NA,NA,NA,NA,NA,NA,NA,NA,NA,Y,3,0,2,2,A,-,09,21801,A,N,D,C,A,A,H,-,C,A,0,NA,NA,NA,NA,Y,NA,A,01,0,2,0,0,0,0,0,0,0,-,-,NA,NA,LOS ANGELES,LOS ANGELES,-118.43998008,34.18666008
8310715,2016,2017-02-23,1942,2016-12-06,2135,30083,1364,2,5,7,1942,0,0,0,M,0,24T31,CENTRAL AV,50TH ST,0,NA,Y,A,-,N,NA,NA,NA,NA,NA,NA,NA,NA,NA,Y,4,0,1,4,A,-,12,22450,A,F,D,C,A,A,H,-,C,D,0,NA,NA,NA,NA,Y,NA,-,99,0,0,1,0,0,0,0,0,0,-,-,NA,NA,LOS ANGELES,LOS ANGELES,-118.25648013,33.99800003
8310716,2016,2017-02-23,1942,2016-12-23,1045,38124,1145,5,5,7,1942,0,0,0,K,0,24TL28,RIVERSIDE DR,STADIUM WY,0,NA,Y,B,-,N,NA,NA,NA,NA,NA,NA,NA,NA,NA,Y,4,0,2,2,A,-,09,21801,A,N,D,A,A,B,H,-,A,A,0,NA,NA,NA,NA,Y,NA,A,01,0,0,2,0,0,0,0,0,0,-,-,NA,NA,LOS ANGELES,LOS ANGELES,-118.2446601,34.09562006
8310719,2016,2017-02-23,1942,2016-12-03,1235,40693,1317,6,5,7,1942,0,0,0,M,0,13A43,HOOPER AV,16TH ST,0,NA,Y,A,-,N,NA,NA,NA,NA,NA,NA,NA,NA,NA,Y,4,0,1,2,A,-,09,21802,A,N,D,C,A,A,H,-,A,C,0,NA,NA,NA,NA,Y,NA,-,NA,0,0,1,0,0,0,0,0,0,-,-,NA,NA,LOS ANGELES,LOS ANGELES,-118.24457008,34.02417006
8310720,2016,2017-02-23,1942,2016-12-23,1710,40592,1171,5,5,7,1942,0,0,0,K,0,24T57,FOUNTAIN AV,MYRA AV,0,NA,Y,C,-,N,NA,NA,NA,NA,NA,NA,NA,NA,NA,Y,3,0,1,2,A,-,09,21801,A,N,D,C,A,B,H,-,C,A,0,NA,NA,NA,NA,Y,NA,A,01,0,1,0,0,0,0,0,0,0,-,-,NA,NA,LOS ANGELES,LOS ANGELES,-118.28055012,34.09580005
8310722,2017,2017-03-01,1942,2017-01-09,1420,40825,RD115,1,5,7,1942,0,0,0,NA,0,11A17,PROSPECT AV,VERMONT AV,0,NA,Y,B,-,N,NA,NA,NA,NA,NA,NA,NA,NA,NA,N,4,0,2,2,A,-,12,21453,A,N,D,C,A,B,H,-,A,A,0,NA,NA,NA,NA,Y,NA,A,07,0,0,2,0,0,0,0,0,0,-,-,NA,NA,LOS ANGELES,LOS ANGELES,-118.29177012,34.10177009
8310723,2017,2017-03-01,1942,2017-01-24,0740,33160,1822,2,5,7,1942,0,0,0,R,0,18A97,MAIN ST,98TH ST,0,NA,Y,A,-,N,NA,NA,NA,NA,NA,NA,NA,NA,NA,N,4,0,1,2,A,-,10,21950,A,F,G,B,B,A,H,-,A,A,0,Y,NA,NA,NA,Y,NA,-,99,0,0,1,0,1,0,0,0,0,-,-,NA,NA,LOS ANGELES,LOS ANGELES,-118.27389003,33.94739009
8310725,2017,2017-03-01,1942,2017-01-30,1510,32667,1209,1,5,7,1942,0,0,0,L,0,12L130,FIGUEROA ST,49TH ST,0,NA,Y,A,-,N,NA,NA,NA,NA,NA,NA,NA,NA,NA,N,4,0,1,2,A,-,08,22107,NA,F,D,C,A,A,H,-,A,D,0,NA,NA,NA,NA,Y,NA,-,NA,0,0,1,0,0,0,0,0,0,-,-,NA,NA,LOS ANGELES,LOS ANGELES,-118.28272013,33.99876004
8310726,2017,2017-03-01,1942,2017-01-07,1540,39759,1117,6,5,7,1942,0,0,0,K,0,24T51,EAGLE ROCK BL,RIDGEVIEW AV,0,NA,Y,A,-,N,NA,NA,NA,NA,NA,NA,NA,NA,NA,N,3,0,1,2,A,-,09,21801,A,N,D,-,A,A,H,-,B,D,0,NA,NA,Y,NA,Y,NA,A,01,0,1,0,0,0,0,0,0,1,-,-,NA,NA,LOS ANGELES,LOS ANGELES,-118.21657005,34.13099001
8310727,2017,2017-03-01,1942,2017-01-24,0750,42458,1801,2,5,7,1942,0,0,0,R,0,18A35,92ND ST,HOOVER,0,NA,Y,A,-,N,NA,NA,NA,NA,NA,NA,NA,NA,NA,N,4,0,2,3,A,-,10,21950,A,F,G,B,B,A,H,-,A,A,0,Y,NA,NA,NA,Y,NA,-,99,0,0,2,0,2,0,0,0,0,-,-,NA,NA,LOS ANGELES,LOS ANGELES,-118.28698005,33.95281006
8310728,2017,2017-02-28,1942,2017-01-30,1825,40138,1353,1,5,7,1942,0,0,0,M,0,13X28,VERNON,AVALON,0,NA,N,A,-,N,NA,NA,NA,NA,NA,NA,NA,NA,NA,N,3,0,1,2,A,-,08,22107,A,F,-,G,A,A,H,-,C,A,0,NA,Y,NA,NA,Y,NA,-,NA,0,1,0,0,0,0,1,0,0,-,-,NA,NA,LOS ANGELES,LOS ANGELES,-118.26527004,34.00387009
8310729,2017,2017-03-01,1942,2017-01-04,0950,41521,1805,3,5,7,1942,0,0,0,R,0,3T5,92ND ST,AVALON BL,0,NA,Y,B,-,N,NA,NA,NA,NA,NA,NA,NA,NA,NA,N,4,0,1,2,A,-,12,21453,A,N,D,C,A,A,H,-,A,A,0,NA,NA,NA,NA,Y,NA,A,01,0,0,1,0,0,0,0,0,0,-,-,NA,NA,LOS ANGELES,LOS ANGELES,-118.26516002,33.95289009
8310730,2017,2017-03-01,1942,2017-01-02,2320,39647,1142,1,5,7,1942,0,0,0,K,0,11A42,HILLHURST AV,MELBOURNE AV,0,NA,Y,A,-,N,NA,NA,NA,NA,NA,NA,NA,NA,NA,N,4,0,3,3,A,-,05,21650,NA,N,B,C,A,A,H,-,C,D,0,NA,NA,NA,NA,Y,NA,A,01,0,0,3,0,0,0,0,0,0,-,-,NA,NA,LOS ANGELES,LOS ANGELES,-118.28741009,34.10360009
8310731,2017,2017-03-01,1942,2017-01-03,1620,42240,1863,2,5,7,1942,0,0,0,R,0,12A69,AVALON BL,E 115TH ST,0,NA,Y,B,-,N,NA,NA,NA,NA,NA,NA,NA,NA,NA,Y,4,0,2,3,A,-,03,22350,NA,F,A,C,A,A,H,-,A,A,0,NA,NA,NA,NA,Y,NA,-,99,0,0,2,0,0,0,0,0,0,-,-,NA,NA,LOS ANGELES,LOS ANGELES,-118.26519006,33.93011008
8310734,2017,2017-03-01,1942,2017-01-11,1705,39550,1163,3,5,7,1942,0,0,0,K,0,11A25,FOUNTAIN AV,CATALINA ST,0,NA,Y,A,-,N,NA,NA,NA,NA,NA,NA,NA,NA,NA,N,4,0,1,2,A,-,09,21801,A,N,D,C,A,A,H,-,B,A,0,NA,NA,Y,NA,Y,NA,C,02,0,0,1,0,0,0,0,0,1,-,-,NA,NA,LOS ANGELES,LOS ANGELES,-118.29503007,34.09542
8310735,2017,2017-03-01,1942,2017-01-28,1015,33201,1263,6,5,7,1942,0,0,0,L,0,18A35,WESTERN AV,84TH PL,0,NA,Y,A,-,N,NA,NA,NA,NA,NA,NA,NA,NA,NA,Y,3,0,3,3,A,-,09,21802,A,N,D,C,A,A,H,-,A,A,0,NA,NA,NA,NA,Y,NA,A,01,0,2,1,0,0,0,0,0,0,-,-,NA,NA,LOS ANGELES,LOS ANGELES,-118.30902008,33.96179002
8310737,2017,2017-03-09,1942,2017-01-20,1420,41927,1842,5,5,7,1942,0,0,0,R,0,3T57,OLIVE ST,IMPERIAL,0,NA,Y,B,-,N,NA,NA,NA,NA,NA,NA,NA,NA,NA,Y,3,0,2,2,A,-,12,21453,A,N,D,C,A,B,H,-,A,A,0,NA,NA,NA,NA,Y,NA,-,-,0,1,1,0,0,0,0,0,0,-,-,NA,NA,LOS ANGELES,LOS ANGELES,-118.27959007,33.93100001
8310738,2017,2017-03-01,1942,2017-01-06,0320,41139,1144,5,5,7,1942,0,0,0,K,0,11A71,TESLA AV,TESLA TER,0,NA,Y,B,-,N,NA,NA,NA,NA,NA,NA,NA,NA,NA,Y,3,0,1,2,A,-,01,23152,A,N,C,E,A,A,H,-,C,D,0,NA,NA,NA,NA,Y,NA,A,01,0,1,0,0,0,0,0,0,0,-,-,NA,NA,LOS ANGELES,LOS ANGELES,-118.26734012,34.10409012
8310739,2017,2017-03-01,1942,2017-01-08,0950,33201,1861,7,5,7,1942,0,0,0,R,0,18A97,AINSWORTH AV,118TH ST,200,S,N,B,-,N,NA,NA,NA,NA,NA,NA,NA,NA,NA,N,4,0,1,2,D,-,00,NA,NA,N,G,B,F,A,H,-,A,D,0,Y,NA,NA,NA,Y,NA,-,-,0,0,1,0,1,0,0,0,0,-,-,NA,NA,LOS ANGELES,LOS ANGELES,-118.29032973,33.92586715
8310740,2017,2017-02-28,1942,2017-01-12,1000,37505,0185,4,5,7,1942,0,0,0,A,0,24TL26,12TH ST,SANTEE ST,15,E,N,A,-,N,NA,NA,NA,NA,NA,NA,NA,NA,NA,N,4,0,1,2,A,-,09,21802,A,F,B,C,A,A,H,-,A,A,0,NA,NA,NA,NA,Y,NA,-,99,0,0,1,0,0,0,0,0,0,-,-,NA,NA,LOS ANGELES,LOS ANGELES,-118.25730026,34.03627555