CASE_ID,ACCIDENT_YEAR,PROC_DATE,JURIS,COLLISION_DATE,COLLISION_TIME,OFFICER_ID,REPORTING_DISTRICT,DAY_OF_WEEK,CHP_SHIFT,POPULATION,CNTY_CITY_LOC,SPECIAL_COND,BEAT_TYPE,CHP_BEAT_TYPE,CITY_DIVISION_LAPD,CHP_BEAT_CLASS,BEAT_NUMBER,PRIMARY_RD,SECONDARY_RD,DISTANCE,DIRECTION,INTERSECTION,WEATHER_1,WEATHER_2,STATE_HWY_IND,CALTRANS_COUNTY,CALTRANS_DISTRICT,STATE_ROUTE,ROUTE_SUFFIX,POSTMILE_PREFIX,POSTMILE,LOCATION_TYPE,RAMP_INTERSECTION,SIDE_OF_HWY,TOW_AWAY,COLLISION_SEVERITY,NUMBER_KILLED,NUMBER_INJURED,PARTY_COUNT,PRIMARY_COLL_FACTOR,PCF_CODE_OF_VIOL,PCF_VIOL_CATEGORY,PCF_VIOLATION,PCF_VIOL_SUBSECTION,HIT_AND_RUN,TYPE_OF_COLLISION,MVIW,PED_ACTION,ROAD_SURFACE,ROAD_COND_1,ROAD_COND_2,LIGHTING,CONTROL_DEVICE,CHP_ROAD_TYPE,PEDESTRIAN_ACCIDENT,BICYCLE_ACCIDENT,MOTORCYCLE_ACCIDENT,TRUCK_ACCIDENT,NOT_PRIVATE_PROPERTY,ALCOHOL_INVOLVED,STWD_VEHTYPE_AT_FAULT,CHP_VEHTYPE_AT_FAULT,COUNT_SEVERE_INJ,COUNT_VISIBLE_INJ,COUNT_COMPLAINT_PAIN,COUNT_PED_KILLED,COUNT_PED_INJURED,COUNT_BICYCLIST_KILLED,COUNT_BICYCLIST_INJURED,COUNT_MC_KILLED,COUNT_MC_INJURED,PRIMARY_RAMP,SECONDARY_RAMP,LATITUDE,LONGITUDE,COUNTY,CITY,POINT_X,POINT_Y
8312738,2016,2017-03-06,1942,2016-01-02,2240,25495,0784,6,5,7,1942,0,0,0,G,0,7T23,LA BREA AV,21ST ST,0,NA,Y,A,-,N,NA,NA,NA,NA,NA,NA,NA,NA,NA,N,4,0,1,2,A,-,12,21453,A,N,D,C,A,A,H,-,C,A,0,NA,NA,NA,NA,Y,NA,-,-,0,0,1,0,0,0,0,0,0,-,-,NA,NA,LOS ANGELES,LOS ANGELES,-118.34846002,34.03847003
8312740,2017,2017-02-24,1942,2017-01-08,2300,40947,2019,7,5,7,1942,0,0,0,NA,0,20A58,VERMONT AV,3RD ST,0,NA,Y,A,-,N,NA,NA,NA,NA,NA,NA,NA,NA,NA,Y,3,0,2,2,A,-,09,21801,A,N,D,C,A,A,H,-,C,A,0,NA,NA,NA,NA,Y,NA,A,01,0,1,1,0,0,0,0,0,0,-,-,NA,NA,LOS ANGELES,LOS ANGELES,-118.29165,34.06905
8312742,2017,2017-03-02,1942,2017-01-08,0320,41043,LOS A,7,5,7,1942,0,0,0,NA,0,7A53,3RD ST,WETHERLY DR,0,NA,Y,A,-,N,NA,NA,NA,NA,NA,NA,NA,NA,NA,Y,3,0,2,2,A,-,09,21802,A,N,D,C,A,A,H,-,A,D,0,NA,NA,NA,NA,Y,NA,A,01,0,1,1,0,0,0,0,0,0,-,-,NA,NA,LOS ANGELES,LOS ANGELES,-118.38875005,34.07363001
8312744,2017,2017-02-24,1942,2017-01-06,1725,42188,2042,5,5,7,1942,0,0,0,NA,0,20A,8TH ST,SAINT ANDREWS PL,0,NA,Y,A,-,N,NA,NA,NA,NA,NA,NA,NA,NA,NA,N,4,0,1,2,A,-,04,21703,NA,N,C,C,A,A,H,-,C,A,0,NA,NA,NA,NA,Y,NA,A,01,0,0,1,0,0,0,0,0,0,-,-,NA,NA,LOS ANGELES,LOS ANGELES,-118.31119011,34.05803006
8312746,2017,2017-03-02,1942,2017-01-02,2335,40024,0787,1,5,7,1942,0,0,0,G,0,7T23,CRENSHAW BL,WASHINGTON BL,185,S,N,B,-,N,NA,NA,NA,NA,NA,NA,NA,NA,NA,Y,4,0,1,2,A,-,09,21804,A,N,D,C,A,A,H,-,C,D,0,NA,NA,NA,NA,Y,NA,A,01,0,0,1,0,0,0,0,0,0,-,-,NA,NA,LOS ANGELES,LOS ANGELES,-118.33132776,34.03940022
8312750,2017,2017-03-02,1942,2017-01-10,1725,37966,0743,2,5,7,1942,0,0,0,G,0,6TL4,WILSHIRE BL,CURSON AV,0,NA,Y,B,-,N,NA,NA,NA,NA,NA,NA,NA,NA,NA,Y,3,0,2,2,A,-,09,21801,A,N,D,C,A,A,H,-,C,A,0,NA,NA,NA,NA,Y,NA,A,01,0,2,0,0,0,0,0,0,0,-,-,NA,NA,LOS ANGELES,LOS ANGELES,-118.35496009,34.06244008
8312753,2017,2017-03-02,1942,2017-01-18,1825,40824,0723,3,5,7,1942,0,0,0,G,0,7A47,1ST ST,CRESCENT HEIGHTS BL,0,NA,Y,C,-,N,NA,NA,NA,NA,NA,NA,NA,NA,NA,Y,4,0,1,2,A,-,08,22107,NA,N,A,C,A,B,H,-,B,D,0,NA,NA,NA,NA,Y,NA,A,01,0,0,1,0,0,0,0,0,0,-,-,NA,NA,LOS ANGELES,LOS ANGELES,-118.36587007,34.07429005
8312754,2017,2017-03-03,1942,2017-01-16,1815,37966,0743,1,5,7,1942,0,0,0,G,0,6TL4,WILHELMINA AV,ORANGE GROVE AV,60,E,N,A,-,N,NA,NA,NA,NA,NA,NA,NA,NA,NA,Y,4,0,4,4,A,-,03,22350,NA,N,C,C,A,A,H,-,C,D,0,NA,NA,NA,NA,Y,NA,A,01,0,0,4,0,0,0,0,0,0,-,-,NA,NA,LOS ANGELES,LOS ANGELES,NA,NA
8312755,2016,2017-02-27,1924,2016-10-22,0135,115237,28,6,5,5,1924,0,0,0,NA,0,003,VAN NESS AV,152ND ST,230,S,N,A,-,N,NA,NA,NA,NA,NA,NA,NA,NA,NA,Y,4,0,1,3,A,-,01,23152,A,N,H,E,A,A,H,-,C,D,0,NA,NA,NA,NA,Y,Y,A,01,0,0,1,0,0,0,0,0,0,-,-,33.89382,-118.31783,LOS ANGELES,GARDENA,-118.31786663,33.89315919
8312757,2017,2017-03-02,1942,2017-01-29,1325,41089,0747,7,5,7,1942,0,0,0,G,0,14TL47,OLYMPIC BL,WEST BL,0,NA,Y,A,-,N,NA,NA,NA,NA,NA,NA,NA,NA,NA,Y,3,0,1,2,A,-,09,21802,A,N,D,C,A,A,H,-,A,A,0,NA,NA,NA,NA,Y,NA,A,01,0,1,0,0,0,0,0,0,0,-,-,NA,NA,LOS ANGELES,LOS ANGELES,-118.33080003,34.05608007
8312758,2017,2017-03-03,1942,2017-01-17,0820,41054,0765,2,5,7,1942,0,0,0,G,0,20TL59,12TH ST,LA BREA AV,0,NA,Y,A,-,N,NA,NA,NA,NA,NA,NA,NA,NA,NA,Y,4,0,1,2,A,-,09,21802,A,N,D,C,A,A,H,-,A,A,0,NA,NA,NA,NA,Y,NA,A,01,0,0,1,0,0,0,0,0,0,-,-,NA,NA,LOS ANGELES,LOS ANGELES,-118.34362005,34.05337
8312761,2017,2017-03-02,1942,2017-01-13,0810,41089,0706,5,5,7,1942,0,0,0,G,0,TL23,HIGHLAND AV,WARING AV,0,NA,Y,B,-,N,NA,NA,NA,NA,NA,NA,NA,NA,NA,Y,2,0,2,2,A,-,09,21801,A,N,D,C,A,A,H,-,A,D,0,NA,NA,NA,NA,Y,NA,A,01,1,0,1,0,0,0,0,0,0,-,-,NA,NA,LOS ANGELES,LOS ANGELES,-118.33859003,34.08526012
8312762,2017,2017-03-02,1942,2017-01-18,1920,41087,0745,3,5,7,1942,0,0,0,G,0,0733,OLYMPIC BL,RIDGELEY DR,78,E,N,C,-,N,NA,NA,NA,NA,NA,NA,NA,NA,NA,N,4,0,5,2,A,-,04,21703,NA,N,C,C,A,B,-,-,C,A,0,NA,NA,NA,NA,Y,NA,A,01,0,0,5,0,0,0,0,0,0,-,-,NA,NA,LOS ANGELES,LOS ANGELES,-118.35224301,34.05737586
8312765,2017,2017-03-02,1942,2017-01-24,1020,26281,0729,2,5,7,1942,0,0,0,G,0,7MQ56,3RD ST,LARCHMONT BL,0,NA,Y,A,-,N,NA,NA,NA,NA,NA,NA,NA,NA,NA,Y,2,0,2,2,A,-,07,21658,A,N,B,C,A,A,H,-,A,A,0,NA,NA,NA,NA,Y,NA,A,01,1,0,1,0,0,0,0,0,0,-,-,NA,NA,LOS ANGELES,LOS ANGELES,-118.32369012,34.06895007
8312766,2017,2017-03-02,1942,2017-01-31,1145,39624,0721,2,5,7,1942,0,0,0,G,0,20TL59,3RD ST,GEORGE BURNS,0,NA,Y,A,-,N,NA,NA,NA,NA,NA,NA,NA,NA,NA,N,3,0,1,2,A,-,08,22107,NA,N,G,B,B,A,H,-,A,A,0,Y,NA,NA,NA,Y,NA,A,07,0,1,0,0,1,0,0,0,0,-,-,NA,NA,LOS ANGELES,LOS ANGELES,-118.38167,34.07361006
8312769,2017,2017-03-02,1942,2017-01-06,1900,25495,0763,5,5,7,1942,0,0,0,G,0,7T23,FAIRFAX AV,SATURN ST,0,NA,Y,A,-,N,NA,NA,NA,NA,NA,NA,NA,NA,NA,Y,2,0,1,2,A,-,09,21802,A,N,D,C,A,A,H,-,C,D,0,NA,NA,Y,NA,Y,Y,A,01,1,0,0,0,0,0,0,0,1,-,-,NA,NA,LOS ANGELES,LOS ANGELES,-118.3670301,34.04964004
8312770,2017,2017-03-02,1942,2017-01-16,2055,4167C,0721,1,5,7,1942,0,0,0,G,0,6T7,3RD ST,DOHENY DR,17,E,N,B,-,N,NA,NA,NA,NA,NA,NA,NA,NA,NA,N,4,0,1,2,A,-,10,21950,A,N,G,B,B,A,H,-,C,A,0,Y,NA,NA,NA,Y,NA,A,01,0,0,1,0,1,0,0,0,0,-,-,NA,NA,LOS ANGELES,LOS ANGELES,-118.38966397,34.07363
8312771,2016,2017-02-28,1924,2016-09-27,1611,89188,19,2,5,5,1924,0,0,0,NA,0,BL2D,ROSECRANS AV,BUDLONG AV,330,E,N,A,-,N,NA,NA,NA,NA,NA,NA,NA,NA,NA,N,4,0,3,4,A,-,03,22350,NA,N,C,C,A,A,H,-,A,A,0,NA,NA,NA,NA,Y,NA,D,23,0,0,3,0,0,0,0,0,0,-,-,33.9019,-118.29605,LOS ANGELES,GARDENA,-118.2949946,33.90196
8312773,2017,2017-03-02,1942,2017-01-09,2000,38090,0774,1,5,7,1942,0,0,0,G,0,7TL23,LA BREA AV,WASHINGTON BL,130,N,N,B,-,N,NA,NA,NA,NA,NA,NA,NA,NA,NA,N,2,0,1,2,A,-,11,21954,A,N,G,B,D,A,H,-,C,A,0,Y,NA,NA,NA,Y,Y,N,60,1,0,0,0,1,0,0,0,0,-,-,NA,NA,LOS ANGELES,LOS ANGELES,-118.34738734,34.04073902
8312774,2017,2017-03-02,1942,2017-01-16,2125,40315,0735,1,5,7,1942,0,0,0,G,0,20T59,6TH STL A RIVER,HAUSER BL,0,NA,Y,A,-,N,NA,NA,NA,NA,NA,NA,NA,NA,NA,Y,3,0,3,2,A,-,12,21453,A,N,D,C,A,A,H,-,C,A,0,NA,NA,NA,NA,Y,NA,A,01,0,2,1,0,0,0,0,0,0,-,-,NA,NA,LOS ANGELES,LOS ANGELES,NA,NA
8312777,2017,2017-03-02,1942,2017-01-29,1500,39022,0767,7,5,7,1942,0,0,0,G,0,20TL56,12TH AV,VENICE BL,0,NA,Y,A,-,N,NA,NA,NA,NA,NA,NA,NA,NA,NA,Y,4,0,1,2,A,-,09,21802,A,N,D,C,A,A,H,-,A,A,0,NA,NA,NA,NA,Y,NA,A,08,0,0,1,0,0,0,0,0,0,-,-,NA,NA,LOS ANGELES,LOS ANGELES,-118.32643001,34.04403006
8312778,2017,2017-03-02,1942,2017-01-17,1550,37966,0705,2,5,7,1942,0,0,0,G,0,6TL4,MELROSE AV,ALTA VISTA BL,0,NA,Y,A,-,N,NA,NA,NA,NA,NA,NA,NA,NA,NA,Y,4,0,3,2,A,-,09,21802,A,N,D,C,A,A,H,-,A,A,0,NA,NA,NA,NA,Y,NA,A,01,0,0,3,0,0,0,0,0,0,-,-,NA,NA,LOS ANGELES,LOS ANGELES,-118.34746012,34.08353008
8312780,2016,2017-02-28,1900,2016-11-14,0615,525033,244,1,5,3,1914,0,0,0,NA,0,27T,WASHINGTON BL,FIDELIA AV,111,E,N,A,-,N,NA,NA,NA,NA,NA,NA,NA,NA,NA,Y,3,0,1,2,A,-,03,22350,NA,N,C,C,A,A,H,-,A,D,0,NA,NA,NA,Y,Y,NA,A,07,0,1,0,0,0,0,0,0,0,-,-,NA,NA,LOS ANGELES,COMMERCE,-118.14981287,33.99694252
8312781,2017,2017-03-02,1942,2017-01-07,1350,39058,0782,6,5,7,1942,0,0,0,G,0,20TL58,LA CIENEGA BL,SAWYER ST,310,S,N,A,-,N,NA,NA,NA,NA,NA,NA,NA,NA,NA,N,4,0,1,2,A,-,09,21801,A,N,D,C,A,A,H,-,A,A,0,NA,NA,Y,NA,Y,NA,A,01,0,0,1,0,0,0,0,0,1,-,-,NA,NA,LOS ANGELES,LOS ANGELES,-118.3766197,34.04171723
8312782,2017,2017-03-03,1942,2017-01-06,1135,42416,2019,5,5,7,1942,0,0,0,NA,0,20A45,VIRGIL AV,1ST ST,30,S,N,A,-,N,NA,NA,NA,NA,NA,NA,NA,NA,NA,N,4,0,1,2,A,-,09,21804,A,N,A,C,A,A,H,-,A,D,0,NA,NA,NA,NA,Y,Y,A,01,0,0,1,0,0,0,0,0,0,-,-,NA,NA,LOS ANGELES,LOS ANGELES,-118.2867853,34.07338784
8312785,2017,2017-03-02,1942,2017-01-17,1845,37613,0784,2,5,7,1942,0,0,0,G,0,6T7,LA BREA,23RD ST,80,N,N,A,-,N,NA,NA,NA,NA,NA,NA,NA,NA,NA,Y,4,0,1,2,A,-,03,22350,NA,N,C,E,A,A,H,-,C,D,0,NA,NA,NA,NA,Y,NA,A,01,0,0,1,0,0,0,0,0,0,-,-,NA,NA,LOS ANGELES,LOS ANGELES,-118.34942751,34.03605839
8312786,2017,2017-03-29,1942,2017-01-06,1410,39763,2031,5,5,7,1942,0,0,0,NA,0,20A39,WILSHIRE BL,WILTON PL,0,NA,Y,A,-,N,NA,NA,NA,NA,NA,NA,NA,NA,NA,Y,4,0,4,2,A,-,09,21801,A,N,A,C,A,A,H,-,A,A,0,NA,NA,NA,NA,Y,NA,-,-,0,0,4,0,0,0,0,0,0,-,-,NA,NA,LOS ANGELES,LOS ANGELES,-118.31421003,34.06169003
8312789,2017,2017-03-02,1942,2017-01-14,0825,37550,0779,6,5,7,1942,0,0,0,G,0,6TL7,VENICE BL,6TH AV,0,NA,Y,A,-,N,NA,NA,NA,NA,NA,NA,NA,NA,NA,Y,4,0,2,2,A,-,12,21453,A,N,D,C,A,A,H,-,A,A,0,NA,NA,NA,NA,Y,NA,A,01,0,0,2,0,0,0,0,0,0,-,-,NA,NA,LOS ANGELES,LOS ANGELES,-118.32368002,34.04357002
8312790,2017,2017-03-03,1942,2017-01-05,0300,40957,2099,4,5,7,1942,0,0,0,NA,0,20A45,VERMONT AV,20TH ST,60,S,N,B,C,N,NA,NA,NA,NA,NA,NA,NA,NA,NA,N,4,0,2,2,A,-,04,21703,NA,N,C,C,A,B,H,-,C,A,0,NA,NA,NA,NA,Y,NA,A,01,0,0,2,0,0,0,0,0,0,-,-,NA,NA,LOS ANGELES,LOS ANGELES,NA,NA
8312793,2017,2017-03-02,1942,2017-01-11,0630,41718,0769,3,5,7,1942,0,0,0,G,0,7A47-W,PICO,ARLINGTON,0,NA,Y,C,-,N,NA,NA,NA,NA,NA,NA,NA,NA,NA,Y,4,0,1,3,A,-,03,22350,NA,N,A,C,A,B,H,-,B,D,0,NA,NA,NA,NA,Y,NA,A,01,0,0,1,0,0,0,0,0,0,-,-,NA,NA,LOS ANGELES,LOS ANGELES,-118.31761007,34.04718004
8312794,2017,2017-03-03,1942,2017-01-03,1720,39035,2049,2,5,7,1942,0,0,0,NA,0,20A16,JAMES M WOOD BL,WESTMORELAND AV,300,W,N,A,-,N,NA,NA,NA,NA,NA,NA,NA,NA,NA,N,4,0,1,2,A,-,10,21950,C,N,G,B,D,A,H,-,C,D,0,Y,NA,NA,NA,Y,NA,A,01,0,0,1,0,1,0,0,0,0,-,-,NA,NA,LOS ANGELES,LOS ANGELES,-118.290079,34.055924
8312796,2016,2017-02-28,1900,2016-11-30,0725,507510,246,3,5,3,1914,0,0,0,NA,0,27T,EASTERN AV,SLAUSON AV,504,S,N,A,-,N,NA,NA,NA,NA,NA,NA,NA,NA,NA,N,3,0,1,2,A,-,06,21755,NA,N,D,C,A,A,H,-,A,D,0,NA,NA,NA,NA,Y,NA,D,22,0,1,0,0,0,0,0,0,0,-,-,NA,NA,LOS ANGELES,COMMERCE,-118.16235951,33.98442121
8312797,2017,2017-03-06,1942,2017-01-08,1035,41360,745,7,5,7,1942,0,0,0,NA,0,7A33,LA BREA AV,REDONDO BL,40,E,N,A,-,N,NA,NA,NA,NA,NA,NA,NA,NA,NA,N,4,0,1,2,A,-,09,21802,A,N,-,A,A,A,H,-,A,D,0,NA,NA,NA,NA,Y,NA,-,NA,0,0,1,0,0,0,0,0,0,-,-,NA,NA,LOS ANGELES,LOS ANGELES,-118.34559076,34.05663926
8312798,2017,2017-03-03,1942,2017-01-19,0855,42342,789,4,5,7,1942,0,0,0,NA,0,7A85,WASHINGTON BL,7TH AV,2,E,N,B,-,N,NA,NA,NA,NA,NA,NA,NA,NA,NA,Y,3,0,1,2,A,-,09,21802,A,F,-,I,A,B,H,-,A,D,0,NA,NA,NA,NA,Y,NA,-,99,0,1,0,0,0,0,0,0,0,-,-,NA,NA,LOS ANGELES,LOS ANGELES,-118.32482341,34.03989
8312806,2017,2017-03-03,1900,2017-02-08,1650,478216,1430,3,5,4,1937,0,0,0,NA,0,143T1,TONOPAH AV,AMAR RD,7,S,N,B,-,N,NA,NA,NA,NA,NA,NA,NA,NA,NA,N,3,0,1,2,A,-,10,21950,A,N,G,B,B,A,H,-,A,A,0,Y,NA,NA,NA,Y,NA,D,22,0,1,0,0,1,0,0,0,0,-,-,NA,NA,LOS ANGELES,LA PUENTE,-117.96552511,34.04708551
8312814,2017,2017-03-03,1900,2017-02-03,1645,406363,1414,5,5,1,1932,0,0,0,NA,0,141T5,TURNBULL CANYON RD,SALT LAKE AV,0,NA,Y,B,-,N,NA,NA,NA,NA,NA,NA,NA,NA,NA,Y,4,0,1,2,A,-,09,21802,A,N,D,C,A,B,H,-,A,A,0,NA,NA,NA,NA,Y,NA,D,22,0,0,1,0,0,0,0,0,0,-,-,34.01941,-117.97233,LOS ANGELES,INDUSTRY,-117.97152011,34.0203001
8312819,2016,2017-03-14,1922,2016-12-19,1653,675,NA,1,5,6,1922,0,0,0,NA,0,001,LAMBERT AV,PECK RD,0,NA,Y,A,-,N,NA,NA,NA,NA,NA,NA,NA,NA,NA,N,4,0,1,2,A,-,09,21801,A,N,D,C,A,A,H,-,B,A,0,NA,NA,NA,NA,Y,NA,A,01,0,0,1,0,0,0,0,0,0,-,-,NA,NA,LOS ANGELES,EL MONTE,-118.01884005,34.08220004
8312825,2016,2017-03-01,1900,2016-11-21,0035,525033,242,1,5,3,1914,0,0,0,NA,0,27T,WASHINGTON BL,OAK ST,301,E,N,A,-,N,NA,NA,NA,NA,NA,NA,NA,NA,NA,Y,4,0,1,2,A,-,01,23152,A,N,B,C,A,B,H,-,D,D,0,NA,NA,NA,Y,Y,Y,A,01,0,0,1,0,0,0,0,0,0,-,-,NA,NA,LOS ANGELES,COMMERCE,-118.18426044,34.008602
8312835,2017,2017-03-06,1963,2017-01-24,1919,00301,132,2,5,3,1963,0,0,0,NA,0,ONE,ALLEN AV,LOMBARDY RD,12,N,N,A,-,N,NA,NA,NA,NA,NA,NA,NA,NA,NA,N,4,0,2,2,A,-,01,23152,A,F,D,C,A,A,H,-,C,A,0,NA,NA,NA,NA,Y,Y,D,22,0,0,2,0,0,0,0,0,0,-,-,34.13421,-118.11307,LOS ANGELES,SAN MARINO,-118.11307,34.1342329
8312854,2016,2017-03-14,1922,2016-12-17,0654,502,NA,6,5,6,1922,0,0,0,NA,0,001,SANTA ANITA,LOWER AZUSA,5,S,N,A,-,N,NA,NA,NA,NA,NA,NA,NA,NA,NA,N,4,0,1,2,A,-,03,22350,NA,N,C,C,A,A,H,-,A,A,0,NA,NA,NA,NA,Y,NA,D,22,0,0,1,0,0,0,0,0,0,-,-,NA,NA,LOS ANGELES,EL MONTE,-118.02639902,34.09209853
8312857,2016,2017-02-28,1900,2016-11-10,1640,510559,245,4,5,3,1914,0,0,0,NA,0,27T1,FLOTILLA ST,GARFIELD AV,250,W,N,A,-,N,NA,NA,NA,NA,NA,NA,NA,NA,NA,N,4,0,1,3,A,-,07,21658,A,N,B,C,A,A,H,-,A,D,0,NA,NA,NA,Y,Y,NA,A,07,0,0,1,0,0,0,0,0,0,-,-,NA,NA,LOS ANGELES,COMMERCE,-118.13224147,34.00568638
8312859,2017,2017-03-06,1900,2017-01-31,1544,526692,1414,2,5,1,1932,0,0,0,NA,0,141T5,TURNBULL CANYON RD,PROCTOR AV,500,N,N,A,-,N,NA,NA,NA,NA,NA,NA,NA,NA,NA,Y,4,0,1,2,A,-,03,22350,NA,N,C,C,A,A,H,-,A,D,0,NA,NA,NA,NA,Y,NA,A,01,0,0,1,0,0,0,0,0,0,-,-,34.02554,-117.96608,LOS ANGELES,INDUSTRY,-117.96605654,34.02581346
8312863,2017,2017-03-06,1922,2017-01-25,0528,522,NA,3,5,6,1922,0,0,0,NA,0,001,PECK,RANCHITO,0,NA,Y,A,-,N,NA,NA,NA,NA,NA,NA,NA,NA,NA,Y,4,0,1,2,A,-,09,21801,A,N,D,C,A,A,H,-,C,A,0,NA,NA,NA,NA,Y,NA,A,01,0,0,1,0,0,0,0,0,0,-,-,NA,NA,LOS ANGELES,EL MONTE,-118.01550008,34.08901002
8312866,2017,2017-03-09,1900,2017-01-31,1220,529380,1430,2,5,4,1937,0,0,0,NA,0,143T1,ELLIOT AV,AMAR RD,13,S,N,A,-,N,NA,NA,NA,NA,NA,NA,NA,NA,NA,N,4,0,1,2,A,-,09,21804,A,N,D,G,A,A,H,-,A,A,0,NA,Y,NA,Y,Y,NA,L,04,0,0,1,0,0,0,1,0,0,-,-,34.03736,-117.95209,LOS ANGELES,LA PUENTE,-117.95203254,34.03737442
8312878,2017,2018-02-07,1900,2017-01-26,1505,510570,1418,4,5,1,1932,0,0,0,NA,0,141T6,FULLERTON RD,RT 60,0,NA,Y,A,-,Y,LA,7,60,-,-,19.657,R,4,W,N,4,0,1,2,A,-,08,22107,NA,N,B,C,A,A,H,-,A,A,0,NA,NA,NA,Y,Y,NA,G,25,0,0,1,0,0,0,0,0,0,-,WF,NA,NA,LOS ANGELES,INDUSTRY,-117.90205916,33.99428754
8312887,2017,2017-03-06,1963,2017-01-10,0757,00257,224,2,5,3,1963,0,0,0,NA,0,TWO,LORAIN RD,WEST DR,0,NA,Y,C,-,N,NA,NA,NA,NA,NA,NA,NA,NA,NA,N,4,0,1,2,A,-,10,21950,A,N,G,B,B,B,H,-,A,A,0,Y,NA,NA,NA,Y,NA,A,07,0,0,1,0,1,0,0,0,0,-,-,NA,NA,LOS ANGELES,SAN MARINO,-118.11138013,34.1146601
8312891,2017,2017-03-06,1963,2017-01-02,1632,00284,234,1,5,3,1963,0,0,0,NA,0,TWO,SIERRA MADRE BL,ROBLES AV,0,NA,Y,B,-,N,NA,NA,NA,NA,NA,NA,NA,NA,NA,Y,4,0,2,2,A,-,09,21802,A,N,D,C,A,A,H,-,B,A,0,NA,NA,NA,NA,Y,NA,A,01,0,0,2,0,0,0,0,0,0,-,-,NA,NA,LOS ANGELES,SAN MARINO,-118.10229012,34.12949004
8312927,2017,2017-03-06,1900,2017-01-22,1904,526692,1431,7,5,4,1937,0,0,0,NA,0,143T1,NELSON AV,CADBROOK DR,100,E,N,B,C,N,NA,NA,NA,NA,NA,NA,NA,NA,NA,N,4,0,1,3,A,-,03,22350,NA,N,C,C,A,B,H,-,C,D,0,NA,NA,NA,NA,Y,NA,A,01,0,0,1,0,0,0,0,0,0,-,-,34.03145,-117.96458,LOS ANGELES,LA PUENTE,-117.96463293,34.03145875
8312931,2017,2017-03-06,1900,2017-01-28,0735,526352,1431,6,5,4,1937,0,0,0,NA,0,143T1,HACIENDA BL,TEMPLE AV,0,NA,Y,A,-,N,NA,NA,NA,NA,NA,NA,NA,NA,NA,Y,4,0,1,2,A,-,12,21453,A,N,B,C,A,A,H,-,A,A,0,NA,NA,NA,NA,Y,NA,A,01,0,0,1,0,0,0,0,0,0,-,-,NA,NA,LOS ANGELES,LA PUENTE,-117.95396008,34.03029004
8313059,2016,2017-02-27,1924,2016-09-30,2314,115237,16,5,5,5,1924,0,0,0,NA,0,001,ROSECRANS AV,SAINT ANDREWS PL,0,NA,Y,A,-,N,NA,NA,NA,NA,NA,NA,NA,NA,NA,Y,4,0,1,3,A,-,01,23152,A,N,D,C,A,A,H,-,C,A,0,NA,NA,NA,NA,Y,Y,A,01,0,0,1,0,0,0,0,0,0,-,-,33.90192,-118.31144,LOS ANGELES,GARDENA,-118.31147007,33.90192
8313063,2016,2017-02-27,1924,2016-09-30,2057,115237,12,5,5,5,1924,0,0,0,NA,0,001,ARCTURUS AV,135TH ST,450,S,N,A,-,N,NA,NA,NA,NA,NA,NA,NA,NA,NA,Y,3,0,2,2,A,-,01,23152,A,N,H,E,A,A,H,-,C,D,0,NA,NA,NA,NA,Y,NA,A,01,0,1,1,0,0,0,0,0,0,-,-,33.90919,-118.32144,LOS ANGELES,GARDENA,-118.32147338,33.9079858
8313067,2016,2017-02-27,1924,2016-09-30,1808,117227,35,5,5,5,1924,0,0,0,NA,0,8A9S,REDONDO BEACH BL,BUDLONG AV,0,NA,Y,A,-,N,NA,NA,NA,NA,NA,NA,NA,NA,NA,N,4,0,1,2,A,-,09,21801,A,N,D,C,A,A,H,-,A,A,0,NA,NA,NA,NA,Y,NA,A,01,0,0,1,0,0,0,0,0,0,-,-,33.89235,-118.2962,LOS ANGELES,GARDENA,-118.29609007,33.8923501
8313071,2016,2017-02-27,1924,2016-09-30,1549,115299,37,5,5,5,1924,0,0,0,NA,0,0G5,WESTERN AV,GARDENA BL,500,N,N,A,-,N,NA,NA,NA,NA,NA,NA,NA,NA,NA,Y,4,0,1,2,A,-,08,22107,NA,N,E,I,A,A,H,-,A,D,0,NA,NA,NA,NA,Y,NA,A,01,0,0,1,0,0,0,0,0,0,-,-,33.88193,-118.30913,LOS ANGELES,GARDENA,-118.30915272,33.88332131
8313075,2016,2017-02-27,1924,2016-09-29,1240,115373,11,4,5,5,1924,0,0,0,NA,0,002,VERNON AV,135TH ST,15,N,N,A,-,N,NA,NA,NA,NA,NA,NA,NA,NA,NA,Y,3,0,2,3,A,-,12,21453,A,F,D,C,A,A,H,-,A,A,0,NA,NA,NA,NA,Y,Y,A,01,0,2,0,0,0,0,0,0,0,-,-,33.90916,-118.29176,LOS ANGELES,GARDENA,-118.291615,33.909197
8313085,2017,2017-03-03,1900,2017-02-03,1858,478216,1432,5,5,4,1937,0,0,0,NA,0,143T1,HACIENDA BL,AMAR RD,158,N,N,B,-,N,NA,NA,NA,NA,NA,NA,NA,NA,NA,N,4,0,1,2,A,-,03,22350,NA,M,C,C,A,B,H,-,C,A,0,NA,NA,NA,NA,Y,NA,A,01,0,0,1,0,0,0,0,0,0,-,-,NA,NA,LOS ANGELES,LA PUENTE,-117.94995159,34.03751199
8313087,2016,2017-02-27,1924,2016-10-16,1733,111229,G2,7,5,5,1924,0,0,0,NA,0,8L1D,ROSECRANS AV,BUDLONG AV,0,NA,Y,A,-,N,NA,NA,NA,NA,NA,NA,NA,NA,NA,Y,4,0,1,2,D,-,00,NA,NA,N,D,C,A,A,H,-,A,A,0,NA,NA,NA,NA,Y,NA,-,-,0,0,1,0,0,0,0,0,0,-,-,33.9019,-118.29605,LOS ANGELES,GARDENA,-118.29608003,33.90196