CASE_ID,ACCIDENT_YEAR,PROC_DATE,JURIS,COLLISION_DATE,COLLISION_TIME,OFFICER_ID,REPORTING_DISTRICT,DAY_OF_WEEK,CHP_SHIFT,POPULATION,CNTY_CITY_LOC,SPECIAL_COND,BEAT_TYPE,CHP_BEAT_TYPE,CITY_DIVISION_LAPD,CHP_BEAT_CLASS,BEAT_NUMBER,PRIMARY_RD,SECONDARY_RD,DISTANCE,DIRECTION,INTERSECTION,WEATHER_1,WEATHER_2,STATE_HWY_IND,CALTRANS_COUNTY,CALTRANS_DISTRICT,STATE_ROUTE,ROUTE_SUFFIX,POSTMILE_PREFIX,POSTMILE,LOCATION_TYPE,RAMP_INTERSECTION,SIDE_OF_HWY,TOW_AWAY,COLLISION_SEVERITY,NUMBER_KILLED,NUMBER_INJURED,PARTY_COUNT,PRIMARY_COLL_FACTOR,PCF_CODE_OF_VIOL,PCF_VIOL_CATEGORY,PCF_VIOLATION,PCF_VIOL_SUBSECTION,HIT_AND_RUN,TYPE_OF_COLLISION,MVIW,PED_ACTION,ROAD_SURFACE,ROAD_COND_1,ROAD_COND_2,LIGHTING,CONTROL_DEVICE,CHP_ROAD_TYPE,PEDESTRIAN_ACCIDENT,BICYCLE_ACCIDENT,MOTORCYCLE_ACCIDENT,TRUCK_ACCIDENT,NOT_PRIVATE_PROPERTY,ALCOHOL_INVOLVED,STWD_VEHTYPE_AT_FAULT,CHP_VEHTYPE_AT_FAULT,COUNT_SEVERE_INJ,COUNT_VISIBLE_INJ,COUNT_COMPLAINT_PAIN,COUNT_PED_KILLED,COUNT_PED_INJURED,COUNT_BICYCLIST_KILLED,COUNT_BICYCLIST_INJURED,COUNT_MC_KILLED,COUNT_MC_INJURED,PRIMARY_RAMP,SECONDARY_RAMP,LATITUDE,LONGITUDE,COUNTY,CITY,POINT_X,POINT_Y
8315754,2017,2017-03-09,1975,2017-02-07,1002,327,NA,2,5,6,1975,0,0,0,NA,0,005,AMAR RD,WESTPORT ST,5,W,N,C,-,N,NA,NA,NA,NA,NA,NA,NA,NA,NA,NA,4,0,1,2,A,-,03,22350,NA,N,-,D,A,B,H,-,A,A,0,NA,NA,NA,NA,Y,NA,-,NA,0,0,1,0,0,0,0,0,0,-,-,NA,NA,LOS ANGELES,WEST COVINA,-117.9066832,34.02737819
8315843,2017,2017-03-07,1900,2017-02-15,2223,601465,0251,3,5,4,1945,0,0,0,NA,0,28TPM,ATLANTIC BL,60TH ST,0,NA,Y,A,-,N,NA,NA,NA,NA,NA,NA,NA,NA,NA,Y,4,0,2,2,A,-,12,21453,A,N,D,C,A,A,H,-,C,A,0,NA,NA,NA,NA,Y,NA,A,01,0,0,2,0,0,0,0,0,0,-,-,NA,NA,LOS ANGELES,MAYWOOD,-118.18588009,33.98532004
8315844,2017,2017-03-07,1975,2017-02-07,1144,353,NA,2,5,6,1975,0,0,0,NA,0,001,VINCENT AV,PUENTE AV,0,NA,Y,B,-,N,NA,NA,NA,NA,NA,NA,NA,NA,NA,Y,3,0,2,2,A,-,09,21801,A,N,D,C,A,B,H,-,A,A,0,NA,NA,NA,NA,Y,NA,-,NA,0,1,1,0,0,0,0,0,0,-,-,NA,NA,LOS ANGELES,WEST COVINA,-117.92569008,34.08276009
8315847,2017,2017-03-07,1900,2017-02-10,1618,601465,0250,5,5,4,1945,0,0,0,NA,0,28TPM,FRUITLAND AV,EVERETT CT,25,E,N,C,-,N,NA,NA,NA,NA,NA,NA,NA,NA,NA,Y,4,0,1,2,A,-,09,21804,A,N,D,C,A,B,H,-,A,D,0,NA,NA,NA,NA,Y,NA,A,07,0,0,1,0,0,0,0,0,0,-,-,NA,NA,LOS ANGELES,MAYWOOD,-118.19965832,33.99627152
8315848,2017,2017-12-27,1926,2017-02-22,0420,0028,NA,3,5,5,1926,0,0,0,NA,0,NA,RT 66,SANTA FE,50,E,N,A,-,N,NA,NA,NA,NA,NA,NA,NA,NA,NA,N,4,0,1,2,C,-,18,NA,NA,N,C,C,A,A,H,-,C,D,0,NA,NA,NA,NA,Y,NA,-,-,0,0,1,0,0,0,0,0,0,-,-,NA,NA,LOS ANGELES,GLENDORA,-117.86603518,34.1288
8315856,2017,2017-03-07,1975,2017-02-02,1421,679,NA,4,5,6,1975,0,0,0,NA,0,002,ECKERMAN,PHILLIPS,0,NA,Y,A,-,N,NA,NA,NA,NA,NA,NA,NA,NA,NA,Y,4,0,1,2,A,-,03,22350,NA,N,D,E,A,A,H,-,A,D,0,NA,NA,NA,NA,Y,NA,A,01,0,0,1,0,0,0,0,0,0,-,-,NA,NA,LOS ANGELES,WEST COVINA,-117.9055601,34.08180012
8315860,2017,2017-03-07,1975,2017-02-03,1424,420,NA,5,5,6,1975,0,0,0,NA,0,003,ORANGE AV,MERCED AV,250,S,N,A,-,N,NA,NA,NA,NA,NA,NA,NA,NA,NA,N,4,0,1,2,A,-,17,21708,NA,N,-,C,A,A,H,-,A,A,0,NA,NA,NA,NA,Y,NA,-,NA,0,0,1,0,0,0,0,0,0,-,-,NA,NA,LOS ANGELES,WEST COVINA,-117.95144277,34.06429193
8315864,2017,2017-03-07,1975,2017-02-07,0852,353,NA,2,5,6,1975,0,0,0,NA,0,002,GRAND AV,FAIRWAY LN,0,NA,Y,C,-,N,NA,NA,NA,NA,NA,NA,NA,NA,NA,N,3,0,1,2,A,-,10,21950,A,N,G,B,B,B,H,-,A,A,0,Y,NA,NA,NA,Y,NA,-,NA,0,1,0,0,1,0,0,0,0,-,-,NA,NA,LOS ANGELES,WEST COVINA,-117.87255008,34.07399005
8315868,2017,2017-03-07,1975,2017-02-08,1241,353,NA,3,5,6,1975,0,0,0,NA,0,004,CAMERON AV,GLENDORA AV,186,W,N,A,-,N,NA,NA,NA,NA,NA,NA,NA,NA,NA,Y,4,0,2,2,A,-,09,21804,A,N,D,C,A,A,H,-,A,A,0,NA,NA,NA,NA,Y,NA,-,NA,0,0,2,0,0,0,0,0,0,-,-,NA,NA,LOS ANGELES,WEST COVINA,-117.93228084,34.06195603
8315872,2017,2017-03-07,1975,2017-02-08,0947,991,NA,3,5,6,1975,0,0,0,NA,0,002,TEMPLE WY,HOLT AV,0,NA,Y,A,-,N,NA,NA,NA,NA,NA,NA,NA,NA,NA,Y,4,0,1,1,A,-,03,22350,NA,N,E,I,A,A,H,-,B,D,0,NA,NA,NA,NA,Y,NA,A,01,0,0,1,0,0,0,0,0,0,-,-,34.06818,-117.86686,LOS ANGELES,WEST COVINA,-117.86690011,34.06971003
8315875,2017,2017-03-07,1975,2017-02-14,1545,420,NA,2,5,6,1975,0,0,0,NA,0,001,CAMERON AV,W GARVEY AV N,805,E,N,A,-,N,NA,NA,NA,NA,NA,NA,NA,NA,NA,N,4,0,2,2,A,-,04,21703,NA,N,C,C,A,A,H,-,A,A,0,NA,NA,NA,NA,Y,NA,-,NA,0,0,2,0,0,0,0,0,0,-,-,NA,NA,LOS ANGELES,WEST COVINA,-117.94605,34.07195
8315879,2017,2017-03-14,1975,2017-02-14,2032,447,NA,2,5,6,1975,0,0,0,NA,0,005,AMAR RD,AZUSA AV,21,E,N,A,-,N,NA,NA,NA,NA,NA,NA,NA,NA,NA,N,4,0,1,2,A,-,03,22350,NA,F,C,C,A,A,H,-,C,A,0,NA,NA,NA,NA,Y,NA,-,NA,0,0,1,0,0,0,0,0,0,-,-,NA,NA,LOS ANGELES,WEST COVINA,-117.91482,34.03146
8315883,2017,2017-03-07,1975,2017-02-15,0742,353,NA,3,5,6,1975,0,0,0,NA,0,001,VINCENT AV,PUENTE AV,0,NA,Y,A,-,N,NA,NA,NA,NA,NA,NA,NA,NA,NA,Y,3,0,1,2,A,-,09,21801,A,N,D,C,A,A,H,-,A,A,0,NA,NA,NA,NA,Y,NA,-,NA,0,1,0,0,0,0,0,0,0,-,-,NA,NA,LOS ANGELES,WEST COVINA,-117.92569008,34.08276009
8315887,2017,2017-03-07,1975,2017-02-21,2340,446,NA,2,5,6,1975,0,0,0,NA,0,002,CITRUS AV,GARVEY AV NORTH,0,NA,Y,A,-,N,NA,NA,NA,NA,NA,NA,NA,NA,NA,Y,4,0,1,2,A,-,12,21453,A,N,B,C,A,A,D,E,C,A,0,NA,NA,NA,NA,Y,NA,-,NA,0,0,1,0,0,0,0,0,0,-,-,NA,NA,LOS ANGELES,WEST COVINA,-117.89017013,34.07358007
8315891,2017,2017-03-07,1902,2017-02-20,1231,699,32,1,5,5,1902,0,0,0,NA,0,005,TYLER AV,LYNROSE ST,126,N,N,B,-,N,NA,NA,NA,NA,NA,NA,NA,NA,NA,Y,4,0,1,1,A,-,03,22350,NA,N,E,I,A,A,H,-,A,D,0,NA,NA,NA,NA,Y,NA,A,07,0,0,1,0,0,0,0,0,0,-,-,NA,NA,LOS ANGELES,ARCADIA,-118.02454352,34.10729491
8315907,2017,2018-01-06,1975,2017-02-09,0643,991,NA,4,5,6,1975,0,0,0,NA,0,001,AZUSA AV,RT 10,0,NA,Y,A,-,Y,LA,7,10,-,-,36.383,R,4,E,Y,4,0,1,2,A,-,12,21453,A,N,D,C,A,A,H,-,A,A,0,NA,NA,NA,NA,Y,NA,A,01,0,0,1,0,0,0,0,0,0,-,EF,NA,NA,LOS ANGELES,WEST COVINA,-117.90961597,34.07207414
8315911,2017,2017-03-07,1975,2017-02-09,1242,353,NA,4,5,6,1975,0,0,0,NA,0,004,GLENDORA AV,MERCED AV,68,N,N,A,-,N,NA,NA,NA,NA,NA,NA,NA,NA,NA,N,4,0,1,2,A,-,10,21952,NA,N,G,B,F,A,H,-,A,D,0,Y,NA,NA,NA,Y,NA,-,NA,0,0,1,0,1,0,0,0,0,-,-,NA,NA,LOS ANGELES,WEST COVINA,-117.93831668,34.0556959
8315915,2017,2017-03-14,1975,2017-02-12,0412,435,NA,7,5,6,1975,0,0,0,NA,0,005,AMAR RD,WOODGATE,55,W,N,A,-,N,NA,NA,NA,NA,NA,NA,NA,NA,NA,Y,4,0,1,1,A,-,08,22107,NA,N,A,I,A,A,H,-,C,D,0,NA,NA,NA,NA,Y,NA,-,NA,0,0,1,0,0,0,0,0,0,-,-,NA,NA,LOS ANGELES,WEST COVINA,-117.89923659,34.02696659
8315932,2017,2017-03-20,1900,2017-02-27,0300,530375,2914,1,5,4,1974,0,0,0,NA,0,291,VALLEY BL,PIERRE RD,598,W,N,A,-,N,NA,NA,NA,NA,NA,NA,NA,NA,NA,Y,4,0,1,1,A,-,08,22107,NA,N,E,I,A,A,H,-,C,D,0,NA,NA,NA,NA,Y,NA,A,01,0,0,1,0,0,0,0,0,0,-,-,NA,NA,LOS ANGELES,WALNUT,-117.85123283,34.01470395
8315936,2017,2017-03-22,1900,2017-02-24,0820,409037,2928,5,5,5,1990,0,0,0,NA,0,292K3,GOLDEN SPRINGS DR,GATEWAY CENTER DR,0,NA,Y,A,-,N,NA,NA,NA,NA,NA,NA,NA,NA,NA,Y,4,0,2,2,A,-,09,21801,A,N,A,C,A,A,H,-,A,A,0,NA,NA,NA,NA,Y,NA,A,01,0,0,2,0,0,0,0,0,0,-,-,NA,NA,LOS ANGELES,DIAMOND BAR,-117.83252002,34.00192009
8315940,2017,2017-03-22,1900,2017-02-28,1650,520718,2922,2,5,5,1990,0,0,0,NA,0,292K2/,PROSPECTORS RD,GOLDEN SPRINGS DR,190,NA,N,A,-,N,NA,NA,NA,NA,NA,NA,NA,NA,NA,Y,4,0,2,2,A,-,04,21703,NA,N,C,C,A,A,H,-,A,D,0,NA,NA,NA,NA,Y,NA,A,01,0,0,2,0,0,0,0,0,0,-,-,NA,NA,LOS ANGELES,DIAMOND BAR,-117.81124006,34.01694006
8315944,2017,2017-03-22,1906,2017-02-26,1428,4405,1,7,5,5,1906,0,0,0,NA,0,001,RAMONA BL,FRANCISQUITO AV,70,E,N,B,-,N,NA,NA,NA,NA,NA,NA,NA,NA,NA,Y,4,0,5,4,A,-,03,22350,NA,N,C,C,A,B,H,-,B,A,0,NA,NA,NA,NA,Y,Y,A,01,0,0,5,0,0,0,0,0,0,-,-,NA,NA,LOS ANGELES,BALDWIN PARK,-117.98894693,34.0797788
8315948,2017,2017-03-20,1906,2017-02-10,1834,4421,NA,5,5,5,1906,0,0,0,NA,0,002,LOS ANGELES ST,EDISON POLE E74226Y,40,W,N,C,-,N,NA,NA,NA,NA,NA,NA,NA,NA,NA,Y,4,0,1,3,A,-,07,21658,A,N,C,E,A,B,H,-,C,D,0,NA,NA,NA,NA,Y,Y,A,01,0,0,1,0,0,0,0,0,0,-,-,NA,NA,LOS ANGELES,BALDWIN PARK,NA,NA
8315968,2017,2017-03-17,1961,2017-02-07,1030,0620,NA,2,5,3,1961,0,0,0,NA,0,002,5TH ST,NORTH WORKMAN ST,0,NA,Y,C,-,N,NA,NA,NA,NA,NA,NA,NA,NA,NA,Y,4,0,1,2,A,-,09,21801,A,N,D,C,A,B,H,-,A,D,0,NA,NA,NA,NA,Y,NA,-,NA,0,0,1,0,0,0,0,0,0,-,-,NA,NA,LOS ANGELES,SAN FERNANDO,-118.43731,34.29234001
8315972,2017,2017-03-17,1961,2017-02-12,0900,10337,2,7,5,3,1961,0,0,0,NA,0,LAJD,SAN FERNANDO RD,HUBBARD ST,0,NA,Y,A,-,N,NA,NA,NA,NA,NA,NA,NA,NA,NA,N,4,0,2,2,A,-,12,21453,A,N,D,C,A,A,H,-,A,A,0,NA,NA,NA,NA,Y,NA,A,01,0,0,2,0,0,0,0,0,0,-,-,NA,NA,LOS ANGELES,SAN FERNANDO,-118.44944005,34.29038007
8315976,2017,2017-03-29,1961,2017-02-10,1800,10389,1961,5,5,3,1961,0,0,0,NA,0,002,1ST ST,JESSIE ST,0,NA,Y,C,-,N,NA,NA,NA,NA,NA,NA,NA,NA,NA,N,4,0,1,2,A,-,12,22450,A,N,G,B,B,B,G,-,C,A,0,Y,NA,NA,NA,Y,NA,N,60,0,0,1,0,1,0,0,0,0,-,-,NA,NA,LOS ANGELES,SAN FERNANDO,NA,NA
8315980,2017,2017-03-17,1961,2017-02-22,0654,10281,1961,3,5,3,1961,0,0,0,NA,0,002,1ST ST,HARPS ST,0,NA,Y,A,-,N,NA,NA,NA,NA,NA,NA,NA,NA,NA,N,4,0,1,2,A,-,09,21802,NA,N,D,C,A,A,H,-,A,D,0,NA,NA,NA,NA,Y,NA,A,01,0,0,1,0,0,0,0,0,0,-,-,NA,NA,LOS ANGELES,SAN FERNANDO,-118.44219011,34.28638007
8316002,2016,2017-03-09,1900,2016-12-09,2204,533011,0244,5,5,3,1914,0,0,0,NA,0,27T,ATLANTIC BL,WASHINGTON BL,200,N,N,A,-,N,NA,NA,NA,NA,NA,NA,NA,NA,NA,N,4,0,1,2,A,-,21,22106,NA,N,C,C,A,A,H,-,C,A,0,NA,NA,NA,NA,Y,NA,A,01,0,0,1,0,0,0,0,0,0,-,-,NA,NA,LOS ANGELES,COMMERCE,-118.16724043,34.00337739
8316006,2016,2017-03-09,1900,2016-12-04,1540,527696,NA,7,5,4,1945,0,0,0,NA,0,28T,PINE AV,60TH ST,324,S,N,A,-,N,NA,NA,NA,NA,NA,NA,NA,NA,NA,N,2,0,1,2,A,-,03,22350,NA,N,G,B,D,A,H,-,A,D,0,Y,NA,NA,NA,Y,NA,A,01,1,0,0,0,1,0,0,0,0,-,-,NA,NA,LOS ANGELES,MAYWOOD,-118.18823607,33.98465876
8316010,2017,2017-03-15,1905,2017-02-06,1103,2019,311,1,5,4,1905,0,0,0,NA,0,002,SAN GABRIEL AV,5TH ST,0,NA,Y,B,-,N,NA,NA,NA,NA,NA,NA,NA,NA,NA,N,4,0,1,2,A,-,08,22100,B,N,B,C,A,B,H,-,A,A,0,NA,NA,NA,NA,Y,NA,D,22,0,0,1,0,0,0,0,0,0,-,-,34.12987,-117.90884,LOS ANGELES,AZUSA,-117.90884011,34.12985002
8316014,2017,2017-04-21,1905,2017-02-02,0411,1101,135,4,5,4,1905,0,0,0,NA,0,001,JACKSON AV,PARKSIDE AV,0,NA,Y,B,-,N,NA,NA,NA,NA,NA,NA,NA,NA,NA,Y,4,0,2,2,A,-,03,22350,NA,F,D,C,A,B,H,-,C,A,0,NA,NA,NA,NA,Y,NA,A,01,0,0,2,0,0,0,0,0,0,-,-,34.12071,-117.92064,LOS ANGELES,AZUSA,-117.92070014,34.12068005
8316015,2016,2017-03-09,1942,2016-12-02,1530,37638,1373,5,5,7,1942,0,0,0,M,0,13A93,56TH PL,AVALON,0,NA,Y,A,-,N,NA,NA,NA,NA,NA,NA,NA,NA,NA,N,4,0,1,2,A,-,09,21801,A,N,G,B,B,A,H,-,A,A,0,Y,NA,NA,NA,Y,NA,-,NA,0,0,1,0,1,0,0,0,0,-,-,NA,NA,LOS ANGELES,LOS ANGELES,-118.26520012,33.9915401
8316027,2016,2017-03-09,1900,2016-12-13,1634,527494,0251,2,5,4,1945,0,0,0,NA,0,28T,SLAUSON AV,MAYFLOWER AV,0,NA,Y,A,-,N,NA,NA,NA,NA,NA,NA,NA,NA,NA,Y,4,0,1,2,A,-,09,21801,A,N,D,C,A,A,H,-,B,A,0,NA,NA,NA,NA,Y,NA,A,01,0,0,1,0,0,0,0,0,0,-,-,NA,NA,LOS ANGELES,MAYWOOD,-118.18113012,33.98670004
8316030,2016,2017-03-29,1900,2016-12-03,1600,609668,0243,6,5,3,1914,0,0,0,NA,0,27T,WASHINGTON BL,RT 710,20,E,N,A,-,Y,LA,7,710,-,-,22.567,R,4,N,N,4,0,1,3,A,-,03,22350,NA,N,C,C,A,A,H,-,A,A,0,NA,NA,NA,NA,Y,NA,A,01,0,0,1,0,0,0,0,0,0,-,-,NA,NA,LOS ANGELES,COMMERCE,-118.17250627,34.00610036
8316031,2016,2017-03-09,1942,2016-12-26,0945,40008,1395,1,5,7,1942,0,0,0,M,0,24TL26,S CENTRAL AV,E 66TH ST,10,S,N,A,-,N,NA,NA,NA,NA,NA,NA,NA,NA,NA,N,4,0,1,2,A,-,09,21804,A,N,D,G,A,A,H,-,A,D,0,NA,Y,NA,NA,Y,NA,A,01,0,0,1,0,0,0,1,0,0,-,-,NA,NA,LOS ANGELES,LOS ANGELES,-118.25645933,33.97996258
8316034,2016,2017-03-22,1900,2016-12-18,1350,606778,0241,7,5,3,1914,0,0,0,NA,0,27H,TELEGRAPH RD,MCBRIDE AV,0,NA,Y,A,-,N,NA,NA,NA,NA,NA,NA,NA,NA,NA,Y,4,0,1,3,A,-,09,21801,A,N,D,C,A,A,H,-,A,A,0,NA,NA,NA,NA,Y,NA,A,07,0,0,1,0,0,0,0,0,0,-,-,NA,NA,LOS ANGELES,COMMERCE,-118.17084007,34.01601003
8316038,2016,2017-03-22,1900,2016-12-24,1452,533148,0247,6,5,3,1914,0,0,0,NA,0,27T,SLAUSON AV,GREENWOOD AV,0,NA,Y,A,-,N,NA,NA,NA,NA,NA,NA,NA,NA,NA,N,4,0,1,3,A,-,03,22350,NA,N,A,C,A,A,H,-,A,A,0,NA,NA,NA,NA,Y,NA,A,01,0,0,1,0,0,0,0,0,0,-,-,NA,NA,LOS ANGELES,COMMERCE,-118.13025005,33.97733006
8316050,2016,2017-03-09,1900,2016-12-13,1010,507510,0245,2,5,3,1914,0,0,0,NA,0,27T1,WASHINGTON BL,SAYBROOK AV,0,NA,Y,A,-,N,NA,NA,NA,NA,NA,NA,NA,NA,NA,Y,4,0,1,2,A,-,09,21801,A,N,D,C,A,A,H,-,A,A,0,NA,NA,NA,NA,Y,NA,A,01,0,0,1,0,0,0,0,0,0,-,-,NA,NA,LOS ANGELES,COMMERCE,-118.13886006,33.99803006
8316054,2016,2017-03-09,1900,2016-12-23,1745,547634,0245,5,5,3,1914,0,0,0,NA,0,27T,TELEGRAPH RD,GASPAR AV,200,E,N,A,-,N,NA,NA,NA,NA,NA,NA,NA,NA,NA,N,4,0,1,2,A,-,08,22107,NA,N,D,C,A,A,H,-,B,D,0,NA,NA,NA,NA,Y,NA,A,01,0,0,1,0,0,0,0,0,0,-,-,NA,NA,LOS ANGELES,COMMERCE,-118.15066912,34.00260142
8316057,2017,2017-03-14,1905,2017-01-13,1035,2019,345,5,5,4,1905,0,0,0,NA,0,061,S CITRUS AV,GLADSTONE ST,187,S,N,B,-,N,NA,NA,NA,NA,NA,NA,NA,NA,NA,Y,4,0,2,2,A,-,09,21801,A,N,D,C,A,A,H,-,A,D,0,NA,NA,NA,NA,Y,NA,D,22,0,0,2,0,0,0,0,0,0,-,-,34.11205,-117.89024,LOS ANGELES,AZUSA,-117.89021,34.11362736
8316078,2016,2017-03-23,1976,2016-12-21,1908,890,NA,3,5,3,1964,0,0,0,NA,0,NA,CARMENITA RD,RT 5,0,NA,Y,A,-,Y,LA,7,5,-,-,2.297,R,4,S,Y,4,0,1,2,D,-,00,NA,NA,N,D,C,A,A,H,-,C,A,0,NA,NA,NA,NA,Y,NA,-,-,0,0,1,0,0,0,0,0,0,-,SO,NA,NA,LOS ANGELES,SANTA FE SPRINGS,-118.04495599,33.89269185
8316081,2017,2017-08-04,1900,2017-02-09,1030,442391,0463,4,5,4,1936,0,0,0,NA,0,46T1,IMPERIAL HWY,OXFORD DR,380,W,N,A,-,N,NA,NA,NA,NA,NA,NA,NA,NA,NA,Y,4,0,1,1,A,-,08,22107,NA,N,E,I,A,A,H,-,A,D,0,NA,NA,NA,NA,Y,NA,A,01,0,0,1,0,0,0,0,0,0,-,-,NA,NA,LOS ANGELES,LA MIRADA,-118.0002397,33.91719
8316084,2017,2017-02-23,1941,2017-02-09,0813,10938,NA,4,5,7,1941,0,0,0,NA,0,NA,10TH ST,EUCLID AV,0,NA,Y,B,-,N,NA,NA,NA,NA,NA,NA,NA,NA,NA,N,4,0,1,3,A,-,09,21802,A,N,D,C,A,B,H,-,A,A,0,NA,NA,NA,NA,Y,NA,A,NA,0,0,1,0,0,0,0,0,0,-,-,NA,NA,LOS ANGELES,LONG BEACH,-118.14918012,33.77895005
8316088,2017,2017-02-23,1941,2017-02-06,0600,10547,NA,1,5,7,1941,0,0,0,NA,0,NA,MARKET ST,WALNUT AV,0,NA,Y,C,-,N,NA,NA,NA,NA,NA,NA,NA,NA,NA,Y,4,0,1,2,A,-,09,21801,A,N,D,C,A,B,H,-,B,D,0,NA,NA,NA,NA,Y,NA,A,NA,0,0,1,0,0,0,0,0,0,-,-,NA,NA,LOS ANGELES,LONG BEACH,-118.17348006,33.85438003
8316092,2017,2017-02-23,1941,2017-02-11,1638,10924,NA,6,5,7,1941,0,0,0,NA,0,NA,LONG BEACH BL,14TH ST,0,NA,Y,A,-,N,NA,NA,NA,NA,NA,NA,NA,NA,NA,N,3,0,1,2,A,-,08,22107,NA,F,G,B,A,A,H,-,A,A,0,NA,Y,NA,NA,Y,NA,-,-,0,1,0,0,0,0,1,0,0,-,-,NA,NA,LOS ANGELES,LONG BEACH,-118.18950001,33.78392007
8316096,2017,2017-02-23,1941,2017-02-10,1432,5741,NA,5,5,7,1941,0,0,0,NA,0,NA,WILLOW,BALTIC AV,0,NA,Y,B,-,N,NA,NA,NA,NA,NA,NA,NA,NA,NA,Y,4,0,1,2,A,-,01,23152,A,N,B,C,A,A,H,-,A,D,0,NA,NA,NA,NA,Y,Y,A,NA,0,0,1,0,0,0,0,0,0,-,-,NA,NA,LOS ANGELES,LONG BEACH,-118.21329004,33.80439001
8316100,2017,2017-02-23,1941,2017-02-09,1851,10538,NA,4,5,7,1941,0,0,0,NA,0,NA,SOUTH ST,ROSE AV,0,NA,Y,A,-,N,NA,NA,NA,NA,NA,NA,NA,NA,NA,Y,4,0,2,2,A,-,08,22107,NA,N,A,C,A,A,H,-,C,D,0,NA,NA,NA,NA,Y,NA,A,NA,0,0,2,0,0,0,0,0,0,-,-,NA,NA,LOS ANGELES,LONG BEACH,-118.17056013,33.86014003
8316102,2017,2017-02-24,1900,2017-02-08,1433,519502,0562,3,5,3,1968,0,0,0,NA,0,55T1PM,DURFEE AV,BARRINGER ST,13,S,N,A,-,N,NA,NA,NA,NA,NA,NA,NA,NA,NA,Y,4,0,4,4,A,-,03,22350,NA,N,C,C,A,A,H,-,A,A,0,NA,NA,NA,NA,Y,NA,A,01,0,0,4,0,0,0,0,0,0,-,-,NA,NA,LOS ANGELES,SOUTH EL MONTE,-118.02843062,34.04691508
8316104,2017,2017-02-23,1941,2017-02-07,1831,5870,NA,2,5,7,1941,0,0,0,NA,0,NA,OCEAN BL,JUNIPERO AV,0,NA,Y,B,C,N,NA,NA,NA,NA,NA,NA,NA,NA,NA,Y,3,0,3,3,A,-,09,21801,A,N,D,C,A,B,H,-,C,A,0,NA,NA,NA,NA,Y,NA,A,NA,0,2,1,0,0,0,0,0,0,-,-,NA,NA,LOS ANGELES,LONG BEACH,-118.16663013,33.76419009
8316106,2017,2017-02-24,1900,2017-02-10,1724,519502,0560,5,5,3,1968,0,0,0,NA,0,55T1PM,EDWARDS AV,FERN ST,630,S,N,C,-,N,NA,NA,NA,NA,NA,NA,NA,NA,NA,N,4,0,1,2,A,-,11,21954,A,N,G,B,D,B,H,-,C,D,0,Y,NA,NA,NA,Y,NA,N,60,0,0,1,0,1,0,0,0,0,-,-,NA,NA,LOS ANGELES,SOUTH EL MONTE,-118.04910388,34.05736263
8316108,2017,2017-02-23,1942,2017-02-07,1720,26319,1918,2,5,7,1942,0,0,0,NA,0,19TL74,FOOTHILL BL,HUBBARD ST,140,N,N,B,-,N,NA,NA,NA,NA,NA,NA,NA,NA,NA,N,4,0,2,3,A,-,03,22350,NA,N,B,G,A,B,H,-,B,D,0,NA,Y,NA,NA,Y,NA,L,04,0,0,2,0,0,0,1,0,0,-,-,NA,NA,LOS ANGELES,LOS ANGELES,-118.43061819,34.3077121
8316112,2017,2017-02-23,1942,2017-02-08,1535,33696,1745,3,5,7,1942,0,0,0,Q,0,17X22,BALBOA BL,SAN JOSE ST,0,NA,Y,A,-,N,NA,NA,NA,NA,NA,NA,NA,NA,NA,Y,4,0,1,2,A,-,09,21801,A,N,B,C,A,A,H,-,A,A,0,NA,NA,NA,NA,Y,NA,-,NA,0,0,1,0,0,0,0,0,0,-,-,NA,NA,LOS ANGELES,LOS ANGELES,-118.50229013,34.26115005
8316114,2017,2017-02-24,1942,2017-02-11,2240,31652,1089,6,5,7,1942,0,0,0,J,0,19T73,VENTURA BL,SHERMAN OAKS AV,85,W,N,B,-,N,NA,NA,NA,NA,NA,NA,NA,NA,NA,Y,4,0,1,2,A,-,01,23152,A,N,C,C,A,A,H,-,C,A,0,NA,NA,NA,NA,Y,Y,A,01,0,0,1,0,0,0,0,0,0,-,-,NA,NA,LOS ANGELES,LOS ANGELES,-118.46923498,34.15431583
8316116,2017,2017-02-23,1942,2017-02-12,1115,37080,1998,7,5,7,1942,0,0,0,NA,0,15TL45,HAZELTINE AV,STAGG ST,30,N,N,A,-,N,NA,NA,NA,NA,NA,NA,NA,NA,NA,N,4,0,1,3,A,-,03,22350,NA,F,B,C,A,A,H,-,A,D,0,NA,NA,NA,NA,Y,NA,-,99,0,0,1,0,0,0,0,0,0,-,-,NA,NA,LOS ANGELES,LOS ANGELES,-118.43904959,34.21242229
8316118,2017,2017-02-24,1942,2017-02-12,2150,40291,1012,7,5,7,1942,0,0,0,J,0,10T37,SATICOY ST,WILBUR AV,0,NA,Y,A,-,N,NA,NA,NA,NA,NA,NA,NA,NA,NA,Y,4,0,3,3,A,-,01,23152,A,F,D,C,A,A,H,-,C,A,0,NA,NA,NA,NA,Y,Y,A,01,0,0,3,0,0,0,0,0,0,-,-,NA,NA,LOS ANGELES,LOS ANGELES,-118.5447801,34.20836003