CASE_ID,ACCIDENT_YEAR,PROC_DATE,JURIS,COLLISION_DATE,COLLISION_TIME,OFFICER_ID,REPORTING_DISTRICT,DAY_OF_WEEK,CHP_SHIFT,POPULATION,CNTY_CITY_LOC,SPECIAL_COND,BEAT_TYPE,CHP_BEAT_TYPE,CITY_DIVISION_LAPD,CHP_BEAT_CLASS,BEAT_NUMBER,PRIMARY_RD,SECONDARY_RD,DISTANCE,DIRECTION,INTERSECTION,WEATHER_1,WEATHER_2,STATE_HWY_IND,CALTRANS_COUNTY,CALTRANS_DISTRICT,STATE_ROUTE,ROUTE_SUFFIX,POSTMILE_PREFIX,POSTMILE,LOCATION_TYPE,RAMP_INTERSECTION,SIDE_OF_HWY,TOW_AWAY,COLLISION_SEVERITY,NUMBER_KILLED,NUMBER_INJURED,PARTY_COUNT,PRIMARY_COLL_FACTOR,PCF_CODE_OF_VIOL,PCF_VIOL_CATEGORY,PCF_VIOLATION,PCF_VIOL_SUBSECTION,HIT_AND_RUN,TYPE_OF_COLLISION,MVIW,PED_ACTION,ROAD_SURFACE,ROAD_COND_1,ROAD_COND_2,LIGHTING,CONTROL_DEVICE,CHP_ROAD_TYPE,PEDESTRIAN_ACCIDENT,BICYCLE_ACCIDENT,MOTORCYCLE_ACCIDENT,TRUCK_ACCIDENT,NOT_PRIVATE_PROPERTY,ALCOHOL_INVOLVED,STWD_VEHTYPE_AT_FAULT,CHP_VEHTYPE_AT_FAULT,COUNT_SEVERE_INJ,COUNT_VISIBLE_INJ,COUNT_COMPLAINT_PAIN,COUNT_PED_KILLED,COUNT_PED_INJURED,COUNT_BICYCLIST_KILLED,COUNT_BICYCLIST_INJURED,COUNT_MC_KILLED,COUNT_MC_INJURED,PRIMARY_RAMP,SECONDARY_RAMP,LATITUDE,LONGITUDE,COUNTY,CITY,POINT_X,POINT_Y
8316670,2017,2017-03-08,1942,2017-02-13,1820,37724,1263,1,5,7,1942,0,0,0,L,0,3T57,WESTERN AV,85TH ST,50,S,N,A,-,N,NA,NA,NA,NA,NA,NA,NA,NA,NA,Y,4,0,1,3,A,-,08,22107,NA,F,B,C,A,A,H,-,C,A,0,NA,NA,NA,NA,Y,NA,-,99,0,0,1,0,0,0,0,0,0,-,-,NA,NA,LOS ANGELES,LOS ANGELES,-118.309026,33.960745
8316671,2017,2017-03-06,1926,2017-02-15,2019,0028,NA,3,5,5,1926,0,0,0,NA,0,002,BARRANCA AV,GLADSTONE ST,0,NA,Y,A,-,N,NA,NA,NA,NA,NA,NA,NA,NA,NA,Y,4,0,2,2,A,-,01,23152,E,N,D,C,A,A,H,-,C,A,0,NA,NA,NA,NA,Y,Y,A,07,0,0,2,0,0,0,0,0,0,-,-,NA,NA,LOS ANGELES,GLENDORA,-117.88146003,34.11407005
8316673,2017,2017-03-08,1942,2017-02-12,1950,41927,0506,7,5,7,1942,0,0,0,E,0,25ELI,CARSON ST,HALLDALE AV,200,E,N,A,-,N,NA,NA,NA,NA,NA,NA,NA,NA,NA,Y,4,0,1,2,A,-,03,22350,NA,N,C,C,A,A,H,-,C,A,0,NA,NA,NA,NA,Y,NA,A,07,0,0,1,0,0,0,0,0,0,-,-,NA,NA,LOS ANGELES,LOS ANGELES,-118.30099272,33.83153
8316674,2017,2017-03-08,1942,2017-02-18,1950,40415,1231,6,5,7,1942,0,0,0,L,0,12T41,SLAUSON AV,ANGELES VISTA BL,0,NA,Y,A,-,N,NA,NA,NA,NA,NA,NA,NA,NA,NA,Y,4,0,1,2,A,-,09,21801,A,N,D,C,A,A,H,-,C,A,0,NA,NA,NA,NA,Y,NA,A,01,0,0,1,0,0,0,0,0,0,-,-,NA,NA,LOS ANGELES,LOS ANGELES,-118.35178013,33.98887004
8316677,2017,2017-03-08,1942,2017-02-12,1515,41704,1849,7,5,7,1942,0,0,0,R,0,12T73,111TH ST,WILMINGTON,0,NA,Y,A,-,N,NA,NA,NA,NA,NA,NA,NA,NA,NA,N,4,0,1,2,A,-,03,22350,NA,N,D,C,A,A,H,-,A,D,0,NA,NA,NA,NA,Y,NA,A,01,0,0,1,0,0,0,0,0,0,-,-,NA,NA,LOS ANGELES,LOS ANGELES,-118.23904008,33.93429011
8316678,2017,2017-03-08,1942,2017-02-18,2145,41914,1273,6,5,7,1942,0,0,0,L,0,12T41,NORMANDIE AV,89TH ST,20,S,N,A,-,N,NA,NA,NA,NA,NA,NA,NA,NA,NA,N,4,0,2,2,A,-,04,21703,NA,F,C,C,A,A,H,-,C,A,0,NA,NA,NA,NA,Y,NA,-,99,0,0,2,0,0,0,0,0,0,-,-,NA,NA,LOS ANGELES,LOS ANGELES,-118.30026,33.95658515
8316681,2017,2017-03-08,1942,2017-02-13,1015,42498,1834,1,5,7,1942,0,0,0,R,0,18A63,AVALON BL,10TH ST,0,NA,Y,A,-,N,NA,NA,NA,NA,NA,NA,NA,NA,NA,N,3,0,2,2,A,-,09,21801,A,N,B,C,A,A,H,-,A,A,0,NA,NA,NA,NA,Y,NA,A,01,0,1,1,0,0,0,0,0,0,-,-,NA,NA,LOS ANGELES,LOS ANGELES,-118.26520005,33.93564011
8316682,2017,2017-04-04,1942,2017-02-18,1810,40653,1268,6,5,7,1942,0,0,0,L,0,5TL25,84TH ST,MAIN ST,250,W,N,A,-,N,NA,NA,NA,NA,NA,NA,NA,NA,NA,N,4,0,1,3,A,-,11,21954,A,N,G,B,D,A,H,-,D,D,0,Y,NA,NA,NA,Y,NA,N,60,0,0,1,0,1,0,0,0,0,-,-,NA,NA,LOS ANGELES,LOS ANGELES,-118.27470279,33.96324836
8316685,2017,2017-03-08,1942,2017-02-03,2200,40415,2,5,5,7,1942,0,0,0,NA,0,001,PACIFIC COAST HWY,BELLE PORTE AV,114,E,N,B,-,N,NA,NA,NA,NA,NA,NA,NA,NA,NA,N,4,0,1,2,A,-,03,22350,NA,F,C,C,A,A,H,-,C,D,0,NA,NA,NA,NA,Y,NA,-,99,0,0,1,0,0,0,0,0,0,-,-,NA,NA,LOS ANGELES,LOS ANGELES,-118.30082562,33.78944681
8316686,2017,2017-03-08,1942,2017-02-17,1450,40869,1253,5,5,7,1942,0,0,0,L,0,18T23,FLORENCE AV,LA SALLE AV,60,W,N,C,-,N,NA,NA,NA,NA,NA,NA,NA,NA,NA,N,4,0,1,2,A,-,07,21658,A,F,G,B,-,B,H,-,A,A,0,Y,NA,NA,NA,Y,NA,A,01,0,0,1,0,1,0,0,0,0,-,-,NA,NA,LOS ANGELES,LOS ANGELES,-118.30590752,33.97457
8316690,2017,2017-03-08,1942,2017-02-02,1520,41439,1249,4,5,7,1942,0,0,0,L,0,5TL21,FIGUEROA ST,FLORENCE AV,30,N,N,A,-,N,NA,NA,NA,NA,NA,NA,NA,NA,NA,Y,4,0,1,2,A,-,09,21804,A,N,C,C,A,A,H,-,A,D,0,NA,NA,NA,NA,Y,NA,A,01,0,0,1,0,0,0,0,0,0,-,-,NA,NA,LOS ANGELES,LOS ANGELES,-118.2827,33.97474228
8316691,2017,2017-03-06,1926,2017-02-16,0604,0087,GPD,4,5,5,1926,0,0,0,NA,0,001,GRAND,BENNETT,0,NA,Y,A,-,N,NA,NA,NA,NA,NA,NA,NA,NA,NA,Y,4,0,1,2,A,-,12,21453,A,N,D,C,A,A,H,-,B,A,0,NA,NA,NA,NA,Y,NA,A,01,0,0,1,0,0,0,0,0,0,-,-,NA,NA,LOS ANGELES,GLENDORA,-117.87265013,34.13963009
8316692,2017,2017-03-06,1942,2017-02-16,2345,38354,1003,4,5,7,1942,0,0,0,J,0,17T17,CORBIN AV,SATICOY ST,0,S,N,B,-,N,NA,NA,NA,NA,NA,NA,NA,NA,NA,Y,3,0,2,4,A,-,01,23152,A,N,B,E,A,B,H,-,C,A,0,NA,NA,NA,NA,Y,Y,A,01,0,2,0,0,0,0,0,0,0,-,-,NA,NA,LOS ANGELES,LOS ANGELES,-118.56227002,34.20834008
8316693,2017,2017-03-08,1942,2017-02-09,0650,38503,1801,4,5,7,1942,0,0,0,R,0,3T5,MANCHESTER AV,FIGUEROA ST,0,NA,Y,A,-,N,NA,NA,NA,NA,NA,NA,NA,NA,NA,Y,4,0,1,2,A,-,09,21801,A,F,D,C,A,A,H,-,A,A,0,NA,NA,NA,NA,Y,NA,-,99,0,0,1,0,0,0,0,0,0,-,-,NA,NA,LOS ANGELES,LOS ANGELES,-118.28273006,33.96006004
8316694,2017,2017-03-08,1942,2017-02-13,1100,31462,1258,1,5,7,1942,0,0,0,L,0,25MQ37,BROADWAY,FLORENCE AV,150,S,N,A,-,N,NA,NA,NA,NA,NA,NA,NA,NA,NA,N,4,0,1,2,A,-,11,21954,A,N,A,B,-,A,H,-,A,D,0,Y,NA,NA,NA,Y,NA,N,60,0,0,1,0,1,0,0,0,0,-,-,NA,NA,LOS ANGELES,LOS ANGELES,-118.27832252,33.97424867
8316696,2017,2017-03-06,1942,2017-02-16,1005,34561,1075,4,5,7,1942,0,0,0,J,0,9TL59,VENTURA BL,AVENIDA ORIENTE,0,NA,Y,B,-,N,NA,NA,NA,NA,NA,NA,NA,NA,NA,Y,4,0,1,2,A,-,08,22100,A,N,C,I,A,A,H,-,A,D,0,NA,NA,NA,NA,Y,NA,A,01,0,0,1,0,0,0,0,0,0,-,-,NA,NA,LOS ANGELES,LOS ANGELES,-118.53169002,34.1670001
8316697,2017,2017-03-08,1942,2017-02-08,1340,40762,1824,3,5,7,1942,0,0,0,R,0,25EL1,CENTURY BL,WADSWORTH AV,0,NA,Y,A,-,N,NA,NA,NA,NA,NA,NA,NA,NA,NA,Y,4,0,1,2,A,-,05,21651,NA,F,C,C,A,A,H,-,A,A,0,NA,NA,NA,NA,Y,NA,-,99,0,0,1,0,0,0,0,0,0,-,-,NA,NA,LOS ANGELES,LOS ANGELES,-118.25869,33.94566007
8316698,2017,2017-03-08,1942,2017-02-10,1035,31288,1245,5,5,7,1942,0,0,0,L,0,12T41,GAGE AV,RAYMOND AV,0,NA,Y,B,-,N,NA,NA,NA,NA,NA,NA,NA,NA,NA,Y,3,0,2,2,A,-,09,21801,A,N,D,C,A,A,H,-,A,D,0,NA,NA,NA,NA,Y,NA,A,01,0,1,1,0,0,0,0,0,0,-,-,NA,NA,LOS ANGELES,LOS ANGELES,-118.29807005,33.98234008
8316702,2017,2017-03-08,1942,2017-02-12,0655,40237,1269,7,5,7,1942,0,0,0,L,0,3TL5,MANCHESTER AV,AVALON BL,0,NA,Y,A,-,N,NA,NA,NA,NA,NA,NA,NA,NA,NA,Y,4,0,2,2,A,-,12,21453,A,N,D,D,A,A,H,-,A,A,0,NA,NA,NA,NA,Y,NA,-,-,0,0,2,0,0,0,0,0,0,-,-,NA,NA,LOS ANGELES,LOS ANGELES,-118.26513003,33.96013012
8316706,2017,2017-03-08,1942,2017-02-12,0730,40237,1243,7,5,7,1942,0,0,0,L,0,3TL5,WESTERN AV,67TH ST,95,N,N,A,-,N,NA,NA,NA,NA,NA,NA,NA,NA,NA,N,4,0,1,2,A,-,07,21658,A,F,B,C,A,A,H,-,A,A,0,NA,NA,NA,NA,Y,NA,-,99,0,0,1,0,0,0,0,0,0,-,-,NA,NA,LOS ANGELES,LOS ANGELES,-118.308967,33.978743
8316710,2017,2017-03-08,1942,2017-02-10,1755,37724,1253,5,5,7,1942,0,0,0,L,0,12T73,FLORENCE AV,SAINT ANDREWS PL,150,E,N,A,-,N,NA,NA,NA,NA,NA,NA,NA,NA,NA,Y,3,0,3,2,A,-,09,21801,A,N,D,C,A,A,H,-,A,D,0,NA,NA,NA,NA,Y,NA,A,01,0,1,2,0,0,0,0,0,0,-,-,NA,NA,LOS ANGELES,LOS ANGELES,-118.31069621,33.97457
8316714,2017,2017-03-08,1942,2017-02-10,0635,31288,1243,5,5,7,1942,0,0,0,L,0,12T41,VAN NESS AV,70TH ST,20,N,N,A,-,N,NA,NA,NA,NA,NA,NA,NA,NA,NA,Y,4,0,1,2,A,-,09,21802,A,N,D,C,A,A,H,-,A,D,0,NA,NA,NA,NA,Y,NA,A,08,0,0,1,0,0,0,0,0,0,-,-,NA,NA,LOS ANGELES,LOS ANGELES,-118.31775,33.97643485
8316716,2017,2017-03-09,1942,2017-02-14,1130,30452,1587,2,5,7,1942,0,0,0,O,0,9TL53,LANKERSHIM BL,UNIVERSAL HOLLYWOOD DR,200,S,N,A,-,N,NA,NA,NA,NA,NA,NA,NA,NA,NA,N,4,0,1,3,A,-,00,20015,NA,N,C,C,A,A,H,-,A,D,0,NA,NA,NA,NA,Y,NA,-,-,0,0,1,0,0,0,0,0,0,-,-,NA,NA,LOS ANGELES,LOS ANGELES,-118.36246093,34.13849368
8316718,2017,2017-03-08,1942,2017-02-10,0630,31288,12T73,5,5,7,1942,0,0,0,L,0,1273,MANCHESTER AV,WESTERN AV,150,E,N,A,-,N,NA,NA,NA,NA,NA,NA,NA,NA,NA,N,4,0,1,2,A,-,06,21754,NA,N,B,C,A,A,H,-,A,D,0,NA,NA,NA,NA,Y,NA,A,01,0,0,1,0,0,0,0,0,0,-,-,NA,NA,LOS ANGELES,LOS ANGELES,-118.30851629,33.95997
8316720,2017,2017-03-06,1942,2017-02-15,0730,40141,1012,3,5,7,1942,0,0,0,J,0,10TL39,RESEDA BL,SATICOY ST,235,S,N,A,-,N,NA,NA,NA,NA,NA,NA,NA,NA,NA,Y,4,0,1,2,A,-,08,22107,NA,N,D,C,A,A,H,-,A,D,0,NA,NA,NA,NA,Y,NA,A,01,0,0,1,0,0,0,0,0,0,-,-,NA,NA,LOS ANGELES,LOS ANGELES,-118.53606,34.20776543
8316724,2017,2017-03-06,1926,2017-01-14,0419,0048,GPD,6,5,5,1926,0,0,0,NA,0,003,SIERRA MADRE AV,GLENDORA MOUNTAIN RD,62,W,N,A,-,N,NA,NA,NA,NA,NA,NA,NA,NA,NA,Y,4,0,1,1,A,-,03,22350,NA,N,B,I,A,A,H,-,C,A,0,NA,NA,NA,NA,Y,Y,-,NA,0,0,1,0,0,0,0,0,0,-,-,NA,NA,LOS ANGELES,GLENDORA,-117.83814441,34.14700834
8316740,2017,2017-03-06,1928,2017-01-30,1443,239,503,1,5,5,1928,0,0,0,NA,0,517,132ND ST,KORNBLUM AV,130,W,N,A,-,N,NA,NA,NA,NA,NA,NA,NA,NA,NA,N,2,0,1,2,A,-,11,21954,A,N,G,B,D,A,H,-,A,D,0,Y,NA,NA,NA,Y,NA,N,60,1,0,0,0,1,0,0,0,0,-,-,NA,NA,LOS ANGELES,HAWTHORNE,-118.33781763,33.91280628
8316760,2017,2018-02-15,1942,2017-01-28,0010,36023,1822,6,5,7,1942,0,0,0,R,0,18A17,CENTURY BL,OLIVE ST,0,NA,Y,A,-,Y,LA,7,110,-,-,15.16,R,4,N,N,3,0,2,2,A,-,12,21453,A,N,D,C,A,A,H,-,C,A,0,NA,NA,NA,NA,Y,NA,-,-,0,1,1,0,0,0,0,0,0,-,-,NA,NA,LOS ANGELES,LOS ANGELES,-118.27940039,33.94835043
8316761,2017,2017-03-13,1942,2017-02-19,1850,36733,1958,7,5,7,1942,0,0,0,NA,0,16T25,LASSEN ST,NATICK AV,150,E,N,C,-,N,NA,NA,NA,NA,NA,NA,NA,NA,NA,N,3,0,1,3,A,-,03,22350,NA,N,C,E,A,B,H,-,C,D,0,NA,NA,NA,NA,Y,NA,D,22,0,1,0,0,0,0,0,0,0,-,-,NA,NA,LOS ANGELES,LOS ANGELES,-118.45188624,34.24992
8316764,2017,2017-08-04,1942,2017-01-10,1650,41704,7841,2,5,7,1942,0,0,0,NA,0,12T73,IMPERIAL HWY,VERMONT AV,20,N,N,A,-,N,NA,NA,NA,NA,NA,NA,NA,NA,NA,N,4,0,1,2,A,-,09,21804,A,F,D,C,A,A,H,-,B,D,0,NA,NA,NA,NA,Y,NA,-,99,0,0,1,0,0,0,0,0,0,-,-,NA,NA,LOS ANGELES,LOS ANGELES,-118.29161,33.93098
8316786,2017,2017-03-02,1900,2017-02-15,1940,434613,292,3,5,5,1990,0,0,0,NA,0,292K3,CARPIO DR,ARMITOS PL,27,S,N,A,-,N,NA,NA,NA,NA,NA,NA,NA,NA,NA,Y,3,0,1,2,A,-,12,22450,A,N,B,C,A,A,H,-,C,D,0,NA,NA,NA,NA,Y,NA,D,22,0,1,0,0,0,0,0,0,0,-,-,NA,NA,LOS ANGELES,DIAMOND BAR,-117.7956743,34.02569222
8316923,2017,2017-03-02,1900,2017-02-16,0800,409037,2927,4,5,5,1990,0,0,0,NA,0,292K3,BREA CANYON RD,DIAMOND BAR BL,148,N,N,A,-,N,NA,NA,NA,NA,NA,NA,NA,NA,NA,Y,4,0,1,2,A,-,03,22350,A,N,C,C,A,A,H,-,A,D,0,NA,NA,NA,NA,Y,NA,A,01,0,0,1,0,0,0,0,0,0,-,-,NA,NA,LOS ANGELES,DIAMOND BAR,-117.8470579,33.96818912
8316927,2017,2017-03-02,1900,2017-02-11,0235,519544,2917,6,5,4,1974,0,0,0,NA,0,291K2,SOUTH NOGALES ST,SUTTER CREEK DR,372,NA,N,C,-,N,NA,NA,NA,NA,NA,NA,NA,NA,NA,Y,4,0,1,1,A,-,08,22107,NA,N,E,I,A,B,H,-,C,D,0,NA,NA,NA,NA,Y,NA,-,-,0,0,1,0,0,0,0,0,0,-,-,NA,NA,LOS ANGELES,WALNUT,-117.89277007,34.02326007
8316931,2017,2017-03-03,1900,2017-02-08,1903,279901,2923,3,5,5,1990,0,0,0,NA,0,292K1,GRAND AV,SHOTGUN LN,25,S,N,A,-,N,NA,NA,NA,NA,NA,NA,NA,NA,NA,N,4,0,1,2,A,-,03,22350,NA,N,-,C,A,A,H,-,C,A,0,NA,NA,Y,NA,Y,NA,C,02,0,0,1,0,0,0,0,0,1,-,-,NA,NA,LOS ANGELES,DIAMOND BAR,-117.79998973,33.99627495
8316935,2017,2017-03-02,1900,2017-02-14,2230,525033,0243,2,5,3,1914,0,0,0,NA,0,2TT,EVERINGTON ST,ATLANTIC BL,168,W,N,A,-,N,NA,NA,NA,NA,NA,NA,NA,NA,NA,Y,4,0,2,2,A,-,08,22107,NA,N,A,E,A,A,H,-,C,D,0,NA,NA,NA,NA,Y,NA,A,01,0,0,2,0,0,0,0,0,0,-,-,NA,NA,LOS ANGELES,COMMERCE,-118.16199400000001,34.007504
8316939,2017,2017-03-02,1900,2017-02-13,0820,281409,2917,1,5,4,1974,0,0,0,NA,0,291K2,CREEKSIDE  DR,SAN NICOLAS DR,75,N,N,A,-,N,NA,NA,NA,NA,NA,NA,NA,NA,NA,Y,4,0,1,1,A,-,03,22350,NA,N,E,I,A,A,H,-,A,D,0,NA,NA,NA,NA,Y,NA,A,07,0,0,1,0,0,0,0,0,0,-,-,NA,NA,LOS ANGELES,WALNUT,-117.87611,34.0262
8316943,2017,2017-03-03,1900,2017-02-13,1155,525409,2921,1,5,5,1990,0,0,0,NA,0,292K5,SOUTH PALO CEDRO DR,CASETAS DR,81,N,N,A,-,N,NA,NA,NA,NA,NA,NA,NA,NA,NA,N,4,0,1,2,A,-,21,22106,NA,N,B,C,A,A,H,-,A,D,0,NA,NA,NA,NA,Y,NA,A,07,0,0,1,0,0,0,0,0,0,-,-,NA,NA,LOS ANGELES,DIAMOND BAR,-117.81974,34.01930204
8316947,2017,2017-03-07,1900,2017-02-06,0925,525409,2923,1,5,5,1990,0,0,0,NA,0,292K5,GRAND AV,GLEGHORN DR,119,N,N,B,C,N,NA,NA,NA,NA,NA,NA,NA,NA,NA,Y,4,0,2,5,A,-,03,22350,NA,N,C,C,A,B,H,-,A,D,0,NA,NA,NA,NA,Y,NA,A,07,0,0,2,0,0,0,0,0,0,-,-,NA,NA,LOS ANGELES,DIAMOND BAR,-117.809144,34.000278
8316962,2016,2017-03-01,1924,2016-11-17,0908,115373,11,4,5,5,1924,0,0,0,NA,0,002,VERMONT AV,135TH ST,0,NA,Y,A,-,N,NA,NA,NA,NA,NA,NA,NA,NA,NA,Y,4,0,2,2,A,-,09,21801,A,N,D,C,A,A,H,-,A,A,0,NA,NA,NA,NA,Y,NA,A,01,0,0,2,0,0,0,0,0,0,-,-,33.90916,-118.29176,LOS ANGELES,GARDENA,-118.29190001,33.90915001
8316964,2017,2017-03-02,1942,2017-02-20,0950,34561,1985,1,5,7,1942,0,0,0,NA,0,9TL59,TOBIAS AV,RAYEN ST,385,S,N,C,-,N,NA,NA,NA,NA,NA,NA,NA,NA,NA,N,4,0,1,3,A,-,09,21804,A,N,D,C,A,B,H,-,A,D,0,NA,NA,NA,NA,Y,NA,A,08,0,0,1,0,0,0,0,0,0,-,-,NA,NA,LOS ANGELES,LOS ANGELES,-118.45168,34.23071398
8316966,2016,2017-03-01,1924,2016-11-20,1326,114642,31,7,5,5,1924,0,0,0,NA,0,8L31D,REDONDO BEACH BL,VAN NESS AV,78,E,N,C,-,N,NA,NA,NA,NA,NA,NA,NA,NA,NA,Y,4,0,1,2,A,-,08,22107,NA,N,A,C,A,B,H,-,A,A,0,NA,NA,NA,NA,Y,NA,A,01,0,0,1,0,0,0,0,0,0,-,-,33.8857,-118.31783,LOS ANGELES,GARDENA,-118.31762027,33.8857761
8316968,2017,2017-03-02,1942,2017-02-21,0810,34420,1989,2,5,7,1942,0,0,0,NA,0,16TL27,ROSCOE BL,CANTERBURY AV,500,W,N,B,-,N,NA,NA,NA,NA,NA,NA,NA,NA,NA,Y,4,0,2,2,A,-,03,22350,NA,N,C,C,A,A,H,-,A,D,0,NA,NA,NA,NA,Y,NA,A,01,0,0,2,0,0,0,0,0,0,-,-,NA,NA,LOS ANGELES,LOS ANGELES,-118.41896096,34.22168
8316970,2016,2017-03-01,1924,2016-11-11,1528,115373,32,5,5,5,1924,0,0,0,NA,0,003,WESTERN AV,154TH PL,266,S,N,A,-,N,NA,NA,NA,NA,NA,NA,NA,NA,NA,N,4,0,1,2,A,-,07,21658,A,N,D,C,A,A,H,-,A,D,0,NA,NA,NA,NA,Y,NA,A,01,0,0,1,0,0,0,0,0,0,-,-,33.89104,-118.30913,LOS ANGELES,GARDENA,-118.3091576,33.89027048
8316972,2017,2017-03-03,1942,2017-02-20,1330,33534,1985,1,5,7,1942,0,0,0,NA,0,16TL22,VAN NUYS BL,PARTHENIA ST,200,N,N,B,-,N,NA,NA,NA,NA,NA,NA,NA,NA,NA,Y,4,0,1,5,C,-,18,NA,NA,N,B,C,A,A,H,-,A,D,0,NA,NA,NA,NA,Y,NA,-,-,0,0,1,0,0,0,0,0,0,-,-,NA,NA,LOS ANGELES,LOS ANGELES,-118.45024,34.22936848
8316974,2016,2017-03-01,1924,2016-11-14,1822,112602,46,1,5,5,1924,0,0,0,NA,0,8T2,BUDLONG PL,155TH ST,20,S,N,A,-,N,NA,NA,NA,NA,NA,NA,NA,NA,NA,N,3,0,1,2,A,-,10,21950,A,N,G,B,B,A,H,-,C,D,0,Y,NA,NA,NA,Y,NA,A,07,0,1,0,0,1,0,0,0,0,-,-,33.89999,-118.29542,LOS ANGELES,GARDENA,-118.29552799,33.89048517
8316976,2017,2017-03-03,1942,2017-02-21,2045,40291,1764,2,5,7,1942,0,0,0,Q,0,15T43,DEVONSHIRE ST,TUNNEY AV,0,NA,Y,A,-,N,NA,NA,NA,NA,NA,NA,NA,NA,NA,Y,4,0,2,3,A,-,09,21801,A,N,A,C,A,A,H,-,C,D,0,NA,NA,NA,NA,Y,NA,A,01,0,0,2,0,0,0,0,0,0,-,-,NA,NA,LOS ANGELES,LOS ANGELES,-118.55791004,34.25725004
8316978,2016,2017-03-01,1924,2016-11-16,1452,117537,4,3,5,5,1924,0,0,0,NA,0,8L2D,EL SEGUNDO BL,CIMARRON AV,106,W,N,A,-,N,NA,NA,NA,NA,NA,NA,NA,NA,NA,Y,2,0,1,3,B,-,22,NA,NA,N,E,E,A,A,H,-,A,D,0,NA,NA,NA,NA,Y,NA,A,01,1,0,0,0,0,0,0,0,0,-,-,33.91642,-118.315,LOS ANGELES,GARDENA,-118.31538871,33.91646
8316982,2016,2017-03-01,1924,2016-11-16,1121,111229,G3,3,5,5,1924,0,0,0,NA,0,8L1D,EL SEGUNDO BL,NORMANDIE AV,0,NA,Y,A,-,N,NA,NA,NA,NA,NA,NA,NA,NA,NA,Y,3,0,1,2,A,-,03,22350,NA,N,D,C,A,A,H,-,A,A,0,NA,NA,Y,NA,Y,NA,C,02,0,1,0,0,0,0,0,0,1,-,-,33.91644,-118.30039,LOS ANGELES,GARDENA,-118.30039009,33.91643006
8316984,2017,2017-03-02,1942,2017-02-15,1425,42514,1925,3,5,7,1942,0,0,0,NA,0,19A6,DYER ST,NORRIS,22,S,N,A,-,N,NA,NA,NA,NA,NA,NA,NA,NA,NA,N,3,0,1,2,A,-,05,21650,NA,N,G,B,D,A,H,-,A,D,0,Y,NA,NA,NA,Y,NA,-,NA,0,1,0,0,1,0,0,0,0,-,-,NA,NA,LOS ANGELES,LOS ANGELES,-118.44895485,34.29951251
8316986,2016,2017-03-01,1924,2016-11-16,1419,115373,37,3,5,5,1924,0,0,0,NA,0,005,WESTERN AV,GARDENA BL,0,NA,Y,A,-,N,NA,NA,NA,NA,NA,NA,NA,NA,NA,Y,4,0,4,2,A,-,09,21801,A,N,A,C,A,A,H,-,A,A,0,NA,NA,NA,NA,Y,NA,A,01,0,0,4,0,0,0,0,0,0,-,-,33.88193,-118.30913,LOS ANGELES,GARDENA,-118.3091501,33.88195001
8316988,2017,2017-03-02,1942,2017-02-21,1440,40165,1745,2,5,7,1942,0,0,0,Q,0,21T64,BALBOA BL,SAN JOSE ST,0,NA,Y,B,-,N,NA,NA,NA,NA,NA,NA,NA,NA,NA,N,3,0,4,2,A,-,12,21453,A,N,D,C,A,A,H,-,A,A,0,NA,NA,NA,NA,Y,NA,A,07,0,1,3,0,0,0,0,0,0,-,-,NA,NA,LOS ANGELES,LOS ANGELES,-118.50229013,34.26115005
8316990,2016,2017-03-01,1924,2016-11-20,1334,111229,G14,7,5,5,1924,0,0,0,NA,0,8L1D,135TH ST,BUDLONG AV,270,W,N,B,-,N,NA,NA,NA,NA,NA,NA,NA,NA,NA,Y,3,0,1,1,A,-,03,22350,NA,N,E,I,A,B,H,-,A,D,0,NA,NA,NA,NA,Y,NA,A,01,0,1,0,0,0,0,0,0,0,-,-,33.90916,-118.29639,LOS ANGELES,GARDENA,-118.29730813,33.90916
8316994,2016,2017-03-01,1924,2016-11-22,1505,111894,19,2,5,5,1924,0,0,0,NA,0,004,VERMONT AV,146TH ST,0,NA,Y,A,-,N,NA,NA,NA,NA,NA,NA,NA,NA,NA,Y,4,0,2,2,A,-,08,22100,B,N,D,C,A,A,H,-,A,D,0,NA,NA,Y,NA,Y,NA,A,07,0,0,2,0,0,0,0,0,1,-,-,33.89969,-118.29177,LOS ANGELES,GARDENA,-118.29196013,33.89969008
8316996,2017,2017-04-12,1942,2017-02-15,1920,42571,1967,3,5,7,1942,0,0,0,NA,0,16A77,OSBORNE,SNOWDE,0,NA,-,A,-,N,NA,NA,NA,NA,NA,NA,NA,NA,NA,N,4,0,1,2,A,-,08,22107,NA,F,B,C,A,A,H,-,C,A,0,NA,NA,NA,NA,Y,NA,-,99,0,0,1,0,0,0,0,0,0,-,-,NA,NA,LOS ANGELES,LOS ANGELES,-118.43732,34.23387
8316999,2017,2017-03-02,1900,2017-01-17,0810,507510,0244,2,5,3,1914,0,0,0,NA,0,27T1,JARDINE ST,ATLANTIC BL,0,NA,Y,A,-,N,NA,NA,NA,NA,NA,NA,NA,NA,NA,N,3,0,1,2,A,-,-,NA,NA,M,G,B,B,A,H,-,A,A,0,Y,NA,NA,NA,Y,NA,-,NA,0,1,0,0,1,0,0,0,0,-,-,NA,NA,LOS ANGELES,COMMERCE,-118.16499006,34.00490002