CASE_ID,ACCIDENT_YEAR,PROC_DATE,JURIS,COLLISION_DATE,COLLISION_TIME,OFFICER_ID,REPORTING_DISTRICT,DAY_OF_WEEK,CHP_SHIFT,POPULATION,CNTY_CITY_LOC,SPECIAL_COND,BEAT_TYPE,CHP_BEAT_TYPE,CITY_DIVISION_LAPD,CHP_BEAT_CLASS,BEAT_NUMBER,PRIMARY_RD,SECONDARY_RD,DISTANCE,DIRECTION,INTERSECTION,WEATHER_1,WEATHER_2,STATE_HWY_IND,CALTRANS_COUNTY,CALTRANS_DISTRICT,STATE_ROUTE,ROUTE_SUFFIX,POSTMILE_PREFIX,POSTMILE,LOCATION_TYPE,RAMP_INTERSECTION,SIDE_OF_HWY,TOW_AWAY,COLLISION_SEVERITY,NUMBER_KILLED,NUMBER_INJURED,PARTY_COUNT,PRIMARY_COLL_FACTOR,PCF_CODE_OF_VIOL,PCF_VIOL_CATEGORY,PCF_VIOLATION,PCF_VIOL_SUBSECTION,HIT_AND_RUN,TYPE_OF_COLLISION,MVIW,PED_ACTION,ROAD_SURFACE,ROAD_COND_1,ROAD_COND_2,LIGHTING,CONTROL_DEVICE,CHP_ROAD_TYPE,PEDESTRIAN_ACCIDENT,BICYCLE_ACCIDENT,MOTORCYCLE_ACCIDENT,TRUCK_ACCIDENT,NOT_PRIVATE_PROPERTY,ALCOHOL_INVOLVED,STWD_VEHTYPE_AT_FAULT,CHP_VEHTYPE_AT_FAULT,COUNT_SEVERE_INJ,COUNT_VISIBLE_INJ,COUNT_COMPLAINT_PAIN,COUNT_PED_KILLED,COUNT_PED_INJURED,COUNT_BICYCLIST_KILLED,COUNT_BICYCLIST_INJURED,COUNT_MC_KILLED,COUNT_MC_INJURED,PRIMARY_RAMP,SECONDARY_RAMP,LATITUDE,LONGITUDE,COUNTY,CITY,POINT_X,POINT_Y
8317006,2017,2017-03-10,1942,2017-02-15,1835,36739,1981,3,5,7,1942,0,0,0,NA,0,19A1,ORION AV,ROSCOE BL,0,NA,N,A,-,N,NA,NA,NA,NA,NA,NA,NA,NA,NA,Y,4,0,1,7,A,-,01,23152,A,M,B,E,A,A,H,-,C,B,0,NA,NA,NA,NA,Y,Y,-,NA,0,0,1,0,0,0,0,0,0,-,-,NA,NA,LOS ANGELES,LOS ANGELES,-118.47209006,34.22138007
8317011,2017,2017-03-02,1900,2017-01-13,0755,274557,0263,5,5,4,1917,0,0,0,NA,0,26T,SANTA ANA ST,SALT LAKE AV,877,E,N,A,-,N,NA,NA,NA,NA,NA,NA,NA,NA,NA,N,4,0,2,2,A,-,09,21804,A,N,-,C,A,A,H,-,-,D,0,NA,NA,NA,NA,Y,NA,-,-,0,0,2,0,0,0,0,0,0,-,-,NA,NA,LOS ANGELES,CUDAHY,-118.18937687,33.96122751
8317027,2016,2017-03-01,1924,2016-11-30,1600,106428,39,3,5,5,1924,0,0,0,NA,0,8L5D,NORMANDIE AV,MAGNOLIA AV,12,S,N,A,-,N,NA,NA,NA,NA,NA,NA,NA,NA,NA,N,3,0,1,2,A,-,10,21950,A,N,G,B,B,A,H,-,A,A,0,Y,NA,NA,NA,Y,NA,A,01,0,1,0,0,1,0,0,0,0,-,-,33.88863,-118.2994,LOS ANGELES,GARDENA,-118.29938137,33.88858711
8317148,2017,2017-03-10,1942,2017-01-14,0855,36238,0249,6,5,7,1942,0,0,0,B,0,24TL25,3RD ST,BIXEL ST,110,E,N,A,-,N,NA,NA,NA,NA,NA,NA,NA,NA,NA,Y,4,0,1,2,A,-,03,22350,NA,N,D,C,A,A,H,-,A,D,0,NA,NA,NA,Y,Y,NA,A,01,0,0,1,0,0,0,0,0,0,-,-,NA,NA,LOS ANGELES,LOS ANGELES,-118.2594882,34.05743119
8317152,2016,2017-03-13,1942,2016-12-08,1420,35748,192,4,5,7,1942,0,0,0,NA,0,1X27,HILL ST,WASHINGTON ST,0,NA,Y,A,-,N,NA,NA,NA,NA,NA,NA,NA,NA,NA,N,3,0,1,2,D,-,00,NA,NA,N,B,C,A,A,H,-,A,D,0,NA,NA,NA,NA,Y,NA,-,-,0,1,0,0,0,0,0,0,0,-,-,NA,NA,LOS ANGELES,LOS ANGELES,-118.26678001,34.03192007
8317156,2017,2017-03-16,1955,2017-02-05,0533,42293,NA,7,5,6,1955,0,0,0,NA,0,002,LA VERNE AV,ROLLINS WY,35,NA,N,A,-,N,NA,NA,NA,NA,NA,NA,NA,NA,NA,N,4,0,1,3,A,-,08,22107,NA,N,C,E,A,A,H,-,B,D,0,NA,NA,NA,NA,Y,NA,A,07,0,0,1,0,0,0,0,0,0,-,-,NA,NA,LOS ANGELES,POMONA,-117.73843,34.0804201
8317160,2017,2017-03-09,1955,2017-02-02,1340,40906,0081,4,5,6,1955,0,0,0,NA,0,005,GAREY AV,LEXINGTON AV,45,N,N,A,-,N,NA,NA,NA,NA,NA,NA,NA,NA,NA,N,4,0,2,2,A,-,03,22350,NA,N,C,C,A,A,H,-,A,A,0,NA,NA,NA,NA,Y,NA,A,01,0,0,2,0,0,0,0,0,0,-,-,NA,NA,LOS ANGELES,POMONA,-117.74946465,34.03703328
8317164,2017,2017-12-27,1955,2017-02-07,1137,41138,0043,2,5,6,1955,0,0,0,NA,0,001,FAIRPLEX DR,MURCHISON BL,20,N,N,B,C,N,NA,NA,NA,NA,NA,NA,NA,NA,NA,Y,4,0,3,2,A,-,08,22107,NA,N,D,C,A,B,H,-,A,A,0,NA,NA,NA,NA,Y,NA,D,22,0,0,3,0,0,0,0,0,0,-,-,NA,NA,LOS ANGELES,POMONA,-117.78823647,34.07146121
8317168,2017,2017-03-09,1942,2017-01-06,0800,38124,0279,5,5,7,1942,0,0,0,B,0,24TL28,OLYMPIC BL,BLAINE ST,0,NA,Y,A,-,N,NA,NA,NA,NA,NA,NA,NA,NA,NA,Y,4,0,1,2,A,-,12,21453,A,N,D,C,A,A,H,-,A,A,0,NA,NA,NA,NA,Y,NA,A,07,0,0,1,0,0,0,0,0,0,-,-,NA,NA,LOS ANGELES,LOS ANGELES,-118.27006009,34.04732004
8317172,2017,2017-03-09,1942,2017-01-07,1205,41054,0261,6,5,7,1942,0,0,0,B,0,20TL59,VENICE BL,HOOVER ST,0,NA,Y,A,-,N,NA,NA,NA,NA,NA,NA,NA,NA,NA,Y,4,0,2,2,A,-,09,21453,B,N,C,C,A,A,H,-,A,A,0,NA,NA,NA,Y,Y,NA,A,07,0,0,2,0,0,0,0,0,0,-,-,NA,NA,LOS ANGELES,LOS ANGELES,-118.28415005,34.04380009
8317211,2017,2017-03-06,1928,2017-02-10,0555,395,504,5,5,5,1928,0,0,0,NA,0,002,PRAIRIE AV,120TH ST,300,S,N,A,-,N,NA,NA,NA,NA,NA,NA,NA,NA,NA,Y,4,0,1,2,A,-,03,22350,NA,N,C,C,A,A,H,-,A,D,0,NA,NA,NA,NA,Y,NA,A,01,0,0,1,0,0,0,0,0,0,-,-,33.92365,-118.34398,LOS ANGELES,HAWTHORNE,-118.34388,33.92285718
8317263,2017,2017-08-04,1955,2017-02-09,1039,40348,0020,4,5,6,1955,0,0,0,NA,0,002,TOWNE AV,ARROW HWY,415,S,N,A,-,N,NA,NA,NA,NA,NA,NA,NA,NA,NA,N,4,0,2,2,A,-,09,21804,A,N,D,C,A,A,H,-,A,D,0,NA,NA,NA,NA,Y,NA,A,01,0,0,2,0,0,0,0,0,0,-,-,NA,NA,LOS ANGELES,POMONA,-117.7368,34.08904251
8317282,2017,2017-03-10,1942,2017-01-14,1515,40726,0249,6,5,7,1942,0,0,0,B,0,24T51,6TH ST,BEAUDRY AV,0,NA,Y,A,-,N,NA,NA,NA,NA,NA,NA,NA,NA,NA,Y,4,0,1,2,A,-,09,21801,A,N,A,C,A,A,H,-,A,A,0,NA,NA,NA,NA,Y,NA,A,01,0,0,1,0,0,0,0,0,0,-,-,NA,NA,LOS ANGELES,LOS ANGELES,-118.25983009,34.05307008
8317286,2017,2017-03-10,1942,2017-01-06,0555,37540,0239,5,5,7,1942,0,0,0,B,0,24TL42,1ST ST,BEAUDRY AV,250,W,N,B,-,N,NA,NA,NA,NA,NA,NA,NA,NA,NA,Y,4,0,1,1,A,-,03,22350,NA,N,E,I,A,A,H,-,C,D,0,NA,NA,NA,NA,Y,NA,A,01,0,0,1,0,0,0,0,0,0,-,-,NA,NA,LOS ANGELES,LOS ANGELES,-118.25485646,34.05957526
8317290,2017,2017-03-10,1955,2017-01-28,1735,42081,0045,6,5,6,1955,0,0,0,NA,0,001,ORANGE GROVE AV,WEBER ST,600,W,N,A,-,N,NA,NA,NA,NA,NA,NA,NA,NA,NA,N,3,0,1,2,D,-,00,NA,NA,N,D,G,A,A,H,-,C,A,0,NA,Y,NA,NA,Y,NA,-,-,0,1,0,0,0,0,1,0,0,-,-,NA,NA,LOS ANGELES,POMONA,-117.77469794,34.06539365
8317293,2016,2017-03-15,1972,2016-12-06,0029,20783,NA,2,5,6,1972,0,0,0,NA,0,NA,ARTESIA BL,ATKINSON,50,E,N,A,-,N,NA,NA,NA,NA,NA,NA,NA,NA,NA,Y,4,0,1,3,A,-,08,22107,NA,N,B,E,A,A,H,-,C,D,0,NA,NA,NA,NA,Y,NA,-,-,0,0,1,0,0,0,0,0,0,-,-,NA,NA,LOS ANGELES,TORRANCE,-118.32520566,33.87291627
8317294,2017,2017-03-10,1942,2017-01-07,1410,40643,1112,6,5,7,1942,0,0,0,K,0,24T56,VERDUGO RD,SHASTA CIR,125,N,N,A,-,N,NA,NA,NA,NA,NA,NA,NA,NA,NA,Y,3,0,2,3,A,-,03,22350,NA,N,A,E,A,A,H,-,A,A,0,NA,NA,NA,NA,Y,NA,A,01,0,1,1,0,0,0,0,0,0,-,-,NA,NA,LOS ANGELES,LOS ANGELES,-118.23295499,34.13120851
8317297,2016,2017-03-15,1972,2016-12-22,0837,15555,NA,4,5,6,1972,0,0,0,NA,0,NA,PRAIRIE AV,171ST ST,0,NA,Y,C,-,N,NA,NA,NA,NA,NA,NA,NA,NA,NA,N,4,0,1,2,A,-,10,21950,A,F,G,B,B,B,H,-,A,A,0,Y,NA,NA,NA,Y,NA,A,NA,0,0,1,0,1,0,0,0,0,-,-,NA,NA,LOS ANGELES,TORRANCE,-118.34401006,33.87604011
8317298,2017,2017-03-22,1942,2017-01-05,1645,38175,0289,4,5,7,1942,0,0,0,B,0,2A75,VALENCIA ST,12TH ST,0,NA,Y,B,-,N,NA,NA,NA,NA,NA,NA,NA,NA,NA,N,4,0,1,2,A,-,12,22450,A,N,D,G,A,B,H,-,B,A,0,NA,Y,NA,NA,Y,NA,-,-,0,0,1,0,0,0,1,0,0,-,-,NA,NA,LOS ANGELES,LOS ANGELES,-118.27425006,34.04541009
8317301,2016,2017-03-14,1972,2016-12-08,1426,17649,NA,4,5,6,1972,0,0,0,NA,0,NA,CRENSHAW BL,EL DORADO AV,461,S,N,A,-,N,NA,NA,NA,NA,NA,NA,NA,NA,NA,Y,4,0,1,2,A,-,03,22350,NA,N,C,C,A,A,H,-,A,A,0,NA,NA,Y,NA,Y,NA,C,NA,0,0,1,0,0,0,0,0,1,-,-,NA,NA,LOS ANGELES,TORRANCE,-118.32863657,33.83314581
8317302,2017,2017-03-10,1942,2017-01-09,0930,37952,1132,1,5,7,1942,0,0,0,K,0,24T41,GLENDALE BL,RIVERSIDE DR,680,N,N,C,-,N,NA,NA,NA,NA,NA,NA,NA,NA,NA,Y,4,0,1,1,A,-,03,22350,NA,N,E,I,A,B,H,-,A,D,0,NA,NA,NA,NA,Y,NA,A,07,0,0,1,0,0,0,0,0,0,-,-,NA,NA,LOS ANGELES,LOS ANGELES,-118.26658159,34.1123346
8317303,2017,2017-03-14,1900,2017-02-03,1330,600319,2822,5,5,5,1915,0,0,0,NA,0,282K1,SANTA FE AV,ELM ST,0,NA,Y,A,-,N,NA,NA,NA,NA,NA,NA,NA,NA,NA,N,2,0,1,2,A,-,09,21802,A,N,G,G,A,A,H,-,A,A,0,NA,Y,NA,NA,Y,NA,A,01,1,0,0,0,0,0,1,0,0,-,-,NA,NA,LOS ANGELES,COMPTON,-118.21611004,33.90074008
8317306,2017,2017-03-10,1942,2017-01-07,0655,40008,0236,6,5,7,1942,0,0,0,B,0,24T26,ALVARADO,BEVERLY BL,60,S,N,B,-,N,NA,NA,NA,NA,NA,NA,NA,NA,NA,N,4,0,1,2,A,-,07,21658,A,N,B,C,A,B,H,-,A,A,0,NA,NA,NA,NA,Y,NA,A,01,0,0,1,0,0,0,0,0,0,-,-,NA,NA,LOS ANGELES,LOS ANGELES,-118.27041503,34.0665257
8317307,2017,2017-12-27,1928,2017-02-17,1837,386,525,5,5,5,1928,0,0,0,NA,0,502,IMPERIAL HWY,HAWTHORNE BL,0,NA,Y,C,-,N,NA,NA,NA,NA,NA,NA,NA,NA,NA,N,4,0,1,2,A,-,10,21950,A,F,G,B,B,B,H,-,C,A,0,Y,NA,NA,NA,Y,NA,A,07,0,0,1,0,1,0,0,0,0,-,-,33.93094,-118.35257,LOS ANGELES,HAWTHORNE,-118.35271001,33.93096006
8317310,2017,2017-03-10,1942,2017-01-13,2105,37945,0251,5,5,7,1942,0,0,0,B,0,2A68,RAMPART BL,3RD ST,0,NA,Y,A,-,N,NA,NA,NA,NA,NA,NA,NA,NA,NA,Y,4,0,1,2,A,-,09,21801,B,N,D,C,A,A,H,-,C,A,0,NA,NA,NA,NA,Y,NA,-,NA,0,0,1,0,0,0,0,0,0,-,-,NA,NA,LOS ANGELES,LOS ANGELES,-118.27888013,34.06625007
8317311,2017,2017-03-14,1955,2017-02-04,1130,41872,0096,6,5,6,1955,0,0,0,NA,0,004,TOWNE AV,2ND ST,0,NA,Y,B,-,N,NA,NA,NA,NA,NA,NA,NA,NA,NA,Y,4,0,1,2,A,-,09,21453,C,N,A,C,A,A,H,-,A,A,0,NA,NA,NA,NA,Y,NA,A,01,0,0,1,0,0,0,0,0,0,-,-,NA,NA,LOS ANGELES,POMONA,-117.74142006,34.05802004
8317314,2017,2017-03-10,1942,2017-01-06,0955,38124,0265,5,5,7,1942,0,0,0,B,0,24TL28,8TH ST,ALVARADO ST,47,W,N,A,-,N,NA,NA,NA,NA,NA,NA,NA,NA,NA,Y,4,0,2,2,A,-,09,21804,A,N,D,C,A,A,H,-,A,D,0,NA,NA,NA,NA,Y,NA,A,07,0,0,2,0,0,0,0,0,0,-,-,NA,NA,LOS ANGELES,LOS ANGELES,-118.27797592,34.05495178
8317315,2017,2017-03-14,1928,2017-02-13,1925,345,517,1,5,5,1928,0,0,0,NA,0,003,PRAIRIE AV,EL SEGUNDO BL,150,S,N,A,-,N,NA,NA,NA,NA,NA,NA,NA,NA,NA,N,4,0,1,2,A,-,09,21804,A,N,H,G,A,A,H,-,C,A,0,NA,Y,NA,NA,Y,NA,L,04,0,0,1,0,0,0,1,0,0,-,-,33.91643,-118.34997,LOS ANGELES,HAWTHORNE,-118.34388,33.91599859
8317318,2017,2017-03-10,1942,2017-01-06,0606,34768,0275,5,5,7,1942,0,0,0,B,0,2A45,ALVARADO ST,OLYMPIC BL,45,N,N,A,-,N,NA,NA,NA,NA,NA,NA,NA,NA,NA,N,4,0,1,3,A,-,12,21453,A,N,C,C,A,A,H,-,A,A,0,NA,NA,NA,NA,Y,NA,-,NA,0,0,1,0,0,0,0,0,0,-,-,NA,NA,LOS ANGELES,LOS ANGELES,-118.27976079,34.05184914
8317319,2017,2017-03-14,1955,2017-02-04,1000,41897,0003,6,5,6,1955,0,0,0,NA,0,004,GAREY AV,7TH ST,0,NA,Y,B,-,N,NA,NA,NA,NA,NA,NA,NA,NA,NA,N,4,0,1,2,A,-,09,21801,A,F,D,G,A,A,H,-,A,A,0,NA,Y,NA,NA,Y,NA,A,01,0,0,1,0,0,0,1,0,0,-,-,NA,NA,LOS ANGELES,POMONA,-117.74998006,34.05326004
8317320,2016,2017-03-06,1972,2016-12-02,1216,20351,NA,5,5,6,1972,0,0,0,NA,0,NA,MADISON ST,SKYPARK DR,0,NA,Y,A,-,N,NA,NA,NA,NA,NA,NA,NA,NA,NA,N,4,0,1,2,A,-,09,21801,A,N,D,C,A,A,H,-,A,A,0,NA,NA,NA,NA,Y,NA,A,NA,0,0,1,0,0,0,0,0,0,-,-,NA,NA,LOS ANGELES,TORRANCE,-118.34818002,33.81100009
8317322,2017,2017-03-10,1942,2017-01-06,1845,35024,0216,5,5,7,1942,0,0,0,B,0,24T31,SUNSET BL,CORONADO,18,N,N,A,-,N,NA,NA,NA,NA,NA,NA,NA,NA,NA,N,4,0,1,2,A,-,12,21453,A,N,A,C,A,A,H,-,C,A,0,NA,NA,NA,NA,Y,NA,A,01,0,0,1,0,0,0,0,0,0,-,-,NA,NA,LOS ANGELES,LOS ANGELES,-118.26832971,34.07890695
8317323,2017,2017-03-14,1928,2017-02-12,1512,324,519,7,5,5,1928,0,0,0,NA,0,503,PRAIRIE AV,136TH ST,0,NA,Y,A,-,N,NA,NA,NA,NA,NA,NA,NA,NA,NA,Y,4,0,1,2,A,-,09,21802,A,N,D,C,A,A,H,-,A,A,0,NA,NA,NA,NA,Y,NA,A,07,0,0,1,0,0,0,0,0,0,-,-,33.90856,-118.34396,LOS ANGELES,HAWTHORNE,-118.34387009,33.90861006
8317326,2017,2017-03-22,1942,2017-01-08,0230,42390,0266,7,5,7,1942,0,0,0,B,0,2A45,8TH ST,BEACON AV,10,W,N,A,-,N,NA,NA,NA,NA,NA,NA,NA,NA,NA,N,4,0,1,2,A,-,10,21950,A,F,G,B,C,A,H,-,C,D,0,Y,NA,NA,NA,Y,Y,-,99,0,0,1,0,1,0,0,0,0,-,-,NA,NA,LOS ANGELES,LOS ANGELES,-118.27337926,34.05288261
8317331,2017,2017-03-13,1955,2017-02-02,1540,40668,002,4,5,6,1955,0,0,0,NA,0,002,ARTESIA AV,GAREY AV,150,E,N,A,-,N,NA,NA,NA,NA,NA,NA,NA,NA,NA,N,3,0,1,2,A,-,21,22106,NA,N,D,B,F,A,H,-,A,A,0,Y,NA,NA,NA,Y,NA,A,01,0,1,0,0,1,0,0,0,0,-,-,NA,NA,LOS ANGELES,POMONA,-117.75228,34.07631
8317334,2017,2017-03-22,1942,2017-01-13,1320,34990,0218,5,5,7,1942,0,0,0,B,0,2A17,SUNSET BL,LEMOYNE ST,0,NA,Y,A,-,N,NA,NA,NA,NA,NA,NA,NA,NA,NA,N,3,0,1,2,A,-,09,21803,B,N,D,G,A,A,-,-,A,-,0,NA,Y,NA,NA,Y,NA,A,01,0,1,0,0,0,0,1,0,0,-,-,NA,NA,LOS ANGELES,LOS ANGELES,-118.25942002,34.07766002
8317335,2017,2017-04-12,1955,2017-02-09,2347,40478,0078,4,5,6,1955,0,0,0,NA,0,005,WEST MISSION BL,RT 71,0,NA,Y,B,-,N,NA,NA,NA,NA,NA,NA,NA,NA,NA,Y,2,0,2,3,A,-,01,23152,A,N,D,C,A,A,H,-,C,A,0,NA,NA,NA,NA,Y,Y,A,01,1,0,1,0,0,0,0,0,0,-,SF,NA,NA,LOS ANGELES,POMONA,-117.78134004,34.05355001
8317338,2017,2017-03-22,1942,2017-01-13,1150,42252,0221,5,5,7,1942,0,0,0,B,0,2A5,NEW HAMPSHIRE AV,OAKWOOD AV,33,S,N,A,-,N,NA,NA,NA,NA,NA,NA,NA,NA,NA,Y,4,0,2,2,A,-,12,21453,A,N,-,C,A,A,H,-,A,A,0,NA,NA,NA,NA,Y,Y,-,-,0,0,2,0,0,0,0,0,0,-,-,NA,NA,LOS ANGELES,LOS ANGELES,-118.29323802,34.07759951
8317342,2017,2017-03-10,1942,2017-01-11,1625,39759,0275,3,5,7,1942,0,0,0,B,0,24TS1,OLYMPIC BL,WESTLAKE AV,174,E,N,A,-,N,NA,NA,NA,NA,NA,NA,NA,NA,NA,N,4,0,1,2,A,-,09,21804,A,N,D,G,A,A,H,-,A,D,0,NA,Y,NA,NA,Y,NA,A,01,0,0,1,0,0,0,1,0,0,-,-,NA,NA,LOS ANGELES,LOS ANGELES,-118.27822478,34.05098445
8317343,2017,2017-03-14,1955,2017-02-22,1046,30381,0090,3,5,6,1955,0,0,0,NA,0,004,MISSION BL,EAST END AV,0,NA,Y,B,-,N,NA,NA,NA,NA,NA,NA,NA,NA,NA,Y,4,0,1,2,A,-,12,21453,A,N,D,C,A,A,H,-,A,A,0,NA,NA,NA,NA,Y,NA,A,07,0,0,1,0,0,0,0,0,0,-,-,NA,NA,LOS ANGELES,POMONA,-117.72382002,34.05576004
8317347,2017,2017-03-14,1955,2017-02-22,1125,40348,0007,3,5,6,1955,0,0,0,NA,0,003,HOLT AV,PALOMARES ST,0,NA,Y,A,-,N,NA,NA,NA,NA,NA,NA,NA,NA,NA,Y,3,0,4,2,A,-,09,21801,A,N,D,C,A,A,H,-,A,D,0,NA,NA,NA,NA,Y,NA,A,08,0,3,1,0,0,0,0,0,0,-,-,NA,NA,LOS ANGELES,POMONA,-117.74596004,34.0624901
8317351,2017,2017-03-14,1900,2017-02-03,1210,520027,2846,5,5,5,1915,0,0,0,NA,0,282T1,ALONDRA BL,ESSEY AV,85,E,N,B,-,N,NA,NA,NA,NA,NA,NA,NA,NA,NA,Y,4,0,2,3,A,-,03,22350,NA,N,C,E,A,A,H,-,A,D,0,NA,NA,NA,NA,Y,NA,A,01,0,0,2,0,0,0,0,0,0,-,-,NA,NA,LOS ANGELES,COMPTON,-118.20384054,33.8887043
8317355,2017,2017-03-14,1900,2017-02-22,1950,517780,NA,3,5,5,1915,0,0,0,NA,0,283T1,ALONDRA BL,BRADFIELD AV,0,NA,Y,A,-,N,NA,NA,NA,NA,NA,NA,NA,NA,NA,N,4,0,1,2,A,-,12,21453,A,N,D,G,A,A,H,-,C,A,0,NA,Y,NA,NA,Y,NA,L,04,0,0,1,0,0,0,1,0,0,-,-,NA,NA,LOS ANGELES,COMPTON,-118.20314002,33.88871005
8317359,2017,2017-03-10,1900,2017-01-24,1400,521341,2851,2,5,5,1915,0,0,0,NA,0,283T3,ROSECRANS AV,HARRIS AV,0,NA,Y,A,-,N,NA,NA,NA,NA,NA,NA,NA,NA,NA,Y,2,0,1,2,A,-,09,21801,A,N,-,C,A,A,H,-,A,A,0,NA,NA,Y,NA,Y,NA,A,01,1,0,0,0,0,0,0,0,1,-,-,NA,NA,LOS ANGELES,COMPTON,-118.19935009,33.90359001
8317368,2016,2017-03-14,1972,2016-12-23,1635,20473,NA,5,5,6,1972,0,0,0,NA,0,NA,ARTESIA BL,PRAIRIE AV,75,W,N,B,-,N,NA,NA,NA,NA,NA,NA,NA,NA,NA,N,4,0,3,3,A,-,04,21703,NA,N,C,C,A,B,H,-,A,D,0,NA,NA,NA,NA,Y,NA,A,NA,0,0,3,0,0,0,0,0,0,-,-,NA,NA,LOS ANGELES,TORRANCE,-118.34406654,33.87289507
8317372,2016,2017-03-15,1900,2016-12-23,1019,523052,0244,5,5,3,1914,0,0,0,NA,0,27T,WASHINGTON BL,STRONG AV,0,NA,Y,A,-,N,NA,NA,NA,NA,NA,NA,NA,NA,NA,Y,3,0,2,2,A,-,03,22350,NA,N,D,C,A,A,D,-,A,D,0,NA,NA,NA,NA,Y,NA,A,07,0,1,1,0,0,0,0,0,0,-,-,NA,NA,LOS ANGELES,COMMERCE,-118.16508003,34.00210009
8317376,2016,2017-03-15,1900,2016-12-23,1245,523052,0242,5,5,3,1914,0,0,0,NA,0,27T,GOODRICH BL,WHITTIER BL,222,S,N,A,-,N,NA,NA,NA,NA,NA,NA,NA,NA,NA,N,4,0,1,2,A,-,04,21703,NA,N,C,C,A,A,C,-,A,D,0,NA,NA,NA,NA,Y,NA,A,01,0,0,1,0,0,0,0,0,0,-,-,NA,NA,LOS ANGELES,COMMERCE,-118.15392938,34.01908652
8317379,2017,2017-06-27,1942,2017-02-21,1445,34634,1701,2,5,7,1942,0,0,0,Q,0,21TL66,RT 405,BLUCHER AV,168,E,N,B,-,Y,LA,7,405,-,-,4.621,R,2,S,Y,3,0,1,1,A,-,03,22350,NA,N,E,I,A,A,H,-,A,A,0,NA,NA,NA,NA,Y,NA,D,22,0,1,0,0,0,0,0,0,0,SO,-,NA,NA,LOS ANGELES,LOS ANGELES,-118.16358673,33.81220413
8317383,2017,2017-03-08,1942,2017-02-22,1920,41239,1523,3,5,7,1942,0,0,0,O,0,10T37,VICTORY BL,BELLAIRE AV,200,W,N,A,-,N,NA,NA,NA,NA,NA,NA,NA,NA,NA,Y,4,0,1,3,A,-,03,22350,NA,N,-,C,A,A,H,-,C,D,0,NA,NA,NA,NA,Y,NA,D,22,0,0,1,0,0,0,0,0,0,-,-,NA,NA,LOS ANGELES,LOS ANGELES,-118.4100901,34.18685771
8317396,2016,2017-03-15,1972,2016-12-01,1837,16610,NA,4,5,6,1972,0,0,0,NA,0,NA,SEPULVEDA BL,ANZA AV,0,NA,Y,A,-,N,NA,NA,NA,NA,NA,NA,NA,NA,NA,Y,4,0,1,2,A,-,12,21453,A,N,D,C,A,A,H,-,C,A,0,NA,NA,NA,NA,Y,NA,A,NA,0,0,1,0,0,0,0,0,0,-,-,NA,NA,LOS ANGELES,TORRANCE,-118.35982009,33.82622007
8317400,2016,2017-03-15,1972,2016-12-22,2359,19999,NA,4,5,6,1972,0,0,0,NA,0,NA,SEPULVEDA BL,ERIEL AV,0,NA,Y,A,-,N,NA,NA,NA,NA,NA,NA,NA,NA,NA,N,3,0,3,2,A,-,09,21801,A,N,D,C,A,A,H,-,C,D,0,NA,NA,NA,NA,Y,NA,A,NA,0,1,2,0,0,0,0,0,0,-,-,NA,NA,LOS ANGELES,TORRANCE,-118.33019009,33.82223004
8317404,2016,2017-03-15,1972,2016-12-25,2305,18107,NA,7,5,6,1972,0,0,0,NA,0,NA,SEPULVEDA,ARLINGTON,0,NA,Y,A,-,N,NA,NA,NA,NA,NA,NA,NA,NA,NA,Y,4,0,4,2,A,-,12,21453,A,N,D,C,A,A,H,-,C,A,0,NA,NA,NA,NA,Y,NA,A,NA,0,0,4,0,0,0,0,0,0,-,-,NA,NA,LOS ANGELES,TORRANCE,-118.31975003,33.82010004
8317408,2016,2017-03-15,1972,2016-12-24,1553,19007,NA,6,5,6,1972,0,0,0,NA,0,NA,PRAIRIE,178TH ST,135,N,N,A,-,N,NA,NA,NA,NA,NA,NA,NA,NA,NA,Y,4,0,2,2,A,-,04,21703,NA,N,C,C,A,A,H,-,A,D,0,NA,NA,NA,NA,Y,Y,A,NA,0,0,2,0,0,0,0,0,0,-,-,NA,NA,LOS ANGELES,TORRANCE,-118.34381691,33.86911026
8317412,2016,2017-03-15,1972,2016-12-01,1445,16610,NA,4,5,6,1972,0,0,0,NA,0,NA,CRENSHAW BL,235TH ST,175,S,N,A,-,N,NA,NA,NA,NA,NA,NA,NA,NA,NA,N,4,0,1,2,A,-,03,22350,NA,N,C,C,A,A,H,-,A,D,0,NA,NA,NA,NA,Y,NA,A,NA,0,0,1,0,0,0,0,0,0,-,-,NA,NA,LOS ANGELES,TORRANCE,-118.32807,33.81229002
8317416,2016,2017-03-15,1972,2016-12-01,1807,16610,NA,4,5,6,1972,0,0,0,NA,0,NA,CALLE MAYOR,VANDERHILL RD,40,E,N,A,-,N,NA,NA,NA,NA,NA,NA,NA,NA,NA,N,4,0,1,2,A,-,09,21804,A,N,D,C,A,A,H,-,C,D,0,NA,NA,NA,NA,Y,NA,A,NA,0,0,1,0,0,0,0,0,0,-,-,NA,NA,LOS ANGELES,TORRANCE,-118.36847358,33.81388093
8317420,2016,2017-03-14,1972,2016-12-12,1452,16610,NA,1,5,6,1972,0,0,0,NA,0,NA,CAMINO DE ENCANTO,PASEO DE LA PLAYA,0,NA,N,B,-,N,NA,NA,NA,NA,NA,NA,NA,NA,NA,N,4,0,1,2,A,-,10,21950,A,N,D,B,B,A,H,-,A,D,0,Y,NA,NA,NA,Y,NA,A,NA,0,0,1,0,1,0,0,0,0,-,-,NA,NA,LOS ANGELES,TORRANCE,-118.39116013,33.8049201