CASE_ID,ACCIDENT_YEAR,PROC_DATE,JURIS,COLLISION_DATE,COLLISION_TIME,OFFICER_ID,REPORTING_DISTRICT,DAY_OF_WEEK,CHP_SHIFT,POPULATION,CNTY_CITY_LOC,SPECIAL_COND,BEAT_TYPE,CHP_BEAT_TYPE,CITY_DIVISION_LAPD,CHP_BEAT_CLASS,BEAT_NUMBER,PRIMARY_RD,SECONDARY_RD,DISTANCE,DIRECTION,INTERSECTION,WEATHER_1,WEATHER_2,STATE_HWY_IND,CALTRANS_COUNTY,CALTRANS_DISTRICT,STATE_ROUTE,ROUTE_SUFFIX,POSTMILE_PREFIX,POSTMILE,LOCATION_TYPE,RAMP_INTERSECTION,SIDE_OF_HWY,TOW_AWAY,COLLISION_SEVERITY,NUMBER_KILLED,NUMBER_INJURED,PARTY_COUNT,PRIMARY_COLL_FACTOR,PCF_CODE_OF_VIOL,PCF_VIOL_CATEGORY,PCF_VIOLATION,PCF_VIOL_SUBSECTION,HIT_AND_RUN,TYPE_OF_COLLISION,MVIW,PED_ACTION,ROAD_SURFACE,ROAD_COND_1,ROAD_COND_2,LIGHTING,CONTROL_DEVICE,CHP_ROAD_TYPE,PEDESTRIAN_ACCIDENT,BICYCLE_ACCIDENT,MOTORCYCLE_ACCIDENT,TRUCK_ACCIDENT,NOT_PRIVATE_PROPERTY,ALCOHOL_INVOLVED,STWD_VEHTYPE_AT_FAULT,CHP_VEHTYPE_AT_FAULT,COUNT_SEVERE_INJ,COUNT_VISIBLE_INJ,COUNT_COMPLAINT_PAIN,COUNT_PED_KILLED,COUNT_PED_INJURED,COUNT_BICYCLIST_KILLED,COUNT_BICYCLIST_INJURED,COUNT_MC_KILLED,COUNT_MC_INJURED,PRIMARY_RAMP,SECONDARY_RAMP,LATITUDE,LONGITUDE,COUNTY,CITY,POINT_X,POINT_Y
8318335,2017,2017-03-13,1942,2017-02-17,1630,42597,1591,5,5,7,1942,0,0,0,O,0,15A28,WHITSETT AV,VALLEY HEART DR,0,NA,Y,B,C,N,NA,NA,NA,NA,NA,NA,NA,NA,NA,N,4,0,2,2,A,-,04,21703,NA,N,C,C,A,B,H,-,A,A,0,NA,NA,NA,NA,Y,NA,-,NA,0,0,2,0,0,0,0,0,0,-,-,NA,NA,LOS ANGELES,LOS ANGELES,-118.40518007,34.14383009
8318336,2017,2017-03-13,1942,2017-02-25,1130,38857,1513,6,5,7,1942,0,0,0,O,0,15TL42,SHERMAN WY,BELLAIRE AV,203,E,N,B,-,N,NA,NA,NA,NA,NA,NA,NA,NA,NA,Y,3,0,2,2,A,-,09,21804,A,N,D,C,A,A,H,-,A,A,0,NA,NA,NA,NA,Y,NA,A,01,0,1,1,0,0,0,0,0,0,-,-,NA,NA,LOS ANGELES,LOS ANGELES,-118.40875988,34.2012
8318337,2017,2017-03-08,1942,2017-02-24,1000,39703,1754,5,5,7,1942,0,0,0,Q,0,9T53,WILBUR AV,DEVONSHIRE ST,0,NA,Y,A,-,N,NA,NA,NA,NA,NA,NA,NA,NA,NA,Y,3,0,3,2,A,-,09,21801,A,N,D,C,A,A,H,-,A,A,0,NA,NA,NA,NA,Y,NA,A,01,0,1,2,0,0,0,0,0,0,-,-,NA,NA,LOS ANGELES,LOS ANGELES,-118.54483011,34.25727011
8318338,2017,2017-03-08,1942,2017-02-28,1540,33779,1775,2,5,7,1942,0,0,0,Q,0,15TL44,PLUMMER ST,BALBOA BL,0,NA,Y,A,-,N,NA,NA,NA,NA,NA,NA,NA,NA,NA,Y,3,0,3,2,A,-,12,21453,A,N,A,C,A,A,H,-,A,A,0,NA,NA,NA,NA,Y,NA,A,01,0,2,1,0,0,0,0,0,0,-,-,NA,NA,LOS ANGELES,LOS ANGELES,-118.50246009,34.24301011
8318339,2017,2017-03-13,1942,2017-02-27,1245,36755,1636,1,5,7,1942,0,0,0,P,0,16TL28,SUNLAND BL,SUNLAND WY,470,N,N,B,-,N,NA,NA,NA,NA,NA,NA,NA,NA,NA,Y,3,0,1,1,A,-,03,22350,NA,N,E,I,A,A,H,-,A,D,0,NA,NA,NA,NA,Y,NA,A,07,0,1,0,0,0,0,0,0,0,-,-,NA,NA,LOS ANGELES,LOS ANGELES,-118.34372454,34.25493134
8318340,2017,2017-03-23,1942,2017-02-17,2300,42315,1529,5,5,7,1942,0,0,0,O,0,15A27,VINELAND AV,OXNARD ST,0,NA,Y,C,-,N,NA,NA,NA,NA,NA,NA,NA,NA,NA,Y,4,0,2,2,A,-,09,21800,B,N,H,C,A,B,G,-,D,B,0,NA,NA,NA,NA,Y,NA,-,-,0,0,2,0,0,0,0,0,0,-,-,NA,NA,LOS ANGELES,LOS ANGELES,-118.3703001,34.17943003
8318341,2017,2017-03-08,1942,2017-02-22,0630,30452,1795,3,5,7,1942,0,0,0,Q,0,9TL53,BALBOA BL,ROSCOE BL,230,N,N,A,-,N,NA,NA,NA,NA,NA,NA,NA,NA,NA,Y,4,0,1,2,A,-,09,21804,A,N,D,C,A,A,H,-,B,D,0,NA,NA,Y,NA,Y,NA,A,01,0,0,1,0,0,0,0,0,1,-,-,NA,NA,LOS ANGELES,LOS ANGELES,-118.50264,34.2218309
8318342,2017,2017-03-09,1942,2017-02-22,0700,39096,1795,3,5,7,1942,0,0,0,Q,0,10TL35,BALBOA BL,NAPA ST,680,S,N,A,-,N,NA,NA,NA,NA,NA,NA,NA,NA,NA,NA,4,0,3,2,A,-,09,21804,A,N,D,C,A,A,H,-,A,A,0,NA,NA,NA,NA,Y,NA,A,01,0,0,3,0,0,0,0,0,0,-,-,NA,NA,LOS ANGELES,LOS ANGELES,-118.50263,34.22481472
8318343,2017,2017-03-13,1942,2017-02-23,1625,37072,1028,4,5,7,1942,0,0,0,J,0,10X6,SHERMAN WY,BALBOA BL,0,NA,Y,A,-,N,NA,NA,NA,NA,NA,NA,NA,NA,NA,N,4,0,1,2,A,-,03,22350,NA,N,C,C,A,A,H,-,A,A,0,NA,NA,NA,NA,Y,NA,A,01,0,0,1,0,0,0,0,0,0,-,-,NA,NA,LOS ANGELES,LOS ANGELES,-118.50112007,34.20123011
8318344,2017,2017-03-13,1942,2017-02-26,0845,41397,1596,7,5,7,1942,0,0,0,O,0,21TL69,WOODROW WILSON DR,MULHOLLAND DR,0,NA,Y,C,-,N,NA,NA,NA,NA,NA,NA,NA,NA,NA,Y,4,0,2,3,A,-,03,22350,NA,N,D,C,A,-,-,-,A,D,0,NA,NA,NA,NA,Y,NA,A,01,0,0,2,0,0,0,0,0,0,-,-,NA,NA,LOS ANGELES,LOS ANGELES,-118.37511006,34.12367006
8318346,2017,2017-03-24,1942,2017-02-28,1240,38326,0946,2,5,7,1942,0,0,0,I,0,9TL54,WOODMAN AV,OXNARD ST,0,NA,Y,A,-,N,NA,NA,NA,NA,NA,NA,NA,NA,NA,Y,4,0,1,2,A,-,09,21801,A,N,D,C,A,A,H,-,A,A,0,NA,NA,NA,NA,Y,NA,A,01,0,0,1,0,0,0,0,0,0,-,-,NA,NA,LOS ANGELES,LOS ANGELES,-118.43124004,34.17940007
8318347,2017,2017-03-13,1942,2017-02-17,1000,42481,1506,5,5,7,1942,0,0,0,O,0,15A67,SHERMAN WY,TUJUNGA AV,0,NA,Y,B,C,N,NA,NA,NA,NA,NA,NA,NA,NA,NA,N,4,0,1,3,A,-,12,21453,A,N,D,C,A,B,H,-,A,A,0,NA,NA,NA,NA,Y,NA,A,01,0,0,1,0,0,0,0,0,0,-,-,NA,NA,LOS ANGELES,LOS ANGELES,-118.3790301,34.20118003
8318348,2017,2017-03-13,1942,2017-02-25,2150,39779,1519,6,5,7,1942,0,0,0,O,0,9T57,VICTORY BL,CLEON AV,135,E,N,A,-,N,NA,NA,NA,NA,NA,NA,NA,NA,NA,Y,4,0,3,2,A,-,03,22350,NA,N,C,C,A,A,H,-,D,D,0,NA,NA,NA,NA,Y,NA,A,07,0,0,3,0,0,0,0,0,0,-,-,NA,NA,LOS ANGELES,LOS ANGELES,-118.36771461,34.18670991
8318351,2017,2017-03-13,1942,2017-02-28,1908,40388,1029,2,5,7,1942,0,0,0,J,0,15T43,WOODLEY AV,HARTLAND ST,70,S,N,A,-,N,NA,NA,NA,NA,NA,NA,NA,NA,NA,N,4,0,1,3,A,-,07,21658,A,F,C,C,A,A,H,-,C,A,0,NA,NA,NA,NA,Y,NA,-,99,0,0,1,0,0,0,0,0,0,-,-,NA,NA,LOS ANGELES,LOS ANGELES,-118.48367,34.19481799
8318352,2017,2017-03-13,1942,2017-02-27,2330,38613,1994,1,5,7,1942,0,0,0,NA,0,9T53,WILLIS AV,ROSCOE BL,28,S,N,A,-,N,NA,NA,NA,NA,NA,NA,NA,NA,NA,Y,4,0,1,2,A,-,12,21453,A,F,D,C,A,A,H,-,C,A,0,NA,NA,NA,NA,Y,NA,-,99,0,0,1,0,0,0,0,0,0,-,-,NA,NA,LOS ANGELES,LOS ANGELES,-118.45532871,34.22141321
8318355,2017,2017-03-13,1942,2017-02-23,0700,40290,2161,4,5,7,1942,0,0,0,NA,0,10A3,VALLE CIRCLE BL,CALVERT ST,0,NA,Y,A,-,N,NA,NA,NA,NA,NA,NA,NA,NA,NA,Y,3,0,2,2,A,-,09,21804,A,N,D,C,A,A,H,-,A,A,0,NA,NA,NA,NA,Y,NA,A,01,0,1,1,0,0,0,0,0,0,-,-,NA,NA,LOS ANGELES,LOS ANGELES,-118.6561,34.18279011
8318356,2017,2017-03-13,1942,2017-02-27,1530,40193,1524,1,5,7,1942,0,0,0,O,0,19TL76,LAUREL CANYON BL,VICTORY BL,0,NA,Y,A,-,N,NA,NA,NA,NA,NA,NA,NA,NA,NA,N,3,0,1,2,A,-,10,21950,A,F,G,B,B,A,H,-,A,A,0,Y,NA,NA,NA,Y,NA,-,99,0,1,0,0,1,0,0,0,0,-,-,NA,NA,LOS ANGELES,LOS ANGELES,-118.39651002,34.18668005
8318358,2017,2017-03-08,1942,2017-02-24,1300,39576,1028,5,5,7,1942,0,0,0,J,0,10A3,VANOWEN ST,ODESSA AV,0,NA,Y,A,-,N,NA,NA,NA,NA,NA,NA,NA,NA,NA,Y,4,0,2,2,A,-,09,21803,A,N,D,C,A,A,H,-,A,A,0,NA,NA,NA,NA,Y,NA,A,07,0,0,2,0,0,0,0,0,0,-,-,NA,NA,LOS ANGELES,LOS ANGELES,-118.49024009,34.19392009
8318359,2017,2017-03-13,1942,2017-02-23,1500,39704,1562,4,5,7,1942,0,0,0,O,0,16A23,MOORPARK ST,BABCOCK AV,70,E,N,A,-,N,NA,NA,NA,NA,NA,NA,NA,NA,NA,N,4,0,1,2,A,-,10,21950,A,F,G,B,F,A,H,-,A,D,0,Y,NA,NA,NA,Y,NA,-,99,0,0,1,0,1,0,0,0,0,-,-,NA,NA,LOS ANGELES,LOS ANGELES,-118.40603906,34.15036
8318360,2017,2017-03-13,1942,2017-02-27,1045,27240,2172,1,5,7,1942,0,0,0,NA,0,M29,VALLEY CIRCLE BL,MULHOLLAND AV,0,NA,-,B,-,N,NA,NA,NA,NA,NA,NA,NA,NA,NA,N,4,0,2,3,A,-,03,22350,NA,F,C,C,A,A,H,-,A,A,0,NA,NA,NA,NA,Y,NA,-,NA,0,0,2,0,0,0,0,0,0,-,-,NA,NA,LOS ANGELES,LOS ANGELES,-118.63643007,34.15870008
8318362,2017,2017-03-09,1942,2017-02-27,0620,30830,1023,1,5,7,1942,0,0,0,J,0,16TL23,WILBUR AV,ARCHWOOD ST,298,S,N,A,-,N,NA,NA,NA,NA,NA,NA,NA,NA,NA,N,3,0,1,5,A,-,08,22107,NA,N,B,E,A,A,H,-,A,D,0,NA,NA,NA,NA,Y,NA,A,01,0,1,0,0,0,0,0,0,0,-,-,NA,NA,LOS ANGELES,LOS ANGELES,-118.54476,34.19125302
8318363,2017,2017-03-13,1942,2017-02-26,2130,36622,1966,7,5,7,1942,0,0,0,NA,0,19A75,PLUMMER,VAN NUYS,0,NA,Y,A,-,N,NA,NA,NA,NA,NA,NA,NA,NA,NA,Y,4,0,1,2,A,-,08,22107,NA,N,A,C,A,A,H,-,C,A,0,NA,NA,NA,NA,Y,NA,A,01,0,0,1,0,0,0,0,0,0,-,-,NA,NA,LOS ANGELES,LOS ANGELES,-118.45023001,34.24268001
8318364,2017,2017-03-13,1942,2017-02-25,2030,34424,1599,6,5,7,1942,0,0,0,O,0,15T43,CAHUENGA BL,BARHAM BL,474,N,N,A,-,N,NA,NA,NA,NA,NA,NA,NA,NA,NA,Y,4,0,1,2,A,-,09,21801,A,N,A,C,A,A,H,-,C,A,0,NA,NA,NA,NA,Y,NA,A,01,0,0,1,0,0,0,0,0,0,-,-,NA,NA,LOS ANGELES,LOS ANGELES,-118.34844411,34.12930875
8318366,2017,2017-03-17,1942,2017-02-26,1854,41630,1027,7,5,7,1942,0,0,0,J,0,10X94,WHITE OAK,SHERMAN WY,0,NA,Y,C,-,N,NA,NA,NA,NA,NA,NA,NA,NA,NA,Y,4,0,1,2,A,-,05,21650,NA,N,D,G,A,A,H,-,C,A,0,NA,Y,NA,NA,Y,NA,L,04,0,0,1,0,0,0,1,0,0,-,-,NA,NA,LOS ANGELES,LOS ANGELES,-118.51861011,34.20121007
8318367,2017,2017-03-13,1942,2017-02-28,0930,30452,1063,2,5,7,1942,0,0,0,J,0,9TL53,VENTURA BL,AVENIDA HACIENDA,300,W,N,A,-,N,NA,NA,NA,NA,NA,NA,NA,NA,NA,N,4,0,1,2,A,-,11,21954,A,F,G,B,D,A,H,-,A,D,0,Y,NA,NA,NA,Y,NA,N,60,0,0,1,0,1,0,0,0,0,-,-,NA,NA,LOS ANGELES,LOS ANGELES,-118.53452047,34.16815203
8318368,2017,2017-03-13,1942,2017-02-25,1600,35481,2175,6,5,7,1942,0,0,0,NA,0,21TL62,BURBANK BL,PONCE AV,6,NA,N,A,-,N,NA,NA,NA,NA,NA,NA,NA,NA,NA,N,4,0,1,1,A,-,03,22350,NA,N,E,I,A,A,H,-,A,D,0,NA,NA,NA,NA,Y,NA,A,01,0,0,1,0,0,0,0,0,0,-,-,NA,NA,LOS ANGELES,LOS ANGELES,-118.62115004,34.17195001
8318371,2017,2017-03-13,1942,2017-02-28,1530,40193,1611,2,5,7,1942,0,0,0,P,0,19TL76,VAUGHN ST,GLENOAKS BL,70,E,N,A,-,N,NA,NA,NA,NA,NA,NA,NA,NA,NA,N,3,0,1,2,A,-,03,22350,NA,F,C,C,A,A,H,-,A,A,0,NA,NA,NA,NA,Y,NA,-,99,0,1,0,0,0,0,0,0,0,-,-,NA,NA,LOS ANGELES,LOS ANGELES,-118.42095895,34.28272924
8318372,2017,2017-03-13,1942,2017-02-24,0745,39473,1961,5,5,7,1942,0,0,0,NA,0,16TL28,NORDHOFF ST,ORION AV,0,NA,Y,A,-,N,NA,NA,NA,NA,NA,NA,NA,NA,NA,N,3,0,1,2,A,-,09,21804,A,N,D,G,A,A,H,-,A,A,0,NA,Y,NA,NA,Y,NA,L,04,0,1,0,0,0,0,1,0,0,-,-,NA,NA,LOS ANGELES,LOS ANGELES,-118.47195,34.23556008
8318375,2017,2017-03-21,1942,2017-02-23,1000,42487,1637,4,5,7,1942,0,0,0,P,0,16A59,WENTWORTH,SCOVILLE AV,0,NA,-,A,-,N,NA,NA,NA,NA,NA,NA,NA,NA,NA,Y,4,0,3,2,A,-,12,22450,A,N,D,C,A,A,H,-,A,D,0,NA,NA,NA,NA,Y,NA,A,01,0,0,3,0,0,0,0,0,0,-,-,NA,NA,LOS ANGELES,LOS ANGELES,-118.31401012,34.26697002
8318376,2017,2017-03-13,1942,2017-02-26,0950,40119,1907,7,5,7,1942,0,0,0,NA,0,15TL47,MACLAY ST,FOOTHILL BL,200,E,N,A,-,N,NA,NA,NA,NA,NA,NA,NA,NA,NA,N,4,0,1,2,A,-,08,22107,NA,N,B,C,A,A,H,-,A,D,0,NA,NA,NA,NA,Y,NA,A,01,0,0,1,0,0,0,0,0,0,-,-,NA,NA,LOS ANGELES,LOS ANGELES,-118.42001367,34.29887263
8318379,2017,2017-03-13,1942,2017-02-28,1900,34599,1045,2,5,7,1942,0,0,0,J,0,17T17,BURBANK BL,ETIWANDA AV,170,W,N,A,-,N,NA,NA,NA,NA,NA,NA,NA,NA,NA,N,4,0,1,3,A,-,03,22350,NA,F,C,C,A,A,H,-,C,A,0,NA,NA,NA,NA,Y,NA,-,99,0,0,1,0,0,0,0,0,0,-,-,NA,NA,LOS ANGELES,LOS ANGELES,-118.53137031,34.17231148
8318380,2017,2017-03-13,1942,2017-02-27,2120,38185,1966,1,5,7,1942,0,0,0,NA,0,21T65,VAN NUYS BL,NOVICE ST,260,N,N,B,-,N,NA,NA,NA,NA,NA,NA,NA,NA,NA,Y,4,0,3,2,A,-,08,22107,NA,N,D,C,A,A,H,-,C,A,0,NA,NA,NA,NA,Y,NA,A,01,0,0,3,0,0,0,0,0,0,-,-,NA,NA,LOS ANGELES,LOS ANGELES,-118.45025182,34.24436291
8318382,2017,2017-03-08,1942,2017-02-24,0815,39703,1761,5,5,7,1942,0,0,0,Q,0,16T23,SUNDERLAND DR,BRADFORD PL,0,NA,Y,A,-,N,NA,NA,NA,NA,NA,NA,NA,NA,NA,N,4,0,1,2,A,-,09,21800,A,N,D,C,A,A,H,-,A,A,0,NA,NA,NA,NA,Y,NA,A,01,0,0,1,0,0,0,0,0,0,-,-,NA,NA,LOS ANGELES,LOS ANGELES,-118.50777003,34.2923601
8318383,2017,2017-03-13,1942,2017-02-28,1555,38356,1504,2,5,7,1942,0,0,0,O,0,16TL26,LANKERSHIM BL,COHASSET ST,0,NA,Y,A,-,N,NA,NA,NA,NA,NA,NA,NA,NA,NA,N,4,0,1,2,A,-,09,21801,A,N,D,C,A,A,H,-,A,A,0,NA,NA,NA,NA,Y,NA,A,01,0,0,1,0,0,0,0,0,0,-,-,NA,NA,LOS ANGELES,LOS ANGELES,-118.38778,34.20665009
8318384,2017,2017-03-13,1942,2017-02-22,1030,33829,1747,3,5,7,1942,0,0,0,Q,0,17XL98,DEVONSHIRE ST,HAYVENHURST AV,0,NA,Y,C,-,N,NA,NA,NA,NA,NA,NA,NA,NA,NA,Y,4,0,1,2,A,-,09,21801,A,N,A,C,A,A,H,-,A,A,0,NA,NA,NA,NA,Y,NA,A,01,0,0,1,0,0,0,0,0,0,-,-,NA,NA,LOS ANGELES,LOS ANGELES,-118.49360001,34.25746008
8318387,2017,2017-03-13,1942,2017-02-23,0605,38049,1663,4,5,7,1942,0,0,0,P,0,16A11,SHELDON ST,SAN FERNANDO RD,150,E,N,A,-,N,NA,NA,NA,NA,NA,NA,NA,NA,NA,N,4,0,1,2,A,-,04,21703,NA,N,C,C,A,A,H,-,A,A,0,NA,NA,Y,NA,Y,NA,C,06,0,0,1,0,0,0,0,0,1,-,-,NA,NA,LOS ANGELES,LOS ANGELES,-118.39335302,34.23958499
8318388,2017,2017-03-13,1942,2017-02-27,0830,27260,2172,1,5,7,1942,0,0,0,NA,0,M29,CANOGA AV,VENTURA BL,75,N,N,B,-,N,NA,NA,NA,NA,NA,NA,NA,NA,NA,N,3,0,1,2,A,-,09,21801,A,N,B,C,A,A,H,-,A,D,0,NA,NA,NA,NA,Y,NA,A,01,0,1,0,0,0,0,0,0,0,-,-,NA,NA,LOS ANGELES,LOS ANGELES,-118.59744,34.16806575
8318391,2017,2017-03-13,1942,2017-02-28,1300,38356,1919,2,5,7,1942,0,0,0,NA,0,16TL26,FOOTHILL BL,ARROYO ST,0,NA,Y,A,-,N,NA,NA,NA,NA,NA,NA,NA,NA,NA,Y,4,0,4,3,A,-,09,21801,A,N,D,C,A,A,H,-,A,A,0,NA,NA,NA,NA,Y,NA,A,01,0,0,4,0,0,0,0,0,0,-,-,NA,NA,LOS ANGELES,LOS ANGELES,-118.41442013,34.29278009
8318392,2017,2017-03-13,1942,2017-02-27,1505,36755,2185,1,5,7,1942,0,0,0,NA,0,16TL28,TOPANGA CANYON BL,MULHOLLAND DR,150,S,N,A,-,N,NA,NA,NA,NA,NA,NA,NA,NA,NA,Y,4,0,1,3,A,-,03,22350,NA,N,D,C,A,A,H,-,A,D,0,NA,NA,NA,NA,Y,NA,A,01,0,0,1,0,0,0,0,0,0,-,-,NA,NA,LOS ANGELES,LOS ANGELES,-118.60476758,34.15078938
8318395,2017,2017-03-13,1942,2017-02-23,1245,36406,2125,4,5,7,1942,0,0,0,NA,0,35M65,OWENSMOUTH AV,SATICOY ST,1500,N,N,A,-,N,NA,NA,NA,NA,NA,NA,NA,NA,NA,Y,4,0,1,2,A,-,08,22103,NA,N,D,C,A,A,H,-,A,D,0,NA,NA,NA,NA,Y,NA,A,01,0,0,1,0,0,0,0,0,0,-,-,NA,NA,LOS ANGELES,LOS ANGELES,-118.60162532,34.2124348
8318396,2017,2017-03-13,1942,2017-02-27,1250,39281,1009,1,5,7,1942,0,0,0,J,0,19TL72,HASKELL AV,ROSCOE BL,1,N,N,A,-,N,NA,NA,NA,NA,NA,NA,NA,NA,NA,N,4,0,1,2,A,-,08,22107,NA,F,B,C,A,A,H,-,A,A,0,NA,NA,NA,NA,Y,NA,-,99,0,0,1,0,0,0,0,0,0,-,-,NA,NA,LOS ANGELES,LOS ANGELES,-118.47646011,34.22135274
8318399,2017,2017-03-13,1942,2017-02-24,0600,4219,1961,5,5,7,1942,0,0,0,NA,0,19A61,LANGDON AV,NORDHOFF ST,0,NA,Y,A,-,N,NA,NA,NA,NA,NA,NA,NA,NA,NA,N,3,0,1,2,A,-,03,22350,A,F,G,B,B,A,H,-,B,A,0,Y,NA,NA,NA,Y,NA,-,99,0,1,0,0,1,0,0,0,0,-,-,NA,NA,LOS ANGELES,LOS ANGELES,-118.46978004,34.23555004
8318400,2017,2017-03-13,1942,2017-02-21,2220,39241,1653,2,5,7,1942,0,0,0,P,0,16X24,SAN FERNANDO RD,KELOWNA ST,20,N,N,B,-,N,NA,NA,NA,NA,NA,NA,NA,NA,NA,N,4,0,1,2,A,-,17,22109,NA,F,H,C,A,B,H,-,C,D,0,NA,NA,NA,NA,Y,NA,-,NA,0,0,1,0,0,0,0,0,0,-,-,NA,NA,LOS ANGELES,LOS ANGELES,-118.41188318,34.25644152
8318409,2017,2017-03-08,1955,2017-02-15,1118,30354,0064,3,5,6,1955,0,0,0,NA,0,001,RIDGEWAY ST,VALLEY BL,160,N,N,A,-,N,NA,NA,NA,NA,NA,NA,NA,NA,NA,Y,3,0,1,2,A,-,09,21804,A,N,D,C,A,A,H,-,A,A,0,NA,NA,NA,NA,Y,NA,A,01,0,1,0,0,0,0,0,0,0,-,-,NA,NA,LOS ANGELES,POMONA,-117.79582688,34.06164177
8318414,2017,2017-03-08,1956,2017-02-14,0858,1257,43,2,5,5,1956,0,0,0,NA,0,004,ARTESIA BL,VAIL AV,0,NA,Y,B,-,N,NA,NA,NA,NA,NA,NA,NA,NA,NA,Y,4,0,2,2,A,-,09,21801,A,N,D,C,A,A,H,-,A,A,0,NA,NA,NA,NA,Y,NA,A,01,0,0,2,0,0,0,0,0,0,-,-,NA,NA,LOS ANGELES,REDONDO BEACH,-118.36994007,33.87290003
8318450,2017,2017-03-08,1909,2017-02-05,2036,352,1909,7,5,4,1909,0,0,0,NA,0,NORTH,FLORENCE AV,EMIL AV,375,E,N,B,-,N,NA,NA,NA,NA,NA,NA,NA,NA,NA,Y,4,0,2,3,A,-,03,22350,NA,F,C,C,A,A,H,-,C,D,0,NA,NA,NA,NA,Y,Y,-,NA,0,0,2,0,0,0,0,0,0,-,-,NA,NA,LOS ANGELES,BELL GARDENS,-118.14672382,33.96218465
8318454,2017,2017-03-08,1931,2017-02-21,2122,5617,1931,2,5,5,1931,0,0,0,NA,0,002,CLARENDON AV,ARBUTUS AV,6,W,N,A,-,N,NA,NA,NA,NA,NA,NA,NA,NA,NA,N,4,0,1,2,A,-,11,21956,A,N,H,B,E,A,H,-,C,A,0,Y,NA,NA,NA,Y,Y,N,60,0,0,1,0,1,0,0,0,0,-,-,NA,NA,LOS ANGELES,HUNTINGTON PARK,-118.21481972,33.98329088
8318462,2017,2017-03-08,1931,2017-02-20,1959,5307,1931,1,5,5,1931,0,0,0,NA,0,003,SEVILLE AV,FLORENCE AV,200,N,N,A,-,N,NA,NA,NA,NA,NA,NA,NA,NA,NA,N,3,0,1,2,A,-,11,21954,A,N,G,B,D,A,H,-,C,D,0,Y,NA,NA,NA,Y,Y,N,60,0,1,0,0,1,0,0,0,0,-,-,NA,NA,LOS ANGELES,HUNTINGTON PARK,-118.22244017,33.97446822
8318466,2017,2017-03-08,1931,2017-02-16,1646,5636,1931,4,5,5,1931,0,0,0,NA,0,003,GAGE AV,MALABAR ST,36,W,N,A,-,N,NA,NA,NA,NA,NA,NA,NA,NA,NA,N,4,0,1,2,A,-,03,22350,NA,N,C,C,A,A,H,-,A,A,0,NA,NA,NA,NA,Y,NA,A,01,0,0,1,0,0,0,0,0,0,-,-,NA,NA,LOS ANGELES,HUNTINGTON PARK,-118.22789845,33.9816332
8318470,2017,2017-03-08,1931,2017-02-19,1632,5646,1931,7,5,5,1931,0,0,0,NA,0,001,GAGE AV,RUGBY AV,0,NA,Y,A,-,N,NA,NA,NA,NA,NA,NA,NA,NA,NA,N,4,0,2,2,D,-,00,NA,NA,N,D,C,A,A,H,-,A,A,0,NA,NA,NA,NA,Y,NA,-,-,0,0,2,0,0,0,0,0,0,-,-,NA,NA,LOS ANGELES,HUNTINGTON PARK,-118.22655008,33.98163003
8318474,2017,2017-03-08,1931,2017-02-13,1815,2413,1931,1,5,5,1931,0,0,0,NA,0,003,SATURN AV,SANTA FE AV,0,NA,Y,A,-,N,NA,NA,NA,NA,NA,NA,NA,NA,NA,N,4,0,1,2,A,-,09,21800,A,N,D,C,A,A,H,-,C,A,0,NA,NA,NA,NA,Y,NA,-,NA,0,0,1,0,0,0,0,0,0,-,-,NA,NA,LOS ANGELES,HUNTINGTON PARK,-118.23029002,33.97692005
8318478,2017,2017-03-08,1955,2017-02-08,0806,41138,0097,3,5,6,1955,0,0,0,NA,0,004,4TH ST,SAN ANTONIO AV,0,NA,Y,B,-,N,NA,NA,NA,NA,NA,NA,NA,NA,NA,Y,3,0,2,2,A,-,09,21804,A,N,D,C,A,A,H,-,A,A,0,NA,NA,NA,NA,Y,NA,A,07,0,1,1,0,0,0,0,0,0,-,-,NA,NA,LOS ANGELES,POMONA,-117.73698013,34.05633002
8318482,2017,2018-04-23,1923,2017-02-24,1406,472,318,5,5,3,1923,0,0,0,NA,0,3M5,SEPULVEDA BL,PARK PL,129,S,N,A,-,Y,LA,7,1,-,-,24.13,H,-,N,Y,4,0,1,3,A,-,01,23153,A,N,C,C,A,A,H,-,A,A,0,NA,NA,NA,NA,Y,Y,A,01,0,0,1,0,0,0,0,0,0,-,-,33.90517,-118.39617,LOS ANGELES,EL SEGUNDO,-118.39611027,33.90492934
8318483,2017,2017-03-13,1900,2017-02-09,1020,523421,0645,4,5,6,1985,0,0,0,NA,0,64T1,NEWHALL RANCH RD,DICKASON DR,280,E,N,A,-,N,NA,NA,NA,NA,NA,NA,NA,NA,NA,N,3,0,1,2,A,-,09,21804,A,N,F,A,A,A,H,-,A,D,0,NA,NA,Y,NA,Y,NA,A,07,0,1,0,0,0,0,0,0,1,-,-,NA,NA,LOS ANGELES,SANTA CLARITA,-118.56357633,34.43604039
8318487,2017,2017-03-13,1900,2017-03-10,0930,273453,0628,5,5,6,1985,0,0,0,NA,0,60T5,LYONS AV,RT 5,329,E,N,B,-,N,NA,NA,NA,NA,NA,NA,NA,NA,NA,Y,4,0,1,2,A,-,07,21658,A,N,B,C,A,A,H,-,A,D,0,NA,NA,NA,NA,Y,NA,A,01,0,0,1,0,0,0,0,0,0,-,NF,NA,NA,LOS ANGELES,SANTA CLARITA,-118.56470701,34.37856605