CASE_ID,ACCIDENT_YEAR,PROC_DATE,JURIS,COLLISION_DATE,COLLISION_TIME,OFFICER_ID,REPORTING_DISTRICT,DAY_OF_WEEK,CHP_SHIFT,POPULATION,CNTY_CITY_LOC,SPECIAL_COND,BEAT_TYPE,CHP_BEAT_TYPE,CITY_DIVISION_LAPD,CHP_BEAT_CLASS,BEAT_NUMBER,PRIMARY_RD,SECONDARY_RD,DISTANCE,DIRECTION,INTERSECTION,WEATHER_1,WEATHER_2,STATE_HWY_IND,CALTRANS_COUNTY,CALTRANS_DISTRICT,STATE_ROUTE,ROUTE_SUFFIX,POSTMILE_PREFIX,POSTMILE,LOCATION_TYPE,RAMP_INTERSECTION,SIDE_OF_HWY,TOW_AWAY,COLLISION_SEVERITY,NUMBER_KILLED,NUMBER_INJURED,PARTY_COUNT,PRIMARY_COLL_FACTOR,PCF_CODE_OF_VIOL,PCF_VIOL_CATEGORY,PCF_VIOLATION,PCF_VIOL_SUBSECTION,HIT_AND_RUN,TYPE_OF_COLLISION,MVIW,PED_ACTION,ROAD_SURFACE,ROAD_COND_1,ROAD_COND_2,LIGHTING,CONTROL_DEVICE,CHP_ROAD_TYPE,PEDESTRIAN_ACCIDENT,BICYCLE_ACCIDENT,MOTORCYCLE_ACCIDENT,TRUCK_ACCIDENT,NOT_PRIVATE_PROPERTY,ALCOHOL_INVOLVED,STWD_VEHTYPE_AT_FAULT,CHP_VEHTYPE_AT_FAULT,COUNT_SEVERE_INJ,COUNT_VISIBLE_INJ,COUNT_COMPLAINT_PAIN,COUNT_PED_KILLED,COUNT_PED_INJURED,COUNT_BICYCLIST_KILLED,COUNT_BICYCLIST_INJURED,COUNT_MC_KILLED,COUNT_MC_INJURED,PRIMARY_RAMP,SECONDARY_RAMP,LATITUDE,LONGITUDE,COUNTY,CITY,POINT_X,POINT_Y
8324045,2017,2017-03-23,1942,2017-01-27,0745,42095,1406,5,5,7,1942,0,0,0,N,0,14A27,MOTOR AV,TABOR ST,180,N,N,A,-,N,NA,NA,NA,NA,NA,NA,NA,NA,NA,N,3,0,1,3,A,-,17,21209,A,N,C,C,A,A,H,-,A,D,0,NA,NA,NA,NA,Y,NA,A,01,0,1,0,0,0,0,0,0,0,-,-,NA,NA,LOS ANGELES,LOS ANGELES,-118.40767414,34.02531342
8324047,2017,2017-03-23,1942,2017-01-31,1620,40726,0204,2,5,7,1942,0,0,0,B,0,24TL54,SUNSET BL,SANBORN AV,15,E,N,A,-,N,NA,NA,NA,NA,NA,NA,NA,NA,NA,Y,3,0,2,1,A,-,08,22107,NA,N,A,I,A,A,H,-,A,D,0,NA,NA,NA,NA,Y,NA,A,07,0,1,1,0,0,0,0,0,0,-,-,NA,NA,LOS ANGELES,LOS ANGELES,-118.28032997,34.09242732
8324048,2017,2017-03-23,1942,2017-01-29,1920,39761,1162,7,5,7,1942,0,0,0,K,0,24T53,RODNEY DR,SUNSET BL,116,N,N,A,-,N,NA,NA,NA,NA,NA,NA,NA,NA,NA,N,4,0,1,2,A,-,06,21755,A,N,D,C,A,A,H,-,C,D,0,NA,NA,NA,NA,Y,NA,A,01,0,0,1,0,0,0,0,0,0,-,-,NA,NA,LOS ANGELES,LOS ANGELES,-118.28977,34.09816
8324049,2017,2017-03-23,1924,2017-01-13,0724,77534,29,5,5,5,1924,0,0,0,NA,0,8L4D,MANHATTAN BEACH BL,MARIGOLD AV,0,NA,Y,A,-,N,NA,NA,NA,NA,NA,NA,NA,NA,NA,Y,4,0,1,2,A,-,09,21802,A,N,D,C,A,A,H,-,A,D,0,NA,NA,NA,NA,Y,NA,A,01,0,0,1,0,0,0,0,0,0,-,-,33.88739,-118.32344,LOS ANGELES,GARDENA,-118.32346005,33.8874401
8324051,2017,2017-03-23,1942,2017-01-28,1600,42553,0218,6,5,7,1942,0,0,0,B,0,4A66,SUNSET BL,LAVETA TER,18,E,N,A,-,N,NA,NA,NA,NA,NA,NA,NA,NA,NA,Y,3,0,4,2,A,-,09,21801,A,N,A,C,A,A,H,-,A,A,0,NA,NA,NA,NA,Y,NA,A,01,0,2,2,0,0,0,0,0,0,-,-,NA,NA,LOS ANGELES,LOS ANGELES,-118.25622717,34.07626755
8324052,2017,2017-03-23,1942,2017-01-30,0540,37146,0848,1,5,7,1942,0,0,0,H,0,8A95,CENTURY PARK EAST,EMPYREAN,200,N,N,A,-,N,NA,NA,NA,NA,NA,NA,NA,NA,NA,N,2,0,1,2,A,-,11,21956,A,N,B,B,E,A,H,-,C,D,0,Y,NA,NA,NA,Y,NA,N,60,1,0,0,0,1,0,0,0,0,-,-,NA,NA,LOS ANGELES,LOS ANGELES,-118.40825851,34.05531069
8324054,2017,2017-06-15,1973,2017-01-17,1824,614,1973,2,5,1,1973,0,0,0,NA,0,003,BANDINI BL,ATLANTIC BL,328,E,N,A,-,N,NA,NA,NA,NA,NA,NA,NA,NA,NA,N,4,0,1,2,A,-,03,22350,NA,N,C,C,A,A,H,-,C,A,0,NA,NA,NA,NA,Y,NA,A,01,0,0,1,0,0,0,0,0,0,-,-,NA,NA,LOS ANGELES,VERNON,-118.17445429,33.99802337
8324055,2017,2017-03-23,1942,2017-01-31,1659,40592,0239,2,5,7,1942,0,0,0,B,0,24T53,W TEMPLE ST,N BEAUDRY AV,30,E,N,A,-,N,NA,NA,NA,NA,NA,NA,NA,NA,NA,N,4,0,2,2,A,-,03,22350,NA,N,C,C,A,A,H,-,A,A,0,NA,NA,NA,NA,Y,NA,A,01,0,0,2,0,0,0,0,0,0,-,-,NA,NA,LOS ANGELES,LOS ANGELES,-118.25130425,34.06313206
8324056,2017,2017-03-23,1942,2017-01-31,1240,41907,0851,2,5,7,1942,0,0,0,H,0,8X48,KIOWA AV,BUNDY DR,150,E,N,A,-,N,NA,NA,NA,NA,NA,NA,NA,NA,NA,N,3,0,1,3,A,-,08,22107,NA,N,A,C,A,A,H,-,A,D,0,NA,NA,Y,NA,Y,NA,A,01,0,1,0,0,0,0,0,0,1,-,-,NA,NA,LOS ANGELES,LOS ANGELES,-118.46794404,34.04673547
8324058,2017,2017-06-15,1973,2017-01-16,1820,606,1973,1,5,1,1973,0,0,0,NA,0,0A3,ATLANTIC AV,LA RIVER,700,N,N,A,-,N,NA,NA,NA,NA,NA,NA,NA,NA,NA,Y,2,0,1,2,A,-,08,22102,NA,N,D,C,A,A,H,-,C,D,0,NA,NA,Y,NA,Y,NA,A,01,1,0,0,0,0,0,0,0,1,-,-,NA,NA,LOS ANGELES,VERNON,-118.180488,33.996097
8324059,2017,2017-03-23,1942,2017-01-24,0940,32973,0233,2,5,7,1942,0,0,0,B,0,24TL43,BEVERLY BL,OCCIDENTAL BL,0,NA,Y,A,-,N,NA,NA,NA,NA,NA,NA,NA,NA,NA,Y,3,0,2,2,A,-,04,21703,NA,N,C,C,A,A,H,-,A,D,0,NA,NA,NA,NA,Y,NA,A,07,0,1,1,0,0,0,0,0,0,-,-,NA,NA,LOS ANGELES,LOS ANGELES,-118.28015006,34.07094008
8324060,2017,2017-03-23,1942,2017-01-30,1130,42640,0162,1,5,7,1942,0,0,0,A,0,1A84,S FLOWER ST,W 9TH ST,0,NA,Y,A,-,N,NA,NA,NA,NA,NA,NA,NA,NA,NA,N,4,0,1,2,A,-,12,21453,A,F,G,B,B,A,H,-,A,A,0,Y,NA,NA,NA,Y,NA,-,99,0,0,1,0,1,0,0,0,0,-,-,NA,NA,LOS ANGELES,LOS ANGELES,-118.26140002,34.04580005
8324062,2017,2017-03-27,1973,2017-01-28,0857,568,1973,6,5,1,1973,0,0,0,NA,0,002,FRUITLAND AV,ALCOA AV,0,NA,Y,A,-,N,NA,NA,NA,NA,NA,NA,NA,NA,NA,Y,3,0,2,2,D,-,00,NA,NA,N,D,C,A,A,H,-,A,A,0,NA,NA,NA,NA,Y,NA,-,-,0,1,1,0,0,0,0,0,0,-,-,NA,NA,LOS ANGELES,VERNON,-118.20862007,33.99657003
8324064,2017,2017-03-23,1942,2017-01-01,0330,33757,0857,7,5,7,1942,0,0,0,H,0,8T35,BEVERLY DR,PICO BL,0,NA,Y,A,-,N,NA,NA,NA,NA,NA,NA,NA,NA,NA,Y,4,0,1,2,A,-,12,21453,A,F,D,C,A,A,H,-,C,A,0,NA,NA,NA,NA,Y,NA,A,01,0,0,1,0,0,0,0,0,0,-,-,NA,NA,LOS ANGELES,LOS ANGELES,-118.39544004,34.05527003
8324066,2017,2017-06-15,1973,2017-01-24,1440,567,1973,2,5,1,1973,0,0,0,NA,0,001,SOTO ST,54TH ST,0,NA,Y,A,-,N,NA,NA,NA,NA,NA,NA,NA,NA,NA,N,3,0,1,2,A,-,10,21950,A,N,G,B,B,A,H,-,A,D,0,Y,NA,NA,NA,Y,NA,A,01,0,1,0,0,1,0,0,0,0,-,-,NA,NA,LOS ANGELES,VERNON,-118.21945,33.99362006
8324067,2017,2017-03-23,1942,2017-01-31,0935,38838,0248,2,5,7,1942,0,0,0,B,0,2A47,3RD ST,LOMA DR,50,E,N,A,-,N,NA,NA,NA,NA,NA,NA,NA,NA,NA,N,4,0,1,2,A,-,04,21703,NA,N,C,C,A,A,H,-,A,D,0,NA,NA,NA,NA,Y,NA,A,07,0,0,1,0,0,0,0,0,0,-,-,NA,NA,LOS ANGELES,LOS ANGELES,-118.2654215,34.0598406
8324068,2017,2017-03-23,1942,2017-01-26,2340,25495,2024,4,5,7,1942,0,0,0,NA,0,7T23,WILSHIRE BL,NORMANDIE AV,32,E,N,A,-,N,NA,NA,NA,NA,NA,NA,NA,NA,NA,N,4,0,1,2,A,-,03,22350,NA,F,C,C,A,A,H,-,C,D,0,NA,NA,NA,NA,Y,NA,-,99,0,0,1,0,0,0,0,0,0,-,-,NA,NA,LOS ANGELES,LOS ANGELES,-118.30028459,34.0617424
8324069,2017,2017-03-22,1924,2017-01-09,2315,112602,17,1,5,5,1924,0,0,0,NA,0,8T2,ROSECRANS AV,WESTERN AV,38,E,N,A,-,N,NA,NA,NA,NA,NA,NA,NA,NA,NA,N,4,0,1,2,A,-,01,23152,A,M,C,C,A,A,H,-,C,A,0,NA,NA,NA,NA,Y,Y,A,01,0,0,1,0,0,0,0,0,0,-,-,33.90192,-118.30915,LOS ANGELES,GARDENA,-118.30900501,33.90193
8324071,2017,2017-03-29,1942,2017-01-24,2130,40513,0269,2,5,7,1942,0,0,0,B,0,2A45,7TH ST,COLUMBIA,20,W,N,A,-,N,NA,NA,NA,NA,NA,NA,NA,NA,NA,N,4,0,1,2,A,-,17,22517,NA,N,B,G,A,A,H,-,C,D,0,NA,Y,NA,NA,Y,NA,A,01,0,0,1,0,0,0,1,0,0,-,-,NA,NA,LOS ANGELES,LOS ANGELES,-118.26861804,34.05276597
8324072,2017,2017-03-23,1942,2017-01-31,0832,31476,0182,2,5,7,1942,0,0,0,A,0,24TL23,GRAND AV,PICO ST,0,NA,Y,A,-,N,NA,NA,NA,NA,NA,NA,NA,NA,NA,Y,4,0,2,2,A,-,07,21658,A,N,B,C,A,A,H,-,A,A,0,NA,NA,NA,NA,Y,NA,A,07,0,0,2,0,0,0,0,0,0,-,-,NA,NA,LOS ANGELES,LOS ANGELES,-118.26432006,34.03889009
8324073,2017,2017-03-22,1924,2017-01-11,1203,105486,39,3,5,5,1924,0,0,0,NA,0,8L9D,REDONDO BEACH BL,NUANU DR,330,E,N,A,-,N,NA,NA,NA,NA,NA,NA,NA,NA,NA,N,4,0,1,2,A,-,21,22106,NA,N,D,C,A,A,H,-,A,D,0,NA,NA,NA,NA,Y,NA,A,01,0,0,1,0,0,0,0,0,0,-,-,33.89061,-118.30271,LOS ANGELES,GARDENA,-118.30168425,33.89089858
8324074,2017,2017-06-15,1973,2017-01-24,0555,612,1973,2,5,1,1973,0,0,0,NA,0,001,ALAMEDA ST,52ND ST,172,S,N,B,-,N,NA,NA,NA,NA,NA,NA,NA,NA,NA,N,3,0,1,2,A,-,03,22350,NA,F,C,G,A,A,H,-,C,D,0,NA,Y,NA,NA,Y,NA,-,NA,0,1,0,0,0,0,1,0,0,-,-,NA,NA,LOS ANGELES,VERNON,-118.2381756,33.99469917
8324075,2017,2017-03-23,1942,2017-01-25,1740,39761,0249,3,5,7,1942,0,0,0,B,0,24T53,7TH ST,BIXEL ST,300,E,N,A,-,N,NA,NA,NA,NA,NA,NA,NA,NA,NA,N,4,0,1,2,A,-,04,21703,NA,N,C,C,A,A,H,-,C,D,0,NA,NA,NA,NA,Y,NA,A,01,0,0,1,0,0,0,0,0,0,-,-,NA,NA,LOS ANGELES,LOS ANGELES,-118.26327988,34.05050229
8324076,2017,2017-03-23,1942,2017-01-30,1620,41918,0884,1,5,7,1942,0,0,0,H,0,8X48W4,PICO BL,BENTLEY AV,50,E,N,A,-,N,NA,NA,NA,NA,NA,NA,NA,NA,NA,N,4,0,1,2,A,-,21,22106,NA,N,C,C,A,A,H,-,A,A,0,NA,NA,NA,NA,Y,NA,A,01,0,0,1,0,0,0,0,0,0,-,-,NA,NA,LOS ANGELES,LOS ANGELES,-118.43408682,34.03748782
8324077,2017,2017-03-22,1924,2017-01-11,1107,116230,G44,3,5,5,1924,0,0,0,NA,0,0G6,ARTESIA BL,DALTON AV,0,NA,Y,A,B,N,NA,NA,NA,NA,NA,NA,NA,NA,NA,Y,4,0,2,4,A,-,12,21453,A,N,D,C,A,A,H,-,A,A,0,NA,NA,NA,NA,Y,NA,A,01,0,0,2,0,0,0,0,0,0,-,-,33.87283,-118.30368,LOS ANGELES,GARDENA,-118.30374009,33.87295001
8324078,2017,2017-06-15,1973,2017-01-19,1737,574,1973,4,5,1,1973,0,0,0,NA,0,001,SOTO ST,VERNON AV,0,NA,Y,A,-,N,NA,NA,NA,NA,NA,NA,NA,NA,NA,N,4,0,1,2,A,-,09,21801,A,N,D,C,A,A,H,-,B,A,0,NA,NA,NA,NA,Y,NA,A,01,0,0,1,0,0,0,0,0,0,-,-,NA,NA,LOS ANGELES,VERNON,-118.21967004,34.00545005
8324079,2017,2017-03-23,1942,2017-01-27,0905,37540,0251,5,5,7,1942,0,0,0,B,0,24TL43,RAMPART BL,WILSHIRE BL,285,N,N,A,-,N,NA,NA,NA,NA,NA,NA,NA,NA,NA,N,4,0,1,2,A,-,11,21954,A,N,G,B,D,A,H,-,A,D,0,Y,NA,NA,NA,Y,NA,N,60,0,0,1,0,1,0,0,0,0,-,-,NA,NA,LOS ANGELES,LOS ANGELES,-118.28188043,34.06159624
8324080,2017,2017-03-23,1942,2017-01-31,1130,39061,0835,2,5,7,1942,0,0,0,H,0,8TL26,VETERAN AV,MISSOURI AV,350,N,N,A,-,N,NA,NA,NA,NA,NA,NA,NA,NA,NA,N,4,0,1,2,A,-,03,22350,NA,F,B,C,A,A,H,-,A,D,0,NA,NA,NA,NA,Y,NA,-,99,0,0,1,0,0,0,0,0,0,-,-,NA,NA,LOS ANGELES,LOS ANGELES,-118.43880776,34.04737275
8324083,2016,2017-03-16,1942,2016-12-27,1620,33638,0521,2,5,7,1942,0,0,0,E,0,5Z3,GAFFEY ST,WESTMONT,0,NA,Y,A,-,N,NA,NA,NA,NA,NA,NA,NA,NA,NA,Y,4,0,5,3,A,-,09,21801,NA,N,A,D,A,A,H,-,B,A,0,NA,NA,NA,NA,Y,NA,A,07,0,0,5,0,0,0,0,0,0,-,-,NA,NA,LOS ANGELES,LOS ANGELES,-118.2934201,33.76392012
8324087,2016,2017-03-16,1942,2016-12-17,0050,40024,2075,6,5,7,1942,0,0,0,NA,0,14TL47,VENICE BL,NORMANDIE AV,80,W,N,A,-,N,NA,NA,NA,NA,NA,NA,NA,NA,NA,Y,4,0,1,4,A,-,03,22350,NA,N,C,C,A,A,H,-,C,D,0,NA,NA,NA,NA,Y,NA,A,07,0,0,1,0,0,0,0,0,0,-,-,NA,NA,LOS ANGELES,LOS ANGELES,-118.30128233,34.04364873
8324091,2016,2017-03-15,1942,2016-12-20,2200,37357,2038,2,5,7,1942,0,0,0,NA,0,20A34,7TH,NEW HAMPSHIRE,5,E,N,A,-,N,NA,NA,NA,NA,NA,NA,NA,NA,NA,Y,4,0,1,2,A,-,03,22350,NA,F,C,C,A,A,H,-,C,A,0,NA,NA,NA,NA,Y,NA,-,-,0,0,1,0,0,0,0,0,0,-,-,NA,NA,LOS ANGELES,LOS ANGELES,-118.29287352,34.05979
8324092,2016,2017-03-15,1972,2016-12-08,1054,19767,NA,4,5,6,1972,0,0,0,NA,0,NA,MADRONA AV,EMERALD ST,0,NA,Y,A,-,N,NA,NA,NA,NA,NA,NA,NA,NA,NA,Y,4,0,1,2,A,-,12,21453,A,N,D,C,A,A,H,-,A,A,0,NA,NA,NA,NA,Y,NA,A,NA,0,0,1,0,0,0,0,0,0,-,-,NA,NA,LOS ANGELES,TORRANCE,-118.34484007,33.8413801
8324100,2016,2017-03-15,1972,2016-12-03,1604,19767,NA,6,5,6,1972,0,0,0,NA,0,NA,190TH ST,FALDA AV,0,NA,Y,A,-,N,NA,NA,NA,NA,NA,NA,NA,NA,NA,Y,3,0,2,3,A,-,09,21801,A,N,D,C,A,A,H,-,A,D,0,NA,NA,Y,NA,Y,NA,A,NA,0,2,0,0,0,0,0,0,2,-,-,NA,NA,LOS ANGELES,TORRANCE,-118.3298,33.85831005
8324124,2016,2017-03-15,1900,2016-12-09,1900,5363475,0972,5,5,4,1979,0,0,0,NA,0,93T1,SAN VICENTE BL,DORRINGTON AV,23,N,N,A,-,N,NA,NA,NA,NA,NA,NA,NA,NA,NA,N,4,0,2,2,A,-,09,21801,A,N,D,C,A,A,H,-,C,A,0,NA,NA,NA,NA,Y,NA,A,01,0,0,2,0,0,0,0,0,0,-,-,NA,NA,LOS ANGELES,WEST HOLLYWOOD,-118.38230539,34.08003308
8324132,2016,2017-03-15,1900,2016-12-20,1832,517829,0986,2,5,4,1979,0,0,0,NA,0,93J,SUNSET BL,SUNSET PLAZA DR,0,NA,Y,A,-,N,NA,NA,NA,NA,NA,NA,NA,NA,NA,Y,4,0,1,2,A,-,04,21703,NA,N,C,C,A,A,H,-,C,-,0,NA,NA,NA,NA,Y,NA,A,01,0,0,1,0,0,0,0,0,0,-,-,NA,NA,LOS ANGELES,WEST HOLLYWOOD,-118.37962006,34.09234001
8324332,2017,2017-03-22,1925,2017-02-21,0910,14676,150,2,5,6,1925,0,0,0,NA,0,004,GLENDALE AV,VERDUGO RD,0,NA,Y,B,C,N,NA,NA,NA,NA,NA,NA,NA,NA,NA,N,4,0,1,2,A,-,03,22350,NA,N,C,C,A,B,H,-,A,A,0,NA,NA,NA,NA,Y,NA,A,07,0,0,1,0,0,0,0,0,0,-,-,NA,NA,LOS ANGELES,GLENDALE,-118.23638006,34.16143001
8324471,2017,2017-03-22,1900,2017-03-02,0429,524971,2929,4,5,5,1990,0,0,0,NA,0,292K1,BREA CANYON CUT OFF,PATHFINDER RD,907,S,N,A,-,N,NA,NA,NA,NA,NA,NA,NA,NA,NA,Y,4,0,1,1,A,-,03,22350,NA,N,D,I,A,A,H,-,C,D,0,NA,NA,NA,NA,Y,NA,A,01,0,0,1,0,0,0,0,0,0,-,-,NA,NA,LOS ANGELES,DIAMOND BAR,-117.84506,33.98426
8324482,2017,2017-03-17,1942,2017-01-10,1330,40237,0541,2,5,7,1942,0,0,0,E,0,5T21,CAPITOL DR,AMELIA AV,30,W,N,B,C,N,NA,NA,NA,NA,NA,NA,NA,NA,NA,N,4,0,2,2,A,-,03,22350,A,N,C,C,A,B,H,-,A,A,0,NA,NA,NA,NA,Y,NA,A,08,0,0,2,0,0,0,0,0,0,-,-,NA,NA,LOS ANGELES,LOS ANGELES,-118.30097234,33.75755134
8324483,2017,2017-03-17,1942,2017-03-01,1300,92586,07,3,5,7,1942,0,0,0,G,0,7A33,HAUSER BL,SAN VICENTE,50,S,N,A,-,N,NA,NA,NA,NA,NA,NA,NA,NA,NA,N,4,0,1,2,A,-,11,21956,A,F,G,-,D,A,H,-,A,D,0,Y,NA,NA,NA,Y,NA,N,60,0,0,1,0,1,0,0,0,0,-,-,NA,NA,LOS ANGELES,LOS ANGELES,-118.35480743,34.05380867
8324485,2017,2017-03-17,1942,2017-01-31,2105,24475,0643,2,5,7,1942,0,0,0,F,0,6T7,HOLLYWOOD BL,LA BREA BL,10,E,N,A,-,N,NA,NA,NA,NA,NA,NA,NA,NA,NA,N,4,0,1,2,A,-,10,21950,A,F,G,B,B,A,H,-,C,A,0,Y,NA,NA,NA,Y,NA,-,99,0,0,1,0,1,0,0,0,0,-,-,NA,NA,LOS ANGELES,LOS ANGELES,-118.34518747,34.10159554
8324486,2017,2017-03-17,1942,2017-01-10,1510,40053,0518,2,5,7,1942,0,0,0,E,0,3T58,FRIES AV,JANDISON ST,0,NA,Y,B,-,N,NA,NA,NA,NA,NA,NA,NA,NA,NA,N,3,0,1,2,A,-,10,21950,A,F,G,B,B,A,H,-,A,A,0,Y,NA,NA,NA,Y,NA,-,99,0,1,0,0,1,0,0,0,0,-,-,NA,NA,LOS ANGELES,LOS ANGELES,-118.26595,33.79319
8324487,2017,2017-03-17,1942,2017-03-05,1125,39022,0773,7,5,7,1942,0,0,0,G,0,6TL2,BURNSIDE AV,WASHINGTON BL,75,N,N,B,-,N,NA,NA,NA,NA,NA,NA,NA,NA,NA,Y,2,0,1,2,A,-,03,22350,NA,N,C,E,A,A,H,-,A,D,0,NA,NA,Y,NA,Y,NA,C,02,1,0,0,0,0,0,0,0,1,-,-,NA,NA,LOS ANGELES,LOS ANGELES,-118.35773861,34.04061404
8324490,2017,2017-03-17,1924,2017-01-07,1738,113166,15,6,5,5,1924,0,0,0,NA,0,0G1,VAN NESS AV,ROSECRANS AV,40,N,N,A,-,N,NA,NA,NA,NA,NA,NA,NA,NA,NA,N,4,0,1,2,A,-,10,21952,NA,N,G,B,F,A,H,-,C,D,0,Y,NA,NA,NA,Y,NA,A,01,0,0,1,0,1,0,0,0,0,-,-,33.90193,-118.31783,LOS ANGELES,GARDENA,-118.3178697,33.90202971
8324491,2017,2017-03-17,1942,2017-03-03,0750,42664,0727,5,5,7,1942,0,0,0,G,0,7A53,HIGHLAND AV,1ST ST,0,NA,Y,A,-,N,NA,NA,NA,NA,NA,NA,NA,NA,NA,Y,4,0,1,2,A,-,09,21801,A,N,B,C,A,A,H,-,A,D,0,NA,NA,NA,NA,Y,NA,A,01,0,0,1,0,0,0,0,0,0,-,-,NA,NA,LOS ANGELES,LOS ANGELES,-118.33865,34.07358
8324494,2017,2017-03-17,1924,2017-01-07,1016,116230,G28,6,5,5,1924,0,0,0,NA,0,0G3,MARINE AV,WADKINS AV,0,NA,Y,B,-,N,NA,NA,NA,NA,NA,NA,NA,NA,NA,N,4,0,1,2,A,-,09,21802,A,N,D,C,A,A,H,-,A,D,0,NA,NA,NA,NA,Y,NA,A,01,0,0,1,0,0,0,0,0,0,-,-,33.89467,-118.32534,LOS ANGELES,GARDENA,-118.32537013,33.89465012
8324495,2017,2018-01-06,1942,2017-03-04,1830,42419,07,6,5,7,1942,0,0,0,G,0,NA,ARLINGTON,RT 10,100,N,N,A,-,Y,LA,7,10,-,R,12.185,R,4,W,N,3,0,1,2,A,-,09,21801,A,N,H,C,A,A,H,-,C,D,0,NA,NA,NA,NA,Y,NA,A,01,0,1,0,0,0,0,0,0,0,-,-,NA,NA,LOS ANGELES,LOS ANGELES,-118.32001109,34.03647242
8324498,2017,2017-03-17,1924,2017-01-06,2303,115299,G49,5,5,5,1924,0,0,0,NA,0,NA,VERMONT AV,167TH ST,34,S,N,A,-,N,NA,NA,NA,NA,NA,NA,NA,NA,NA,N,2,0,2,2,A,-,11,21954,A,N,G,B,D,A,H,-,C,D,0,Y,NA,NA,NA,Y,Y,N,60,1,0,1,0,1,0,0,0,0,-,-,33.8678,-118.29118,LOS ANGELES,GARDENA,-118.29123595,33.87969681
8324499,2017,2017-03-17,1942,2017-03-01,1630,40615,2049,3,5,7,1942,0,0,0,NA,0,20FB49,HOOVER ST,JAMES M WOOD BL,0,NA,Y,A,-,N,NA,NA,NA,NA,NA,NA,NA,NA,NA,Y,4,0,1,2,A,-,09,21801,A,N,D,C,A,A,H,-,A,A,0,NA,NA,NA,NA,Y,NA,A,01,0,0,1,0,0,0,0,0,0,-,-,NA,NA,LOS ANGELES,LOS ANGELES,-118.28425,34.05586
8324502,2017,2017-03-17,1942,2017-01-10,1510,41521,0521,2,5,7,1942,0,0,0,E,0,5T21,GAFFEY ST,CAPITOL DR,250,S,N,B,C,N,NA,NA,NA,NA,NA,NA,NA,NA,NA,N,3,0,2,2,A,-,05,21650,1,N,D,G,A,B,H,-,A,A,0,NA,Y,NA,NA,Y,NA,L,04,0,1,1,0,0,0,1,0,0,-,-,NA,NA,LOS ANGELES,LOS ANGELES,-118.2924705,33.75845298
8324503,2017,2017-03-17,1942,2017-03-05,1320,36783,0789,7,5,7,1942,0,0,0,G,0,7A53,ARLINGTON AV,WASHINGTON BL,0,NA,Y,B,-,N,NA,NA,NA,NA,NA,NA,NA,NA,NA,Y,3,0,1,2,A,-,07,21658,A,N,B,C,A,A,H,-,A,A,0,NA,NA,Y,NA,Y,NA,A,01,0,1,0,0,0,0,0,0,1,-,-,NA,NA,LOS ANGELES,LOS ANGELES,-118.31773013,34.03989006
8324506,2017,2017-03-17,1942,2017-01-20,0025,41921,0358,5,5,7,1942,0,0,0,C,0,5T23,JEFFERSON BL,ORCHARD AV,74,W,N,C,-,N,NA,NA,NA,NA,NA,NA,NA,NA,NA,Y,2,0,4,7,A,-,03,22350,NA,F,B,C,A,B,H,-,C,D,0,NA,NA,NA,NA,Y,NA,A,01,3,1,0,0,0,0,0,0,0,-,-,NA,NA,LOS ANGELES,LOS ANGELES,-118.28849349,34.02555936
8324507,2017,2017-03-17,1942,2017-03-03,1535,41354,0729,5,5,7,1942,0,0,0,G,0,7A33,3RD ST,MUIRFIELD RD,0,NA,Y,A,-,N,NA,NA,NA,NA,NA,NA,NA,NA,NA,Y,3,0,1,2,A,-,09,21802,A,N,D,C,A,A,H,-,A,D,0,NA,NA,NA,NA,Y,NA,A,01,0,1,0,0,0,0,0,0,0,-,-,NA,NA,LOS ANGELES,LOS ANGELES,-118.32879007,34.06895011
8324511,2017,2017-03-17,1942,2017-03-06,2240,39624,2071,1,5,7,1942,0,0,0,NA,0,8T35,WESTERN AV,VENICE BL,0,NA,Y,A,-,N,NA,NA,NA,NA,NA,NA,NA,NA,NA,Y,4,0,3,3,A,-,01,23152,A,F,D,C,A,A,H,-,D,A,0,NA,NA,NA,NA,Y,Y,A,08,0,0,3,0,0,0,0,0,0,-,-,NA,NA,LOS ANGELES,LOS ANGELES,-118.30903013,34.04357006
8324512,2017,2017-03-17,1942,2017-03-01,1910,40291,1977,3,5,7,1942,0,0,0,NA,0,9T57,OSBORNE ST,BEACHY AV,230,E,N,A,-,N,NA,NA,NA,NA,NA,NA,NA,NA,NA,N,4,0,1,2,A,-,11,21954,A,F,C,B,D,A,H,-,C,A,0,Y,NA,NA,NA,Y,Y,N,60,0,0,1,0,1,0,0,0,0,-,-,NA,NA,LOS ANGELES,LOS ANGELES,-118.42881138,34.2400883
8324513,2017,2017-03-17,1900,2017-01-05,1915,609678,1326,4,5,5,1935,0,0,0,NA,0,132T1,CANDOR ST,JOSIE AV,0,NA,Y,A,-,N,NA,NA,NA,NA,NA,NA,NA,NA,NA,Y,3,0,1,2,A,-,08,22107,NA,N,C,E,A,A,H,-,C,D,0,NA,NA,NA,NA,Y,NA,A,01,0,1,0,0,0,0,0,0,0,-,-,NA,NA,LOS ANGELES,LAKEWOOD,-118.10453002,33.85514009