CASE_ID,ACCIDENT_YEAR,PROC_DATE,JURIS,COLLISION_DATE,COLLISION_TIME,OFFICER_ID,REPORTING_DISTRICT,DAY_OF_WEEK,CHP_SHIFT,POPULATION,CNTY_CITY_LOC,SPECIAL_COND,BEAT_TYPE,CHP_BEAT_TYPE,CITY_DIVISION_LAPD,CHP_BEAT_CLASS,BEAT_NUMBER,PRIMARY_RD,SECONDARY_RD,DISTANCE,DIRECTION,INTERSECTION,WEATHER_1,WEATHER_2,STATE_HWY_IND,CALTRANS_COUNTY,CALTRANS_DISTRICT,STATE_ROUTE,ROUTE_SUFFIX,POSTMILE_PREFIX,POSTMILE,LOCATION_TYPE,RAMP_INTERSECTION,SIDE_OF_HWY,TOW_AWAY,COLLISION_SEVERITY,NUMBER_KILLED,NUMBER_INJURED,PARTY_COUNT,PRIMARY_COLL_FACTOR,PCF_CODE_OF_VIOL,PCF_VIOL_CATEGORY,PCF_VIOLATION,PCF_VIOL_SUBSECTION,HIT_AND_RUN,TYPE_OF_COLLISION,MVIW,PED_ACTION,ROAD_SURFACE,ROAD_COND_1,ROAD_COND_2,LIGHTING,CONTROL_DEVICE,CHP_ROAD_TYPE,PEDESTRIAN_ACCIDENT,BICYCLE_ACCIDENT,MOTORCYCLE_ACCIDENT,TRUCK_ACCIDENT,NOT_PRIVATE_PROPERTY,ALCOHOL_INVOLVED,STWD_VEHTYPE_AT_FAULT,CHP_VEHTYPE_AT_FAULT,COUNT_SEVERE_INJ,COUNT_VISIBLE_INJ,COUNT_COMPLAINT_PAIN,COUNT_PED_KILLED,COUNT_PED_INJURED,COUNT_BICYCLIST_KILLED,COUNT_BICYCLIST_INJURED,COUNT_MC_KILLED,COUNT_MC_INJURED,PRIMARY_RAMP,SECONDARY_RAMP,LATITUDE,LONGITUDE,COUNTY,CITY,POINT_X,POINT_Y
8334228,2017,2017-07-11,1942,2017-03-16,2320,42169,0833,4,5,7,1942,0,0,0,H,0,8A98,WILSHIRE BL,MALCOLM AV,10,W,N,A,-,N,NA,NA,NA,NA,NA,NA,NA,NA,NA,Y,4,0,1,2,A,-,04,21703,NA,N,C,C,A,A,H,-,C,A,0,NA,NA,NA,NA,Y,NA,A,01,0,0,1,0,0,0,0,0,0,-,-,NA,NA,LOS ANGELES,LOS ANGELES,-118.43979135,34.05989153
8334230,2017,2017-03-29,1942,2017-03-12,1845,41977,0398,7,5,7,1942,0,0,0,C,0,5T21,43RD ST,HOOVER ST,155,E,N,A,-,N,NA,NA,NA,NA,NA,NA,NA,NA,NA,N,3,0,1,2,A,-,11,21956,A,F,G,B,E,A,H,-,C,A,0,Y,NA,NA,NA,Y,NA,N,60,0,1,0,0,1,0,0,0,0,-,-,NA,NA,LOS ANGELES,LOS ANGELES,-118.28721,34.0055
8334232,2017,2017-03-30,1942,2017-03-15,1740,41288,0834,3,5,7,1942,0,0,0,H,0,8Z42,WILSHIRE,MALCOLM,0,NA,Y,A,-,N,NA,NA,NA,NA,NA,NA,NA,NA,NA,Y,4,0,3,3,A,-,08,22107,NA,N,D,C,A,A,H,-,A,D,0,NA,NA,NA,NA,Y,NA,A,01,0,0,3,0,0,0,0,0,0,-,-,NA,NA,LOS ANGELES,LOS ANGELES,-118.43976009,34.05990001
8334236,2017,2017-03-30,1942,2017-03-17,1850,41957,0815,5,5,7,1942,0,0,0,H,0,20T59,SUNSET BL,GLENROY AV,65,W,N,A,-,N,NA,NA,NA,NA,NA,NA,NA,NA,NA,Y,4,0,1,3,A,-,03,22350,NA,N,C,C,A,A,H,-,C,A,0,NA,NA,NA,NA,Y,NA,A,07,0,0,1,0,0,0,0,0,0,-,-,NA,NA,LOS ANGELES,LOS ANGELES,-118.46139206,34.07306455
8334239,2017,2017-03-30,1942,2017-03-14,1030,42519,0752,2,5,7,1942,0,0,0,G,0,8A12,LA CIENEGA,PICO,0,NA,Y,A,-,N,NA,NA,NA,NA,NA,NA,NA,NA,NA,N,4,0,1,2,A,-,08,22107,NA,N,B,C,A,A,H,-,A,A,0,NA,NA,NA,NA,Y,NA,A,01,0,0,1,0,0,0,0,0,0,-,-,NA,NA,LOS ANGELES,LOS ANGELES,-118.37617012,34.05334003
8334240,2017,2017-03-30,1942,2017-03-15,0518,42688,0832,3,5,7,1942,0,0,0,H,0,8A35,WILSHIRE BL,BARRINGTON,0,NA,Y,A,-,N,NA,NA,NA,NA,NA,NA,NA,NA,NA,Y,4,0,1,2,A,-,12,21453,A,N,D,C,A,A,H,-,C,A,0,NA,NA,NA,NA,Y,NA,A,01,0,0,1,0,0,0,0,0,0,-,-,NA,NA,LOS ANGELES,LOS ANGELES,-118.46087003,34.04948002
8334241,2017,2017-03-30,1942,2017-03-12,1320,39022,0847,7,5,7,1942,0,0,0,H,0,8TL26,ALMAYO AV,BEVERLY GLEN BL,0,NA,Y,A,-,N,NA,NA,NA,NA,NA,NA,NA,NA,NA,Y,3,0,4,2,A,-,09,21802,A,N,D,C,A,A,H,-,A,A,0,NA,NA,NA,NA,Y,NA,A,07,0,1,3,0,0,0,0,0,0,-,-,NA,NA,LOS ANGELES,LOS ANGELES,-118.41774005,34.04707009
8334242,2017,2017-03-30,1942,2017-03-15,2005,25495,0827,3,5,7,1942,0,0,0,H,0,7T23,BARRINGTON AV,GORHAM AV,20,S,N,A,-,N,NA,NA,NA,NA,NA,NA,NA,NA,NA,N,4,0,1,2,A,-,03,22350,NA,N,C,C,A,A,H,-,C,D,0,NA,NA,NA,NA,Y,NA,A,01,0,0,1,0,0,0,0,0,0,-,-,NA,NA,LOS ANGELES,LOS ANGELES,-118.46599486,34.05399002
8334246,2017,2017-03-30,1942,2017-03-11,1205,40157,0824,6,5,7,1942,0,0,0,H,0,7TL38,WEST CHANNEL RD,MESA RD,0,NA,Y,A,-,N,NA,NA,NA,NA,NA,NA,NA,NA,NA,Y,3,0,1,2,A,-,09,21801,A,N,D,C,A,A,H,-,A,A,0,NA,NA,NA,NA,Y,NA,A,07,0,1,0,0,0,0,0,0,0,-,-,NA,NA,LOS ANGELES,LOS ANGELES,-118.51532005,34.03031001
8334250,2017,2017-03-30,1942,2017-03-15,1130,38590,0807,3,5,7,1942,0,0,0,H,0,7TL23,BEVERLY GLEN BL,MONTLINE LN,110,S,N,A,-,N,NA,NA,NA,NA,NA,NA,NA,NA,NA,Y,3,0,1,2,A,-,08,22107,NA,N,C,E,A,A,H,-,A,A,0,NA,NA,NA,NA,Y,NA,A,07,0,1,0,0,0,0,0,0,0,-,-,NA,NA,LOS ANGELES,LOS ANGELES,-118.438279,34.090945
8334254,2017,2017-03-30,1942,2017-03-13,1155,41679,1434,1,5,7,1942,0,0,0,N,0,14A49,WALGROVE AV,PALMS BL,0,NA,Y,A,-,N,NA,NA,NA,NA,NA,NA,NA,NA,NA,Y,4,0,2,2,A,-,09,21801,A,N,A,C,A,A,H,-,A,A,0,NA,NA,NA,NA,Y,NA,A,01,0,0,2,0,0,0,0,0,0,-,-,NA,NA,LOS ANGELES,LOS ANGELES,-118.45109006,34.00342007
8334258,2017,2017-03-30,1942,2017-03-12,2010,39611,1453,7,5,7,1942,0,0,0,N,0,14A45,MAXELLA AV,GLENCOE AV,0,NA,Y,E,-,N,NA,NA,NA,NA,NA,NA,NA,NA,NA,N,4,0,3,4,A,-,12,21457,A,N,G,B,C,A,H,-,C,A,0,Y,NA,NA,NA,Y,NA,A,07,0,0,3,0,3,0,0,0,0,-,-,NA,NA,LOS ANGELES,LOS ANGELES,-118.44031005,33.98722008
8334262,2017,2017-04-06,1942,2017-03-09,1345,37614,1449,4,5,7,1942,0,0,0,N,0,6TL4,VENICE BL,MCLAUGHLIN AV,0,NA,Y,A,-,N,NA,NA,NA,NA,NA,NA,NA,NA,NA,Y,3,0,2,2,A,-,12,21453,A,N,D,D,A,A,H,-,A,A,0,NA,NA,NA,NA,Y,NA,A,08,0,1,1,0,0,0,0,0,0,-,-,NA,NA,LOS ANGELES,LOS ANGELES,-118.42465009,34.00872011
8334266,2017,2017-04-06,1942,2017-03-04,1700,41535,1401,6,5,7,1942,0,0,0,N,0,14A27,BUNDY DR,PEARL ST,480,S,N,A,-,N,NA,NA,NA,NA,NA,NA,NA,NA,NA,Y,4,0,2,3,A,-,03,22350,NA,N,C,C,A,A,H,-,A,D,0,NA,NA,NA,NA,Y,NA,A,01,0,0,2,0,0,0,0,0,0,-,-,NA,NA,LOS ANGELES,LOS ANGELES,-118.44743258,34.02590375
8334270,2017,2017-03-30,1942,2017-03-02,1450,33419,1487,4,5,7,1942,0,0,0,N,0,14FBL8,SEPULVEDA EAST WY,LA TIJERA,15,N,-,A,-,N,NA,NA,NA,NA,NA,NA,NA,NA,NA,N,4,0,1,2,A,-,03,22350,NA,N,C,C,A,A,H,-,A,A,0,NA,NA,NA,NA,Y,NA,A,01,0,0,1,0,0,0,0,0,0,-,-,NA,NA,LOS ANGELES,LOS ANGELES,-118.39623,33.95728114
8334274,2017,2017-04-06,1942,2017-03-02,1920,39666,1444,4,5,7,1942,0,0,0,N,0,14A45,LINCOLN BL,CARTER AV,0,NA,Y,A,-,N,NA,NA,NA,NA,NA,NA,NA,NA,NA,N,4,0,2,3,A,-,04,21703,NA,N,C,C,A,A,-,-,C,D,0,NA,NA,NA,NA,Y,NA,A,01,0,0,2,0,0,0,0,0,0,-,-,NA,NA,LOS ANGELES,LOS ANGELES,NA,NA
8334278,2017,2017-04-06,1942,2017-03-07,0715,42697,1469,2,5,7,1942,0,0,0,N,0,14A73,LA CIENEGA WY,FAIRVIEW BL,0,NA,Y,A,-,N,NA,NA,NA,NA,NA,NA,NA,NA,NA,N,4,0,1,2,A,-,10,21950,A,N,G,B,-,A,H,-,A,D,0,Y,NA,NA,NA,Y,NA,A,01,0,0,1,0,1,0,0,0,0,-,-,NA,NA,LOS ANGELES,LOS ANGELES,-118.37034008,33.97990004
8334282,2017,2017-04-06,1942,2017-03-01,1035,06732,1494,3,5,7,1942,0,0,0,N,0,5MJ31,SKY WY,WORLD WAY NORTH,0,NA,Y,A,-,N,NA,NA,NA,NA,NA,NA,NA,NA,NA,Y,4,0,1,2,A,-,12,21453,A,N,D,C,A,A,H,-,A,A,0,NA,NA,NA,NA,Y,NA,A,01,0,0,1,0,0,0,0,0,0,-,-,NA,NA,LOS ANGELES,LOS ANGELES,-118.39984009,33.94534004
8334284,2017,2017-03-29,1976,2017-02-20,0644,429,NA,1,5,3,1964,0,0,0,NA,0,002,TELEGRAPH RD,CARMENITA RD,49,W,N,C,-,N,NA,NA,NA,NA,NA,NA,NA,NA,NA,Y,4,0,1,2,A,-,08,22100,A,N,B,C,A,B,H,-,A,A,0,NA,NA,NA,NA,Y,NA,A,01,0,0,1,0,0,0,0,0,0,-,-,NA,NA,LOS ANGELES,SANTA FE SPRINGS,-118.0467049,33.94052493
8334286,2017,2017-03-30,1942,2017-03-10,1830,42509,1415,5,5,7,1942,0,0,0,N,0,14A25,LINCOLN BL,CALIFORNIA AV,30,N,N,A,-,N,NA,NA,NA,NA,NA,NA,NA,NA,NA,Y,4,0,2,2,A,-,03,22350,NA,N,C,C,A,A,H,-,C,D,0,NA,NA,NA,NA,Y,NA,A,01,0,0,2,0,0,0,0,0,0,-,-,NA,NA,LOS ANGELES,LOS ANGELES,-118.4611351,33.9980918
8334290,2017,2017-04-10,1942,2017-03-10,1813,37169,1454,5,5,7,1942,0,0,0,N,0,X56,LINCOLN BL,MAXILLA AV,80,N,N,A,-,N,NA,NA,NA,NA,NA,NA,NA,NA,NA,Y,3,0,1,2,A,-,08,22107,NA,N,D,-,A,A,H,-,C,D,0,NA,NA,NA,NA,Y,NA,-,-,0,1,0,0,0,0,0,0,0,-,-,NA,NA,LOS ANGELES,LOS ANGELES,-118.44361106,33.98580532
8334294,2017,2017-03-30,1942,2017-03-01,1125,40452,1412,3,5,7,1942,0,0,0,N,0,14TL49,ABBOTT KINNEY BL,MAIN ST,8,E,N,A,-,N,NA,NA,NA,NA,NA,NA,NA,NA,NA,N,4,0,1,2,A,-,10,21950,A,N,G,B,B,A,H,-,A,A,0,Y,NA,NA,NA,Y,NA,A,01,0,0,1,0,1,0,0,0,0,-,-,NA,NA,LOS ANGELES,LOS ANGELES,-118.47410943,33.99232371
8334483,2017,2017-03-30,1900,2017-02-20,0920,455303,1514,1,5,5,1954,0,0,0,NA,0,151T1,WHITTIER BL,ESPERANZA AV,3,E,N,B,-,N,NA,NA,NA,NA,NA,NA,NA,NA,NA,N,4,0,2,2,A,-,03,22350,A,N,C,C,A,B,H,-,A,A,0,NA,NA,NA,NA,Y,NA,A,01,0,0,2,0,0,0,0,0,0,-,-,NA,NA,LOS ANGELES,PICO RIVERA,-118.07066244,33.99440471
8334488,2017,2017-03-29,1900,2017-02-16,1354,527144,0629,4,5,6,1985,0,0,0,NA,0,62T1,LYONS AV,WAYMAN ST,160,W,N,A,-,N,NA,NA,NA,NA,NA,NA,NA,NA,NA,N,3,0,1,2,D,-,00,NA,NA,N,D,G,A,A,H,-,A,D,0,NA,Y,NA,NA,Y,NA,-,-,0,1,0,0,0,0,1,0,0,-,-,NA,NA,LOS ANGELES,SANTA CLARITA,-118.53863835,34.37995291
8334491,2017,2017-03-30,1944,2017-02-22,1856,224,2M72,3,5,4,1944,0,0,0,NA,0,003,HIGHLAND AV,35TH ST,0,NA,Y,A,-,N,NA,NA,NA,NA,NA,NA,NA,NA,NA,N,4,0,2,3,A,-,10,21950,A,N,G,B,B,A,H,-,C,A,0,Y,NA,NA,NA,Y,NA,A,01,0,0,2,0,2,0,0,0,0,-,-,NA,NA,LOS ANGELES,MANHATTAN BEACH,-118.4172501,33.89968001
8334492,2017,2017-03-29,1942,2017-02-03,0450,37540,1351,5,5,7,1942,0,0,0,M,0,24T41,BROADWAY,41ST PL,0,NA,Y,C,-,N,NA,NA,NA,NA,NA,NA,NA,NA,NA,N,4,0,1,2,A,-,09,21802,A,N,D,C,A,B,H,-,C,D,0,NA,NA,NA,NA,Y,NA,A,01,0,0,1,0,0,0,0,0,0,-,-,NA,NA,LOS ANGELES,LOS ANGELES,-118.27837013,34.00826009
8334495,2017,2017-03-30,1933,2017-02-15,0730,869,04,3,5,6,1933,0,0,0,NA,0,001,BEACH AV,PEPPER CT,0,NA,Y,A,-,N,NA,NA,NA,NA,NA,NA,NA,NA,NA,N,4,0,1,2,D,-,00,NA,NA,N,G,B,B,A,H,-,A,D,0,Y,NA,NA,NA,Y,NA,-,-,0,0,1,0,1,0,0,0,0,-,-,33.97012,-118.36101,LOS ANGELES,INGLEWOOD,-118.36116006,33.97008003
8334496,2017,2017-06-30,1900,2017-02-23,1500,297094,1017,4,5,3,1995,0,0,0,NA,0,224T2,RT 1,LAS FLORES CANYON RD,22,S,N,A,-,Y,LA,7,1,-,-,44.11,H,-,N,Y,4,0,3,3,A,-,04,21703,NA,N,C,C,A,A,H,-,A,A,0,NA,NA,NA,NA,Y,NA,A,NA,0,0,3,0,0,0,0,0,0,-,-,NA,NA,LOS ANGELES,MALIBU,-118.63582937,34.03697196
8334499,2017,2017-03-30,1933,2017-02-08,0857,868,32,3,5,6,1933,0,0,0,NA,0,004,BARTDON AV,10TH AV,68,W,N,A,-,N,NA,NA,NA,NA,NA,NA,NA,NA,NA,N,3,0,1,2,A,-,11,21954,A,N,G,B,D,B,H,-,A,A,0,Y,NA,NA,NA,Y,NA,N,60,0,1,0,0,1,0,0,0,0,-,-,33.94324,-118.32777,LOS ANGELES,INGLEWOOD,-118.32800372,33.94321593
8334504,2017,2017-03-29,1942,2017-02-28,1115,38590,0636,2,5,7,1942,0,0,0,F,0,20T59,HIGHLAND AV,FRANKLIN AV,50,S,N,A,-,N,NA,NA,NA,NA,NA,NA,NA,NA,NA,N,4,0,1,2,A,-,10,21954,B,F,G,B,E,A,H,-,A,A,0,Y,NA,NA,NA,Y,NA,-,99,0,0,1,0,1,0,0,0,0,-,-,NA,NA,LOS ANGELES,LOS ANGELES,-118.33845793,34.10406418
8334507,2017,2017-03-30,1942,2017-02-22,2305,36804,1557,3,5,7,1942,0,0,0,O,0,15A43,MAGNOLIA BL,RIVERTON AV,0,NA,Y,A,-,N,NA,NA,NA,NA,NA,NA,NA,NA,NA,Y,4,0,1,3,A,-,03,22350,NA,N,C,C,A,A,-,-,C,A,0,NA,NA,NA,NA,Y,NA,A,01,0,0,1,0,0,0,0,0,0,-,-,NA,NA,LOS ANGELES,LOS ANGELES,-118.36594007,34.1649001
8334508,2017,2017-03-29,1942,2017-02-18,0120,41957,0645,6,5,7,1942,0,0,0,F,0,6T7,SUNSET BL,LA BREA AV,72,NA,N,C,-,N,NA,NA,NA,NA,NA,NA,NA,NA,NA,N,2,0,2,3,A,-,11,21954,A,F,G,B,D,A,H,-,C,A,0,Y,NA,NA,NA,Y,Y,N,60,1,1,0,0,2,0,0,0,0,-,-,NA,NA,LOS ANGELES,LOS ANGELES,-118.34414003,34.09798012
8334511,2017,2017-03-30,1942,2017-02-26,0800,42544,1506,7,5,7,1942,0,0,0,O,0,15A43,VALERIO ST,ELMER AV,0,NA,Y,B,C,N,NA,NA,NA,NA,NA,NA,NA,NA,NA,Y,4,0,2,3,A,-,21,22106,NA,N,D,C,A,B,H,-,A,D,0,NA,NA,NA,NA,Y,NA,A,01,0,0,2,0,0,0,0,0,0,-,-,NA,NA,LOS ANGELES,LOS ANGELES,-118.37688012,34.20481011
8334520,2017,2017-06-30,1900,2017-02-19,1100,552036,1017,7,5,3,1995,0,0,0,NA,0,101T1,RT 1,BIG ROCK DR,2640,N,N,B,-,Y,LA,7,1,-,-,43.99,H,-,S,N,4,0,1,2,A,-,21,22106,NA,N,C,G,A,A,H,-,A,D,0,NA,Y,NA,NA,Y,NA,A,07,0,0,1,0,0,0,1,0,0,-,-,34.03751,-118.61771,LOS ANGELES,MALIBU,-118.63380892,34.03728878
8334524,2017,2017-03-29,1900,2017-02-28,2015,475023,2263,2,5,2,1993,0,0,0,NA,0,226,LINDERO CANYON RD,HEDGEWALL DR,150,S,N,A,-,N,NA,NA,NA,NA,NA,NA,NA,NA,NA,Y,3,0,1,1,A,-,07,21658,A,N,F,I,A,A,H,-,C,D,0,NA,NA,NA,NA,Y,NA,A,01,0,1,0,0,0,0,0,0,0,-,-,34.16046,-118.79089,LOS ANGELES,WESTLAKE VILLAGE,-118.79070331,34.16126181
8334528,2017,2017-06-30,1900,2017-02-15,1520,550700,1016,3,5,3,1995,0,0,0,NA,0,103A,RT 1,CROSS CREEK RD,5280,S,N,A,-,Y,LA,7,1,-,-,46.09,H,-,N,Y,4,0,2,2,A,-,03,22350,NA,N,C,C,A,A,H,-,A,D,0,NA,NA,NA,NA,Y,NA,A,01,0,0,2,0,0,0,0,0,0,-,-,34.0397,-118.6652,LOS ANGELES,MALIBU,-118.66954316,34.0394925
8334532,2017,2017-03-29,1942,2017-02-27,2305,39746,1432,1,5,7,1942,0,0,0,N,0,14T47,ABBOTT KINNEY,PALMS BL,72,N,N,A,-,N,NA,NA,NA,NA,NA,NA,NA,NA,NA,Y,4,0,2,2,A,-,03,22350,A,N,C,C,A,A,H,-,C,D,0,NA,NA,NA,NA,Y,NA,A,01,0,0,2,0,0,0,0,0,0,-,-,NA,NA,LOS ANGELES,LOS ANGELES,-118.46420015,33.99017506
8334536,2017,2017-04-06,1942,2017-02-15,1430,42379,1822,3,5,7,1942,0,0,0,R,0,5A1,CENTURY BL,BROADWAY AV,0,NA,Y,A,-,N,NA,NA,NA,NA,NA,NA,NA,NA,NA,N,4,0,1,2,A,-,12,21453,A,N,D,C,A,A,H,-,A,A,0,NA,NA,NA,NA,Y,NA,-,-,0,0,1,0,0,0,0,0,0,-,-,NA,NA,LOS ANGELES,LOS ANGELES,-118.27839,33.94555003
8334540,2017,2017-03-29,1942,2017-02-26,1240,42681,1395,7,5,7,1942,0,0,0,M,0,13A93,E 64TH ST,SAN PEDRO,100,E,N,B,-,N,NA,NA,NA,NA,NA,NA,NA,NA,NA,N,4,0,1,2,A,-,00,20001,A,F,D,C,A,A,H,-,A,D,0,NA,NA,NA,NA,Y,Y,-,99,0,0,1,0,0,0,0,0,0,-,-,NA,NA,LOS ANGELES,LOS ANGELES,-118.26925079,33.98152
8334544,2017,2017-03-29,1900,2017-02-13,1850,609650,0263,1,5,4,1917,0,0,0,NA,0,26TP,WILCOX AV,SANTA ANA ST,220,N,N,A,-,N,NA,NA,NA,NA,NA,NA,NA,NA,NA,N,4,0,1,2,A,-,03,22350,NA,N,-,C,A,A,H,-,C,A,0,NA,NA,NA,NA,Y,NA,A,07,0,0,1,0,0,0,0,0,0,-,-,NA,NA,LOS ANGELES,CUDAHY,-118.17916814,33.96076943
8334552,2017,2017-03-29,1942,2017-02-28,0045,37249,1028,2,5,7,1942,0,0,0,J,0,10A17,SHERMAN WY,DE CELIS AV,0,NA,N,A,-,N,NA,NA,NA,NA,NA,NA,NA,NA,NA,Y,3,0,1,1,A,-,03,22350,NA,N,E,I,A,A,H,-,C,D,0,NA,NA,NA,NA,Y,NA,A,01,0,1,0,0,0,0,0,0,0,-,-,NA,NA,LOS ANGELES,LOS ANGELES,-118.49460006,34.20110003
8334555,2016,2017-03-30,1900,2016-11-29,0700,508822,1365,2,5,5,1952,0,0,0,NA,0,136A,ROSECRANS AV,CASTANA AV,0,NA,Y,A,-,N,NA,NA,NA,NA,NA,NA,NA,NA,NA,Y,3,0,1,2,A,-,09,21802,A,N,A,C,A,A,H,-,A,A,0,NA,NA,NA,NA,Y,NA,D,22,0,1,0,0,0,0,0,0,0,-,-,NA,NA,LOS ANGELES,PARAMOUNT,-118.14690001,33.90391006
8334556,2017,2017-03-29,1942,2017-02-24,1325,40157,0644,5,5,7,1942,0,0,0,F,0,6TL2,FULLER AV,SUNSET BL,233,S,N,A,-,N,NA,NA,NA,NA,NA,NA,NA,NA,NA,N,3,0,1,2,A,-,11,21954,A,N,G,B,D,A,H,-,A,D,0,Y,NA,NA,NA,Y,NA,N,60,0,1,0,0,1,0,0,0,0,-,-,NA,NA,LOS ANGELES,LOS ANGELES,-118.34956,34.09736122
8334561,2017,2017-03-30,1942,2017-02-04,0910,38503,1207,6,5,7,1942,0,0,0,L,0,3T5,HOOVER ST,VERNON AV,0,NA,Y,B,-,N,NA,NA,NA,NA,NA,NA,NA,NA,NA,Y,4,0,3,2,A,-,09,21801,A,N,D,C,A,A,H,-,A,A,0,NA,NA,NA,NA,Y,NA,A,08,0,0,3,0,0,0,0,0,0,-,-,NA,NA,LOS ANGELES,LOS ANGELES,-118.28717,34.00372005
8334565,2017,2017-03-30,1942,2017-02-10,0730,36182,1259,5,5,7,1942,0,0,0,L,0,12A69,77TH ST,STANFORD,0,NA,Y,A,-,N,NA,NA,NA,NA,NA,NA,NA,NA,NA,Y,4,0,1,3,A,-,09,21802,A,N,D,C,A,A,H,-,A,D,0,NA,NA,NA,NA,Y,NA,A,01,0,0,1,0,0,0,0,0,0,-,-,NA,NA,LOS ANGELES,LOS ANGELES,-118.26299005,33.96936009
8334566,2016,2017-04-15,1900,2016-11-27,1010,BF0402,1336,7,5,5,1908,0,0,0,NA,0,133Z1,BELLFLOWER BL,ARTESIA BL,8,N,N,C,-,N,NA,NA,NA,NA,NA,NA,NA,NA,NA,N,4,0,1,3,A,-,03,22350,NA,N,C,C,A,B,H,-,A,A,0,NA,NA,NA,NA,Y,NA,D,22,0,0,1,0,0,0,0,0,0,-,-,NA,NA,LOS ANGELES,BELLFLOWER,-118.12522,33.87486194
8334573,2017,2017-03-30,1965,2017-02-07,1147,3693,0B3A,2,5,5,1965,0,0,0,NA,0,1147,WILSHIRE BL,18TH ST,0,NA,Y,B,-,N,NA,NA,NA,NA,NA,NA,NA,NA,NA,Y,4,0,1,2,A,-,09,21802,A,N,D,C,A,B,H,-,A,A,0,NA,NA,NA,NA,Y,NA,A,01,0,0,1,0,0,0,0,0,0,-,-,NA,NA,LOS ANGELES,SANTA MONICA,-118.48510009,34.02985007
8334577,2017,2017-03-30,1925,2017-02-25,1345,25918,2,6,5,6,1925,0,0,0,NA,0,266,ELK AV,PACIFIC AV,18,W,N,B,-,N,NA,NA,NA,NA,NA,NA,NA,NA,NA,Y,4,0,1,2,A,-,08,22100,A,N,B,C,A,A,H,-,A,A,0,NA,NA,NA,NA,Y,NA,A,01,0,0,1,0,0,0,0,0,0,-,-,NA,NA,LOS ANGELES,GLENDALE,-118.26446937,34.14164039
8334586,2017,2017-04-03,1900,2017-01-08,1040,609611,1320,7,5,5,1935,0,0,0,NA,0,132T1,SOUTH ST,RT 19,400,W,N,A,-,N,NA,NA,NA,NA,NA,NA,NA,NA,NA,N,3,0,1,1,D,-,00,NA,NA,N,A,I,A,A,H,-,A,D,0,NA,NA,NA,NA,Y,NA,-,-,0,1,0,0,0,0,0,0,0,-,-,NA,NA,LOS ANGELES,LAKEWOOD,-118.14381838,33.8602552
8334593,2017,2017-04-05,1933,2017-02-19,0001,1008,18,7,5,6,1933,0,0,0,NA,0,001,MANCHESTER BL,LA CIENEGA BL,0,NA,Y,A,-,N,NA,NA,NA,NA,NA,NA,NA,NA,NA,Y,4,0,1,2,A,-,12,21453,A,N,A,C,A,A,H,-,C,A,0,NA,NA,NA,NA,Y,NA,A,01,0,0,1,0,0,0,0,0,0,-,-,33.96168,-118.36999,LOS ANGELES,INGLEWOOD,-118.37008011,33.96159006
8334597,2017,2017-03-30,1942,2017-02-21,1035,41360,727,2,5,7,1942,0,0,0,NA,0,7A53,3RD ST,SYCAMORE AV,0,NA,Y,A,-,N,NA,NA,NA,NA,NA,NA,NA,NA,NA,Y,3,0,1,2,A,-,09,21801,A,N,D,C,A,A,H,-,A,D,0,NA,NA,NA,NA,Y,NA,A,07,0,1,0,0,0,0,0,0,0,-,-,NA,NA,LOS ANGELES,LOS ANGELES,-118.34293004,34.06890011
8334601,2017,2017-03-30,1942,2017-02-27,1105,34959,0784,1,5,7,1942,0,0,0,G,0,20TL56,LA BREA AV,WASHINGTON BL,80,S,N,B,-,N,NA,NA,NA,NA,NA,NA,NA,NA,NA,N,4,0,1,2,A,-,21,22106,NA,N,B,C,A,A,H,-,A,D,0,NA,NA,NA,NA,Y,NA,A,07,0,0,1,0,0,0,0,0,0,-,-,NA,NA,LOS ANGELES,LOS ANGELES,-118.3476175,34.04019615
8334605,2017,2017-03-30,1942,2017-02-26,1120,37550,1445,7,5,7,1942,0,0,0,N,0,8TL35,CENTINELA AV,STEWART AV,271,S,N,B,-,N,NA,NA,NA,NA,NA,NA,NA,NA,NA,Y,3,0,2,3,A,-,09,21804,A,N,D,C,A,A,H,-,A,D,0,NA,NA,NA,NA,Y,NA,A,01,0,2,0,0,0,0,0,0,0,-,-,NA,NA,LOS ANGELES,LOS ANGELES,-118.42685871,33.99566182
8334627,2017,2017-04-11,1956,2017-03-06,0744,1239,50,1,5,5,1956,0,0,0,NA,0,005,KINGSDALE AV,ARTESIA BL,65,S,N,A,-,N,NA,NA,NA,NA,NA,NA,NA,NA,NA,N,4,0,1,1,A,-,03,22350,NA,N,H,A,A,A,H,-,A,D,0,NA,NA,NA,NA,Y,NA,I,12,0,0,1,0,0,0,0,0,0,-,-,NA,NA,LOS ANGELES,REDONDO BEACH,-118.35701,33.87275172
8334644,2017,2017-03-30,1900,2017-03-13,1215,506392,1615,1,5,5,1977,0,0,0,NA,0,164T,DEL AMO BL,LEAPWOOD AV,0,NA,Y,A,-,N,NA,NA,NA,NA,NA,NA,NA,NA,NA,N,4,0,1,2,A,-,10,21950,A,N,G,B,B,A,H,-,A,A,0,Y,NA,NA,NA,Y,NA,A,01,0,0,1,0,1,0,0,0,0,-,-,NA,NA,LOS ANGELES,CARSON,-118.25871002,33.84684005