CASE_ID,ACCIDENT_YEAR,PROC_DATE,JURIS,COLLISION_DATE,COLLISION_TIME,OFFICER_ID,REPORTING_DISTRICT,DAY_OF_WEEK,CHP_SHIFT,POPULATION,CNTY_CITY_LOC,SPECIAL_COND,BEAT_TYPE,CHP_BEAT_TYPE,CITY_DIVISION_LAPD,CHP_BEAT_CLASS,BEAT_NUMBER,PRIMARY_RD,SECONDARY_RD,DISTANCE,DIRECTION,INTERSECTION,WEATHER_1,WEATHER_2,STATE_HWY_IND,CALTRANS_COUNTY,CALTRANS_DISTRICT,STATE_ROUTE,ROUTE_SUFFIX,POSTMILE_PREFIX,POSTMILE,LOCATION_TYPE,RAMP_INTERSECTION,SIDE_OF_HWY,TOW_AWAY,COLLISION_SEVERITY,NUMBER_KILLED,NUMBER_INJURED,PARTY_COUNT,PRIMARY_COLL_FACTOR,PCF_CODE_OF_VIOL,PCF_VIOL_CATEGORY,PCF_VIOLATION,PCF_VIOL_SUBSECTION,HIT_AND_RUN,TYPE_OF_COLLISION,MVIW,PED_ACTION,ROAD_SURFACE,ROAD_COND_1,ROAD_COND_2,LIGHTING,CONTROL_DEVICE,CHP_ROAD_TYPE,PEDESTRIAN_ACCIDENT,BICYCLE_ACCIDENT,MOTORCYCLE_ACCIDENT,TRUCK_ACCIDENT,NOT_PRIVATE_PROPERTY,ALCOHOL_INVOLVED,STWD_VEHTYPE_AT_FAULT,CHP_VEHTYPE_AT_FAULT,COUNT_SEVERE_INJ,COUNT_VISIBLE_INJ,COUNT_COMPLAINT_PAIN,COUNT_PED_KILLED,COUNT_PED_INJURED,COUNT_BICYCLIST_KILLED,COUNT_BICYCLIST_INJURED,COUNT_MC_KILLED,COUNT_MC_INJURED,PRIMARY_RAMP,SECONDARY_RAMP,LATITUDE,LONGITUDE,COUNTY,CITY,POINT_X,POINT_Y
8337331,2017,2017-04-04,1941,2017-03-17,1845,10952,NA,5,5,7,1941,0,0,0,NA,0,NA,OCEAN BL,ORANGE AV,0,NA,Y,A,-,N,NA,NA,NA,NA,NA,NA,NA,NA,NA,N,3,0,1,2,A,-,07,21658,A,M,B,G,A,A,H,-,A,D,0,NA,Y,NA,NA,Y,Y,A,NA,0,1,0,0,0,0,1,0,0,-,-,NA,NA,LOS ANGELES,LONG BEACH,-118.17736002,33.76567009
8337333,2017,2017-04-04,1900,2017-03-06,1600,606773,0460,1,5,4,1936,0,0,0,NA,0,46T1,LEFFINGWELL RD,LA MIRADA BL,68,E,N,A,-,N,NA,NA,NA,NA,NA,NA,NA,NA,NA,NA,4,0,1,3,A,-,04,21703,NA,N,C,C,A,A,H,-,A,D,0,NA,NA,NA,NA,Y,NA,A,01,0,0,1,0,0,0,0,0,0,-,-,NA,NA,LOS ANGELES,LA MIRADA,-118.01176423,33.92678906
8337335,2017,2017-04-04,1941,2017-03-18,1200,10550,NA,6,5,7,1941,0,0,0,NA,0,NA,CHERRY AV,LIGHT POLE #DA1399,19,S,N,A,-,N,NA,NA,NA,NA,NA,NA,NA,NA,NA,N,4,0,1,2,D,-,00,NA,NA,N,G,B,F,A,H,-,A,D,0,Y,NA,NA,NA,Y,NA,-,-,0,0,1,0,1,0,0,0,0,-,-,NA,NA,LOS ANGELES,LONG BEACH,NA,NA
8337336,2017,2017-04-07,1942,2017-03-06,1830,41179,1489,1,5,7,1942,0,0,0,N,0,8TL28,LA CIENEGA BL,CENTURY BL,0,NA,Y,A,-,N,NA,NA,NA,NA,NA,NA,NA,NA,NA,Y,4,0,2,2,A,-,09,21801,A,N,A,C,A,A,H,-,-,A,0,NA,NA,NA,NA,Y,NA,-,-,0,0,2,0,0,0,0,0,0,-,-,NA,NA,LOS ANGELES,LOS ANGELES,-118.37006002,33.94541002
8337337,2017,2017-04-04,1900,2017-03-25,1200,442391,0467,6,5,4,1936,0,0,0,NA,0,46T1,ALICANTE RD,AVENIDA ESPANA,253,W,N,A,-,N,NA,NA,NA,NA,NA,NA,NA,NA,NA,N,4,0,1,2,A,-,09,21804,A,N,D,C,A,A,H,-,A,D,0,NA,NA,NA,NA,Y,NA,A,07,0,0,1,0,0,0,0,0,0,-,-,NA,NA,LOS ANGELES,LA MIRADA,-117.98961183,33.90272177
8337339,2017,2017-04-06,1941,2017-03-18,1318,10053,NA,6,5,7,1941,0,0,0,NA,0,NA,APPIAN WY,THE TOLEDO,100,N,N,A,-,N,NA,NA,NA,NA,NA,NA,NA,NA,NA,Y,3,0,2,1,A,-,07,21658,A,N,B,I,A,A,H,-,A,D,0,NA,NA,NA,NA,Y,NA,A,NA,0,1,1,0,0,0,0,0,0,-,-,NA,NA,LOS ANGELES,LONG BEACH,-118.11678306,33.75419119
8337340,2017,2017-04-04,1942,2017-03-24,1347,38721,1401,5,5,7,1942,0,0,0,N,0,8TL26,GATEWAY BL,BARRINGTON AV,13,W,N,A,-,N,NA,NA,NA,NA,NA,NA,NA,NA,NA,N,3,0,1,2,A,-,11,21456,B,N,G,B,B,A,H,-,A,A,0,Y,NA,NA,NA,Y,NA,N,60,0,1,0,0,1,0,0,0,0,-,-,NA,NA,LOS ANGELES,LOS ANGELES,-118.44332029,34.02852539
8337341,2017,2017-04-04,1900,2017-03-24,1240,505177,0472,5,5,4,1936,0,0,0,NA,0,46T2,SAN DIGIETO DR,SAN CRISTOBAL DR,21,N,N,A,-,N,NA,NA,NA,NA,NA,NA,NA,NA,NA,N,3,0,1,2,D,-,00,NA,NA,N,H,G,A,A,H,-,A,D,0,NA,Y,NA,NA,Y,NA,-,-,0,1,0,0,0,0,1,0,0,-,-,NA,NA,LOS ANGELES,LA MIRADA,-118.0259876,33.89921754
8337342,2017,2017-04-04,1942,2017-03-21,0035,36733,1511,2,5,7,1942,0,0,0,O,0,10T37,ETHEL AV,SHERMAN WY,0,NA,Y,A,-,N,NA,NA,NA,NA,NA,NA,NA,NA,NA,Y,3,0,1,2,A,-,12,21453,A,F,A,C,A,A,H,-,C,A,0,NA,NA,NA,NA,Y,NA,A,01,0,1,0,0,0,0,0,0,0,-,-,NA,NA,LOS ANGELES,LOS ANGELES,-118.41815009,34.2012001
8337343,2017,2017-04-04,1941,2017-03-18,1717,10656,NA,6,5,7,1941,0,0,0,NA,0,NA,SAN ANTONIO DR,LOCUST AV,0,NA,Y,A,-,N,NA,NA,NA,NA,NA,NA,NA,NA,NA,N,3,0,1,2,A,-,11,21954,A,N,G,G,A,A,H,-,A,A,0,NA,Y,NA,NA,Y,NA,L,NA,0,1,0,0,0,0,1,0,0,-,-,NA,NA,LOS ANGELES,LONG BEACH,-118.19265003,33.83278009
8337344,2017,2017-04-04,1942,2017-03-26,0850,40452,1489,7,5,7,1942,0,0,0,N,0,14TL49,LA CIENEGA BL,ARBOR VITAE ST,0,NA,Y,A,-,N,NA,NA,NA,NA,NA,NA,NA,NA,NA,N,4,0,1,2,A,-,12,21453,A,F,D,C,A,A,H,-,A,A,0,NA,NA,NA,NA,Y,NA,-,99,0,0,1,0,0,0,0,0,0,-,-,NA,NA,LOS ANGELES,LOS ANGELES,-118.37007001,33.95269011
8337346,2017,2017-04-04,1942,2017-03-18,1310,40989,1617,6,5,7,1942,0,0,0,P,0,16A81,SHERMAN GROVE AV,HILLROSE ST,300,N,N,A,-,N,NA,NA,NA,NA,NA,NA,NA,NA,NA,N,3,0,1,2,A,-,09,21804,A,F,B,C,A,A,H,-,A,D,0,NA,NA,Y,NA,Y,NA,-,99,0,1,0,0,0,0,0,0,1,-,-,NA,NA,LOS ANGELES,LOS ANGELES,-118.32011104,34.26418261
8337347,2017,2017-04-06,1941,2017-03-18,1900,10761,NA,6,5,7,1941,0,0,0,NA,0,NA,OBISPO AV,15TH ST,0,NA,Y,A,-,N,NA,NA,NA,NA,NA,NA,NA,NA,NA,N,4,0,1,2,-,-,-,NA,NA,N,G,B,B,A,H,-,B,D,0,Y,NA,NA,NA,Y,NA,-,-,0,0,1,0,1,0,0,0,0,-,-,NA,NA,LOS ANGELES,LONG BEACH,-118.15459007,33.7862401
8337348,2017,2018-04-23,1942,2017-03-24,2210,42161,1494,5,5,7,1942,0,0,0,N,0,14T47,SEPULVEDA BL,IMPERIAL HWY,3240,N,N,A,-,Y,LA,7,1,-,-,25.98,H,-,S,N,3,0,1,2,A,-,07,21658,A,N,B,C,A,A,H,-,C,D,0,NA,NA,NA,NA,Y,NA,A,01,0,1,0,0,0,0,0,0,0,-,-,NA,NA,LOS ANGELES,LOS ANGELES,-118.39624224,33.93229262
8337350,2017,2017-04-04,1942,2017-03-22,1855,34599,0919,3,5,7,1942,0,0,0,I,0,17T17,VANOWEN ST,SUNNYSLOPE AV,0,NA,Y,A,-,N,NA,NA,NA,NA,NA,NA,NA,NA,NA,N,2,0,1,2,A,-,10,21950,A,F,G,B,B,A,H,-,C,A,0,Y,NA,NA,NA,Y,NA,-,99,1,0,0,0,1,0,0,0,0,-,-,NA,NA,LOS ANGELES,LOS ANGELES,-118.42689,34.19394002
8337351,2017,2017-04-04,1941,2017-03-18,2323,10802,NA,6,5,7,1941,0,0,0,NA,0,NA,E BROADWAY,CORONADO AV,0,NA,Y,A,-,N,NA,NA,NA,NA,NA,NA,NA,NA,NA,Y,4,0,3,4,A,-,10,21950,A,N,G,B,B,A,H,-,C,D,0,Y,NA,Y,NA,Y,Y,C,NA,0,0,3,0,3,0,0,0,0,-,-,NA,NA,LOS ANGELES,LONG BEACH,-118.15353011,33.76445001
8337352,2017,2017-04-07,1942,2017-03-22,0255,41126,1469,3,5,7,1942,0,0,0,N,0,14A73,LA TIJERA BL,THORNBURN ST,30,N,N,C,-,N,NA,NA,NA,NA,NA,NA,NA,NA,NA,Y,3,0,1,4,A,-,01,23152,A,N,F,E,A,B,H,-,C,A,0,NA,NA,NA,NA,Y,Y,A,07,0,1,0,0,0,0,0,0,0,-,-,33.97313,-118.37638,LOS ANGELES,LOS ANGELES,-118.37655065,33.97307857
8337354,2017,2017-04-04,1942,2017-03-23,0205,36599,1999,4,5,7,1942,0,0,0,NA,0,15T45,ROSCOE BL,WOODMAN AV,415,E,N,A,-,N,NA,NA,NA,NA,NA,NA,NA,NA,NA,Y,3,0,1,2,A,-,01,23152,A,N,C,C,A,A,H,-,C,A,0,NA,NA,NA,NA,Y,Y,A,01,0,1,0,0,0,0,0,0,0,-,-,NA,NA,LOS ANGELES,LOS ANGELES,-118.4313797,34.22167758
8337355,2017,2017-04-04,1941,2017-03-19,0946,6319,NA,7,5,7,1941,0,0,0,NA,0,NA,WARDLOW RD,MONOGRAM,0,NA,Y,A,-,N,NA,NA,NA,NA,NA,NA,NA,NA,NA,Y,4,0,1,2,A,-,09,21802,A,N,-,C,A,A,H,-,A,D,0,NA,NA,NA,NA,Y,NA,A,NA,0,0,1,0,0,0,0,0,0,-,-,NA,NA,LOS ANGELES,LONG BEACH,-118.10269011,33.8188801
8337356,2017,2017-04-04,1942,2017-03-26,1440,41672,1433,7,5,7,1942,0,0,0,N,0,20T58,LINCOLN BL,LUCILLE AV,0,NA,Y,A,-,N,NA,NA,NA,NA,NA,NA,NA,NA,NA,Y,3,0,1,2,A,-,09,21801,A,N,D,C,A,A,H,-,A,D,0,NA,NA,Y,NA,Y,NA,A,01,0,1,0,0,0,0,0,0,1,-,-,NA,NA,LOS ANGELES,LOS ANGELES,-118.45412,33.99472007
8337358,2017,2017-04-04,1942,2017-03-14,1230,39250,1729,2,5,7,1942,0,0,0,Q,0,10TL34,RINALDI ST,BALBOA BL,0,NA,Y,A,-,N,NA,NA,NA,NA,NA,NA,NA,NA,NA,N,4,0,1,2,A,-,09,21801,A,F,D,C,A,A,H,-,A,A,0,NA,NA,NA,NA,Y,NA,-,99,0,0,1,0,0,0,0,0,0,-,-,NA,NA,LOS ANGELES,LOS ANGELES,-118.50212009,34.27930002
8337359,2017,2017-04-04,1941,2017-03-19,1610,10245,NA,7,5,7,1941,0,0,0,NA,0,NA,ARGONNE AV,2ND ST,0,NA,Y,A,-,N,NA,NA,NA,NA,NA,NA,NA,NA,NA,N,4,0,1,2,A,-,10,21950,A,N,G,B,B,A,H,-,A,A,0,Y,NA,NA,NA,Y,NA,A,NA,0,0,1,0,1,0,0,0,0,-,-,NA,NA,LOS ANGELES,LONG BEACH,-118.13668003,33.76099003
8337360,2017,2017-04-04,1942,2017-03-22,1450,41672,1427,3,5,7,1942,0,0,0,N,0,20TL56,NATIONAL BL,TILDEN AV,184,W,N,A,-,N,NA,NA,NA,NA,NA,NA,NA,NA,NA,N,3,0,1,2,A,-,09,21804,A,N,D,G,A,A,H,-,A,D,0,NA,Y,NA,NA,Y,NA,L,04,0,1,0,0,0,0,1,0,0,-,-,NA,NA,LOS ANGELES,LOS ANGELES,-118.42708704,34.02797259
8337363,2017,2017-04-05,1942,2017-03-27,1400,36255,1425,1,5,7,1942,0,0,0,N,0,14X74,BARRINGTON AV,NATIONAL BL,0,NA,Y,A,-,N,NA,NA,NA,NA,NA,NA,NA,NA,NA,Y,4,0,2,2,A,-,09,21804,A,N,A,C,A,A,H,-,A,D,0,NA,NA,NA,NA,Y,NA,A,01,0,0,2,0,0,0,0,0,0,-,-,NA,NA,LOS ANGELES,LOS ANGELES,-118.43865012,34.022660020000004
8337364,2017,2017-04-05,1942,2017-03-20,1620,40315,1457,1,5,7,1942,0,0,0,N,0,14TL52,INGLEWOOD BL,CULVER BL,50,N,N,A,-,N,NA,NA,NA,NA,NA,NA,NA,NA,NA,N,4,0,2,2,A,-,04,21703,NA,N,C,C,A,A,H,-,A,A,0,NA,NA,NA,NA,Y,NA,A,07,0,0,2,0,0,0,0,0,0,-,-,NA,NA,LOS ANGELES,LOS ANGELES,-118.41821126,33.9951128
8337367,2017,2017-04-05,1942,2017-03-28,0815,37511,1456,2,5,7,1942,0,0,0,N,0,8TL35,LOUISE AV,LINDBLADE DR,3,S,N,A,-,N,NA,NA,NA,NA,NA,NA,NA,NA,NA,N,3,0,1,2,A,-,05,21650,1,N,D,G,A,A,H,-,A,A,0,NA,Y,NA,NA,Y,NA,L,04,0,1,0,0,0,0,1,0,0,-,-,NA,NA,LOS ANGELES,LOS ANGELES,-118.42198934,33.99584732
8337368,2017,2017-08-04,1942,2017-03-22,0755,41089,1499,3,5,7,1942,0,0,0,N,0,14TL47,IMPERIAL HWY,HINDRY AV,0,NA,Y,B,-,N,NA,NA,NA,NA,NA,NA,NA,NA,NA,Y,4,0,2,2,A,-,09,21801,A,N,D,C,A,A,H,-,A,D,0,NA,NA,NA,NA,Y,NA,A,01,0,0,2,0,0,0,0,0,0,-,-,NA,NA,LOS ANGELES,LOS ANGELES,-118.37240013,33.93098001
8337371,2017,2017-04-05,1942,2017-03-21,1850,40315,1414,2,5,7,1942,0,0,0,N,0,14TL52,BROADWAY ST,7TH AVE,7,S,N,C,-,N,NA,NA,NA,NA,NA,NA,NA,NA,NA,N,3,0,1,2,A,-,10,21950,A,N,G,B,B,B,H,-,C,A,0,Y,NA,NA,NA,Y,NA,A,07,0,1,0,0,1,0,0,0,0,-,-,NA,NA,LOS ANGELES,LOS ANGELES,-118.46555929,33.99609948
8337375,2017,2017-04-05,1942,2017-03-22,1230,40315,1409,3,5,7,1942,0,0,0,N,0,14TL52,VENICE BL,MAIN ST,0,NA,Y,A,-,N,NA,NA,NA,NA,NA,NA,NA,NA,NA,Y,4,0,2,3,A,-,12,21453,A,N,D,C,A,A,H,-,A,A,0,NA,NA,NA,NA,Y,NA,A,01,0,0,2,0,0,0,0,0,0,-,-,NA,NA,LOS ANGELES,LOS ANGELES,-118.26256002,34.03360004
8337379,2017,2017-04-14,1942,2017-03-28,1115,37511,1427,2,5,7,1942,0,0,0,N,0,8TL35,MILITARY AV,NATIONAL BL,5,S,N,A,-,N,NA,NA,NA,NA,NA,NA,NA,NA,NA,N,4,0,1,2,A,-,10,21950,A,F,G,B,-,A,H,-,A,A,0,Y,NA,NA,NA,Y,NA,-,99,0,0,1,0,1,0,0,0,0,-,-,NA,NA,LOS ANGELES,LOS ANGELES,-118.42541128,34.02862837
8337383,2017,2017-04-18,1942,2017-03-25,1240,41510,1441,6,5,7,1942,0,0,0,N,0,14A11,WASHINGTON BL,CLUNE AV,44,W,N,A,-,N,NA,NA,NA,NA,NA,NA,NA,NA,NA,N,2,0,1,2,C,-,18,NA,NA,N,H,G,A,A,H,-,A,A,0,NA,Y,NA,NA,Y,Y,-,-,1,0,0,0,0,0,1,0,0,-,-,NA,NA,LOS ANGELES,LOS ANGELES,-118.46280716,33.981499
8337387,2017,2017-04-18,1942,2017-03-25,1405,41785,1406,6,5,7,1942,0,0,0,N,0,14A58,MENTONE AV,PALMS BL,4,N,N,A,-,N,NA,NA,NA,NA,NA,NA,NA,NA,NA,N,3,0,1,2,A,-,12,22450,A,N,D,G,A,A,H,-,A,A,0,NA,Y,NA,NA,Y,NA,A,01,0,1,0,0,0,0,1,0,0,-,-,NA,NA,LOS ANGELES,LOS ANGELES,-118.40965716,34.02582921
8337391,2017,2017-04-18,1942,2017-03-27,1010,40929,1409,1,5,7,1942,0,0,0,N,0,14A27,VENICE BL,CULVER BL,0,NA,Y,A,-,N,NA,NA,NA,NA,NA,NA,NA,NA,NA,N,3,0,1,2,A,-,08,22107,NA,N,B,C,A,A,H,-,A,A,0,NA,NA,NA,NA,Y,NA,A,01,0,1,0,0,0,0,0,0,0,-,-,NA,NA,LOS ANGELES,LOS ANGELES,-118.39247002,34.02695011
8337395,2017,2017-04-18,1942,2017-03-19,1650,34426,0153,7,5,7,1942,0,0,0,A,0,24TL51,BROADWAY,5TH ST,130,S,N,A,-,N,NA,NA,NA,NA,NA,NA,NA,NA,NA,N,4,0,1,2,C,-,18,NA,NA,N,H,G,A,A,H,-,A,D,0,NA,Y,NA,NA,Y,NA,-,-,0,0,1,0,0,0,1,0,0,-,-,NA,NA,LOS ANGELES,LOS ANGELES,-118.25097,34.047773
8337399,2017,2017-04-05,1942,2017-03-14,1125,40275,0162,2,5,7,1942,0,0,0,A,0,24TL22,FLOWER ST,8TH ST,105,N,N,A,-,N,NA,NA,NA,NA,NA,NA,NA,NA,NA,N,2,0,1,2,A,-,08,22100,B,F,B,C,A,A,H,-,A,D,0,NA,NA,Y,NA,Y,NA,-,99,1,0,0,0,0,0,0,0,1,-,-,NA,NA,LOS ANGELES,LOS ANGELES,-118.25990778,34.0474774
8337407,2017,2017-04-05,1900,2017-03-17,0550,529403,0468,5,5,4,1936,0,0,0,NA,0,46T2,HILLSBOROUGH DR,ALICANTE RD,0,NA,Y,E,-,N,NA,NA,NA,NA,NA,NA,NA,NA,NA,Y,4,0,2,1,A,-,12,22450,A,N,E,I,A,A,H,-,C,D,0,NA,NA,NA,NA,Y,NA,A,01,0,0,2,0,0,0,0,0,0,-,-,NA,NA,LOS ANGELES,LA MIRADA,-117.98780001,33.90273011
8337411,2017,2018-01-06,1900,2017-03-11,0333,540314,0453,6,5,6,1949,0,0,0,NA,0,43T1,STUDEBAKER RD,RT 105,0,NA,Y,A,-,Y,LA,7,105,-,R,18.144,I,5,E,Y,4,0,1,1,A,-,03,22350,NA,N,E,I,A,A,H,-,C,A,0,NA,NA,NA,NA,Y,NA,A,01,0,0,1,0,0,0,0,0,0,-,EF,NA,NA,LOS ANGELES,NORWALK,-118.09930115,33.91426485
8337415,2017,2017-08-04,1900,2017-03-11,1952,540314,0452,6,5,6,1949,0,0,0,NA,0,43T1,IMPERIAL HWY,PIONEER BL,60,E,N,A,-,N,NA,NA,NA,NA,NA,NA,NA,NA,NA,N,4,0,1,2,A,-,07,21658,A,N,B,C,A,A,H,-,C,A,0,NA,NA,NA,NA,Y,NA,A,01,0,0,1,0,0,0,0,0,0,-,-,NA,NA,LOS ANGELES,NORWALK,-118.08170266,33.91709
8337419,2017,2017-07-28,1942,2017-03-08,0215,37700,0861,3,5,7,1942,0,0,0,H,0,8T35,PACIFIC COAST HWY,SUNSET BL,520,S,N,A,-,Y,LA,7,1,-,-,39.28,H,-,S,N,2,0,1,2,A,-,11,21956,A,F,G,B,E,A,H,-,C,D,0,Y,NA,NA,NA,Y,NA,N,60,1,0,0,0,1,0,0,0,0,-,-,NA,NA,LOS ANGELES,LOS ANGELES,-118.55490407,34.03845777
8337423,2017,2017-04-05,1942,2017-03-25,0015,25495,0807,6,5,7,1942,0,0,0,H,0,7TL23,BENEDICT CANYON DR,PORTOLA DR,279,N,N,A,-,N,NA,NA,NA,NA,NA,NA,NA,NA,NA,Y,4,0,1,2,A,-,05,21460,A,M,B,C,A,A,H,-,C,A,0,NA,NA,NA,NA,Y,Y,A,01,0,0,1,0,0,0,0,0,0,-,-,NA,NA,LOS ANGELES,LOS ANGELES,-118.43549822,34.11071644
8337427,2017,2017-04-19,1942,2017-03-27,2220,25495,0735,1,5,7,1942,0,0,0,G,0,7T23,ROSSMORE AV,6TH ST,0,NA,Y,A,-,N,NA,NA,NA,NA,NA,NA,NA,NA,NA,N,4,0,2,2,A,-,09,21800,D,N,D,C,A,A,H,-,D,B,0,NA,NA,NA,NA,Y,NA,A,07,0,0,2,0,0,0,0,0,0,-,-,NA,NA,LOS ANGELES,LOS ANGELES,-118.32758006,34.06389011
8337431,2017,2017-04-18,1942,2017-03-23,1955,25495,0749,4,5,7,1942,0,0,0,G,0,7T23,WILSHIRE BL,ARDEN BL,0,NA,Y,A,-,N,NA,NA,NA,NA,NA,NA,NA,NA,NA,N,3,0,1,2,A,-,09,21802,A,N,D,C,A,A,H,-,C,A,0,NA,Y,NA,NA,Y,NA,-,-,0,1,0,0,0,0,1,0,0,-,-,NA,NA,LOS ANGELES,LOS ANGELES,-118.32580012,34.0618801
8337435,2017,2017-04-05,1942,2017-03-20,1548,34959,0782,1,5,7,1942,0,0,0,G,0,20TL56,LA CIENEGA BL,SAWYER ST,0,NA,Y,A,-,N,NA,NA,NA,NA,NA,NA,NA,NA,NA,Y,4,0,2,3,A,-,12,21453,A,N,D,C,A,A,H,-,A,A,0,NA,NA,NA,NA,Y,NA,A,01,0,0,2,0,0,0,0,0,0,-,-,NA,NA,LOS ANGELES,LOS ANGELES,-118.37642007,34.04255011
8337439,2017,2017-04-05,1942,2017-03-17,1230,41054,0782,5,5,7,1942,0,0,0,G,0,8TL35,VENICE BL,LA CIENEGA BL,50,E,N,A,-,N,NA,NA,NA,NA,NA,NA,NA,NA,NA,N,3,0,1,2,A,-,00,21760,A,N,B,G,A,A,H,-,A,D,0,NA,Y,NA,NA,Y,NA,A,08,0,1,0,0,0,0,1,0,0,-,-,NA,NA,LOS ANGELES,LOS ANGELES,-118.37775386,34.03524721
8337442,2017,2017-04-05,1942,2017-03-24,1037,36705,RD143,5,5,7,1942,0,0,0,NA,0,14MQ77,BUNDY DR,NATIONAL BL,0,NA,Y,A,-,N,NA,NA,NA,NA,NA,NA,NA,NA,NA,Y,4,0,1,2,A,-,08,22107,NA,F,D,C,A,A,H,-,A,A,0,NA,NA,NA,NA,Y,Y,-,99,0,0,1,0,0,0,0,0,0,-,-,NA,NA,LOS ANGELES,LOS ANGELES,-118.44492001,34.01997008
8337443,2017,2017-04-06,1942,2017-03-24,1745,R2911,0881,5,5,7,1942,0,0,0,H,0,8EL2 W,OLYMPIC BL,CENTINELLA AV,0,NA,Y,A,-,N,NA,NA,NA,NA,NA,NA,NA,NA,NA,Y,3,0,1,2,A,-,09,21801,A,N,H,C,A,A,H,-,A,A,0,NA,NA,Y,NA,Y,NA,A,01,0,1,0,0,0,0,0,0,1,-,-,NA,NA,LOS ANGELES,LOS ANGELES,-118.45929004,34.03133002
8337446,2017,2017-04-05,1942,2017-03-23,1910,40899,1477,4,5,7,1942,0,0,0,N,0,14T47,MANCHESTER BL,TRUXTON AV,200,W,N,A,-,N,NA,NA,NA,NA,NA,NA,NA,NA,NA,N,4,0,1,2,A,-,03,22350,NA,F,C,C,A,A,H,-,A,D,0,NA,NA,NA,NA,Y,NA,-,99,0,0,1,0,0,0,0,0,0,-,-,NA,NA,LOS ANGELES,LOS ANGELES,-118.39418824,33.95992073
8337450,2017,2017-04-05,1942,2017-03-22,1350,41003,0743,3,5,7,1942,0,0,0,G,0,7T38,WILSHIRE BL,COURT YARD PL,92,E,N,A,-,N,NA,NA,NA,NA,NA,NA,NA,NA,NA,N,4,0,1,2,A,-,06,21755,A,N,B,C,A,A,H,-,A,A,0,NA,NA,Y,NA,Y,NA,C,03,0,0,1,0,0,0,0,0,1,-,-,NA,NA,LOS ANGELES,LOS ANGELES,-118.35348681,34.06242
8337452,2017,2017-04-27,1955,2017-03-16,1740,42210,0058,4,5,6,1955,0,0,0,NA,0,001,HUMANE WY,MISSION BL,450,N,N,A,-,N,NA,NA,NA,NA,NA,NA,NA,NA,NA,Y,3,0,2,3,A,-,09,21801,A,N,D,C,A,A,H,-,A,A,0,NA,NA,NA,NA,Y,NA,A,01,0,2,0,0,0,0,0,0,0,-,-,NA,NA,LOS ANGELES,POMONA,-117.78993909,34.05348457
8337454,2017,2017-04-05,1942,2017-03-27,1200,34959,0723,1,5,7,1942,0,0,0,G,0,20TL56,CRESCENT HEIGHTS BL,1ST ST,41,S,N,A,-,N,NA,NA,NA,NA,NA,NA,NA,NA,NA,Y,4,0,1,2,A,-,06,21750,NA,N,B,C,A,A,H,-,A,D,0,NA,NA,Y,NA,Y,NA,A,07,0,0,1,0,0,0,0,0,1,-,-,NA,NA,LOS ANGELES,LOS ANGELES,-118.36587,34.07429
8337456,2017,2017-04-10,1955,2017-03-07,0740,41138,0021,2,5,6,1955,0,0,0,NA,0,002,LA VERNE AV,TOWNE AV,0,NA,Y,A,-,N,NA,NA,NA,NA,NA,NA,NA,NA,NA,N,4,0,1,2,A,-,10,21950,A,F,G,B,B,A,H,-,A,A,0,Y,NA,NA,NA,Y,NA,D,22,0,0,1,0,1,0,0,0,0,-,-,NA,NA,LOS ANGELES,POMONA,-117.74058005,34.08032012
8337458,2017,2017-04-05,1942,2017-03-24,0645,37511,0777,5,5,7,1942,0,0,0,G,0,8TL35,CRENSHAW BL,VENICE BL,0,NA,Y,A,-,N,NA,NA,NA,NA,NA,NA,NA,NA,NA,N,4,0,1,2,A,-,12,21453,A,N,D,C,A,A,H,-,A,A,0,NA,NA,NA,NA,Y,NA,A,07,0,0,1,0,0,0,0,0,0,-,-,NA,NA,LOS ANGELES,LOS ANGELES,-118.32841012,34.04470006
8337462,2017,2017-04-05,1942,2017-03-27,2155,25495,0739,1,5,7,1942,0,0,0,G,0,7T23,ROSSMORE AV,3RD ST,0,NA,Y,A,-,N,NA,NA,NA,NA,NA,NA,NA,NA,NA,N,4,0,3,2,A,-,-,NA,NA,N,D,C,A,A,H,-,D,B,0,NA,NA,NA,NA,Y,NA,-,-,0,0,3,0,0,0,0,0,0,-,-,NA,NA,LOS ANGELES,LOS ANGELES,-118.32733006,34.06894009
8337466,2017,2017-04-05,1942,2017-03-22,0915,40530,0759,3,5,7,1942,0,0,0,G,0,7A1,PICO BL,3RD AV,0,NA,Y,A,-,N,NA,NA,NA,NA,NA,NA,NA,NA,NA,Y,4,0,2,2,A,-,09,21801,A,N,D,C,A,A,H,-,A,A,0,NA,NA,NA,NA,Y,NA,-,-,0,0,2,0,0,0,0,0,0,-,-,NA,NA,LOS ANGELES,LOS ANGELES,-118.32008013,34.0472301
8337470,2017,2017-04-05,1942,2017-03-24,0950,42519,0882,5,5,7,1942,0,0,0,H,0,8A29,OLYMPIC,PURDUE AV,5,W,N,A,-,N,NA,NA,NA,NA,NA,NA,NA,NA,NA,N,2,0,1,2,A,-,10,21950,A,N,G,B,B,A,H,-,A,A,0,Y,NA,NA,NA,Y,NA,A,07,1,0,0,0,1,0,0,0,0,-,-,NA,NA,LOS ANGELES,LOS ANGELES,-118.44316329,34.03702189