CASE_ID,ACCIDENT_YEAR,PROC_DATE,JURIS,COLLISION_DATE,COLLISION_TIME,OFFICER_ID,REPORTING_DISTRICT,DAY_OF_WEEK,CHP_SHIFT,POPULATION,CNTY_CITY_LOC,SPECIAL_COND,BEAT_TYPE,CHP_BEAT_TYPE,CITY_DIVISION_LAPD,CHP_BEAT_CLASS,BEAT_NUMBER,PRIMARY_RD,SECONDARY_RD,DISTANCE,DIRECTION,INTERSECTION,WEATHER_1,WEATHER_2,STATE_HWY_IND,CALTRANS_COUNTY,CALTRANS_DISTRICT,STATE_ROUTE,ROUTE_SUFFIX,POSTMILE_PREFIX,POSTMILE,LOCATION_TYPE,RAMP_INTERSECTION,SIDE_OF_HWY,TOW_AWAY,COLLISION_SEVERITY,NUMBER_KILLED,NUMBER_INJURED,PARTY_COUNT,PRIMARY_COLL_FACTOR,PCF_CODE_OF_VIOL,PCF_VIOL_CATEGORY,PCF_VIOLATION,PCF_VIOL_SUBSECTION,HIT_AND_RUN,TYPE_OF_COLLISION,MVIW,PED_ACTION,ROAD_SURFACE,ROAD_COND_1,ROAD_COND_2,LIGHTING,CONTROL_DEVICE,CHP_ROAD_TYPE,PEDESTRIAN_ACCIDENT,BICYCLE_ACCIDENT,MOTORCYCLE_ACCIDENT,TRUCK_ACCIDENT,NOT_PRIVATE_PROPERTY,ALCOHOL_INVOLVED,STWD_VEHTYPE_AT_FAULT,CHP_VEHTYPE_AT_FAULT,COUNT_SEVERE_INJ,COUNT_VISIBLE_INJ,COUNT_COMPLAINT_PAIN,COUNT_PED_KILLED,COUNT_PED_INJURED,COUNT_BICYCLIST_KILLED,COUNT_BICYCLIST_INJURED,COUNT_MC_KILLED,COUNT_MC_INJURED,PRIMARY_RAMP,SECONDARY_RAMP,LATITUDE,LONGITUDE,COUNTY,CITY,POINT_X,POINT_Y
8337474,2017,2017-04-05,1942,2017-03-27,1525,37614,0824,1,5,7,1942,0,0,0,H,0,6TL4,ALLENFORD AV,BRINKLEY AV,43,W,N,A,-,N,NA,NA,NA,NA,NA,NA,NA,NA,NA,N,2,0,2,2,A,-,05,21650,NA,N,A,C,A,A,H,-,A,A,0,NA,NA,NA,NA,Y,NA,A,01,1,0,1,0,0,0,0,0,0,-,-,NA,NA,LOS ANGELES,LOS ANGELES,-118.49592142,34.05473764
8337478,2017,2017-04-05,1942,2017-03-23,2130,42608,0807,4,5,7,1942,0,0,0,H,0,8A29-W,BEVERLY GLEN BL,MULHOLLAND DR,1.3,S,N,A,-,N,NA,NA,NA,NA,NA,NA,NA,NA,NA,Y,4,0,1,2,A,-,03,22350,NA,N,B,E,A,A,H,-,C,D,0,NA,NA,NA,NA,Y,NA,A,01,0,0,1,0,0,0,0,0,0,-,-,NA,NA,LOS ANGELES,LOS ANGELES,-118.44209,34.13066
8337482,2017,2017-04-05,1942,2017-03-25,1425,42395,0881,6,5,7,1942,0,0,0,H,0,8A95,OLYMPIC BL,BUNDY DR,100,W,N,A,-,N,NA,NA,NA,NA,NA,NA,NA,NA,NA,Y,4,0,1,2,A,-,00,21703,A,N,C,C,A,A,H,-,A,D,0,NA,NA,NA,NA,Y,NA,A,01,0,0,1,0,0,0,0,0,0,-,-,NA,NA,LOS ANGELES,LOS ANGELES,-118.4540815,34.032320060000004
8337486,2017,2017-04-05,1942,2017-03-26,1240,42410,0853,7,5,7,1942,0,0,0,H,0,BU2,COLBY AV,SANTA MONICA BL,0,NA,Y,A,-,N,NA,NA,NA,NA,NA,NA,NA,NA,NA,N,4,0,1,2,A,-,21,22106,NA,N,G,B,-,A,H,-,A,D,0,Y,NA,NA,NA,Y,NA,A,01,0,0,1,0,1,0,0,0,0,-,-,NA,NA,LOS ANGELES,LOS ANGELES,-118.45299004,34.04511005
8337490,2017,2017-04-05,1942,2017-03-27,1500,41672,0817,1,5,7,1942,0,0,0,H,0,20T58,WILSHIRE BL,GAYLEY AV,60,W,N,A,-,N,NA,NA,NA,NA,NA,NA,NA,NA,NA,N,4,0,1,2,A,-,03,22350,NA,N,C,C,A,A,H,-,A,D,0,NA,NA,NA,NA,Y,NA,A,01,0,0,1,0,0,0,0,0,0,-,-,NA,NA,LOS ANGELES,LOS ANGELES,-118.4457102,34.05828499
8337494,2017,2017-04-05,1942,2017-03-24,1455,41907,0853,5,5,7,1942,0,0,0,H,0,8A12W4,BELOIT AV,OHIO AV,150,S,N,A,-,N,NA,NA,NA,NA,NA,NA,NA,NA,NA,N,4,0,1,1,A,-,03,22350,NA,N,H,J,A,A,H,-,A,D,0,NA,NA,Y,NA,Y,NA,C,03,0,0,1,0,0,0,0,0,1,-,-,NA,NA,LOS ANGELES,LOS ANGELES,-118.44883458,34.04861012
8337498,2017,2017-04-05,1942,2017-03-12,1655,40157,0819,7,5,7,1942,0,0,0,H,0,7TL38,SUNSET BL,MAPLETON DR,435,E,N,A,-,N,NA,NA,NA,NA,NA,NA,NA,NA,NA,Y,4,0,1,3,A,-,05,21460,A,F,C,C,A,A,H,-,A,D,0,NA,NA,NA,NA,Y,NA,-,99,0,0,1,0,0,0,0,0,0,-,-,NA,NA,LOS ANGELES,LOS ANGELES,-118.43151376,34.08198245
8337517,2017,2017-04-06,1942,2017-03-14,0220,40024,1494,2,5,7,1942,0,0,0,N,0,14T47,VICKSBURG AV,WORLD WAY,480,N,N,E,-,N,NA,NA,NA,NA,NA,NA,NA,NA,NA,N,2,0,1,2,A,-,11,21956,A,F,G,B,D,A,H,-,C,D,0,Y,NA,NA,NA,Y,NA,N,60,1,0,0,0,1,0,0,0,0,-,-,NA,NA,LOS ANGELES,LOS ANGELES,NA,NA
8337530,2017,2017-07-21,1975,2017-03-27,0843,353,NA,1,5,6,1975,0,0,0,NA,0,002,AZUSA AV,PUENTE AV,0,NA,Y,A,-,N,NA,NA,NA,NA,NA,NA,NA,NA,NA,Y,3,0,1,3,A,-,12,21453,A,N,D,C,A,A,H,-,A,A,0,NA,NA,NA,NA,Y,NA,-,NA,0,1,0,0,0,0,0,0,0,-,-,NA,NA,LOS ANGELES,WEST COVINA,-117.90784005,34.08276005
8337538,2017,2017-04-10,1975,2017-03-14,1420,679,NA,2,5,6,1975,0,0,0,NA,0,002,CITRUS AV,GARVEY AV SOUTH,60,S,N,A,-,N,NA,NA,NA,NA,NA,NA,NA,NA,NA,Y,4,0,1,2,A,-,08,22100,B,N,B,C,A,A,H,-,A,A,0,NA,NA,NA,NA,Y,NA,-,NA,0,0,1,0,0,0,0,0,0,-,-,NA,NA,LOS ANGELES,WEST COVINA,-117.8901353,34.07027556
8337567,2017,2017-04-10,1905,2017-03-19,1841,1079,235,7,5,4,1905,0,0,0,NA,0,051,W PARAMOUNT ST,VIRGINIA AV,35,W,N,A,-,N,NA,NA,NA,NA,NA,NA,NA,NA,NA,Y,2,0,1,2,A,-,01,23152,A,N,A,C,A,A,H,-,B,D,0,NA,NA,NA,NA,Y,Y,A,01,1,0,0,0,0,0,0,0,0,-,-,NA,NA,LOS ANGELES,AZUSA,-117.91865535,34.1180284
8337578,2017,2017-05-01,1955,2017-03-22,1637,41149,0093,3,5,6,1955,0,0,0,NA,0,004,MISSION BL,SAN ANTONIO AV,0,NA,Y,A,-,N,NA,NA,NA,NA,NA,NA,NA,NA,NA,Y,4,0,3,2,A,-,12,21453,A,N,D,C,A,A,H,-,A,A,0,NA,NA,NA,Y,Y,NA,A,01,0,0,3,0,0,0,0,0,0,-,-,NA,NA,LOS ANGELES,POMONA,-117.73695005,34.05544001
8337579,2017,2017-04-10,1905,2017-03-24,1416,1138,241,5,5,4,1905,0,0,0,NA,0,061,AZUSA AV,ROLAND ST,12,N,N,A,-,N,NA,NA,NA,NA,NA,NA,NA,NA,NA,Y,4,0,2,2,A,-,09,21804,A,N,D,C,A,A,H,-,A,D,0,NA,NA,NA,NA,Y,NA,A,01,0,0,2,0,0,0,0,0,0,-,-,34.11427,-117.90775,LOS ANGELES,AZUSA,-117.90771,34.1160929
8337582,2017,2017-04-12,1955,2017-03-22,1216,40590,0087,3,5,6,1955,0,0,0,NA,0,004,PHILADELPHIA ST,SAN ANTONIO AV,20,W,N,A,-,N,NA,NA,NA,NA,NA,NA,NA,NA,NA,N,4,0,1,2,A,-,03,22350,NA,N,C,C,A,A,H,-,A,A,0,NA,NA,NA,NA,Y,NA,A,01,0,0,1,0,0,0,0,0,0,-,-,NA,NA,LOS ANGELES,POMONA,-117.73624583,34.03362882
8337586,2017,2017-04-12,1955,2017-03-02,1456,40939,0065,4,5,6,1955,0,0,0,NA,0,001,SOUTH CAMPUS DR,CORPORATE CENTER DR,600,W,N,A,-,N,NA,NA,NA,NA,NA,NA,NA,NA,NA,N,4,0,3,3,A,-,03,22350,NA,N,C,C,A,A,H,-,A,A,0,NA,NA,NA,NA,Y,NA,D,22,0,0,3,0,0,0,0,0,0,-,-,NA,NA,LOS ANGELES,POMONA,-117.80416027,34.06000333
8337601,2017,2017-04-07,1975,2017-03-16,1709,679,NA,4,5,6,1975,0,0,0,NA,0,003,FASHION PLAZA,WEST COVINA PKWY,0,NA,Y,A,-,N,NA,NA,NA,NA,NA,NA,NA,NA,NA,Y,4,0,1,2,A,-,00,21453,NA,N,D,C,A,A,H,-,A,A,0,NA,NA,NA,NA,Y,NA,-,NA,0,0,1,0,0,0,0,0,0,-,-,NA,NA,LOS ANGELES,WEST COVINA,-117.93320008,34.0687101
8337602,2017,2017-04-06,1975,2017-03-24,1817,423,NA,5,5,6,1975,0,0,0,NA,0,002,GARVEY AV SOUTH,BAYMAR ST,530,W,N,A,-,N,NA,NA,NA,NA,NA,NA,NA,NA,NA,N,4,0,1,2,A,-,03,22350,NA,N,G,B,E,A,H,-,A,D,0,Y,NA,NA,NA,Y,NA,-,NA,0,0,1,0,1,0,0,0,0,-,-,NA,NA,LOS ANGELES,WEST COVINA,-117.9024259,34.07176858
8337605,2017,2017-04-07,1955,2017-03-24,1422,30381,0003,5,5,6,1955,0,0,0,NA,0,004,GAREY AV,9TH ST,0,NA,Y,A,-,N,NA,NA,NA,NA,NA,NA,NA,NA,NA,Y,4,0,2,2,A,-,12,21453,A,N,-,C,A,A,H,-,A,A,0,NA,NA,NA,NA,Y,NA,A,01,0,0,2,0,0,0,0,0,0,-,-,NA,NA,LOS ANGELES,POMONA,-117.74994008,34.05146008
8337606,2017,2017-04-06,1975,2017-03-29,1746,390,NA,3,5,6,1975,0,0,0,NA,0,001,ROWLAND AV,LARK ELLEN AV,0,NA,Y,A,-,N,NA,NA,NA,NA,NA,NA,NA,NA,NA,N,3,0,1,2,A,-,09,21801,NA,N,-,C,A,A,H,-,A,A,0,NA,NA,NA,NA,Y,NA,-,NA,0,1,0,0,0,0,0,0,0,-,-,NA,NA,LOS ANGELES,WEST COVINA,-117.91659005,34.07924007
8337609,2017,2017-08-04,1955,2017-03-10,1652,40764,0020,5,5,6,1955,0,0,0,NA,0,002,TOWNE AV,ARROW HWY,125,S,N,A,-,N,NA,NA,NA,NA,NA,NA,NA,NA,NA,N,4,0,1,2,A,-,03,22350,NA,N,C,C,A,A,H,-,A,D,0,NA,NA,NA,NA,Y,NA,A,01,0,0,1,0,0,0,0,0,0,-,-,NA,NA,LOS ANGELES,POMONA,-117.7368,34.08983738
8337610,2017,2017-04-06,1975,2017-03-27,1814,353,NA,1,5,6,1975,0,0,0,NA,0,006,LA PUENTE RD,PASEO DEL CABELLO,0,NA,Y,A,-,N,NA,NA,NA,NA,NA,NA,NA,NA,NA,N,4,0,2,2,A,-,03,22350,NA,N,C,C,A,A,H,-,A,-,0,NA,NA,NA,NA,Y,NA,A,01,0,0,2,0,0,0,0,0,0,-,-,NA,NA,LOS ANGELES,WEST COVINA,-117.87867011,34.0121001
8337613,2017,2017-04-07,1955,2017-03-03,1544,40616,0081,5,5,6,1955,0,0,0,NA,0,005,GAREY AV,BEAVER CT,53,S,N,A,-,N,NA,NA,NA,NA,NA,NA,NA,NA,NA,N,4,0,1,2,A,-,09,21453,B,N,B,C,A,A,H,-,A,A,0,NA,NA,NA,NA,Y,NA,A,01,0,0,1,0,0,0,0,0,0,-,-,NA,NA,LOS ANGELES,POMONA,-117.74964792,34.04225508
8337617,2017,2017-04-07,1955,2017-03-29,1615,40668,0099,3,5,6,1955,0,0,0,NA,0,003,HOLT AV,RESERVOIR ST,200,E,N,A,-,N,NA,NA,NA,NA,NA,NA,NA,NA,NA,Y,4,0,1,2,A,-,09,21804,A,N,D,C,A,A,H,-,A,-,0,NA,NA,NA,NA,Y,NA,A,01,0,0,1,0,0,0,0,0,0,-,-,NA,NA,LOS ANGELES,POMONA,-117.73216182,34.06282116
8337621,2017,2017-04-07,1955,2017-03-27,0704,41138,0038,1,5,6,1955,0,0,0,NA,0,002,FAIRPLEX DR,MCKINLEY AV,0,NA,Y,A,-,N,NA,NA,NA,NA,NA,NA,NA,NA,NA,Y,4,0,1,1,A,-,08,22107,NA,N,E,I,A,A,H,-,A,A,0,NA,NA,NA,NA,Y,NA,A,01,0,0,1,0,0,0,0,0,0,-,-,NA,NA,LOS ANGELES,POMONA,-117.77682013,34.08615001
8337625,2017,2017-04-07,1955,2017-03-06,1552,40624,0090,1,5,6,1955,0,0,0,NA,0,004,EAST END AV,9TH ST,0,NA,Y,A,-,N,NA,NA,NA,NA,NA,NA,NA,NA,NA,Y,3,0,2,2,A,-,12,22450,A,N,D,C,A,A,H,-,A,A,0,NA,NA,NA,NA,Y,NA,A,01,0,1,1,0,0,0,0,0,0,-,-,NA,NA,LOS ANGELES,POMONA,-117.72371002,34.05209003
8337627,2017,2017-04-10,1955,2017-03-18,0750,41971,0024,6,5,6,1955,0,0,0,NA,0,002,ORANGE GROVE AV,LAVERNE AV,0,NA,Y,A,-,N,NA,NA,NA,NA,NA,NA,NA,NA,NA,Y,4,0,3,2,A,-,09,21801,A,N,A,C,A,A,H,-,A,A,0,NA,NA,NA,NA,Y,NA,A,01,0,0,3,0,0,0,0,0,0,-,-,NA,NA,LOS ANGELES,POMONA,-117.74627,34.08211008
8337629,2017,2017-04-07,1955,2017-03-08,1921,40513,0051,3,5,6,1955,0,0,0,NA,0,001,MISSION BL,HAMILTON BL,0,NA,Y,A,-,N,NA,NA,NA,NA,NA,NA,NA,NA,NA,N,3,0,1,2,A,-,09,21801,A,N,A,C,A,A,H,-,B,A,0,NA,NA,NA,NA,Y,NA,A,08,0,1,0,0,0,0,0,0,0,-,-,NA,NA,LOS ANGELES,POMONA,-117.76314009,34.05479012
8337631,2017,2017-04-10,1955,2017-03-18,1241,42150,0078,6,5,6,1955,0,0,0,NA,0,005,DUDLEY ST,VEJAR ST,0,NA,Y,A,-,N,NA,NA,NA,NA,NA,NA,NA,NA,NA,Y,4,0,2,2,A,-,09,21802,A,N,D,C,A,A,H,-,A,A,0,NA,NA,NA,NA,Y,NA,A,01,0,0,2,0,0,0,0,0,0,-,-,NA,NA,LOS ANGELES,POMONA,-117.77296008,34.05244007
8337633,2017,2017-04-07,1955,2017-03-22,1424,41871,0015,3,5,6,1955,0,0,0,NA,0,003,INDIAN HILL BL,KEYSTONE AV,240,S,N,A,-,N,NA,NA,NA,NA,NA,NA,NA,NA,NA,N,4,0,1,2,A,-,09,21804,A,N,D,C,A,A,H,-,A,A,0,NA,NA,NA,NA,Y,NA,A,01,0,0,1,0,0,0,0,0,0,-,-,NA,NA,LOS ANGELES,POMONA,-117.7192,34.06513218
8337635,2017,2017-04-10,1955,2017-03-28,1726,30538,0014,2,5,6,1955,0,0,0,NA,0,003,HOLT AV,HERSHEY ST,189,E,N,A,-,N,NA,NA,NA,NA,NA,NA,NA,NA,NA,Y,3,0,2,4,A,-,03,22350,NA,N,C,C,A,A,H,-,A,A,0,NA,NA,NA,NA,Y,NA,A,01,0,1,1,0,0,0,0,0,0,-,-,NA,NA,LOS ANGELES,POMONA,-117.72621791,34.06297752
8337639,2017,2017-04-17,1955,2017-03-04,1323,40616,0030,6,5,6,1955,0,0,0,NA,0,002,GROVE ST,ABBOTT ST,0,NA,Y,B,-,N,NA,NA,NA,NA,NA,NA,NA,NA,NA,Y,3,0,2,4,A,-,09,21802,A,N,D,C,A,A,H,-,A,A,0,NA,NA,NA,NA,Y,NA,A,07,0,1,1,0,0,0,0,0,0,-,-,NA,NA,LOS ANGELES,POMONA,-117.7475201,34.10317002
8337643,2017,2017-04-10,1955,2017-03-30,1719,30060,0024,4,5,6,1955,0,0,0,NA,0,002,ORANGE GROVE,MCKINLEY AV,0,NA,Y,A,-,N,NA,NA,NA,NA,NA,NA,NA,NA,NA,N,4,0,1,2,A,-,21,22106,NA,N,C,C,A,A,H,-,A,A,0,NA,NA,NA,NA,Y,NA,A,07,0,0,1,0,0,0,0,0,0,-,-,NA,NA,LOS ANGELES,POMONA,-117.75045006,34.07417002
8337647,2017,2017-04-10,1955,2017-03-02,1615,41186,0049,4,5,6,1955,0,0,0,NA,0,001,HOLT AV,DUDLEY AV,520,E,N,A,-,N,NA,NA,NA,NA,NA,NA,NA,NA,NA,N,4,0,1,2,A,-,09,21804,A,F,G,B,F,A,H,-,A,A,0,Y,NA,NA,NA,Y,NA,A,01,0,0,1,0,1,0,0,0,0,-,-,NA,NA,LOS ANGELES,POMONA,-117.77495805,34.06175981
8337649,2017,2017-04-07,1975,2017-03-11,1953,372,NA,6,5,6,1975,0,0,0,NA,0,001,SUNSET AV,BADILLO ST,0,NA,Y,A,-,N,NA,NA,NA,NA,NA,NA,NA,NA,NA,Y,2,0,2,2,A,-,01,23153,A,N,D,C,A,A,H,-,C,A,0,NA,NA,NA,NA,Y,Y,-,NA,1,1,0,0,0,0,0,0,0,-,-,NA,NA,LOS ANGELES,WEST COVINA,-117.93423008,34.08670009
8337651,2017,2017-08-04,1955,2017-03-29,0538,40605,0020,3,5,6,1955,0,0,0,NA,0,002,TOWNE AV,ARROW HWY,0,NA,Y,A,-,N,NA,NA,NA,NA,NA,NA,NA,NA,NA,Y,3,0,1,2,A,-,12,21453,A,N,D,C,A,A,H,-,B,A,0,NA,NA,NA,NA,Y,NA,A,01,0,1,0,0,0,0,0,0,0,-,-,NA,NA,LOS ANGELES,POMONA,-117.73680007,34.09018004
8337655,2017,2017-04-17,1955,2017-03-11,1902,42145,0018,6,5,6,1955,0,0,0,NA,0,003,INDIAN HILL BL,LINCOLN AV,0,NA,Y,A,-,N,NA,NA,NA,NA,NA,NA,NA,NA,NA,Y,3,0,2,2,A,-,12,21453,A,N,D,C,A,A,H,-,C,A,0,NA,NA,NA,NA,Y,NA,-,-,0,2,0,0,0,0,0,0,0,-,-,NA,NA,LOS ANGELES,POMONA,-117.7192401,34.07091002
8337657,2017,2017-04-07,1975,2017-03-13,1200,353,NA,1,5,6,1975,0,0,0,NA,0,004,MERCED AV,BUBBLING WELL,0,NA,Y,A,-,N,NA,NA,NA,NA,NA,NA,NA,NA,NA,N,3,0,2,2,A,-,03,22350,NA,N,C,C,A,A,H,-,A,D,0,NA,NA,NA,NA,Y,NA,-,NA,0,1,1,0,0,0,0,0,0,-,-,NA,NA,LOS ANGELES,WEST COVINA,-117.93522012,34.05409008
8337659,2017,2017-08-04,1955,2017-03-31,2200,42145,0020,5,5,6,1955,0,0,0,NA,0,002,TOWNE AV,ARROW HWY,650,S,N,A,-,N,NA,NA,NA,NA,NA,NA,NA,NA,NA,Y,4,0,1,2,A,-,08,22107,NA,M,D,C,A,-,H,-,C,D,0,NA,NA,NA,NA,Y,NA,A,01,0,0,1,0,0,0,0,0,0,-,-,NA,NA,LOS ANGELES,POMONA,-117.73688087,34.08840248
8337661,2017,2017-04-07,1975,2017-03-14,1227,353,NA,2,5,6,1975,0,0,0,NA,0,003,SUNSET AV,MERCED AV,0,NA,Y,A,-,N,NA,NA,NA,NA,NA,NA,NA,NA,NA,Y,3,0,3,3,A,-,12,21453,A,N,D,C,A,A,H,-,A,A,0,NA,NA,NA,NA,Y,NA,-,NA,0,2,1,0,0,0,0,0,0,-,-,NA,NA,LOS ANGELES,WEST COVINA,-117.94612011,34.06132006
8337663,2017,2017-04-10,1955,2017-03-08,1714,40513,0079,3,5,6,1955,0,0,0,NA,0,005,WHITE AV,9TH ST,0,NA,Y,A,-,N,NA,NA,NA,NA,NA,NA,NA,NA,NA,N,3,0,1,2,A,-,00,21760,NA,F,B,G,A,A,H,-,A,D,0,NA,Y,NA,NA,Y,NA,A,01,0,1,0,0,0,0,1,0,0,-,-,NA,NA,LOS ANGELES,POMONA,-117.75866,34.05124001
8337665,2017,2017-04-07,1975,2017-03-14,1420,353,NA,2,5,6,1975,0,0,0,NA,0,002,PHILLIPS AV,DANES DR,25,S,N,A,-,N,NA,NA,NA,NA,NA,NA,NA,NA,NA,N,3,0,1,2,A,-,08,22107,NA,N,C,G,A,A,H,-,A,D,0,NA,Y,NA,NA,Y,NA,L,04,0,1,0,0,0,0,1,0,0,-,-,NA,NA,LOS ANGELES,WEST COVINA,-117.90555,34.08082146
8337667,2017,2017-04-10,1955,2017-03-02,1426,40906,0010,4,5,6,1955,0,0,0,NA,0,003,PALOMARES ST,PEARL ST,0,NA,Y,A,-,N,NA,NA,NA,NA,NA,NA,NA,NA,NA,Y,4,0,1,2,A,-,12,22450,NA,N,D,C,A,A,H,-,A,A,0,NA,NA,NA,NA,Y,NA,A,08,0,0,1,0,0,0,0,0,0,-,-,NA,NA,LOS ANGELES,POMONA,-117.74603002,34.06450011
8337669,2017,2017-04-07,1975,2017-03-17,0737,377,5,5,5,6,1975,0,0,0,NA,0,NA,LARK ELLEN AV,AMAR RD,691,N,N,A,-,N,NA,NA,NA,NA,NA,NA,NA,NA,NA,Y,3,0,1,2,A,-,01,23152,A,M,C,E,A,A,H,-,A,D,0,NA,NA,NA,NA,Y,Y,-,NA,0,1,0,0,0,0,0,0,0,-,-,34.03518,-117.91952,LOS ANGELES,WEST COVINA,-117.91940742,34.03705936
8337671,2017,2017-04-10,1955,2017-03-09,1319,41871,0030,4,5,6,1955,0,0,0,NA,0,002,TOWNE AV,BONITA AV,368,N,N,A,-,N,NA,NA,NA,NA,NA,NA,NA,NA,NA,N,4,0,1,2,A,-,09,21804,A,N,D,G,A,A,H,-,A,A,0,NA,Y,NA,NA,Y,NA,A,08,0,0,1,0,0,0,1,0,0,-,-,NA,NA,LOS ANGELES,POMONA,-117.73687,34.09718699
8337673,2017,2017-04-07,1975,2017-03-21,0856,377,NA,2,5,6,1975,0,0,0,NA,0,003,ORANGE AV,FRANCISQUITO AV,0,NA,Y,B,-,N,NA,NA,NA,NA,NA,NA,NA,NA,NA,Y,3,0,1,2,A,-,09,21801,A,N,D,C,A,A,-,-,A,A,0,NA,NA,NA,NA,Y,NA,-,NA,0,1,0,0,0,0,0,0,0,-,-,34.0573,-117.95881,LOS ANGELES,WEST COVINA,-117.95883006,34.05733002
8337677,2017,2017-04-07,1975,2017-03-22,0634,994,NA,3,5,6,1975,0,0,0,NA,0,003,SUNSET AV,CAMERON AV,230,S,N,B,-,N,NA,NA,NA,NA,NA,NA,NA,NA,NA,Y,4,0,1,3,A,-,03,22350,NA,N,C,C,A,B,H,-,B,A,0,NA,NA,NA,NA,Y,NA,A,01,0,0,1,0,0,0,0,0,0,-,-,34.06691,-117.94026,LOS ANGELES,WEST COVINA,-117.94081635,34.06646364
8337705,2017,2017-04-07,1975,2017-03-20,2318,441,NA,1,5,6,1975,0,0,0,NA,0,005,AROMA DR,AZUSA,33,E,N,A,-,N,NA,NA,NA,NA,NA,NA,NA,NA,NA,Y,4,0,1,3,A,-,08,22107,A,M,A,C,A,A,H,-,C,A,0,NA,NA,NA,NA,Y,Y,-,NA,0,0,1,0,0,0,0,0,0,-,-,NA,NA,LOS ANGELES,WEST COVINA,-117.90793343,34.04735224
8337724,2017,2017-04-06,1955,2017-03-09,1802,42144,0053,4,5,6,1955,0,0,0,NA,0,001,MISSION BL,DUDLEY ST,55,E,N,A,-,N,NA,NA,NA,NA,NA,NA,NA,NA,NA,Y,4,0,2,3,A,-,03,22350,NA,N,B,C,A,A,H,-,B,A,0,NA,NA,NA,NA,Y,NA,A,01,0,0,2,0,0,0,0,0,0,-,-,NA,NA,LOS ANGELES,POMONA,-117.77342088,34.05455239
8337923,2017,2017-04-04,1942,2017-03-11,1930,41198,1589,6,5,7,1942,0,0,0,O,0,10T37,FOREST LAWN DR,GREENWOOD WY,240,E,N,A,-,N,NA,NA,NA,NA,NA,NA,NA,NA,NA,Y,4,0,1,1,A,-,08,22107,NA,N,A,I,A,A,H,-,C,D,0,NA,NA,NA,NA,Y,NA,A,01,0,0,1,0,0,0,0,0,0,-,-,NA,NA,LOS ANGELES,LOS ANGELES,-118.32217948,34.1527934
8337924,2017,2017-04-04,1942,2017-03-14,1715,33779,1756,2,5,7,1942,0,0,0,Q,0,15TL44,DEVONSHIRE ST,BALBOA BL,230,W,N,A,-,N,NA,NA,NA,NA,NA,NA,NA,NA,NA,N,4,0,1,2,A,-,08,22107,NA,N,D,C,A,A,H,-,A,A,0,NA,NA,NA,NA,Y,NA,A,07,0,0,1,0,0,0,0,0,0,-,-,NA,NA,LOS ANGELES,LOS ANGELES,-118.50308975,34.25753106
8337927,2017,2017-04-04,1942,2017-03-10,1540,35481,1559,5,5,7,1942,0,0,0,O,0,21TL62,MAGNOLIA BL,CAHUENGA BL,0,NA,Y,A,-,N,NA,NA,NA,NA,NA,NA,NA,NA,NA,N,4,0,2,2,A,-,09,21801,A,N,D,C,A,A,H,-,A,A,0,NA,NA,NA,NA,Y,NA,A,07,0,0,2,0,0,0,0,0,0,-,-,NA,NA,LOS ANGELES,LOS ANGELES,-118.36154009,34.16490004
8337931,2017,2017-04-04,1942,2017-03-13,1440,33294,1533,1,5,7,1942,0,0,0,O,0,35M53,LAUREL CANYON BL,BURBANK BL,200,N,N,A,-,N,NA,NA,NA,NA,NA,NA,NA,NA,NA,Y,3,0,2,2,A,-,09,21804,A,N,D,C,A,A,H,-,A,A,0,NA,NA,NA,NA,Y,NA,A,01,0,1,1,0,0,0,0,0,0,-,-,NA,NA,LOS ANGELES,LOS ANGELES,-118.39651,34.17267856
8337932,2017,2017-04-04,1942,2017-03-09,2015,41239,1745,4,5,7,1942,0,0,0,Q,0,15T43,CHATSWORTH ST,LINDLEY AV,0,NA,Y,A,-,N,NA,NA,NA,NA,NA,NA,NA,NA,NA,Y,4,0,4,2,A,-,09,21801,A,N,D,C,A,A,H,-,C,A,0,NA,NA,NA,NA,Y,NA,A,01,0,0,4,0,0,0,0,0,0,-,-,NA,NA,LOS ANGELES,LOS ANGELES,-118.52724003,34.26452002
8337935,2017,2017-04-04,1942,2017-03-10,2200,38995,1672,5,5,7,1942,0,0,0,P,0,10T37,SAN FERNANDO RD,WICKS ST,0,NA,Y,A,-,N,NA,NA,NA,NA,NA,NA,NA,NA,NA,Y,4,0,2,2,A,-,09,21801,A,N,A,C,A,A,H,-,C,A,0,NA,NA,NA,NA,Y,NA,A,01,0,0,2,0,0,0,0,0,0,-,-,NA,NA,LOS ANGELES,LOS ANGELES,-118.39056003,34.23633004
8337939,2017,2017-04-04,1942,2017-03-12,1440,41397,1601,7,5,7,1942,0,0,0,P,0,21TL67,CORCORAN ST,FELLOWS AV,100,E,N,A,-,N,NA,NA,NA,NA,NA,NA,NA,NA,NA,N,3,0,1,2,A,-,02,21654,A,N,-,B,E,-,-,-,-,-,0,Y,NA,NA,NA,Y,NA,N,60,0,1,0,0,1,0,0,0,0,-,-,NA,NA,LOS ANGELES,LOS ANGELES,-118.42084849,34.2854679
8337943,2017,2017-04-04,1942,2017-03-12,1140,36755,1681,7,5,7,1942,0,0,0,P,0,16TL28,ROSCOE BL,PEDRIA ST,0,NA,Y,A,-,N,NA,NA,NA,NA,NA,NA,NA,NA,NA,Y,4,0,4,2,A,-,09,21801,A,N,D,C,A,A,H,-,A,A,0,NA,NA,NA,NA,Y,NA,A,08,0,0,4,0,0,0,0,0,0,-,-,NA,NA,LOS ANGELES,LOS ANGELES,-118.40339,34.22166