CASE_ID,ACCIDENT_YEAR,PROC_DATE,JURIS,COLLISION_DATE,COLLISION_TIME,OFFICER_ID,REPORTING_DISTRICT,DAY_OF_WEEK,CHP_SHIFT,POPULATION,CNTY_CITY_LOC,SPECIAL_COND,BEAT_TYPE,CHP_BEAT_TYPE,CITY_DIVISION_LAPD,CHP_BEAT_CLASS,BEAT_NUMBER,PRIMARY_RD,SECONDARY_RD,DISTANCE,DIRECTION,INTERSECTION,WEATHER_1,WEATHER_2,STATE_HWY_IND,CALTRANS_COUNTY,CALTRANS_DISTRICT,STATE_ROUTE,ROUTE_SUFFIX,POSTMILE_PREFIX,POSTMILE,LOCATION_TYPE,RAMP_INTERSECTION,SIDE_OF_HWY,TOW_AWAY,COLLISION_SEVERITY,NUMBER_KILLED,NUMBER_INJURED,PARTY_COUNT,PRIMARY_COLL_FACTOR,PCF_CODE_OF_VIOL,PCF_VIOL_CATEGORY,PCF_VIOLATION,PCF_VIOL_SUBSECTION,HIT_AND_RUN,TYPE_OF_COLLISION,MVIW,PED_ACTION,ROAD_SURFACE,ROAD_COND_1,ROAD_COND_2,LIGHTING,CONTROL_DEVICE,CHP_ROAD_TYPE,PEDESTRIAN_ACCIDENT,BICYCLE_ACCIDENT,MOTORCYCLE_ACCIDENT,TRUCK_ACCIDENT,NOT_PRIVATE_PROPERTY,ALCOHOL_INVOLVED,STWD_VEHTYPE_AT_FAULT,CHP_VEHTYPE_AT_FAULT,COUNT_SEVERE_INJ,COUNT_VISIBLE_INJ,COUNT_COMPLAINT_PAIN,COUNT_PED_KILLED,COUNT_PED_INJURED,COUNT_BICYCLIST_KILLED,COUNT_BICYCLIST_INJURED,COUNT_MC_KILLED,COUNT_MC_INJURED,PRIMARY_RAMP,SECONDARY_RAMP,LATITUDE,LONGITUDE,COUNTY,CITY,POINT_X,POINT_Y
8338821,2017,2017-04-05,1942,2017-03-15,1925,36336,1543,3,5,7,1942,0,0,0,O,0,15T45,BURBANK BL,SAINT CLAIR AV,0,NA,Y,A,-,N,NA,NA,NA,NA,NA,NA,NA,NA,NA,Y,4,0,2,2,A,-,09,21801,A,N,A,C,A,A,H,-,B,A,0,NA,NA,NA,NA,Y,NA,A,01,0,0,2,0,0,0,0,0,0,-,-,NA,NA,LOS ANGELES,LOS ANGELES,-118.39982011,34.17212011
8338825,2017,2017-04-05,1942,2017-03-28,0815,38996,1525,2,5,7,1942,0,0,0,O,0,10TL37,VICTORY BL,LANKERSHIM BL,0,NA,Y,A,-,N,NA,NA,NA,NA,NA,NA,NA,NA,NA,Y,4,0,3,3,A,-,09,21801,A,N,A,C,A,A,H,-,A,A,0,NA,NA,NA,NA,Y,NA,A,01,0,0,3,0,0,0,0,0,0,-,-,NA,NA,LOS ANGELES,LOS ANGELES,-118.38779008,34.18668011
8338829,2017,2017-04-05,1942,2017-03-28,1700,26319,1555,2,5,7,1942,0,0,0,O,0,19TL74,MAGNOLIA BL,LANKERSHIM BL,40,W,N,A,-,N,NA,NA,NA,NA,NA,NA,NA,NA,NA,N,4,0,1,2,A,-,03,22350,NA,N,C,C,A,A,H,-,A,A,0,NA,NA,NA,NA,Y,NA,A,01,0,0,1,0,0,0,0,0,0,-,-,NA,NA,LOS ANGELES,LOS ANGELES,-118.37478188,34.1649044
8338833,2017,2017-04-05,1942,2017-03-15,0745,40119,1522,3,5,7,1942,0,0,0,O,0,15TL47,ETHEL AV,GAULT ST,160,S,N,A,-,N,NA,NA,NA,NA,NA,NA,NA,NA,NA,N,3,0,1,2,A,-,09,21804,A,N,D,G,A,A,H,-,A,D,0,NA,Y,NA,NA,Y,NA,L,04,0,1,0,0,0,0,1,0,0,-,-,NA,NA,LOS ANGELES,LOS ANGELES,-118.41813594,34.19889116
8338837,2017,2017-04-05,1942,2017-03-03,1850,42566,1533,5,5,7,1942,0,0,0,O,0,15A24,OXNARD ST,RADFORD AV,360,W,N,A,-,N,NA,NA,NA,NA,NA,NA,NA,NA,NA,Y,4,0,3,2,A,-,09,21801,A,N,A,C,A,A,H,-,C,A,0,NA,NA,NA,NA,Y,NA,A,01,0,0,3,0,0,0,0,0,0,-,-,NA,NA,LOS ANGELES,LOS ANGELES,-118.39334799,34.17941937
8338841,2017,2017-04-05,1942,2017-03-15,1625,35481,1543,3,5,7,1942,0,0,0,O,0,21TL62,CHANDLER AV,LAUREL CANYON BL,0,NA,Y,A,-,N,NA,NA,NA,NA,NA,NA,NA,NA,NA,N,4,0,2,2,D,-,00,NA,NA,N,D,C,A,A,H,-,A,A,0,NA,NA,NA,NA,Y,NA,-,-,0,0,2,0,0,0,0,0,0,-,-,NA,NA,LOS ANGELES,LOS ANGELES,-118.3965,34.16866009
8338845,2017,2017-04-05,1942,2017-03-21,1920,36336,1548,2,5,7,1942,0,0,0,O,0,15T45,MAGNOLIA BL,VINELAND AV,0,NA,Y,C,-,N,NA,NA,NA,NA,NA,NA,NA,NA,NA,Y,3,0,2,2,A,-,09,21801,A,N,A,C,A,B,H,-,B,A,0,NA,NA,NA,NA,Y,NA,A,01,0,1,1,0,0,0,0,0,0,-,-,NA,NA,LOS ANGELES,LOS ANGELES,-118.37046002,34.16487004
8338847,2017,2017-04-11,1942,2017-03-28,1525,34634,1028,2,5,7,1942,0,0,0,J,0,35M43,HAYVENHURST AV,VANOWEN ST,50,N,N,A,-,N,NA,NA,NA,NA,NA,NA,NA,NA,NA,N,4,0,2,2,A,-,04,21703,NA,F,C,C,A,A,H,-,A,A,0,NA,NA,NA,NA,Y,NA,-,99,0,0,2,0,0,0,0,0,0,-,-,NA,NA,LOS ANGELES,LOS ANGELES,-118.4924,34.19403715
8338849,2017,2017-04-05,1942,2017-03-16,1705,35481,1503,4,5,7,1942,0,0,0,O,0,21TL62,LAUREL CANYON BL,VANOWEN ST,200,S,N,A,-,N,NA,NA,NA,NA,NA,NA,NA,NA,NA,N,4,0,1,2,A,-,03,22350,NA,N,C,C,A,A,H,-,A,D,0,NA,NA,NA,NA,Y,NA,A,01,0,0,1,0,0,0,0,0,0,-,-,NA,NA,LOS ANGELES,LOS ANGELES,-118.39652,34.19340144
8338853,2017,2017-04-05,1942,2017-03-15,0845,41397,1525,3,5,7,1942,0,0,0,O,0,21TL67,VICTORY BL,SIMPSON AV,0,NA,Y,A,-,N,NA,NA,NA,NA,NA,NA,NA,NA,NA,N,4,0,1,2,A,-,05,21650,NA,N,D,G,A,A,H,-,A,D,0,NA,Y,NA,NA,Y,NA,L,04,0,0,1,0,0,0,1,0,0,-,-,NA,NA,LOS ANGELES,LOS ANGELES,-118.38887001,34.18668009
8338948,2017,2017-04-14,1942,2017-03-12,2146,41056,1268,7,5,7,1942,0,0,0,L,0,12T41,MAIN,83RD,38,S,N,A,-,N,NA,NA,NA,NA,NA,NA,NA,NA,NA,Y,3,0,1,2,A,-,01,23152,NA,M,-,E,A,A,H,-,C,A,0,NA,NA,NA,NA,Y,Y,-,99,0,1,0,0,0,0,0,0,0,-,-,NA,NA,LOS ANGELES,LOS ANGELES,-118.27389,33.96404578
8338952,2017,2017-04-14,1942,2017-03-12,2140,41056,1268,7,5,7,1942,0,0,0,L,0,12T41,BROADWAY,83RD,18,S,N,A,-,N,NA,NA,NA,NA,NA,NA,NA,NA,NA,Y,3,0,1,2,A,-,01,23152,A,M,B,C,A,A,H,-,C,A,0,NA,NA,NA,NA,Y,Y,-,99,0,1,0,0,0,0,0,0,0,-,-,NA,NA,LOS ANGELES,LOS ANGELES,-118.2783,33.96412063
8338962,2017,2017-12-27,1900,2017-01-26,1510,434616,1516,4,5,5,1954,0,0,0,NA,0,151T4,ROSEMEAD AV,BERMUDEZ AV,86,N,N,A,-,N,NA,NA,NA,NA,NA,NA,NA,NA,NA,N,4,0,1,3,A,-,03,22350,NA,N,C,C,A,A,H,-,A,A,0,NA,NA,NA,NA,Y,NA,-,NA,0,0,1,0,0,0,0,0,0,-,-,NA,NA,LOS ANGELES,PICO RIVERA,-118.10455841,33.97218011
8338963,2017,2017-08-04,1942,2017-03-09,1000,42669,1341,4,5,7,1942,0,0,0,M,0,13A9,JEFFERSON BL,HOPE ST,10,W,N,A,-,N,NA,NA,NA,NA,NA,NA,NA,NA,NA,N,4,0,2,2,A,-,04,21703,NA,N,C,C,A,A,H,-,A,A,0,NA,NA,NA,NA,Y,NA,A,NA,0,0,2,0,0,0,0,0,0,-,-,NA,NA,LOS ANGELES,LOS ANGELES,-118.27767856,34.02092366
8338966,2017,2018-02-07,1942,2017-03-06,1510,39058,0666,1,5,7,1942,0,0,0,F,0,6TL2,CAHUENGA BL,SANTA MONICA BL,0,NA,Y,A,-,Y,LA,7,2,-,-,11.451,I,5,W,Y,4,0,2,2,A,-,12,21453,A,N,D,C,A,A,H,-,A,A,0,NA,NA,NA,NA,Y,NA,A,08,0,0,2,0,0,0,0,0,0,-,-,NA,NA,LOS ANGELES,LOS ANGELES,-118.32896629,34.09073767
8338973,2017,2018-01-06,1900,2017-02-23,1713,552548,2619,4,5,6,1950,0,0,0,NA,0,262T1,10TH ST WEST,RT 14,0,NA,Y,A,-,Y,LA,7,14,-,R,61.897,R,4,S,NA,4,0,1,2,A,-,12,21453,A,N,D,C,A,A,H,-,A,A,0,NA,NA,NA,NA,Y,NA,-,-,0,0,1,0,0,0,0,0,0,-,SF,NA,NA,LOS ANGELES,PALMDALE,-118.14941326,34.60655681
8338974,2017,2017-08-04,1942,2017-03-10,0100,41595,0666,5,5,7,1942,0,0,0,F,0,6XL69,LEXINGTON AV,W LODI PL,10,W,N,A,-,N,NA,NA,NA,NA,NA,NA,NA,NA,NA,NA,3,0,1,3,A,-,03,22350,NA,N,A,E,A,A,H,-,A,D,0,NA,NA,NA,NA,Y,NA,A,01,0,1,0,0,0,0,0,0,0,-,-,NA,NA,LOS ANGELES,LOS ANGELES,-118.32341296,34.0925503
8338977,2017,2018-02-16,1900,2017-03-07,1630,533363,2610,2,5,6,1950,0,0,0,NA,0,262T1,RT 138,10TH PL EAST,112,E,N,A,-,Y,LA,7,138,-,-,44.78,H,-,W,Y,4,0,1,3,A,-,07,21658,A,N,B,C,A,A,H,-,A,D,0,NA,NA,NA,NA,Y,NA,A,07,0,0,1,0,0,0,0,0,0,-,-,NA,NA,LOS ANGELES,PALMDALE,-118.11030279,34.57957688
8338978,2017,2017-06-29,1942,2017-03-08,1815,41976,0811,3,5,7,1942,0,0,0,H,0,8A59,PACIFIC COAST HWY,PORTO MARINA WY,450,N,N,A,-,Y,LA,7,1,-,-,39.73,H,-,N,Y,4,0,1,3,A,-,03,22350,A,N,C,C,A,A,H,-,C,D,0,NA,NA,NA,NA,Y,NA,A,01,0,0,1,0,0,0,0,0,0,-,-,NA,NA,LOS ANGELES,LOS ANGELES,-118.56214438,34.04063663
8338979,2017,2018-01-06,1956,2017-02-25,1338,1325,50,6,5,5,1956,0,0,0,NA,0,005,RT 107,180TH ST,0,NA,Y,A,-,Y,LA,7,107,-,-,4.32,I,5,S,Y,3,0,1,2,A,-,09,21801,A,N,D,C,A,A,H,-,A,D,0,NA,NA,NA,NA,Y,NA,A,01,0,1,0,0,0,0,0,0,0,-,-,NA,NA,LOS ANGELES,REDONDO BEACH,-118.35265819,33.86741692
8338984,2017,2017-07-28,1956,2017-03-15,2040,1322,16,3,5,5,1956,0,0,0,NA,0,002,RT 1,PEARL ST,0,NA,Y,A,-,Y,LA,7,1,-,-,19.401,I,5,S,Y,4,0,1,2,A,-,09,21802,A,N,D,C,A,A,H,-,C,D,0,NA,NA,NA,NA,Y,NA,A,01,0,0,1,0,0,0,0,0,0,-,-,NA,NA,LOS ANGELES,REDONDO BEACH,-118.38529777,33.83653512
8338985,2017,2017-08-04,1900,2017-03-03,0655,253807,2608,5,5,6,1950,0,0,0,NA,0,261T1,25TH ST EAST,AVENUE R-8,0,NA,Y,A,-,N,NA,NA,NA,NA,NA,NA,NA,NA,NA,Y,4,0,1,2,A,-,09,21801,A,N,D,C,A,A,H,-,A,D,0,NA,NA,NA,NA,Y,NA,A,07,0,0,1,0,0,0,0,0,0,-,-,NA,NA,LOS ANGELES,PALMDALE,-118.08490007,34.56567
8338986,2017,2018-01-06,1942,2017-02-17,1205,40452,1433,5,5,7,1942,0,0,0,N,0,14TL49,VENICE BL,PENMAR AV,8,E,N,C,-,Y,LA,7,187,-,-,3.62,H,-,W,N,2,0,1,2,A,-,11,21954,A,F,G,B,D,B,H,-,A,D,0,Y,NA,NA,NA,Y,NA,N,60,1,0,0,0,1,0,0,0,0,-,-,NA,NA,LOS ANGELES,LOS ANGELES,-118.45108787,33.99503025
8339009,2017,2017-12-27,1900,2017-03-05,2108,600819,0521,7,5,4,1971,0,0,0,NA,0,52T1,RT 164,HERMOSA DR,0,NA,Y,A,-,N,NA,NA,NA,NA,NA,NA,NA,NA,NA,N,2,0,1,2,A,-,10,21950,A,F,G,B,D,A,H,-,C,D,0,Y,NA,NA,NA,Y,NA,-,99,1,0,0,0,1,0,0,0,0,-,-,34.1063,-118.0736,LOS ANGELES,TEMPLE CITY,-118.073617,34.106291
8339013,2017,2018-01-06,1900,2017-02-27,1900,525763,6534,1,5,5,1959,0,0,0,NA,0,53T1PM,RT 164,WHITMORE ST,132,S,N,A,-,Y,LA,7,164,-,-,5.04,H,-,S,N,4,0,1,2,A,-,11,21954,A,N,G,B,E,A,H,-,C,D,0,Y,NA,NA,NA,Y,NA,N,60,0,0,1,0,1,0,0,0,0,-,-,NA,NA,LOS ANGELES,ROSEMEAD,-118.06797101,34.06539029
8339016,2017,2017-06-30,1900,2017-02-18,1410,516547,1016,6,5,3,1995,0,0,0,NA,0,101T3,RT 1,RAMBLA VISTA,160,N,N,A,-,Y,LA,7,1,-,-,44.29,H,-,N,Y,4,0,1,2,A,-,07,21658,A,N,C,E,A,A,H,-,A,D,0,NA,NA,NA,NA,Y,NA,A,01,0,0,1,0,0,0,0,0,0,-,-,34.0373,-118.63849,LOS ANGELES,MALIBU,-118.63866552,34.03735663
8339040,2017,2017-06-30,1900,2017-03-07,1000,602354,1018,2,5,3,1995,0,0,0,NA,0,101T1,RT 1,TUNA CANYON RD,600,S,N,A,-,Y,LA,7,1,-,-,41.25,H,-,N,N,4,0,1,2,A,-,08,22107,NA,N,D,G,A,A,H,-,A,D,0,NA,Y,NA,NA,Y,NA,A,01,0,0,1,0,0,0,1,0,0,-,-,34.03917,-118.58748,LOS ANGELES,MALIBU,-118.58751494,34.03931071
8339046,2017,2017-08-04,1942,2017-03-17,2000,38459,1471,5,5,7,1942,0,0,0,N,0,14A73,VISTA DEL MAR,PACIFIC AV,900,S,N,A,-,N,NA,NA,NA,NA,NA,NA,NA,NA,NA,Y,4,0,1,2,A,-,05,21650,NA,F,B,C,A,A,H,-,C,A,0,NA,NA,NA,NA,Y,NA,-,99,0,0,1,0,0,0,0,0,0,-,-,NA,NA,LOS ANGELES,LOS ANGELES,-118.44760774,33.95467988
8339051,2017,2018-01-06,1942,2017-03-07,1500,40157,1438,2,5,7,1942,0,0,0,N,0,7TL72,VENICE BL,OVERLAND AV,25,E,N,A,-,Y,LA,7,187,-,-,6.63,H,-,E,N,3,0,1,2,C,-,18,NA,NA,N,G,B,F,A,H,-,A,D,0,Y,NA,NA,NA,Y,Y,-,-,0,1,0,0,1,0,0,0,0,-,-,NA,NA,LOS ANGELES,LOS ANGELES,-118.40680409,34.01861989
8339052,2017,2017-07-28,1942,2017-03-21,1330,40452,1483,2,5,7,1942,0,0,0,N,0,14TL49,LINCOLN BL,W 94TH ST,200,N,N,B,-,Y,LA,7,1,-,-,28.48,H,-,S,Y,3,0,2,2,A,-,07,21658,A,N,D,C,A,A,H,-,A,D,0,NA,NA,NA,NA,Y,NA,A,01,0,2,0,0,0,0,0,0,0,-,-,NA,NA,LOS ANGELES,LOS ANGELES,-118.41415075,33.95469036
8339055,2017,2018-01-06,1942,2017-03-13,1150,37550,1443,1,5,7,1942,0,0,0,N,0,8TL35,VENCENNES ST,ROSEWOOD AV,42,S,N,A,-,Y,LA,7,187,-,-,4.12,H,-,W,Y,4,0,1,2,A,-,03,22350,NA,N,C,C,A,A,H,-,A,A,0,NA,NA,NA,NA,Y,NA,A,01,0,0,1,0,0,0,0,0,0,-,-,NA,NA,LOS ANGELES,LOS ANGELES,-118.44356936,33.99880844
8339056,2017,2017-07-28,1942,2017-03-13,0710,37550,1437,1,5,7,1942,0,0,0,N,0,8TL35,SEPULVEDA BL,VENICE BL,0,NA,Y,B,-,Y,LA,7,187,-,-,5.91,I,5,E,Y,4,0,1,2,A,-,09,21801,A,N,A,C,A,A,H,-,A,A,0,NA,NA,NA,NA,Y,NA,A,01,0,0,1,0,0,0,0,0,0,-,-,NA,NA,LOS ANGELES,LOS ANGELES,-118.41724839,34.0127068
8339061,2017,2017-08-04,1942,2017-02-28,1340,38395,0885,2,5,7,1942,0,0,0,H,0,8A95,ESTHER AV,OVERLAND AV,0,NA,Y,A,-,N,NA,NA,NA,NA,NA,NA,NA,NA,NA,Y,4,0,1,2,A,-,09,21801,A,N,D,C,A,A,H,-,A,D,0,NA,NA,NA,NA,Y,NA,A,01,0,0,1,0,0,0,0,0,0,-,-,NA,NA,LOS ANGELES,LOS ANGELES,-118.42258013,34.03891007
8339078,2017,2017-08-04,1942,2017-03-16,0756,39202,0783,4,5,7,1942,0,0,0,G,0,7A53,WASHINGTON BL,THURMAN AV,0,NA,Y,A,-,N,NA,NA,NA,NA,NA,NA,NA,NA,NA,N,4,0,2,2,A,-,08,22107,NA,N,D,C,A,A,H,-,A,D,0,NA,NA,NA,NA,Y,NA,-,-,0,0,2,0,0,0,0,0,0,-,-,NA,NA,LOS ANGELES,LOS ANGELES,-118.36716004,34.03560011
8339082,2017,2018-01-06,1942,2017-03-17,2000,40849,0782,5,5,7,1942,0,0,0,G,0,7A58,LA CIENEGA BL,DAVID AV,0,NA,Y,A,-,Y,LA,7,10,-,R,8.715,R,4,W,N,3,0,1,2,A,-,12,21453,A,N,D,C,A,A,H,-,C,A,0,NA,NA,NA,NA,Y,NA,A,07,0,1,0,0,0,0,0,0,0,-,-,NA,NA,LOS ANGELES,LOS ANGELES,-118.37981501,34.03696557
8339086,2017,2017-08-04,1942,2017-03-16,1640,41287,1488,4,5,7,1942,0,0,0,N,0,14A12,AIRPORT BL,93RD ST,0,NA,Y,A,-,N,NA,NA,NA,NA,NA,NA,NA,NA,NA,Y,3,0,2,2,A,-,09,21802,A,N,A,C,A,A,H,-,A,D,0,NA,NA,NA,NA,Y,NA,A,01,0,1,1,0,0,0,0,0,0,-,-,NA,NA,LOS ANGELES,LOS ANGELES,-118.38589013,33.95177006
8339095,2017,2018-04-23,1944,2017-02-28,1152,354,NA,2,5,4,1944,0,0,0,NA,0,002,SEPULVEDA BL,10TH ST,0,NA,Y,A,-,Y,LA,7,1,-,-,22.791,I,5,N,Y,4,0,2,2,A,-,09,21801,A,N,D,C,A,A,H,-,A,D,0,NA,NA,NA,NA,Y,NA,-,NA,0,0,2,0,0,0,0,0,0,-,-,NA,NA,LOS ANGELES,MANHATTAN BEACH,-118.3959509,33.88565169
8339098,2017,2017-08-04,1942,2017-03-21,0840,31573,0726,2,5,7,1942,0,0,0,G,0,34MQ09,BEVERLY BL,FORMOSA AV,0,NA,Y,B,-,N,NA,NA,NA,NA,NA,NA,NA,NA,NA,Y,3,0,2,2,A,-,12,21453,A,N,D,C,A,A,H,-,A,A,0,NA,NA,NA,NA,Y,NA,A,01,0,1,1,0,0,0,0,0,0,-,-,NA,NA,LOS ANGELES,LOS ANGELES,-118.34623007,34.07617003
8339103,2017,2017-07-28,1967,2017-03-16,0904,128,NA,4,5,2,1967,0,0,0,NA,0,SOUTH,RT 1,FREEMAN AV,90,N,N,A,-,Y,LA,7,1,-,-,4.34,H,-,S,Y,4,0,2,3,A,-,03,22350,NA,N,C,C,A,A,H,-,A,D,0,NA,NA,NA,NA,Y,NA,A,08,0,0,2,0,0,0,0,0,0,-,-,NA,NA,LOS ANGELES,SIGNAL HILL,-118.15591185,33.78980637
8339104,2017,2017-07-28,1967,2017-03-18,1232,128,NA,6,5,2,1967,0,0,0,NA,0,SOUTH,REDONDO AV,RT 1,0,NA,Y,A,-,Y,LA,7,1,-,-,4.101,I,5,S,Y,3,0,3,2,A,-,09,21801,A,N,D,C,A,A,H,-,A,A,0,NA,NA,NA,NA,Y,NA,A,07,0,1,2,0,0,0,0,0,0,-,-,NA,NA,LOS ANGELES,SIGNAL HILL,-118.15185518,33.78979933
8339115,2017,2018-02-16,1976,2017-02-12,1906,332,NA,7,5,5,1976,0,0,0,NA,0,NA,WHITTIER BL,1ST AV,2,W,N,A,-,Y,LA,7,72,-,-,0.527,I,5,N,Y,4,0,1,1,A,-,01,23152,A,N,E,I,A,A,H,-,C,A,0,NA,NA,NA,NA,Y,Y,A,01,0,0,1,0,0,0,0,0,0,-,-,NA,NA,LOS ANGELES,WHITTIER,-117.98524688,33.94131327
8339116,2017,2018-03-02,1976,2017-03-06,2130,491,1976,1,5,5,1976,0,0,0,NA,0,003,WHITTIER BL,GUNN AV,0,NA,Y,A,-,Y,LA,7,72,-,-,2.477,H,-,S,Y,3,0,2,2,A,-,09,21801,A,N,D,C,A,A,H,-,C,A,0,NA,NA,NA,NA,Y,NA,A,01,0,1,1,0,0,0,0,0,0,-,-,NA,NA,LOS ANGELES,WHITTIER,-118.01583661,33.95352386
8339120,2016,2017-04-13,1900,2016-05-13,1440,515184,0241,5,5,3,1914,0,0,0,NA,0,27T,TELEGRAPH RD,OLYMPIC BL,0,NA,Y,A,-,N,NA,NA,NA,NA,NA,NA,NA,NA,NA,Y,4,0,1,2,A,-,09,21801,A,N,A,C,A,A,H,-,A,A,0,NA,NA,NA,NA,Y,NA,A,01,0,0,1,0,0,0,0,0,0,-,-,NA,NA,LOS ANGELES,COMMERCE,-118.17722003,34.01891001
8339124,2017,2018-02-16,1942,2017-03-16,1025,39473,1761,4,5,7,1942,0,0,0,Q,0,16TL25,TOPANGA CANYON BL,MARILLA ST,0,NA,Y,A,-,Y,LA,7,27,-,R,17.871,I,5,N,Y,3,0,2,2,A,-,12,21453,A,N,D,C,A,A,H,-,A,A,0,NA,NA,NA,NA,Y,NA,A,07,0,1,1,0,0,0,0,0,0,-,-,NA,NA,LOS ANGELES,LOS ANGELES,-118.60641426,34.24753144
8339127,2017,2017-07-28,1942,2017-03-12,0855,37590,0981,7,5,7,1942,0,0,0,I,0,21TL65,SEPULVEDA BL,GREENLEAF ST,61,NA,N,A,-,Y,LA,7,405,-,-,38.766,R,4,N,Y,2,0,2,2,A,-,08,22102,NA,N,D,C,A,A,H,-,A,A,0,NA,NA,NA,NA,Y,NA,A,01,1,1,0,0,0,0,0,0,0,-,-,NA,NA,LOS ANGELES,LOS ANGELES,-118.46715,34.151686
8339138,2017,2017-06-30,1900,2017-02-25,1611,525035,1013,6,5,3,1995,0,0,0,NA,0,101T3,RT 1,ESCONDIDO BEACH RD,1584,N,N,B,-,Y,LA,7,1,-,-,52.16,H,-,S,N,4,0,1,2,A,-,04,21703,NA,N,C,C,A,A,H,-,A,D,0,NA,NA,NA,NA,Y,NA,A,01,0,0,1,0,0,0,0,0,0,-,-,34.02558,-118.77227,LOS ANGELES,MALIBU,-118.77348606,34.02563822
8339154,2017,2017-06-30,1900,2017-02-17,0700,547278,1017,5,5,3,1995,0,0,0,NA,0,101T1,RT 1,LAS FLORES,3168,N,N,C,-,Y,LA,7,1,-,-,43.38,H,-,S,Y,4,0,1,3,A,-,03,22350,NA,N,C,E,A,B,H,-,A,A,0,NA,NA,NA,NA,Y,NA,A,01,0,0,1,0,0,0,0,0,0,-,-,34.03805,-118.62321,LOS ANGELES,MALIBU,-118.62332366,34.03812789
8339155,2017,2017-08-04,1942,2017-03-16,1330,37556,2001,4,5,7,1942,0,0,0,NA,0,20A44,MELROSE,PLYMOUTH,0,NA,Y,A,-,N,NA,NA,NA,NA,NA,NA,NA,NA,NA,NA,3,0,2,2,A,-,12,21453,A,N,A,C,A,A,H,-,A,A,0,NA,NA,NA,NA,Y,NA,A,01,0,1,1,0,0,0,0,0,0,-,-,NA,NA,LOS ANGELES,LOS ANGELES,-118.32072012,34.08349008
8339157,2017,2017-06-28,1900,2017-03-04,1709,525035,1010,6,5,3,1995,0,0,0,NA,0,101,RT 1,BROAD BEACH RD,2112,N,N,B,-,Y,LA,7,1,-,-,58.86,H,-,S,Y,4,0,2,2,A,-,09,21804,A,N,D,C,A,A,H,-,B,D,0,NA,NA,NA,NA,Y,NA,A,01,0,0,2,0,0,0,0,0,0,-,-,34.03978,-118.87573,LOS ANGELES,MALIBU,-118.87576745,34.03972077
8339159,2017,2018-01-06,1941,2017-03-03,1539,5741,NA,5,5,7,1941,0,0,0,NA,0,NA,WILLOW,RT 710,0,NA,Y,A,-,Y,LA,7,710,-,-,7.811,R,4,N,NA,4,0,2,4,A,-,03,22350,NA,N,C,C,A,A,H,-,A,D,0,NA,NA,NA,NA,Y,NA,A,NA,0,0,2,0,0,0,0,0,0,-,-,NA,NA,LOS ANGELES,LONG BEACH,-118.20732747,33.80329369
8339161,2017,2017-06-30,1900,2017-02-04,0030,526282,1017,6,5,3,1995,0,0,0,NA,0,101,RT 1,BIG ROCK DR,3168,N,N,B,-,Y,LA,7,1,-,-,43.09,H,-,N,Y,4,0,4,2,A,-,08,22107,NA,N,B,C,A,A,H,-,C,D,0,NA,NA,NA,NA,Y,NA,A,01,0,0,4,0,0,0,0,0,0,-,-,34.02265,-118.3714,LOS ANGELES,MALIBU,-118.61831914,34.03772175
8339186,2017,2017-08-04,1928,2017-02-26,1952,387,H525,7,5,5,1928,0,0,0,NA,0,0H2,IMPERIAL HWY,MENLO AV,0,NA,Y,A,-,N,NA,NA,NA,NA,NA,NA,NA,NA,NA,N,3,0,1,2,A,-,09,21802,A,N,B,C,A,A,H,-,C,A,0,NA,NA,Y,NA,Y,NA,A,01,0,1,0,0,0,0,0,0,0,-,-,33.96095,-118.34713,LOS ANGELES,HAWTHORNE,-118.34717012,33.93096006
8339235,2017,2017-08-04,1900,2017-03-22,1115,531008,2835,3,5,5,1915,0,0,0,NA,0,282T1,CENTER AV,CYPRESS ST,107,N,N,A,-,N,NA,NA,NA,NA,NA,NA,NA,NA,NA,Y,3,0,2,1,A,-,03,22350,NA,N,A,I,A,A,H,-,A,D,0,NA,NA,NA,NA,Y,NA,A,07,0,1,1,0,0,0,0,0,0,-,-,NA,NA,LOS ANGELES,COMPTON,-118.23288601,33.89058206
8339241,2017,2018-01-06,1942,2017-03-26,0910,39993,1446,7,5,7,1942,0,0,0,N,0,8TL35,VENICE BL,GRAND VIEW BL,220,E,N,B,-,Y,LA,7,187,-,-,4.98,H,-,W,N,4,0,1,2,A,-,08,22107,NA,N,D,C,A,A,H,-,A,D,0,NA,NA,Y,NA,Y,NA,A,01,0,0,1,0,0,0,0,0,1,-,-,NA,NA,LOS ANGELES,LOS ANGELES,-118.43074409,34.0053172
8339258,2017,2018-01-06,1955,2017-03-01,1044,40348,0069,3,5,6,1955,0,0,0,NA,0,005,TEMPLE AV,RT 57,5,E,N,A,-,Y,LA,7,57,-,-,5.792,R,4,N,N,3,0,2,2,A,-,09,21453,B,N,D,C,A,A,H,-,A,A,0,NA,NA,NA,NA,Y,NA,A,01,0,2,0,0,0,0,0,0,0,-,NF,NA,NA,LOS ANGELES,POMONA,-117.80405846,34.03868947