CASE_ID,ACCIDENT_YEAR,PROC_DATE,JURIS,COLLISION_DATE,COLLISION_TIME,OFFICER_ID,REPORTING_DISTRICT,DAY_OF_WEEK,CHP_SHIFT,POPULATION,CNTY_CITY_LOC,SPECIAL_COND,BEAT_TYPE,CHP_BEAT_TYPE,CITY_DIVISION_LAPD,CHP_BEAT_CLASS,BEAT_NUMBER,PRIMARY_RD,SECONDARY_RD,DISTANCE,DIRECTION,INTERSECTION,WEATHER_1,WEATHER_2,STATE_HWY_IND,CALTRANS_COUNTY,CALTRANS_DISTRICT,STATE_ROUTE,ROUTE_SUFFIX,POSTMILE_PREFIX,POSTMILE,LOCATION_TYPE,RAMP_INTERSECTION,SIDE_OF_HWY,TOW_AWAY,COLLISION_SEVERITY,NUMBER_KILLED,NUMBER_INJURED,PARTY_COUNT,PRIMARY_COLL_FACTOR,PCF_CODE_OF_VIOL,PCF_VIOL_CATEGORY,PCF_VIOLATION,PCF_VIOL_SUBSECTION,HIT_AND_RUN,TYPE_OF_COLLISION,MVIW,PED_ACTION,ROAD_SURFACE,ROAD_COND_1,ROAD_COND_2,LIGHTING,CONTROL_DEVICE,CHP_ROAD_TYPE,PEDESTRIAN_ACCIDENT,BICYCLE_ACCIDENT,MOTORCYCLE_ACCIDENT,TRUCK_ACCIDENT,NOT_PRIVATE_PROPERTY,ALCOHOL_INVOLVED,STWD_VEHTYPE_AT_FAULT,CHP_VEHTYPE_AT_FAULT,COUNT_SEVERE_INJ,COUNT_VISIBLE_INJ,COUNT_COMPLAINT_PAIN,COUNT_PED_KILLED,COUNT_PED_INJURED,COUNT_BICYCLIST_KILLED,COUNT_BICYCLIST_INJURED,COUNT_MC_KILLED,COUNT_MC_INJURED,PRIMARY_RAMP,SECONDARY_RAMP,LATITUDE,LONGITUDE,COUNTY,CITY,POINT_X,POINT_Y
8344230,2017,2017-04-19,1900,2017-03-18,1543,546026,0628,6,5,6,1985,0,0,0,NA,0,64T1,WABUSKA ST,WILEY CANYON RD,144,W,N,A,-,N,NA,NA,NA,NA,NA,NA,NA,NA,NA,Y,4,0,2,2,A,-,01,23152,A,N,A,E,A,A,H,-,A,D,0,NA,NA,NA,NA,Y,Y,D,22,0,0,2,0,0,0,0,0,0,-,-,NA,NA,LOS ANGELES,SANTA CLARITA,-118.55785903,34.3727408
8344235,2017,2017-04-25,1902,2017-04-10,0740,699,21,1,5,5,1902,0,0,0,NA,0,004,SUNSET BL,FAIRVIEW AV,0,NA,Y,A,-,N,NA,NA,NA,NA,NA,NA,NA,NA,NA,Y,4,0,2,5,A,-,09,21802,A,N,D,C,A,A,H,-,A,A,0,NA,NA,NA,NA,Y,NA,A,07,0,0,2,0,0,0,0,0,0,-,-,NA,NA,LOS ANGELES,ARCADIA,-118.06486007,34.12825001
8344241,2017,2017-04-18,1942,2017-03-20,2130,36698,0236,1,5,7,1942,0,0,0,B,0,24T34W,ALVARADO ST,TEMPLE ST,50,S,N,B,-,N,NA,NA,NA,NA,NA,NA,NA,NA,NA,Y,4,0,1,2,A,-,03,22350,NA,F,C,C,A,A,H,-,C,D,0,NA,NA,NA,NA,Y,NA,A,01,0,0,1,0,0,0,0,0,0,-,-,NA,NA,LOS ANGELES,LOS ANGELES,-118.26812746,34.07014897
8344244,2017,2017-04-19,1900,2017-03-23,1600,476466,0642,4,5,6,1985,0,0,0,NA,0,64T1,VALENCIA BL,BOUQUET CANYON RD,0,W,N,A,-,N,NA,NA,NA,NA,NA,NA,NA,NA,NA,N,4,0,1,2,A,-,04,21703,NA,N,C,C,A,A,H,-,A,D,0,NA,NA,NA,NA,Y,NA,A,07,0,0,1,0,0,0,0,0,0,-,-,NA,NA,LOS ANGELES,SANTA CLARITA,-118.54110003,34.42258007
8344248,2017,2017-04-19,1900,2017-03-16,1550,476466,0641,4,5,6,1985,0,0,0,NA,0,64T1,HASKELL CANYON RD,COPPER HILL DR,0,NA,Y,A,-,N,NA,NA,NA,NA,NA,NA,NA,NA,NA,Y,3,0,1,2,A,-,12,21453,A,N,D,C,A,A,H,-,A,A,0,NA,NA,NA,NA,Y,NA,A,01,0,1,0,0,0,0,0,0,0,-,-,NA,NA,LOS ANGELES,SANTA CLARITA,-118.51175003,34.45973005
8344251,2017,2017-04-19,1965,2017-03-20,0620,3693,0B2A,1,5,5,1965,0,0,0,NA,0,B002,PICO BL,3RD ST,8,W,N,B,-,N,NA,NA,NA,NA,NA,NA,NA,NA,NA,N,2,0,1,2,A,-,10,21950,A,N,G,B,B,A,H,-,C,A,0,Y,NA,NA,NA,Y,NA,A,01,1,0,0,0,1,0,0,0,0,-,-,NA,NA,LOS ANGELES,SANTA MONICA,-118.48821026,34.00898597
8344252,2017,2017-04-19,1900,2017-03-18,1420,60025,0644,6,5,6,1985,0,0,0,NA,0,62T1,SOLEDAD CANYON RD,BOUQUET CANYON RD,521,E,N,A,-,N,NA,NA,NA,NA,NA,NA,NA,NA,NA,Y,4,0,1,1,A,-,01,23152,A,N,E,I,A,A,H,-,A,D,0,NA,NA,NA,NA,Y,Y,A,01,0,0,1,0,0,0,0,0,0,-,-,NA,NA,LOS ANGELES,SANTA CLARITA,-118.53941689,34.42227028
8344253,2017,2017-04-18,1942,2017-03-28,1605,31255,2021,2,5,7,1942,0,0,0,NA,0,7TL38,6TH ST,PLYMOUTH BL,0,NA,Y,A,-,N,NA,NA,NA,NA,NA,NA,NA,NA,NA,Y,3,0,1,2,A,-,09,21801,A,N,D,C,A,A,H,-,A,A,0,NA,NA,NA,NA,Y,NA,A,01,0,1,0,0,0,0,0,0,0,-,-,NA,NA,LOS ANGELES,LOS ANGELES,-118.32289009,34.06362002
8344255,2017,2017-04-19,1965,2017-03-24,1426,3178,0B3D,5,5,5,1965,0,0,0,NA,0,B003,DELAWARE AV,20TH ST,0,NA,Y,A,-,N,NA,NA,NA,NA,NA,NA,NA,NA,NA,Y,4,0,2,2,A,-,12,21453,A,N,D,D,A,A,H,-,A,A,0,NA,NA,NA,NA,Y,NA,A,01,0,0,2,0,0,0,0,0,0,-,-,NA,NA,LOS ANGELES,SANTA MONICA,-118.47216013,34.02198003
8344256,2017,2017-04-20,1900,2017-03-04,2355,528503,0610,6,5,6,1985,0,0,0,NA,0,61T1,RAINBOW GLENN DR,GOLDEN TRIANGLE RD,0,NA,Y,A,-,N,NA,NA,NA,NA,NA,NA,NA,NA,NA,Y,4,0,1,2,A,-,09,21802,A,N,D,C,A,A,H,-,C,A,0,NA,NA,NA,NA,Y,NA,A,01,0,0,1,0,0,0,0,0,0,-,-,NA,NA,LOS ANGELES,SANTA CLARITA,-118.49022001,34.42093006
8344257,2017,2017-04-18,1942,2017-03-17,0835,42146,0647,5,5,7,1942,0,0,0,F,0,7T23,HOLLYWOOD BL,BRONSON AV,0,NA,Y,A,-,N,NA,NA,NA,NA,NA,NA,NA,NA,NA,Y,4,0,2,2,A,-,09,21801,A,N,D,C,A,A,H,-,A,A,0,NA,NA,NA,NA,Y,NA,A,01,0,0,2,0,0,0,0,0,0,-,-,NA,NA,LOS ANGELES,LOS ANGELES,-118.31799008,34.10167009
8344260,2017,2017-04-19,1900,2017-03-15,1620,459717,0628,3,5,6,1985,0,0,0,NA,0,62T1,LYONS AV,WHEELER RD,350,E,N,A,-,N,NA,NA,NA,NA,NA,NA,NA,NA,NA,Y,4,0,1,3,A,-,09,21804,A,N,D,C,A,A,H,-,A,D,0,NA,NA,NA,NA,Y,NA,A,07,0,0,1,0,0,0,0,0,0,-,-,NA,NA,LOS ANGELES,SANTA CLARITA,-118.54991408,34.37929316
8344261,2017,2017-04-18,1942,2017-03-24,2120,33757,0638,5,5,7,1942,0,0,0,F,0,6T7,FRANKLIN AV,WILTON PL,160,E,N,A,-,N,NA,NA,NA,NA,NA,NA,NA,NA,NA,Y,3,0,1,5,A,-,03,22350,NA,N,B,E,A,A,H,-,C,D,0,NA,NA,NA,NA,Y,NA,A,01,0,1,0,0,0,0,0,0,0,-,-,NA,NA,LOS ANGELES,LOS ANGELES,-118.31313561,34.10538715
8344264,2017,2017-04-18,1900,2017-03-23,1635,476466,0641,4,5,6,1985,0,0,0,NA,0,64T1,BOUQUET CANYON RD,SUSAN BETH WY,0,NA,Y,A,-,N,NA,NA,NA,NA,NA,NA,NA,NA,NA,Y,2,0,2,2,A,-,09,21801,A,N,D,C,A,A,H,-,A,D,0,NA,NA,NA,NA,Y,NA,A,01,1,0,1,0,0,0,0,0,0,-,-,NA,NA,LOS ANGELES,SANTA CLARITA,-118.51031012,34.44322007
8344265,2017,2017-04-18,1942,2017-03-29,1845,41744,0721,3,5,7,1942,0,0,0,G,0,07A,3RD AV,HAMEL RD,0,NA,Y,-,-,N,NA,NA,NA,NA,NA,NA,NA,NA,NA,N,3,0,1,2,A,-,09,21801,A,N,G,B,B,A,H,-,C,A,0,Y,NA,NA,NA,Y,NA,A,07,0,1,0,0,1,0,0,0,0,-,-,NA,NA,LOS ANGELES,LOS ANGELES,-118.38167,34.07361006
8344268,2017,2017-04-18,1900,2017-03-17,1530,295010,0610,5,5,6,1985,0,0,0,NA,0,63T1,SOLEDAD CANYON RD,PENLON WY,0,NA,Y,A,-,N,NA,NA,NA,NA,NA,NA,NA,NA,NA,N,3,0,1,2,A,-,12,22450,A,N,D,G,A,A,H,-,A,D,0,NA,Y,NA,NA,Y,NA,L,04,0,1,0,0,0,0,1,0,0,-,-,NA,NA,LOS ANGELES,SANTA CLARITA,-118.480746,34.417109
8344269,2017,2017-04-18,1942,2017-03-24,1550,36356,0724,5,5,7,1942,0,0,0,G,0,7X52,BEVERLY BL,FAIRFAX AV,0,NA,Y,A,-,N,NA,NA,NA,NA,NA,NA,NA,NA,NA,N,4,0,1,2,A,-,09,21801,A,N,A,C,A,A,H,-,A,A,0,NA,NA,NA,NA,Y,NA,A,01,0,0,1,0,0,0,0,0,0,-,-,NA,NA,LOS ANGELES,LOS ANGELES,-118.3614601,34.07610002
8344272,2017,2017-04-18,1900,2017-03-21,1845,532237,0642,2,5,6,1985,0,0,0,NA,0,64T1,BARADA AV,ALAMAGORDO RD,0,NA,Y,C,-,N,NA,NA,NA,NA,NA,NA,NA,NA,NA,Y,3,0,3,1,A,-,03,22350,NA,N,E,I,A,B,H,-,A,D,0,NA,NA,NA,NA,Y,NA,A,01,0,1,2,0,0,0,0,0,0,-,-,NA,NA,LOS ANGELES,SANTA CLARITA,-118.52245006,34.43603011
8344273,2017,2017-04-18,1942,2017-03-29,1825,37966,0747,3,5,7,1942,0,0,0,G,0,20T59,LA BREA AV,EDGEWOOD PL,0,NA,Y,A,-,N,NA,NA,NA,NA,NA,NA,NA,NA,NA,N,4,0,2,2,A,-,09,21801,A,N,D,C,A,A,H,-,A,A,0,NA,NA,NA,NA,Y,NA,A,01,0,0,2,0,0,0,0,0,0,-,-,NA,NA,LOS ANGELES,LOS ANGELES,-118.34352003,34.0543801
8344276,2017,2017-04-20,1900,2017-03-22,1230,600125,0627,3,5,6,1985,0,0,0,NA,0,62T1,VALLE DEL ORO,COSTA BRAVA,210,N,N,B,-,N,NA,NA,NA,NA,NA,NA,NA,NA,NA,N,3,0,1,2,A,-,11,21954,A,N,G,B,D,A,H,-,A,D,0,Y,NA,NA,NA,Y,NA,N,60,0,1,0,0,1,0,0,0,0,-,-,NA,NA,LOS ANGELES,SANTA CLARITA,-118.51307471,34.37301322
8344277,2017,2017-04-18,1942,2017-03-23,1200,40157,0722,4,5,7,1942,0,0,0,G,0,6TL4,SAN VICENTE BL,6TH ST,0,NA,Y,A,-,N,NA,NA,NA,NA,NA,NA,NA,NA,NA,Y,3,0,3,4,A,-,09,21801,A,N,D,C,A,A,H,-,A,A,0,NA,NA,NA,NA,Y,NA,A,07,0,1,2,0,0,0,0,0,0,-,-,NA,NA,LOS ANGELES,LOS ANGELES,-118.3731201,34.06589009
8344280,2017,2017-04-20,1900,2017-03-27,1745,480759,0648,1,5,6,1985,0,0,0,NA,0,64T1,SMYTH DR,DICKASON DR,165,W,N,A,-,N,NA,NA,NA,NA,NA,NA,NA,NA,NA,N,3,0,1,2,A,-,11,21954,A,N,D,B,D,A,H,-,A,D,0,Y,NA,NA,NA,Y,NA,N,60,0,1,0,0,1,0,0,0,0,-,-,NA,NA,LOS ANGELES,SANTA CLARITA,-118.5636387,34.439122330000004
8344281,2017,2017-04-18,1942,2017-03-31,1720,35945,0735,5,5,7,1942,0,0,0,G,0,20TL56,COCHRAN AV,6TH ST,0,NA,Y,A,-,N,NA,NA,NA,NA,NA,NA,NA,NA,NA,Y,4,0,1,2,A,-,12,21453,A,F,D,C,A,A,H,-,A,A,0,NA,NA,NA,NA,Y,NA,-,99,0,0,1,0,0,0,0,0,0,-,-,NA,NA,LOS ANGELES,LOS ANGELES,-118.34723006,34.06489012
8344284,2017,2017-05-03,1900,2017-03-31,0905,273453,0639,5,5,6,1985,0,0,0,NA,0,60T5,VIA PRINCESSA,LOST CANYON RD,0,NA,Y,A,-,N,NA,NA,NA,NA,NA,NA,NA,NA,NA,Y,4,0,2,3,A,-,12,21453,A,N,D,C,A,A,H,-,A,A,0,NA,NA,NA,NA,Y,NA,A,01,0,0,2,0,0,0,0,0,0,-,-,NA,NA,LOS ANGELES,SANTA CLARITA,-118.45303001,34.40094005
8344285,2017,2017-04-18,1942,2017-03-30,2100,38185,1967,4,5,7,1942,0,0,0,NA,0,16T23,OSBORNE ST,NORDHOFF ST,85,W,N,A,-,N,NA,NA,NA,NA,NA,NA,NA,NA,NA,Y,3,0,1,3,A,-,17,22109,NA,N,C,C,A,A,H,-,C,A,0,NA,NA,NA,NA,Y,NA,A,01,0,1,0,0,0,0,0,0,0,-,-,NA,NA,LOS ANGELES,LOS ANGELES,-118.43565918,34.23508453
8344288,2017,2017-04-18,1900,2017-03-31,0920,523421,0643,5,5,6,1985,0,0,0,NA,0,64T1,VALENCIA BL,BOUQUET CANYON RD,490,W,N,A,-,N,NA,NA,NA,NA,NA,NA,NA,NA,NA,Y,4,0,1,2,A,-,09,21801,A,N,D,C,A,A,H,-,A,D,0,NA,NA,NA,NA,Y,NA,A,01,0,0,1,0,0,0,0,0,0,-,-,NA,NA,LOS ANGELES,SANTA CLARITA,-118.54267397,34.42290236
8344292,2017,2017-04-18,1900,2017-03-30,0730,600125,0612,4,5,6,1985,0,0,0,NA,0,62T1,NEARBROOK ST,MARCHLAND AV,46,E,N,A,-,N,NA,NA,NA,NA,NA,NA,NA,NA,NA,Y,4,0,2,3,A,-,09,21804,A,N,B,C,A,A,H,-,A,D,0,NA,NA,NA,NA,Y,NA,A,07,0,0,2,0,0,0,0,0,0,-,-,NA,NA,LOS ANGELES,SANTA CLARITA,-118.46884775,34.41687
8344296,2017,2017-04-19,1900,2017-03-24,2040,295010,0624,5,5,6,1985,0,0,0,NA,0,62T1,WILEY CANYON RD,TOURNAMENT RD,0,NA,Y,A,-,N,NA,NA,NA,NA,NA,NA,NA,NA,NA,Y,2,0,1,2,A,-,12,21453,A,N,D,C,A,A,H,-,C,A,0,NA,NA,Y,NA,Y,NA,C,02,1,0,0,0,0,0,0,0,1,-,-,NA,NA,LOS ANGELES,SANTA CLARITA,-118.55655013,34.38296001
8344298,2017,2017-04-18,1942,2017-03-28,1953,25942,1172,2,5,7,1942,0,0,0,K,0,11A71,SILVER LAKE BL,VAN PELT PL,0,NA,Y,A,-,N,NA,NA,NA,NA,NA,NA,NA,NA,NA,N,4,0,1,2,A,-,09,21801,A,N,D,G,A,A,H,-,C,D,0,NA,Y,NA,NA,Y,NA,-,NA,0,0,1,0,0,0,1,0,0,-,-,NA,NA,LOS ANGELES,LOS ANGELES,-118.26598007,34.09185008
8344300,2017,2017-04-18,1900,2017-03-22,1700,514312,0621,3,5,6,1985,0,0,0,NA,0,62T1,NEWHALL AV,PINE ST,123,S,N,A,-,N,NA,NA,NA,NA,NA,NA,NA,NA,NA,N,4,0,1,2,A,-,03,22350,NA,N,C,C,A,A,H,-,A,D,0,NA,NA,NA,NA,Y,NA,A,01,0,0,1,0,0,0,0,0,0,-,-,NA,NA,LOS ANGELES,SANTA CLARITA,-118.52287565,34.37498413
8344302,2017,2017-04-18,1942,2017-03-22,1230,42689,1341,3,5,7,1942,0,0,0,M,0,13A41,BROADWAY PL,37TH ST,0,NA,Y,A,-,N,NA,NA,NA,NA,NA,NA,NA,NA,NA,Y,3,0,3,2,A,-,09,21802,A,N,D,C,A,A,H,-,A,A,0,NA,NA,NA,NA,Y,NA,A,01,0,1,2,0,0,0,0,0,0,-,-,NA,NA,LOS ANGELES,LOS ANGELES,-118.27480013,34.01525001
8344306,2017,2017-04-18,1942,2017-03-21,1600,42622,1381,2,5,7,1942,0,0,0,M,0,13A9,SLAUSON AV,OLIVE ST,100,W,N,B,C,N,NA,NA,NA,NA,NA,NA,NA,NA,NA,NA,4,0,1,3,A,-,03,22350,A,N,B,-,A,B,H,-,A,A,0,NA,NA,NA,NA,Y,NA,A,01,0,0,1,0,0,0,0,0,0,-,-,NA,NA,LOS ANGELES,LOS ANGELES,-118.27970924,33.98917
8344310,2017,2017-04-18,1942,2017-03-16,0230,34870,0257,4,5,7,1942,0,0,0,B,0,2A17,7TH ST,VALENCIA ST,40,E,N,A,-,N,NA,NA,NA,NA,NA,NA,NA,NA,NA,Y,4,0,3,2,A,-,04,21703,NA,N,C,C,A,A,H,-,C,A,0,NA,NA,NA,NA,Y,NA,A,01,0,0,3,0,0,0,0,0,0,-,-,NA,NA,LOS ANGELES,LOS ANGELES,-118.26925495,34.05305649
8344314,2017,2017-04-18,1942,2017-03-14,1305,31542,0291,2,5,7,1942,0,0,0,B,0,24TL24,ALVARADO ST,PICO BL,96,N,N,A,-,N,NA,NA,NA,NA,NA,NA,NA,NA,NA,N,3,0,1,2,A,-,11,21954,A,N,D,B,D,A,H,-,A,A,0,Y,NA,NA,NA,Y,NA,N,60,0,1,0,0,1,0,0,0,0,-,-,NA,NA,LOS ANGELES,LOS ANGELES,-118.28253349,34.04749333
8344318,2017,2017-04-18,1942,2017-03-17,1520,34426,0239,5,5,7,1942,0,0,0,B,0,24TL51,BEAUDRY AV,TEMPLE ST,80,S,N,A,-,N,NA,NA,NA,NA,NA,NA,NA,NA,NA,Y,4,0,1,1,A,-,09,21801,A,N,E,I,A,A,H,-,A,A,0,NA,NA,NA,NA,Y,NA,A,07,0,0,1,0,0,0,0,0,0,-,-,NA,NA,LOS ANGELES,LOS ANGELES,-118.25152863,34.06303137
8344331,2017,2017-04-19,1965,2017-04-05,1605,2872,0B2B,3,5,5,1965,0,0,0,NA,0,B002,PICO BL,10TH ST E,0,NA,Y,A,-,N,NA,NA,NA,NA,NA,NA,NA,NA,NA,Y,4,0,1,3,A,-,08,22107,NA,N,D,C,A,A,H,-,A,D,0,NA,NA,NA,NA,Y,NA,A,07,0,0,1,0,0,0,0,0,0,-,-,NA,NA,LOS ANGELES,SANTA MONICA,-118.48114004,34.0132401
8344339,2017,2017-04-19,1900,2017-04-03,1714,489533,0431,1,5,6,1949,0,0,0,NA,0,45T1,FIRESTONE BL,TARGET WY,0,NA,Y,A,-,N,NA,NA,NA,NA,NA,NA,NA,NA,NA,Y,3,0,1,1,A,-,08,22107,NA,N,E,I,A,A,H,-,A,A,0,NA,NA,NA,NA,Y,NA,A,01,0,1,0,0,0,0,0,0,0,-,-,NA,NA,LOS ANGELES,NORWALK,-118.105823,33.925885
8344341,2017,2017-04-18,1942,2017-03-17,1655,34426,0251,5,5,7,1942,0,0,0,B,0,24TL51,3RD ST,RAMPART BL,30,E,N,A,-,N,NA,NA,NA,NA,NA,NA,NA,NA,NA,N,3,0,2,2,A,-,03,22350,NA,N,C,C,A,A,H,-,A,A,0,NA,NA,NA,NA,Y,NA,A,01,0,1,1,0,0,0,0,0,0,-,-,NA,NA,LOS ANGELES,LOS ANGELES,-118.27880811,34.06619352
8344343,2017,2017-04-19,1900,2017-04-05,1320,273453,0641,3,5,6,1985,0,0,0,NA,0,60T5,BOUQUET CANYON RD,SECO CANYON RD,0,NA,Y,A,-,N,NA,NA,NA,NA,NA,NA,NA,NA,NA,Y,3,0,2,2,A,-,03,22350,NA,N,C,C,A,A,H,-,A,A,0,NA,NA,NA,NA,Y,NA,A,07,0,1,1,0,0,0,0,0,0,-,-,NA,NA,LOS ANGELES,SANTA CLARITA,-118.53146012,34.43322009
8344345,2017,2017-04-26,1942,2017-03-18,0100,36814,0291,6,5,7,1942,0,0,0,B,0,24T34,ALVARADO ST,PICO BL,0,NA,Y,A,-,N,NA,NA,NA,NA,NA,NA,NA,NA,NA,Y,3,0,2,2,A,-,12,21453,A,N,D,C,A,A,H,-,C,A,0,NA,NA,NA,NA,Y,NA,-,-,0,2,0,0,0,0,0,0,0,-,-,NA,NA,LOS ANGELES,LOS ANGELES,-118.2826801,34.04726011
8344349,2017,2017-04-18,1942,2017-03-14,0920,38050,0249,2,5,7,1942,0,0,0,B,0,24TL26,6TH ST,BEAUDRY AV,25,E,N,A,-,N,NA,NA,NA,NA,NA,NA,NA,NA,NA,N,3,0,2,2,A,-,09,21801,A,N,D,C,A,A,H,-,A,D,0,NA,NA,NA,NA,Y,NA,A,01,0,1,1,0,0,0,0,0,0,-,-,NA,NA,LOS ANGELES,LOS ANGELES,-118.25980046,34.053006
8344353,2017,2017-04-18,1942,2017-03-24,1300,37505,0275,5,5,7,1942,0,0,0,B,0,24T22,OLYMPIC BL,ALVARADO ST,0,NA,Y,A,-,N,NA,NA,NA,NA,NA,NA,NA,NA,NA,N,3,0,1,2,A,-,09,21804,NA,N,D,G,A,A,H,-,A,A,0,NA,Y,NA,NA,Y,NA,L,04,0,1,0,0,0,0,1,0,0,-,-,NA,NA,LOS ANGELES,LOS ANGELES,-118.27983013,34.05174004
8344357,2017,2017-04-18,1942,2017-03-18,0255,42245,0246,6,5,7,1942,0,0,0,B,0,2A47,WILSHIRE BL,ALVARADO ST,1,W,N,B,-,N,NA,NA,NA,NA,NA,NA,NA,NA,NA,N,4,0,1,2,A,-,10,21950,A,N,G,B,B,A,H,-,C,A,0,Y,NA,NA,NA,Y,NA,A,07,0,0,1,0,1,0,0,0,0,-,-,NA,NA,LOS ANGELES,LOS ANGELES,-118.27587219,34.05794205
8344361,2017,2017-04-18,1942,2017-03-30,0800,35748,0237,4,5,7,1942,0,0,0,B,0,1A1,WITMER ST,MIRAMAR,0,NA,Y,A,-,N,NA,NA,NA,NA,NA,NA,NA,NA,NA,N,4,0,1,2,A,-,10,21950,A,N,A,B,B,A,H,-,A,D,0,Y,NA,NA,NA,Y,NA,A,01,0,0,1,0,1,0,0,0,0,-,-,NA,NA,LOS ANGELES,LOS ANGELES,-118.26281011,34.06016001
8344363,2017,2017-04-19,1942,2017-04-06,1545,30586,1445,4,5,7,1942,0,0,0,N,0,6T2,VENICE BL,GRANDVIEW BL,0,NA,Y,A,-,N,NA,NA,NA,NA,NA,NA,NA,NA,NA,N,4,0,1,2,A,-,08,22100,B,N,B,C,A,A,H,-,A,D,0,NA,NA,NA,NA,Y,NA,A,01,0,0,1,0,0,0,0,0,0,-,-,NA,NA,LOS ANGELES,LOS ANGELES,-118.45558003,33.9925501
8344365,2017,2017-04-18,1942,2017-03-10,0055,40474,0237,5,5,7,1942,0,0,0,B,0,2A91,GLENDALE BL,COLTON ST,80,S,N,A,-,N,NA,NA,NA,NA,NA,NA,NA,NA,NA,Y,3,0,1,5,A,-,03,22350,NA,N,C,E,A,A,H,-,C,D,0,NA,NA,NA,NA,Y,NA,A,01,0,1,0,0,0,0,0,0,0,-,-,NA,NA,LOS ANGELES,LOS ANGELES,-118.25994888,34.06413214
8344367,2017,2017-04-19,1942,2017-04-05,0830,26281,1443,3,5,7,1942,0,0,0,N,0,7MQ56,HARDING AV,NAPLES AV,0,NA,Y,A,-,N,NA,NA,NA,NA,NA,NA,NA,NA,NA,Y,3,0,2,2,A,-,09,21802,A,N,D,C,A,A,H,-,A,A,0,NA,NA,NA,NA,Y,NA,A,01,0,1,1,0,0,0,0,0,0,-,-,NA,NA,LOS ANGELES,LOS ANGELES,-118.45302,33.99299006
8344369,2017,2017-04-18,1942,2017-03-06,1830,39062,0437,1,5,7,1942,0,0,0,D,0,24T35,EASTERN AV,KLAMATH PL,2,S,N,A,-,N,NA,NA,NA,NA,NA,NA,NA,NA,NA,N,4,0,1,2,A,-,03,22350,NA,F,C,C,A,A,H,-,C,D,0,NA,NA,NA,NA,Y,NA,-,99,0,0,1,0,0,0,0,0,0,-,-,NA,NA,LOS ANGELES,LOS ANGELES,-118.1802402,34.07504452
8344371,2017,2017-04-19,1942,2017-04-05,1150,36602,0638,3,5,7,1942,0,0,0,F,0,6TL7,FRANKLIN AV,ARGYLE AV,0,NA,Y,A,-,N,NA,NA,NA,NA,NA,NA,NA,NA,NA,N,4,0,1,2,A,-,09,21801,A,N,D,C,A,A,H,-,A,A,0,NA,NA,NA,NA,Y,NA,A,08,0,0,1,0,0,0,0,0,0,-,-,NA,NA,LOS ANGELES,LOS ANGELES,-118.32523006,34.10522007
8344373,2017,2017-04-26,1942,2017-03-14,1810,36926,0219,2,5,7,1942,0,0,0,B,0,24T52,BEAUDRY,SUNSET,0,NA,Y,A,-,N,NA,NA,NA,NA,NA,NA,NA,NA,NA,Y,4,0,1,2,A,-,09,21801,A,N,D,C,A,A,H,-,-,A,0,NA,NA,NA,NA,Y,NA,-,-,0,0,1,0,0,0,0,0,0,-,-,NA,NA,LOS ANGELES,LOS ANGELES,-118.24924007,34.06525009
8344375,2017,2017-04-19,1942,2017-04-05,1710,37005,784,3,5,7,1942,0,0,0,NA,0,7A33,LA BREA,21ST ST,0,NA,Y,A,-,N,NA,NA,NA,NA,NA,NA,NA,NA,NA,Y,4,0,1,2,A,-,03,22350,NA,N,A,C,A,A,H,-,A,A,0,NA,NA,NA,NA,Y,Y,-,NA,0,0,1,0,0,0,0,0,0,-,-,NA,NA,LOS ANGELES,LOS ANGELES,-118.34846002,34.03847003
8344377,2017,2017-04-18,1942,2017-03-26,1825,40099,0299,7,5,7,1942,0,0,0,B,0,24TL54,VENICE BL,UNION AV,6,E,N,A,-,N,NA,NA,NA,NA,NA,NA,NA,NA,NA,N,3,0,1,2,A,-,09,21801,A,N,D,G,A,A,H,-,A,A,0,NA,Y,NA,NA,Y,NA,A,07,0,1,0,0,0,0,1,0,0,-,-,NA,NA,LOS ANGELES,LOS ANGELES,-118.2791326,34.0415422
8344379,2017,2017-05-01,1942,2017-04-02,1830,42740,WILSH,7,5,7,1942,0,0,0,NA,0,7A67,CRENSHAW,PICO BL,0,NA,N,A,-,N,NA,NA,NA,NA,NA,NA,NA,NA,NA,Y,4,0,2,2,A,-,03,22350,NA,N,C,C,A,A,H,-,A,A,0,NA,NA,NA,NA,Y,NA,A,01,0,0,2,0,0,0,0,0,0,-,-,NA,NA,LOS ANGELES,LOS ANGELES,-118.32670007,34.04783012
8344381,2017,2017-04-24,1942,2017-03-25,1510,34426,0261,6,5,7,1942,0,0,0,B,0,24T51,7TH ST,CARONDELET ST,0,NA,Y,A,-,N,NA,NA,NA,NA,NA,NA,NA,NA,NA,N,4,0,1,2,A,-,09,21804,A,N,G,B,E,A,H,-,A,D,0,Y,NA,NA,NA,Y,NA,-,NA,0,0,1,0,1,0,0,0,0,-,-,NA,NA,LOS ANGELES,LOS ANGELES,-118.28154013,34.05858005
8344385,2017,2017-07-31,1942,2017-03-13,1715,39761,0249,1,5,7,1942,0,0,0,B,0,24T53,4TH ST,BIXEL ST,0,NA,Y,A,-,N,NA,NA,NA,NA,NA,NA,NA,NA,NA,N,4,0,2,2,A,-,09,21802,A,N,D,C,A,A,H,-,A,A,0,NA,NA,NA,NA,Y,NA,A,01,0,0,2,0,0,0,0,0,0,-,-,NA,NA,LOS ANGELES,LOS ANGELES,-118.26036003,34.05668003