CASE_ID,ACCIDENT_YEAR,PROC_DATE,JURIS,COLLISION_DATE,COLLISION_TIME,OFFICER_ID,REPORTING_DISTRICT,DAY_OF_WEEK,CHP_SHIFT,POPULATION,CNTY_CITY_LOC,SPECIAL_COND,BEAT_TYPE,CHP_BEAT_TYPE,CITY_DIVISION_LAPD,CHP_BEAT_CLASS,BEAT_NUMBER,PRIMARY_RD,SECONDARY_RD,DISTANCE,DIRECTION,INTERSECTION,WEATHER_1,WEATHER_2,STATE_HWY_IND,CALTRANS_COUNTY,CALTRANS_DISTRICT,STATE_ROUTE,ROUTE_SUFFIX,POSTMILE_PREFIX,POSTMILE,LOCATION_TYPE,RAMP_INTERSECTION,SIDE_OF_HWY,TOW_AWAY,COLLISION_SEVERITY,NUMBER_KILLED,NUMBER_INJURED,PARTY_COUNT,PRIMARY_COLL_FACTOR,PCF_CODE_OF_VIOL,PCF_VIOL_CATEGORY,PCF_VIOLATION,PCF_VIOL_SUBSECTION,HIT_AND_RUN,TYPE_OF_COLLISION,MVIW,PED_ACTION,ROAD_SURFACE,ROAD_COND_1,ROAD_COND_2,LIGHTING,CONTROL_DEVICE,CHP_ROAD_TYPE,PEDESTRIAN_ACCIDENT,BICYCLE_ACCIDENT,MOTORCYCLE_ACCIDENT,TRUCK_ACCIDENT,NOT_PRIVATE_PROPERTY,ALCOHOL_INVOLVED,STWD_VEHTYPE_AT_FAULT,CHP_VEHTYPE_AT_FAULT,COUNT_SEVERE_INJ,COUNT_VISIBLE_INJ,COUNT_COMPLAINT_PAIN,COUNT_PED_KILLED,COUNT_PED_INJURED,COUNT_BICYCLIST_KILLED,COUNT_BICYCLIST_INJURED,COUNT_MC_KILLED,COUNT_MC_INJURED,PRIMARY_RAMP,SECONDARY_RAMP,LATITUDE,LONGITUDE,COUNTY,CITY,POINT_X,POINT_Y
8348688,2017,2017-08-04,1942,2017-02-14,1745,31255,1403,2,5,7,1942,0,0,0,N,0,7TL38,SEPULVEDA BL,SARDIS AV,0,NA,Y,A,-,N,NA,NA,NA,NA,NA,NA,NA,NA,NA,Y,4,0,1,2,A,-,09,21802,A,N,D,C,A,A,H,-,B,A,0,NA,NA,NA,NA,Y,NA,A,01,0,0,1,0,0,0,0,0,0,-,-,NA,NA,LOS ANGELES,LOS ANGELES,-118.4300101,34.02990007
8348698,2017,2018-01-06,1972,2017-03-22,2034,18263,NA,3,5,6,1972,0,0,0,NA,0,NA,HAWTHORNE,TALISMAN,0,NA,Y,A,-,Y,LA,7,107,-,-,3.455,I,6,N,N,4,0,1,2,A,-,09,21804,B,N,D,G,A,A,H,-,C,A,0,NA,Y,NA,NA,Y,NA,L,NA,0,0,1,0,0,0,1,0,0,-,-,NA,NA,LOS ANGELES,TORRANCE,-118.35362275,33.85509258
8348702,2017,2018-01-06,1972,2017-03-25,1600,18450,NA,6,5,6,1972,0,0,0,NA,0,NA,WESTERN AV,TORRANCE BL,40,N,N,A,-,Y,LA,7,213,-,-,8.46,H,-,N,Y,4,0,1,2,A,-,03,22350,NA,N,C,C,A,A,H,-,A,D,0,NA,NA,NA,NA,Y,NA,A,NA,0,0,1,0,0,0,0,0,0,-,-,NA,NA,LOS ANGELES,TORRANCE,-118.30923285,33.83835264
8348783,2016,2017-04-24,1942,2016-04-08,2005,39410,1599,5,5,7,1942,0,0,0,O,0,9T53W3,CAHUENGA BL,BROADLAWN DR,320,E,N,A,-,N,NA,NA,NA,NA,NA,NA,NA,NA,NA,Y,3,0,2,2,A,-,08,22100,B,F,D,C,A,A,H,-,C,A,0,NA,NA,NA,NA,Y,NA,-,99,0,1,1,0,0,0,0,0,0,-,-,NA,NA,LOS ANGELES,LOS ANGELES,-118.35485596,34.13263899
8348787,2017,2018-03-21,1942,2017-04-10,0250,39059,0998,1,5,7,1942,0,0,0,I,0,9A23,COLDWATER CANYON,VENTURA CANYON AV,0,NA,Y,A,-,N,NA,NA,NA,NA,NA,NA,NA,NA,NA,Y,3,0,3,2,A,-,01,23152,A,F,D,C,A,A,H,-,C,A,0,NA,NA,NA,NA,Y,Y,A,01,0,1,2,0,0,0,0,0,0,-,-,NA,NA,LOS ANGELES,LOS ANGELES,-118.41372,34.14513
8348788,2017,2018-02-16,1976,2017-03-06,1702,507,NA,1,5,5,1976,0,0,0,NA,0,001,WHITTIER BL,ESPERANZA AV,0,NA,Y,A,-,Y,LA,7,72,-,-,6.766,I,5,N,Y,3,0,1,2,A,-,12,21453,A,N,F,A,A,A,H,-,A,A,0,NA,NA,Y,NA,Y,NA,C,02,0,1,0,0,0,0,0,0,1,-,-,NA,NA,LOS ANGELES,WHITTIER,-118.07067994,33.99446139
8348792,2017,2018-02-16,1976,2017-03-31,1717,370,NA,5,5,5,1976,0,0,0,NA,0,002,PHILADELPHIA ST,WHITTIER BL,12,E,N,A,-,Y,LA,7,72,-,-,5.146,I,6,N,N,4,0,1,2,A,-,03,22350,NA,N,C,C,A,A,H,-,A,A,0,NA,NA,NA,NA,Y,NA,A,01,0,0,1,0,0,0,0,0,0,-,-,NA,NA,LOS ANGELES,WHITTIER,-118.04944756,33.97939365
8348803,2017,2018-04-25,1900,2017-04-14,1550,552548,2610,5,5,6,1950,0,0,0,NA,0,262T1,RT 138,5TH ST EAST,610,W,N,A,-,Y,LA,7,138,-,-,44.1,H,-,W,NA,4,0,1,2,A,-,09,21801,A,N,D,C,A,A,H,-,A,D,0,NA,NA,NA,NA,Y,NA,A,01,0,0,1,0,0,0,0,0,0,-,-,NA,NA,LOS ANGELES,PALMDALE,-118.12221466,34.57983015
8348804,2017,2018-03-26,1923,2017-04-21,1614,472,301,5,5,3,1923,0,0,0,NA,0,3M5,ROSECRANS AV,SEPULVEDA BL,5,E,N,A,-,Y,LA,7,1,-,-,23.924,I,6,N,N,3,0,1,2,A,-,12,21453,A,F,H,G,A,A,H,-,A,A,0,NA,Y,NA,NA,Y,NA,L,04,0,1,0,0,0,0,1,0,0,-,-,NA,NA,LOS ANGELES,EL SEGUNDO,-118.39610449,33.90182611
8348805,2017,2017-08-04,1900,2017-03-10,0854,457374,1413,5,5,1,1932,0,0,0,NA,0,141T3,7TH AV,PROCTOR AV,0,NA,Y,A,-,N,NA,NA,NA,NA,NA,NA,NA,NA,NA,Y,3,0,1,3,A,-,12,21453,A,N,D,C,A,A,H,-,A,A,0,NA,NA,NA,NA,Y,NA,A,01,0,1,0,0,0,0,0,0,0,-,-,NA,NA,LOS ANGELES,INDUSTRY,-117.97768006,34.0319701
8348807,2017,2018-04-25,1900,2017-04-04,1653,543240,2610,2,5,6,1950,0,0,0,NA,0,263T1,RT 138,20TH ST EAST,570,W,N,A,-,Y,LA,7,138,-,-,45.61,H,-,E,Y,3,0,5,2,A,-,03,22350,NA,N,C,C,A,A,H,-,A,D,0,NA,NA,NA,NA,Y,NA,A,07,0,1,4,0,0,0,0,0,0,-,-,NA,NA,LOS ANGELES,PALMDALE,-118.0958557,34.57969055
8348811,2017,2018-04-25,1900,2017-04-14,1505,519514,2607,5,5,6,1950,0,0,0,NA,0,264T1,AVENUE S,RT 138,0,NA,Y,A,-,Y,LA,7,138,-,-,49.971,I,6,E,Y,4,0,2,2,A,-,03,22350,NA,N,C,C,A,A,H,-,A,A,0,NA,NA,NA,NA,Y,NA,A,01,0,0,2,0,0,0,0,0,0,-,-,NA,NA,LOS ANGELES,PALMDALE,-118.0452652,34.55806692
8348815,2017,2018-04-25,1900,2017-04-10,1750,546525,2607,1,5,6,1950,0,0,0,NA,0,264T1,RT 138,PALMDALE BL,508,S,N,A,-,Y,LA,7,138,-,R,48.64,H,-,W,Y,4,0,1,2,A,-,04,21703,NA,N,C,C,A,A,H,-,A,A,0,NA,NA,NA,NA,Y,NA,A,01,0,0,1,0,0,0,0,0,0,-,-,NA,NA,LOS ANGELES,PALMDALE,-118.04551971,34.57879696
8348819,2017,2018-03-21,1942,2017-04-11,1750,42439,1535,2,5,7,1942,0,0,0,O,0,9A63,TUJUNGA AV,CALIFA ST,0,NA,Y,A,-,N,NA,NA,NA,NA,NA,NA,NA,NA,NA,N,3,0,1,2,A,-,12,22450,A,F,H,I,A,A,H,-,A,A,0,NA,NA,Y,NA,Y,NA,-,99,0,1,0,0,0,0,0,0,1,-,-,NA,NA,LOS ANGELES,LOS ANGELES,-118.37904013,34.17761006
8348827,2017,2018-04-25,1967,2017-04-27,0842,128,NA,4,5,2,1967,0,0,0,NA,0,SOUTH,RT 1,REDONDO AV,105,E,N,A,-,Y,LA,7,1,-,-,4.08,H,-,N,Y,4,0,1,3,A,-,07,21658,A,N,B,C,A,A,H,-,A,D,0,NA,NA,NA,NA,Y,NA,A,01,0,0,1,0,0,0,0,0,0,-,-,NA,NA,LOS ANGELES,SIGNAL HILL,-118.15149589,33.78991354
8348852,2017,2018-04-25,1965,2017-04-29,1835,3870,0B1B,6,5,5,1965,0,0,0,NA,0,B001,PACIFIC COAST HWY,CALIFORNIA INCLINE,780,S,N,A,-,Y,LA,7,1,-,-,35.96,H,-,N,Y,4,0,1,2,A,-,03,22350,NA,N,C,C,A,A,H,-,A,D,0,NA,NA,NA,NA,Y,NA,A,01,0,0,1,0,0,0,0,0,0,-,-,NA,NA,LOS ANGELES,SANTA MONICA,-118.50476037,34.01879856
8348856,2017,2018-04-25,1942,2017-04-17,1755,41977,0531,1,5,7,1942,0,0,0,E,0,5T21,PACIFIC COAST HWY,BELLE PORTE AV,35,E,N,A,-,Y,LA,7,1,-,-,12.72,H,-,N,N,4,0,2,2,A,-,03,22350,NA,N,C,C,A,A,H,-,B,A,0,NA,NA,NA,NA,Y,NA,A,07,0,0,2,0,0,0,0,0,0,-,-,NA,NA,LOS ANGELES,LOS ANGELES,-118.30095141,33.78952004
8348860,2017,2018-04-25,1942,2017-04-04,1845,41921,0519,2,5,7,1942,0,0,0,E,0,3T57,PACIFIC COAST HWY,SANFORD AV,360,W,N,A,-,Y,LA,7,1,-,-,9.92,H,-,S,N,4,0,1,2,A,-,04,21703,NA,N,C,C,A,A,H,-,A,D,0,NA,NA,NA,NA,Y,NA,A,01,0,0,1,0,0,0,0,0,0,-,-,NA,NA,LOS ANGELES,LOS ANGELES,-118.25270648,33.79114706
8348862,2017,2018-03-21,1975,2017-04-17,1149,344,NA,1,5,6,1975,0,0,0,NA,0,005,AZUSA AV,AROMA DR,80,N,N,A,-,N,NA,NA,NA,NA,NA,NA,NA,NA,NA,Y,4,0,1,2,A,-,02,22400,A,N,C,C,A,A,H,-,A,D,0,NA,NA,NA,NA,Y,NA,-,NA,0,0,1,0,0,0,0,0,0,-,-,NA,NA,LOS ANGELES,WEST COVINA,-117.9079979,34.0475865
8348864,2017,2018-04-25,1942,2017-04-08,2300,30083,0127,6,5,7,1942,0,0,0,A,0,24T32,ALISO ST,LOS ANGELES ST,0,NA,Y,A,-,Y,LA,7,101,-,-,0.643,R,4,S,N,4,0,2,2,A,-,08,22107,NA,N,-,C,A,A,H,-,C,D,0,NA,NA,NA,NA,Y,NA,A,01,0,0,2,0,0,0,0,0,0,-,-,NA,NA,LOS ANGELES,LOS ANGELES,-118.2363694,34.05371948
8348868,2017,2017-07-27,1942,2017-03-25,2245,38464,0468,6,5,7,1942,0,0,0,D,0,4A15,EAST 4TH ST,E 4TH ST 3025,0,NA,Y,A,-,N,NA,NA,NA,NA,NA,NA,NA,NA,NA,N,3,0,1,2,A,-,03,22350,NA,M,H,G,A,A,H,-,C,D,0,NA,Y,NA,NA,Y,NA,-,99,0,1,0,0,0,0,1,0,0,-,-,NA,NA,LOS ANGELES,LOS ANGELES,-118.202601,34.036513
8348870,2017,2018-03-21,1975,2017-04-04,1636,354,NA,2,5,6,1975,0,0,0,NA,0,005,AZUSA AV,E STRAFORD,0,S,N,A,-,N,NA,NA,NA,NA,NA,NA,NA,NA,NA,NA,4,0,1,3,D,-,00,NA,NA,F,A,C,A,A,H,-,-,D,0,NA,NA,NA,NA,Y,NA,-,-,0,0,1,0,0,0,0,0,0,-,-,NA,NA,LOS ANGELES,WEST COVINA,-117.9081101,34.04871008
8348872,2017,2018-04-25,1941,2017-04-23,1724,11021,NA,7,5,7,1941,0,0,0,NA,0,NA,PACIFIC COAST HWY,2ND ST,0,NA,Y,A,-,Y,LA,7,1,-,-,0.57,H,-,N,N,3,0,1,2,A,-,11,21954,A,N,G,B,D,A,H,-,A,A,0,Y,NA,NA,NA,Y,NA,N,NA,0,1,0,0,1,0,0,0,0,-,-,NA,NA,LOS ANGELES,LONG BEACH,-118.11098511,33.75794727
8348873,2017,2018-03-26,1942,2017-04-08,0010,42567,14,6,5,7,1942,0,0,0,N,0,14A67,VENICE BL,GRANDVIEW BL,0,NA,Y,C,-,Y,LA,7,187,-,-,4.941,I,5,E,Y,2,0,1,2,A,-,09,21801,A,N,A,C,A,B,H,-,C,A,0,NA,NA,Y,NA,Y,NA,A,01,1,0,0,0,0,0,0,0,1,-,-,NA,NA,LOS ANGELES,LOS ANGELES,-118.43117121,34.00482984
8348877,2017,2018-04-09,1942,2017-04-09,0125,37966,1499,7,5,7,1942,0,0,0,N,0,6T7,IMPERIAL HWY,RT 105,0,NA,Y,A,-,Y,LA,7,105,-,R,1.959,R,1,W,Y,3,0,1,1,A,-,08,22107,NA,N,E,I,A,-,H,-,C,D,0,NA,NA,NA,NA,Y,NA,A,01,0,1,0,0,0,0,0,0,0,FR,WF,NA,NA,LOS ANGELES,LOS ANGELES,-118.37101089,33.93018779
8348879,2017,2018-03-22,1941,2017-04-27,1200,11023,NA,4,5,7,1941,0,0,0,NA,0,NA,EAST PACIFIC COAST HWY,MARTIN LUTHER KING JR,0,NA,Y,A,-,Y,LA,7,1,-,-,5.761,I,5,S,Y,4,0,1,2,A,-,12,21453,A,N,D,C,A,A,H,-,A,A,0,NA,NA,NA,NA,Y,NA,A,NA,0,0,1,0,0,0,0,0,0,-,-,NA,NA,LOS ANGELES,LONG BEACH,-118.1805944,33.78980655
8348886,2017,2018-02-16,1900,2017-03-27,2024,527057,2611,1,5,6,1950,0,0,0,NA,0,263T1,PALMDALE BL,RT 14,0,NA,Y,A,-,Y,LA,7,138,-,-,43.531,I,5,E,Y,3,0,2,2,A,-,12,21453,A,N,D,C,A,A,H,-,C,A,0,NA,NA,NA,NA,Y,NA,A,01,0,1,1,0,0,0,0,0,0,-,-,NA,NA,LOS ANGELES,PALMDALE,-118.13196254,34.58052197
8348891,2017,2018-03-27,1900,2017-04-06,1237,236600,2317,4,5,5,1919,0,0,0,NA,0,230T D,PARK PLAZA DR,SHOEMAKER AV,275,W,N,A,-,Y,LA,7,91,-,R,19.791,R,4,E,Y,4,0,2,2,A,-,12,21453,A,N,A,C,A,A,H,-,A,A,0,NA,NA,NA,NA,Y,NA,A,01,0,0,2,0,0,0,0,0,0,-,-,NA,NA,LOS ANGELES,CERRITOS,-118.05539468,33.86992938
8348892,2017,2018-03-21,1925,2017-04-17,1939,22249,NA,1,5,6,1925,0,0,0,NA,0,001,BRAND BL,STOCKER ST,66,N,N,A,-,N,NA,NA,NA,NA,NA,NA,NA,NA,NA,N,4,0,1,2,A,-,06,21750,A,N,B,G,A,A,H,-,C,D,0,NA,Y,NA,NA,Y,NA,L,04,0,0,1,0,0,0,1,0,0,-,-,NA,NA,LOS ANGELES,GLENDALE,-118.25506,34.163851
8348904,2017,2017-12-29,1942,2017-03-10,1615,41589,13,5,5,7,1942,0,0,0,M,0,13X42,MAIN ST,57TH ST,0,NA,N,A,-,N,NA,NA,NA,NA,NA,NA,NA,NA,NA,N,3,0,4,2,A,-,12,21453,A,N,-,C,A,A,H,-,A,A,0,NA,NA,NA,NA,Y,NA,A,NA,0,1,3,0,0,0,0,0,0,-,-,NA,NA,LOS ANGELES,LOS ANGELES,-118.27394002,33.99068005
8348915,2017,2018-03-21,1942,2017-04-04,1900,40099,0659,2,5,7,1942,0,0,0,F,0,24TL54,SUNSET BL,HOBART ST,3,E,N,A,-,N,NA,NA,NA,NA,NA,NA,NA,NA,NA,N,3,0,1,2,A,-,08,22107,NA,N,D,G,A,A,H,-,A,A,0,NA,Y,NA,NA,Y,NA,A,07,0,1,0,0,0,0,1,0,0,-,-,NA,NA,LOS ANGELES,LOS ANGELES,-118.30560012,34.09812028
8348938,2017,2018-04-04,1965,2017-04-23,0830,3693,0B1B,7,5,5,1965,0,0,0,NA,0,B001,PACIFIC COAST HWY,CALIFORNIA AV,469,S,N,A,-,Y,LA,7,1,-,-,35.055,H,-,N,N,3,0,4,2,A,-,03,22350,NA,N,C,C,A,A,H,-,A,A,0,NA,NA,Y,NA,Y,NA,C,02,0,4,0,0,0,0,0,0,4,-,-,NA,NA,LOS ANGELES,SANTA MONICA,-118.49282764,34.01227797
8348945,2017,2018-04-04,1965,2017-04-21,1005,2972,0B1B,5,5,5,1965,0,0,0,NA,0,B001,PACIFIC COAST HWY,LIGHT POLE #4735077E,215,S,N,A,-,Y,LA,7,1,-,-,35.095,H,-,N,Y,3,0,3,3,A,-,03,22350,NA,N,C,C,A,A,H,-,A,D,0,NA,NA,NA,NA,Y,NA,A,07,0,2,1,0,0,0,0,0,0,-,-,NA,NA,LOS ANGELES,SANTA MONICA,-118.49343196,34.01193812
8348951,2017,2018-03-21,1900,2017-04-20,1645,297062,1416,4,5,1,1932,0,0,0,NA,0,141T4,CASTLETON ST,ALBATROSS RD,20,NA,N,A,-,N,NA,NA,NA,NA,NA,NA,NA,NA,NA,N,4,0,1,2,A,-,03,22350,NA,N,C,C,A,A,H,-,A,D,0,NA,NA,NA,NA,Y,NA,A,07,0,0,1,0,0,0,0,0,0,-,-,NA,NA,LOS ANGELES,INDUSTRY,-117.92366002,33.9955701
8348955,2017,2018-04-04,1942,2017-04-12,1535,37614,0663,3,5,7,1942,0,0,0,F,0,6TL4,SANTA MONICA BL,SEWARD AV,214,W,N,A,-,Y,LA,7,2,-,-,11.016,H,-,E,Y,3,0,1,1,A,-,03,22350,NA,N,E,I,A,A,H,-,A,D,0,NA,NA,NA,NA,Y,NA,A,07,0,1,0,0,0,0,0,0,0,-,-,NA,NA,LOS ANGELES,LOS ANGELES,-118.33648893,34.09072069
8348957,2017,2018-01-06,1962,2017-03-29,1011,078,1962,3,5,4,1962,0,0,0,NA,0,025,SAN GABRIEL BL,MARSHALL ST,620,S,N,A,-,Y,LA,7,10,-,-,25.8,R,4,W,Y,4,0,2,2,A,-,03,22350,NA,N,C,C,A,A,H,-,A,D,0,NA,NA,NA,NA,Y,NA,A,01,0,0,2,0,0,0,0,0,0,-,-,NA,NA,LOS ANGELES,SAN GABRIEL,-118.09145264,34.07219716
8348963,2017,2017-08-04,1969,2017-03-19,1101,10125,NA,7,5,5,1969,0,0,0,NA,0,PATROL,FIRESTONE BL,OTIS ST,0,NA,Y,A,-,N,NA,NA,NA,NA,NA,NA,NA,NA,NA,NA,4,0,1,2,A,-,10,21950,A,N,G,B,B,A,H,-,A,A,0,Y,NA,NA,NA,Y,NA,-,NA,0,0,1,0,1,0,0,0,0,-,-,NA,NA,LOS ANGELES,SOUTH GATE,-118.19652012,33.9532601
8348966,2017,2017-08-04,1942,2017-03-06,2023,41847,1322,1,5,7,1942,0,0,0,M,0,NA,MAPLE AV,24TH ST,0,NA,Y,A,-,N,NA,NA,NA,NA,NA,NA,NA,NA,NA,N,4,0,1,2,A,-,10,21950,A,N,G,B,D,A,H,-,C,D,0,Y,NA,NA,NA,Y,Y,-,NA,0,0,1,0,1,0,0,0,0,-,-,NA,NA,LOS ANGELES,LOS ANGELES,-118.26440012,34.02510003
8348970,2017,2017-08-04,1953,2017-03-10,0637,7035,1953,5,5,6,1953,0,0,0,NA,0,001,PASADENA AV,CALIFORNIA BL,0,NA,Y,B,-,N,NA,NA,NA,NA,NA,NA,NA,NA,NA,Y,4,0,2,2,A,-,12,21453,A,N,D,C,A,A,H,-,A,A,0,NA,NA,NA,NA,Y,NA,A,01,0,0,2,0,0,0,0,0,0,-,-,NA,NA,LOS ANGELES,PASADENA,-118.15412007,34.1357601
8348973,2017,2017-08-04,1942,2017-02-14,1310,38137,1385,2,5,7,1942,0,0,0,M,0,13A9,GAGE AV,AVALON BL,0,NA,Y,A,-,N,NA,NA,NA,NA,NA,NA,NA,NA,NA,Y,3,0,2,2,A,-,09,21801,A,N,B,C,A,A,H,-,A,A,0,NA,NA,NA,NA,Y,NA,A,01,0,1,1,0,0,0,0,0,0,-,-,NA,NA,LOS ANGELES,LOS ANGELES,-118.26519011,33.98248012
8348977,2017,2017-08-04,1942,2017-03-16,0705,34458,1331,4,5,7,1942,0,0,0,M,0,24TL24,MAIN ST,33RD ST,10,S,N,A,-,N,NA,NA,NA,NA,NA,NA,NA,NA,NA,N,3,0,1,2,A,-,21,22106,NA,N,G,B,C,A,H,-,A,D,0,Y,NA,NA,NA,Y,NA,A,08,0,1,0,0,1,0,0,0,0,-,-,NA,NA,LOS ANGELES,LOS ANGELES,-118.27219542,34.01933577
8348989,2017,2018-04-25,1900,2017-04-02,1813,600019,0561,7,5,3,1968,0,0,0,NA,0,55T1PM,RT 164,RUSH ST,200,S,N,A,-,Y,LA,7,164,-,-,4.02,H,-,N,Y,2,0,3,3,A,-,03,22350,NA,N,C,C,A,A,H,-,A,A,0,NA,NA,NA,NA,Y,NA,A,01,1,0,2,0,0,0,0,0,0,-,-,34.05115,-118.06422,LOS ANGELES,SOUTH EL MONTE,-118.06421392,34.0512476
8348992,2016,2017-05-04,1900,2016-12-11,0254,524224,1332,7,5,5,1908,0,0,0,NA,0,133D,ROSECRANS AV,CLARK AV,0,NA,Y,A,-,N,NA,NA,NA,NA,NA,NA,NA,NA,NA,Y,4,0,1,2,A,-,12,21453,A,N,D,C,A,A,H,-,C,A,0,NA,NA,NA,NA,Y,NA,D,NA,0,0,1,0,0,0,0,0,0,-,-,NA,NA,LOS ANGELES,BELLFLOWER,-118.13408,33.90410006
8348993,2017,2017-04-21,1900,2017-04-03,0830,529395,0532,1,5,5,1959,0,0,0,NA,0,53T1AM,GARVALIA AV,STEVENS AV,0,NA,Y,A,-,N,NA,NA,NA,NA,NA,NA,NA,NA,NA,Y,4,0,1,2,A,-,21,22106,NA,N,B,C,A,A,H,-,A,D,0,NA,NA,NA,NA,Y,NA,A,07,0,0,1,0,0,0,0,0,0,-,-,NA,NA,LOS ANGELES,ROSEMEAD,-118.10660008,34.05806007
8349001,2017,2017-08-04,1900,2017-03-25,1658,517780,2844,6,5,5,1915,0,0,0,NA,0,283T3,LONG BEACH BL,PAULINE ST,26,S,N,A,-,N,NA,NA,NA,NA,NA,NA,NA,NA,NA,N,4,0,1,2,A,-,06,21951,NA,N,B,C,A,A,H,-,A,D,0,NA,NA,Y,NA,Y,NA,C,02,0,0,1,0,0,0,0,0,1,-,-,NA,NA,LOS ANGELES,COMPTON,-118.20592823,33.88489105
8349005,2017,2017-08-04,1942,2017-03-14,2315,36703,0313,2,5,7,1942,0,0,0,C,0,3A41,ADAMS,10TH AV,75,W,N,A,-,N,NA,NA,NA,NA,NA,NA,NA,NA,NA,N,4,0,1,2,A,-,08,22100,A,F,B,C,A,A,H,-,C,D,0,NA,NA,NA,NA,Y,NA,A,01,0,0,1,0,0,0,0,0,0,-,-,NA,NA,LOS ANGELES,LOS ANGELES,-118.32866707,34.03261
8349007,2017,2018-03-21,1941,2017-04-10,1840,11001,NA,1,5,7,1941,0,0,0,NA,0,NA,ARTESIA BL,LONG BEACH BL,129,W,N,A,-,N,NA,NA,NA,NA,NA,NA,NA,NA,NA,N,2,0,1,2,A,-,11,21956,A,N,G,B,D,A,H,-,A,A,0,Y,NA,NA,NA,Y,Y,N,NA,1,0,0,0,1,0,0,0,0,-,-,NA,NA,LOS ANGELES,LONG BEACH,-118.20279,33.87436
8349011,2017,2018-03-21,1941,2017-04-05,0515,5307,NA,3,5,7,1941,0,0,0,NA,0,NA,LOS COYOTES DIAGONAL,BELLFLOWER,0,NA,Y,A,-,N,NA,NA,NA,NA,NA,NA,NA,NA,NA,Y,3,0,1,2,A,-,08,22108,NA,N,C,C,A,A,H,-,C,A,0,NA,NA,NA,NA,Y,NA,A,NA,0,1,0,0,0,0,0,0,0,-,-,NA,NA,LOS ANGELES,LONG BEACH,-118.12537003,33.80228005
8349013,2017,2017-08-04,1942,2017-03-17,1750,38435,1129,5,5,7,1942,0,0,0,K,0,11A72,CHESTNUT AV,HOUGH ST,0,NA,Y,A,-,N,NA,NA,NA,NA,NA,NA,NA,NA,NA,N,4,0,1,2,A,-,12,21453,A,F,D,C,A,A,H,-,A,D,0,NA,NA,NA,NA,Y,NA,-,99,0,0,1,0,0,0,0,0,0,-,-,NA,NA,LOS ANGELES,LOS ANGELES,-118.17140008,34.1175901
8349021,2017,2017-06-28,1942,2017-03-25,2135,36814,1309,6,5,7,1942,0,0,0,M,0,24T33,ALAMEDA ST,RT 10,0,NA,Y,A,-,Y,LA,7,10,-,-,17.098,R,4,E,Y,3,0,3,2,A,-,12,21453,A,N,A,C,A,A,H,-,C,A,0,NA,NA,NA,NA,Y,Y,A,01,0,1,2,0,0,0,0,0,0,-,EO,NA,NA,LOS ANGELES,LOS ANGELES,-118.23966291,34.02441206
8349025,2017,2017-08-04,1942,2017-03-19,1955,38464,0453,7,5,7,1942,0,0,0,D,0,4A53,CESAR E CHAVEZ AV,WARREN ST,20,W,N,A,-,N,NA,NA,NA,NA,NA,NA,NA,NA,NA,N,4,0,1,2,A,-,21,22106,NA,N,D,C,A,A,H,-,C,D,0,NA,NA,NA,NA,Y,NA,-,99,0,0,1,0,0,0,0,0,0,-,-,NA,NA,LOS ANGELES,LOS ANGELES,-118.22058822,34.05253569
8349029,2017,2017-12-28,1942,2017-03-07,0625,40275,0421,2,5,7,1942,0,0,0,D,0,24TL22,AVENUE 21,MAIN ST,0,NA,Y,A,-,N,NA,NA,NA,NA,NA,NA,NA,NA,NA,Y,4,0,1,2,A,-,09,21802,A,N,D,C,A,A,H,-,A,A,0,NA,NA,NA,NA,Y,NA,A,07,0,0,1,0,0,0,0,0,0,-,-,NA,NA,LOS ANGELES,LOS ANGELES,-118.21684006,34.06598009
8349042,2017,2018-02-16,1942,2017-03-29,1528,38721,1474,3,5,7,1942,0,0,0,N,0,8TL26,MANCHESTER AV,LINCOLN BL,50,W,N,A,-,Y,LA,7,1,-,-,129.084,I,6,S,N,4,0,1,2,A,-,04,21703,NA,F,C,C,A,A,H,-,A,D,0,NA,NA,NA,NA,Y,NA,-,99,0,0,1,0,0,0,0,0,0,-,-,NA,NA,LOS ANGELES,LOS ANGELES,-118.41948459,33.95986
8349043,2017,2017-05-15,1900,2017-03-31,1701,455208,2846,5,5,5,1915,0,0,0,NA,0,283T3,MYRRH ST,HOLLY AV,0,NA,Y,A,-,N,NA,NA,NA,NA,NA,NA,NA,NA,NA,NA,3,0,4,2,A,-,12,22450,A,N,D,C,A,A,H,-,A,D,0,NA,NA,NA,NA,Y,NA,A,08,0,1,3,0,0,0,0,0,0,-,-,NA,NA,LOS ANGELES,COMPTON,-118.20139003,33.89238008
8349046,2017,2017-06-30,1942,2017-03-29,2140,40899,1444,3,5,7,1942,0,0,0,N,0,20T59,LINCOLN BL,MAXELLA AV,25,S,N,A,-,Y,LA,7,1,-,-,31.36,H,-,N,N,4,0,1,2,A,-,03,22350,NA,F,C,C,A,A,H,-,C,D,0,NA,NA,NA,NA,Y,NA,-,99,0,0,1,0,0,0,0,0,0,-,-,NA,NA,LOS ANGELES,LOS ANGELES,-118.44336148,33.98559541