CASE_ID,ACCIDENT_YEAR,PROC_DATE,JURIS,COLLISION_DATE,COLLISION_TIME,OFFICER_ID,REPORTING_DISTRICT,DAY_OF_WEEK,CHP_SHIFT,POPULATION,CNTY_CITY_LOC,SPECIAL_COND,BEAT_TYPE,CHP_BEAT_TYPE,CITY_DIVISION_LAPD,CHP_BEAT_CLASS,BEAT_NUMBER,PRIMARY_RD,SECONDARY_RD,DISTANCE,DIRECTION,INTERSECTION,WEATHER_1,WEATHER_2,STATE_HWY_IND,CALTRANS_COUNTY,CALTRANS_DISTRICT,STATE_ROUTE,ROUTE_SUFFIX,POSTMILE_PREFIX,POSTMILE,LOCATION_TYPE,RAMP_INTERSECTION,SIDE_OF_HWY,TOW_AWAY,COLLISION_SEVERITY,NUMBER_KILLED,NUMBER_INJURED,PARTY_COUNT,PRIMARY_COLL_FACTOR,PCF_CODE_OF_VIOL,PCF_VIOL_CATEGORY,PCF_VIOLATION,PCF_VIOL_SUBSECTION,HIT_AND_RUN,TYPE_OF_COLLISION,MVIW,PED_ACTION,ROAD_SURFACE,ROAD_COND_1,ROAD_COND_2,LIGHTING,CONTROL_DEVICE,CHP_ROAD_TYPE,PEDESTRIAN_ACCIDENT,BICYCLE_ACCIDENT,MOTORCYCLE_ACCIDENT,TRUCK_ACCIDENT,NOT_PRIVATE_PROPERTY,ALCOHOL_INVOLVED,STWD_VEHTYPE_AT_FAULT,CHP_VEHTYPE_AT_FAULT,COUNT_SEVERE_INJ,COUNT_VISIBLE_INJ,COUNT_COMPLAINT_PAIN,COUNT_PED_KILLED,COUNT_PED_INJURED,COUNT_BICYCLIST_KILLED,COUNT_BICYCLIST_INJURED,COUNT_MC_KILLED,COUNT_MC_INJURED,PRIMARY_RAMP,SECONDARY_RAMP,LATITUDE,LONGITUDE,COUNTY,CITY,POINT_X,POINT_Y
8354249,2017,2017-05-05,1942,2017-03-12,1530,42345,0312,7,5,7,1942,0,0,0,C,0,3A18,LA BREA AV,ROSELAND ST,0,NA,Y,A,-,N,NA,NA,NA,NA,NA,NA,NA,NA,NA,N,4,0,1,2,A,-,09,21801,A,N,D,C,A,A,H,-,A,D,0,NA,NA,NA,NA,Y,NA,D,22,0,0,1,0,0,0,0,0,0,-,-,NA,NA,LOS ANGELES,LOS ANGELES,-118.35373012,34.02720003
8354257,2017,2017-05-05,1942,2017-03-26,1140,42087,0393,7,5,7,1942,0,0,0,C,0,3A62,43RD ST,LEIMERT BL,8,W,N,A,-,N,NA,NA,NA,NA,NA,NA,NA,NA,NA,N,3,0,1,2,A,-,10,21950,A,N,G,B,B,A,H,-,A,A,0,Y,NA,NA,NA,Y,NA,D,22,0,1,0,0,1,0,0,0,0,-,-,NA,NA,LOS ANGELES,LOS ANGELES,-118.32975841,34.0054157
8354270,2017,2017-05-18,1942,2017-03-24,1730,37934,0235,5,5,7,1942,0,0,0,B,0,2A45,W TEMPLE ST,PARK VIEW ST,150,S,N,A,-,N,NA,NA,NA,NA,NA,NA,NA,NA,NA,N,4,0,1,2,A,-,08,22107,NA,N,B,C,A,A,H,-,A,A,0,NA,NA,NA,NA,Y,NA,A,01,0,0,1,0,0,0,0,0,0,-,-,NA,NA,LOS ANGELES,LOS ANGELES,-118.27143449,34.07138043
8354286,2017,2018-02-15,1942,2017-03-24,1015,32973,0236,5,5,7,1942,0,0,0,B,0,24T43,ALVARADO ST,TEMPLE ST,600,N,N,A,-,Y,LA,7,101,-,-,2.725,R,4,S,N,4,0,1,2,A,-,08,22107,NA,F,D,C,A,A,H,-,A,A,0,NA,NA,NA,NA,Y,NA,-,99,0,0,1,0,0,0,0,0,0,-,-,NA,NA,LOS ANGELES,LOS ANGELES,-118.26476211,34.07098595
8354290,2017,2017-05-05,1942,2017-03-21,1320,39010,0249,2,5,7,1942,0,0,0,B,0,24TL27,WILSHIRE BL,LUCAS AV,0,NA,Y,A,-,N,NA,NA,NA,NA,NA,NA,NA,NA,NA,Y,4,0,1,3,A,-,09,21801,A,N,D,C,A,A,H,-,A,A,0,NA,NA,Y,NA,Y,NA,A,07,0,0,1,0,0,0,0,0,1,-,-,NA,NA,LOS ANGELES,LOS ANGELES,-118.26489011,34.05301006
8354294,2017,2017-05-05,1942,2017-03-21,1925,26529,LOS A,2,5,7,1942,0,0,0,NA,0,0581,WESTERN AV,19TH ST,270,S,N,B,-,N,NA,NA,NA,NA,NA,NA,NA,NA,NA,Y,4,0,1,2,A,-,03,22350,NA,F,D,C,A,B,H,-,C,D,0,NA,NA,NA,NA,Y,NA,D,22,0,0,1,0,0,0,0,0,0,-,-,NA,NA,LOS ANGELES,LOS ANGELES,-118.311234,33.726314
8354301,2017,2017-05-08,1942,2017-03-22,2310,42055,2029,3,5,7,1942,0,0,0,NA,0,20A88,3RD ST,VERMONT AV,0,NA,Y,A,-,N,NA,NA,NA,NA,NA,NA,NA,NA,NA,N,4,0,1,2,A,-,09,21801,A,F,-,C,A,A,H,-,C,A,0,NA,NA,NA,NA,Y,NA,-,99,0,0,1,0,0,0,0,0,0,-,-,NA,NA,LOS ANGELES,LOS ANGELES,-118.29165006,34.06905011
8354302,2017,2017-05-05,1942,2017-04-08,1510,22934,0551,6,5,7,1942,0,0,0,E,0,5A59,WESTERN AV,SANTA CRUZ ST,95,N,N,A,-,N,NA,NA,NA,NA,NA,NA,NA,NA,NA,N,4,0,3,4,A,-,04,21703,NA,N,C,C,A,A,H,-,A,A,0,NA,NA,NA,NA,Y,NA,D,22,0,0,3,0,0,0,0,0,0,-,-,NA,NA,LOS ANGELES,LOS ANGELES,-118.30964408,33.74490051
8354314,2017,2017-05-05,1942,2017-03-10,2130,38598,0507,5,5,7,1942,0,0,0,E,0,5A12W5,NORMANDIE,223 RD ST,5,S,N,A,-,N,NA,NA,NA,NA,NA,NA,NA,NA,NA,N,4,0,1,2,A,-,10,21950,A,N,G,B,B,A,H,-,C,A,0,Y,NA,NA,NA,Y,NA,D,22,0,0,1,0,1,0,0,0,0,-,-,NA,NA,LOS ANGELES,LOS ANGELES,-118.29957,33.82449
8354318,2017,2018-04-25,1942,2017-04-08,1630,42548,516,6,5,7,1942,0,0,0,NA,0,5A15,PACIFIC COAST HWY,ISLAND AV,0,NA,Y,A,-,Y,LA,7,1,-,-,10.744,I,5,N,N,4,0,1,2,A,-,09,21801,A,N,D,C,A,A,H,-,A,A,0,NA,NA,Y,NA,Y,NA,D,22,0,0,1,0,0,0,0,0,1,-,-,NA,NA,LOS ANGELES,LOS ANGELES,-118.26701268,33.7910227
8354324,2017,2017-05-04,1942,2017-04-24,1535,41927,1203,1,5,7,1942,0,0,0,L,0,3T5,GRAMERCY PL,45TH ST,0,NA,Y,A,-,N,NA,NA,NA,NA,NA,NA,NA,NA,NA,Y,3,0,2,2,A,-,09,21801,A,N,A,C,A,A,H,-,A,D,0,NA,NA,NA,NA,Y,NA,A,01,0,2,0,0,0,0,0,0,0,-,-,NA,NA,LOS ANGELES,LOS ANGELES,-118.31384005,34.00278012
8354328,2017,2017-05-04,1942,2017-04-20,2025,41747,1239,4,5,7,1942,0,0,0,L,0,12T41,SLAUSON AV,HOOVER ST,150,W,N,A,-,N,NA,NA,NA,NA,NA,NA,NA,NA,NA,N,4,0,1,2,A,-,03,22350,NA,F,C,C,A,-,H,-,C,D,0,NA,NA,NA,NA,Y,NA,-,99,0,0,1,0,0,0,0,0,0,-,-,NA,NA,LOS ANGELES,LOS ANGELES,-118.28763387,33.98914
8354332,2017,2017-05-04,1942,2017-04-18,1940,40924,1269,2,5,7,1942,0,0,0,L,0,12A67,CENTRAL AV,MANCHESTER AV,0,NA,Y,A,-,N,NA,NA,NA,NA,NA,NA,NA,NA,NA,N,4,0,3,2,A,-,09,21801,A,N,D,C,A,A,H,-,C,A,0,NA,NA,NA,NA,Y,NA,A,01,0,0,3,0,0,0,0,0,0,-,-,NA,NA,LOS ANGELES,LOS ANGELES,-118.25642008,33.96016008
8354336,2017,2017-05-04,1942,2017-04-17,2000,41077,1268,1,5,7,1942,0,0,0,L,0,12G41,MANCHESTER AV,MAIN ST,0,NA,Y,A,-,N,NA,NA,NA,NA,NA,NA,NA,NA,NA,Y,4,0,1,2,A,-,09,21801,A,N,D,C,A,A,H,-,C,A,0,NA,NA,NA,NA,Y,NA,A,01,0,0,1,0,0,0,0,0,0,-,-,NA,NA,LOS ANGELES,LOS ANGELES,-118.27388,33.96009008
8354340,2017,2017-05-04,1942,2017-04-17,0740,38057,1273,1,5,7,1942,0,0,0,L,0,12XL57,NORMANDIE AV,87TH ST,0,NA,Y,A,-,N,NA,NA,NA,NA,NA,NA,NA,NA,NA,Y,4,0,1,2,A,-,12,21453,A,F,D,C,A,A,H,-,A,A,0,NA,NA,NA,NA,Y,NA,-,99,0,0,1,0,0,0,0,0,0,-,-,NA,NA,LOS ANGELES,LOS ANGELES,-118.30026006,33.95902008
8354344,2017,2017-05-04,1942,2017-04-20,1830,41747,1257,4,5,7,1942,0,0,0,L,0,12T41,FIGUEROA ST,79TH ST,150,S,N,A,-,N,NA,NA,NA,NA,NA,NA,NA,NA,NA,N,4,0,1,2,A,-,03,22350,NA,N,C,C,A,A,H,-,B,D,0,NA,NA,NA,NA,Y,NA,A,01,0,0,1,0,0,0,0,0,0,-,-,NA,NA,LOS ANGELES,LOS ANGELES,-118.28272,33.96742862
8354345,2017,2017-05-05,1942,2017-03-25,0600,42243,LOSAN,6,5,7,1942,0,0,0,NA,0,2A5,UNION AV,SHATTO ST,10,S,N,A,-,N,NA,NA,NA,NA,NA,NA,NA,NA,NA,N,4,0,1,2,A,-,10,21950,C,N,H,G,A,A,H,-,C,D,0,NA,Y,Y,NA,Y,NA,-,-,0,0,1,0,0,0,1,0,0,-,-,NA,NA,LOS ANGELES,LOS ANGELES,-118.26969599,34.05614602
8354348,2017,2017-05-04,1942,2017-04-11,0945,41439,1826,2,5,7,1942,0,0,0,R,0,18T23,GRANDEE AV,103RD ST,408,N,N,A,-,N,NA,NA,NA,NA,NA,NA,NA,NA,NA,N,2,0,1,2,A,-,10,21952,NA,F,G,B,F,A,H,-,A,D,0,Y,NA,NA,NA,Y,NA,-,99,1,0,0,0,1,0,0,0,0,-,-,NA,NA,LOS ANGELES,LOS ANGELES,-118.24344048,33.94432836
8354349,2017,2017-05-05,1942,2017-03-27,0840,42422,0231,1,5,7,1942,0,0,0,B,0,2A17,TEMPLE ST,ROBINSON ST,5,N,N,A,-,N,NA,NA,NA,NA,NA,NA,NA,NA,NA,N,3,0,1,2,A,-,08,22107,NA,F,B,C,A,A,H,-,A,D,0,NA,NA,NA,NA,Y,NA,-,NA,0,1,0,0,0,0,0,0,0,-,-,NA,NA,LOS ANGELES,LOS ANGELES,-118.28209441,34.07567665
8354352,2017,2017-05-04,1942,2017-04-19,2130,41056,1258,3,5,7,1942,0,0,0,L,0,12T41,73RD ST,SAN PEDRO ST,0,NA,Y,A,-,N,NA,NA,NA,NA,NA,NA,NA,NA,NA,Y,4,0,2,2,A,-,09,21802,A,F,D,C,A,A,H,-,C,A,0,NA,NA,NA,NA,Y,NA,-,99,0,0,2,0,0,0,0,0,0,-,-,NA,NA,LOS ANGELES,LOS ANGELES,-118.26957004,33.97385009
8354356,2017,2017-05-04,1942,2017-04-20,1650,41923,1203,4,5,7,1942,0,0,0,L,0,25EL4,WESTERN AV,46TH ST,220,N,N,A,-,N,NA,NA,NA,NA,NA,NA,NA,NA,NA,N,4,0,1,2,A,-,17,21228,A,N,B,C,A,A,H,-,A,D,0,NA,NA,Y,NA,Y,NA,C,03,0,0,1,0,0,0,0,0,1,-,-,NA,NA,LOS ANGELES,LOS ANGELES,-118.308927,34.002495
8354357,2017,2017-05-05,1942,2017-03-26,2000,36814,0251,7,5,7,1942,0,0,0,B,0,24T33,3RD ST,RAMPART BL,50,E,N,A,-,N,NA,NA,NA,NA,NA,NA,NA,NA,NA,N,4,0,1,2,A,-,00,20015,NA,F,C,C,A,A,H,-,C,D,0,NA,NA,NA,NA,Y,NA,-,-,0,0,1,0,0,0,0,0,0,-,-,NA,NA,LOS ANGELES,LOS ANGELES,-118.27876019,34.06615586
8354360,2017,2017-05-04,1942,2017-04-20,1430,41923,1283,4,5,7,1942,0,0,0,L,0,25EL2,94TH ST,WESTERN AV,0,NA,Y,A,-,N,NA,NA,NA,NA,NA,NA,NA,NA,NA,Y,2,0,2,3,A,-,09,21802,A,N,D,C,A,A,H,-,A,D,0,NA,NA,NA,NA,Y,NA,A,01,1,1,0,0,0,0,0,0,0,-,-,NA,NA,LOS ANGELES,LOS ANGELES,-118.30901005,33.95112006
8354361,2017,2017-05-05,1942,2017-03-22,0955,38050,0246,3,5,7,1942,0,0,0,B,0,24TL26,3RD,WESTLAKE AV,0,NA,Y,A,-,N,NA,NA,NA,NA,NA,NA,NA,NA,NA,Y,4,0,2,4,A,-,09,21802,A,N,D,C,A,A,H,-,A,-,0,NA,NA,NA,NA,Y,NA,A,01,0,0,2,0,0,0,0,0,0,-,-,NA,NA,LOS ANGELES,LOS ANGELES,-118.27146012,34.06245011
8354364,2017,2017-05-04,1942,2017-04-10,0905,38503,1274,1,5,7,1942,0,0,0,L,0,12T41,GRAMERCY PL,91ST PL,53,S,N,A,-,N,NA,NA,NA,NA,NA,NA,NA,NA,NA,N,4,0,1,2,C,-,18,NA,NA,N,C,E,A,A,H,-,A,D,0,NA,NA,NA,NA,Y,NA,-,-,0,0,1,0,0,0,0,0,0,-,-,NA,NA,LOS ANGELES,LOS ANGELES,-118.31339,33.95349464
8354365,2017,2017-05-05,1942,2017-03-23,2230,41078,203,4,5,7,1942,0,0,0,NA,0,2A1,N VIRGIL AV,NORMAL AV,15,S,N,A,-,N,NA,NA,NA,NA,NA,NA,NA,NA,NA,N,3,0,1,2,A,-,11,21956,A,N,G,B,D,A,H,-,C,A,0,Y,NA,NA,NA,Y,Y,N,60,0,1,0,0,1,0,0,0,0,-,-,NA,NA,LOS ANGELES,LOS ANGELES,-118.28687829,34.08658889
8354368,2017,2017-05-04,1942,2017-04-19,1910,40237,1255,3,5,7,1942,0,0,0,L,0,12T41,FLORENCE AV,NORMANDALE AV,112,W,N,A,-,N,NA,NA,NA,NA,NA,NA,NA,NA,NA,N,4,0,2,2,A,-,09,21801,A,N,D,C,A,A,H,-,C,A,0,NA,NA,NA,NA,Y,NA,A,01,0,0,2,0,0,0,0,0,0,-,-,NA,NA,LOS ANGELES,LOS ANGELES,-118.300674,33.974573
8354369,2017,2017-05-05,1942,2017-03-23,1800,40643,0235,4,5,7,1942,0,0,0,B,0,24T56,TEMPLE ST,N CORONADO ST,30,W,N,A,-,N,NA,NA,NA,NA,NA,NA,NA,NA,NA,N,4,0,2,3,A,-,03,22350,NA,N,C,C,A,A,H,-,A,A,0,NA,NA,NA,NA,Y,NA,A,07,0,0,2,0,0,0,0,0,0,-,-,NA,NA,LOS ANGELES,LOS ANGELES,-118.27401178,34.07223059
8354372,2017,2017-05-04,1942,2017-04-17,2355,41521,1215,1,5,7,1942,0,0,0,L,0,3T5,54TH ST,NORMANDIE AV,553,E,N,B,-,N,NA,NA,NA,NA,NA,NA,NA,NA,NA,N,2,0,1,2,A,-,11,21954,A,F,G,B,E,A,H,-,C,A,0,Y,NA,NA,NA,Y,NA,N,60,1,0,0,0,1,0,0,0,0,-,-,NA,NA,LOS ANGELES,LOS ANGELES,-118.29838918,33.99322659
8354373,2017,2017-05-05,1942,2017-03-27,1830,41629,0285,1,5,7,1942,0,0,0,B,0,24T31,11TH ST,UNION AV,9,W,N,A,-,N,NA,NA,NA,NA,NA,NA,NA,NA,NA,N,3,0,1,2,A,-,10,21950,A,N,D,G,A,A,H,-,A,A,0,NA,Y,NA,NA,Y,NA,A,01,0,1,0,0,0,0,1,0,0,-,-,NA,NA,LOS ANGELES,LOS ANGELES,-118.27515618,34.04773159
8354376,2017,2017-05-04,1942,2017-04-18,1450,42642,1248,2,5,7,1942,0,0,0,L,0,12A69,FLORENCE AV,HOOVER ST,295,W,N,A,-,N,NA,NA,NA,NA,NA,NA,NA,NA,NA,Y,2,0,1,2,A,-,05,21650,1,N,G,G,A,A,H,-,A,D,0,NA,Y,NA,NA,Y,NA,L,04,1,0,0,0,0,0,1,0,0,-,-,NA,NA,LOS ANGELES,LOS ANGELES,-118.28808111,33.97464
8354377,2017,2017-05-05,1942,2017-03-25,1753,40592,0269,6,5,7,1942,0,0,0,B,0,24TL53,W 8TH ST,GARLAND AV,0,NA,Y,A,-,N,NA,NA,NA,NA,NA,NA,NA,NA,NA,N,3,0,1,2,A,-,12,21453,A,N,D,G,A,A,H,-,A,D,0,NA,Y,NA,NA,Y,NA,-,-,0,1,0,0,0,0,1,0,0,-,-,NA,NA,LOS ANGELES,LOS ANGELES,-118.26770003,34.04964011
8354380,2017,2017-05-04,1942,2017-04-08,0235,38067,1255,6,5,7,1942,0,0,0,L,0,12A31,76TH ST,NORMANDIE AV,0,NA,Y,C,-,N,NA,NA,NA,NA,NA,NA,NA,NA,NA,Y,3,0,3,2,A,-,12,21453,A,F,D,C,A,B,H,-,C,A,0,NA,NA,NA,NA,Y,NA,-,99,0,1,2,0,0,0,0,0,0,-,-,NA,NA,LOS ANGELES,LOS ANGELES,-118.30031001,33.97098005
8354381,2017,2017-05-05,1942,2017-03-27,2255,39062,0271,1,5,7,1942,0,0,0,B,0,24T35,PARK VIEW ST,OLYMPIC BL,0,NA,Y,A,-,N,NA,NA,NA,NA,NA,NA,NA,NA,NA,Y,4,0,1,2,A,-,09,21802,A,N,D,C,A,A,H,-,C,A,0,NA,NA,NA,NA,Y,NA,A,01,0,0,1,0,0,0,0,0,0,-,-,NA,NA,LOS ANGELES,LOS ANGELES,-118.2835801,34.05238007
8354384,2017,2018-04-25,1942,2017-04-05,1930,42543,LOS A,3,5,7,1942,0,0,0,NA,0,NA,MANCHESTER AV,RT 110,0,NA,Y,A,-,Y,LA,7,110,-,-,16.129,R,4,S,N,4,0,2,2,A,-,09,21801,A,N,D,C,A,A,H,-,A,A,0,NA,NA,NA,NA,Y,NA,A,01,0,0,2,0,0,0,0,0,0,-,-,NA,NA,LOS ANGELES,LOS ANGELES,-118.28093576,33.96232778
8354385,2017,2017-05-05,1942,2017-03-26,1925,34332,1361,7,5,7,1942,0,0,0,M,0,24T33,HELIOTROPE DR,BEVERLY BL,0,NA,Y,A,-,N,NA,NA,NA,NA,NA,NA,NA,NA,NA,N,4,0,1,2,A,-,09,21802,A,N,C,C,A,A,H,-,C,A,0,NA,NA,NA,NA,Y,NA,A,07,0,0,1,0,0,0,0,0,0,-,-,NA,NA,LOS ANGELES,LOS ANGELES,-118.29581003,34.07631001
8354389,2017,2017-05-04,1942,2017-03-24,0725,35291,1148,5,5,7,1942,0,0,0,K,0,24T21,FIGUEROA ST,WOODSIDE DR,25,N,N,A,-,N,NA,NA,NA,NA,NA,NA,NA,NA,NA,N,4,0,1,2,A,-,03,22350,NA,F,C,C,A,A,H,-,A,D,0,NA,NA,NA,NA,Y,NA,-,99,0,0,1,0,0,0,0,0,0,-,-,NA,NA,LOS ANGELES,LOS ANGELES,-118.20540159,34.098138230000004
8354393,2017,2017-05-04,1942,2017-03-29,0725,31324,0251,3,5,7,1942,0,0,0,B,0,24TL41,3RD ST,RAMPART BL,0,NA,Y,A,-,N,NA,NA,NA,NA,NA,NA,NA,NA,NA,Y,3,0,2,2,A,-,01,23153,A,N,D,D,A,A,H,-,A,A,0,NA,NA,NA,NA,Y,Y,A,01,0,1,1,0,0,0,0,0,0,-,-,NA,NA,LOS ANGELES,LOS ANGELES,-118.27888013,34.06625007
8354397,2017,2017-05-04,1942,2017-03-26,2030,38922,0256,7,5,7,1942,0,0,0,B,0,2A39,WILSHIRE BL,BURLINGTON ST,0,NA,Y,A,-,N,NA,NA,NA,NA,NA,NA,NA,NA,NA,N,4,0,2,2,A,-,08,22100,A,F,B,C,A,A,H,-,C,A,0,NA,NA,NA,NA,Y,NA,-,-,0,0,2,0,0,0,0,0,0,-,-,NA,NA,LOS ANGELES,LOS ANGELES,-118.2725101,34.05642007
8354404,2017,2017-05-04,1942,2017-03-15,1550,41148,0373,3,5,7,1942,0,0,0,C,0,3A98,BRONSON AV,COLISEUM,0,E,N,A,-,N,NA,NA,NA,NA,NA,NA,NA,NA,NA,N,3,0,1,2,A,-,09,21804,A,N,D,G,A,A,H,-,A,D,0,NA,Y,NA,NA,Y,NA,L,04,0,1,0,0,0,0,1,0,0,-,-,NA,NA,LOS ANGELES,LOS ANGELES,-118.33394006,34.01822004
8354408,2017,2017-05-04,1942,2017-03-26,1130,41297,0331,7,5,7,1942,0,0,0,C,0,3A28,JEFFERSON BL,LA BREA AV,25,E,N,A,-,N,NA,NA,NA,NA,NA,NA,NA,NA,NA,N,3,0,1,2,A,-,05,21650,NA,N,D,G,A,A,H,-,A,D,0,NA,Y,NA,NA,Y,NA,L,04,0,1,0,0,0,0,1,0,0,-,-,NA,NA,LOS ANGELES,LOS ANGELES,-118.35478765,34.02552
8354412,2017,2017-05-04,1942,2017-03-11,1330,36871,557,6,5,7,1942,0,0,0,NA,0,5XL4,GAFFEY ST,4TH ST,0,NA,Y,A,-,N,NA,NA,NA,NA,NA,NA,NA,NA,NA,Y,4,0,1,2,A,-,09,21801,A,N,A,C,A,A,H,-,A,D,0,NA,NA,NA,NA,Y,NA,A,07,0,0,1,0,0,0,0,0,0,-,-,NA,NA,LOS ANGELES,LOS ANGELES,-118.29232005,33.7406201
8354416,2017,2017-05-04,1942,2017-03-26,1620,41924,0517,7,5,7,1942,0,0,0,E,0,3757,AVALON BL,OPP ST,25,N,N,A,-,N,NA,NA,NA,NA,NA,NA,NA,NA,NA,Y,4,0,1,2,A,-,03,22350,NA,N,C,C,A,A,H,-,A,A,0,NA,NA,NA,NA,Y,NA,A,01,0,0,1,0,0,0,0,0,0,-,-,NA,NA,LOS ANGELES,LOS ANGELES,-118.26268507,33.78299843
8354420,2017,2017-05-04,1942,2017-03-17,1415,41300,0334,5,5,7,1942,0,0,0,C,0,3A32,BRONSON AV,ADAMS BL,10,NA,N,A,-,N,NA,NA,NA,NA,NA,NA,NA,NA,NA,N,4,0,1,2,A,-,05,21650,A,N,G,G,A,A,H,-,A,A,0,NA,Y,NA,NA,Y,NA,L,04,0,0,1,0,0,0,1,0,0,-,-,NA,NA,LOS ANGELES,LOS ANGELES,-118.33380006,34.03259011
8354424,2017,2017-05-04,1942,2017-03-16,1430,42173,0363,4,5,7,1942,0,0,0,C,0,3A12,SANTA ROSALIA,WEST BL,20,E,N,A,-,N,NA,NA,NA,NA,NA,NA,NA,NA,NA,N,4,0,2,2,A,-,03,22350,NA,N,C,C,A,A,H,-,A,D,0,NA,NA,NA,NA,Y,NA,A,01,0,0,2,0,0,0,0,0,0,-,-,NA,NA,LOS ANGELES,LOS ANGELES,-118.34461753,34.01274259
8354425,2017,2017-05-05,1924,2017-04-20,1615,41921,0501,4,5,5,1924,0,0,0,NA,0,25E2,190TH ST,VERMONT AV,560,E,N,A,-,N,NA,NA,NA,NA,NA,NA,NA,NA,NA,N,3,0,1,2,A,-,11,21954,A,N,A,B,E,A,H,-,A,D,0,Y,NA,NA,NA,Y,NA,N,60,0,1,0,0,1,0,0,0,0,-,-,NA,NA,LOS ANGELES,GARDENA,-118.28892542,33.85956723
8354428,2017,2017-05-04,1942,2017-03-28,1730,40251,0317,2,5,7,1942,0,0,0,C,0,3FL52,SOUTH CAROLINA ST,ADAMS BL,2,S,N,A,-,N,NA,NA,NA,NA,NA,NA,NA,NA,NA,N,3,0,1,2,A,-,05,21650,1,F,H,G,A,A,H,-,A,A,0,NA,Y,NA,NA,Y,NA,L,04,0,1,0,0,0,0,1,0,0,-,-,NA,NA,LOS ANGELES,LOS ANGELES,NA,NA
8354429,2017,2017-05-05,1942,2017-04-09,1520,40602,585,7,5,7,1942,0,0,0,NA,0,5A85,GAFFEY ST,22ND ST,0,NA,Y,A,-,N,NA,NA,NA,NA,NA,NA,NA,NA,NA,N,4,0,4,2,A,-,12,21453,A,N,D,D,A,A,H,-,A,A,0,NA,NA,NA,NA,Y,Y,A,01,0,0,4,0,0,0,0,0,0,-,-,NA,NA,LOS ANGELES,LOS ANGELES,-118.29241009,33.7242601
8354435,2017,2017-05-05,1931,2017-04-13,0753,5313,1931,4,5,5,1931,0,0,0,NA,0,004,CALIFORNIA AV,BROADWAY ST,0,NA,Y,A,-,N,NA,NA,NA,NA,NA,NA,NA,NA,NA,N,4,0,1,2,A,-,03,22350,NA,N,D,C,A,A,-,-,A,A,0,NA,NA,NA,NA,Y,NA,A,01,0,0,1,0,0,0,0,0,0,-,-,NA,NA,LOS ANGELES,HUNTINGTON PARK,-118.20455001,33.96449005
8354440,2017,2017-05-04,1942,2017-03-12,2325,41405,1215,7,5,7,1942,0,0,0,L,0,3A1,VERMONT AV,57TH ST,40,S,N,A,-,N,NA,NA,NA,NA,NA,NA,NA,NA,NA,Y,4,0,1,2,B,-,22,NA,NA,F,G,B,F,A,H,-,C,A,0,Y,NA,NA,NA,Y,NA,A,01,0,0,1,0,1,0,0,0,0,-,-,NA,NA,LOS ANGELES,LOS ANGELES,-118.291487,33.990351
8354441,2017,2017-05-05,1942,2017-04-20,0920,32973,1181,4,5,7,1942,0,0,0,K,0,24T43,MCCOLLUM PL,SCOTT ST,350,NA,N,A,-,N,NA,NA,NA,NA,NA,NA,NA,NA,NA,Y,4,0,1,2,A,-,08,22107,NA,F,B,E,A,A,H,-,A,D,0,NA,NA,NA,NA,Y,NA,M,47,0,0,1,0,0,0,0,0,0,-,-,NA,NA,LOS ANGELES,LOS ANGELES,-118.2671301,34.08449012
8354444,2017,2017-05-04,1942,2017-03-26,1730,42210,1266,7,5,7,1942,0,0,0,L,0,12XL7,BROADWAY,82ND ST,0,NA,Y,B,-,N,NA,NA,NA,NA,NA,NA,NA,NA,NA,N,4,0,1,2,A,-,09,21801,A,F,D,C,A,A,H,-,A,D,0,NA,NA,NA,NA,Y,NA,-,99,0,0,1,0,0,0,0,0,0,-,-,NA,NA,LOS ANGELES,LOS ANGELES,-118.2783,33.96504
8354445,2017,2017-06-21,1942,2017-04-19,1451,40099,1172,3,5,7,1942,0,0,0,K,0,24TL58,SILVERLAKE BL,SCOTT PL,20,N,N,A,-,N,NA,NA,NA,NA,NA,NA,NA,NA,NA,N,4,0,1,2,A,-,04,21703,NA,F,C,C,A,A,H,-,A,D,0,NA,NA,NA,NA,Y,NA,-,99,0,0,1,0,0,0,0,0,0,-,-,NA,NA,LOS ANGELES,LOS ANGELES,-118.27057802,34.08575797
8354448,2017,2017-05-04,1942,2017-03-31,2005,41729,0532,5,5,7,1942,0,0,0,E,0,5T23,OPP ST,LAGOON AV,15,W,N,A,-,N,NA,NA,NA,NA,NA,NA,NA,NA,NA,Y,4,0,2,2,A,-,21,22106,NA,N,D,C,A,A,H,-,C,D,0,NA,NA,NA,NA,Y,NA,A,01,0,0,2,0,0,0,0,0,0,-,-,NA,NA,LOS ANGELES,LOS ANGELES,-118.26783919,33.78263766
8354449,2017,2017-05-05,1942,2017-04-14,1740,40602,0513,5,5,7,1942,0,0,0,E,0,5A25,PACIFIC COAST HWY,BIXBY AV,5,W,N,A,-,N,NA,NA,NA,NA,NA,NA,NA,NA,NA,N,4,0,1,1,A,-,03,22350,NA,N,A,I,A,A,H,-,A,A,0,NA,NA,NA,NA,Y,NA,A,01,0,0,1,0,0,0,0,0,0,-,-,NA,NA,LOS ANGELES,LOS ANGELES,-118.29086642,33.79099037