CASE_ID,ACCIDENT_YEAR,PROC_DATE,JURIS,COLLISION_DATE,COLLISION_TIME,OFFICER_ID,REPORTING_DISTRICT,DAY_OF_WEEK,CHP_SHIFT,POPULATION,CNTY_CITY_LOC,SPECIAL_COND,BEAT_TYPE,CHP_BEAT_TYPE,CITY_DIVISION_LAPD,CHP_BEAT_CLASS,BEAT_NUMBER,PRIMARY_RD,SECONDARY_RD,DISTANCE,DIRECTION,INTERSECTION,WEATHER_1,WEATHER_2,STATE_HWY_IND,CALTRANS_COUNTY,CALTRANS_DISTRICT,STATE_ROUTE,ROUTE_SUFFIX,POSTMILE_PREFIX,POSTMILE,LOCATION_TYPE,RAMP_INTERSECTION,SIDE_OF_HWY,TOW_AWAY,COLLISION_SEVERITY,NUMBER_KILLED,NUMBER_INJURED,PARTY_COUNT,PRIMARY_COLL_FACTOR,PCF_CODE_OF_VIOL,PCF_VIOL_CATEGORY,PCF_VIOLATION,PCF_VIOL_SUBSECTION,HIT_AND_RUN,TYPE_OF_COLLISION,MVIW,PED_ACTION,ROAD_SURFACE,ROAD_COND_1,ROAD_COND_2,LIGHTING,CONTROL_DEVICE,CHP_ROAD_TYPE,PEDESTRIAN_ACCIDENT,BICYCLE_ACCIDENT,MOTORCYCLE_ACCIDENT,TRUCK_ACCIDENT,NOT_PRIVATE_PROPERTY,ALCOHOL_INVOLVED,STWD_VEHTYPE_AT_FAULT,CHP_VEHTYPE_AT_FAULT,COUNT_SEVERE_INJ,COUNT_VISIBLE_INJ,COUNT_COMPLAINT_PAIN,COUNT_PED_KILLED,COUNT_PED_INJURED,COUNT_BICYCLIST_KILLED,COUNT_BICYCLIST_INJURED,COUNT_MC_KILLED,COUNT_MC_INJURED,PRIMARY_RAMP,SECONDARY_RAMP,LATITUDE,LONGITUDE,COUNTY,CITY,POINT_X,POINT_Y
8354453,2017,2017-05-05,1942,2017-04-07,1445,37792,0513,5,5,7,1942,0,0,0,E,0,12A15,VERMONT AV,ANAHEIM ST,360,N,N,A,-,N,NA,NA,NA,NA,NA,NA,NA,NA,NA,Y,4,0,1,2,A,-,04,21703,NA,N,C,C,A,A,H,-,A,A,0,NA,NA,Y,NA,Y,NA,C,02,0,0,1,0,0,0,0,0,0,-,-,NA,NA,LOS ANGELES,LOS ANGELES,-118.29751401,33.78308726
8354457,2017,2018-04-25,1942,2017-04-08,1250,42265,0519,6,5,7,1942,0,0,0,E,0,5X26,PACIFIC COAST HWY,SANFORD AV,0,NA,Y,A,-,Y,LA,7,1,-,-,9.851,I,5,N,Y,3,0,1,2,C,-,18,NA,NA,N,D,C,A,A,H,-,A,B,0,NA,NA,Y,NA,Y,NA,-,-,0,1,0,0,0,0,0,0,1,-,-,NA,NA,LOS ANGELES,LOS ANGELES,-118.2509917,33.79093595
8354460,2017,2017-05-04,1956,2017-03-31,2500,1281,48,5,5,5,1956,0,0,0,NA,0,003,LILIENTHAL LN,RALSTON LN,0,NA,Y,A,-,N,NA,NA,NA,NA,NA,NA,NA,NA,NA,N,4,0,1,2,A,-,10,21950,A,F,G,B,B,A,H,-,B,A,0,Y,NA,NA,NA,Y,NA,A,01,0,0,1,0,1,0,0,0,0,-,-,NA,NA,LOS ANGELES,REDONDO BEACH,-118.36560003,33.86196007
8354461,2017,2017-05-05,1942,2017-04-01,1700,35023,564,6,5,7,1942,0,0,0,NA,0,5X64,HARBOR BL,5TH ST,96,N,N,A,-,N,NA,NA,NA,NA,NA,NA,NA,NA,NA,Y,3,0,5,1,A,-,03,22350,NA,N,E,I,A,A,H,-,A,A,0,NA,NA,NA,NA,Y,NA,A,01,0,2,3,0,0,0,0,0,0,-,-,NA,NA,LOS ANGELES,LOS ANGELES,-118.27975644,33.74080179
8354465,2017,2017-05-05,1942,2017-04-08,1555,42603,LAPD,6,5,7,1942,0,0,0,NA,0,5X64,22ND ST,PACIFIC AV,21,W,N,A,G,N,NA,NA,NA,NA,NA,NA,NA,NA,NA,Y,3,0,4,2,A,-,09,21801,A,N,D,C,A,A,H,-,A,A,0,NA,NA,NA,NA,Y,NA,A,01,0,2,2,0,0,0,0,0,0,-,-,NA,NA,LOS ANGELES,LOS ANGELES,-118.28805893,33.72425
8354469,2017,2018-04-25,1942,2017-04-06,1830,36871,0528,4,5,7,1942,0,0,0,E,0,5XL4,PACIFIC COAST HWY,BLINN,0,NA,Y,A,-,Y,LA,7,1,-,-,9.56,H,-,S,Y,3,0,1,2,A,-,07,21658,A,N,B,D,A,A,H,-,A,A,0,NA,NA,Y,NA,Y,NA,A,01,0,1,0,0,0,0,0,0,1,-,-,NA,NA,LOS ANGELES,LOS ANGELES,-118.24605052,33.79099403
8354473,2017,2017-05-05,1942,2017-04-07,1900,41297,0317,5,5,7,1942,0,0,0,C,0,3FB8W4,NORMANDIE AV,23RD ST,30,S,N,A,-,N,NA,NA,NA,NA,NA,NA,NA,NA,NA,N,4,0,1,4,A,-,03,22350,NA,F,C,C,A,A,H,-,A,D,0,NA,NA,NA,NA,Y,NA,-,99,0,0,1,0,0,0,0,0,0,-,-,NA,NA,LOS ANGELES,LOS ANGELES,-118.30027,34.03535772
8354476,2017,2017-05-04,1956,2017-03-31,1728,1323,650,5,5,5,1956,0,0,0,NA,0,00S,ARTESIA BL,KINGSDALE AV,406,E,N,A,-,N,NA,NA,NA,NA,NA,NA,NA,NA,NA,N,4,0,1,2,A,-,07,21658,A,N,D,J,A,A,H,-,A,D,0,NA,NA,Y,NA,Y,NA,A,01,0,0,1,0,0,0,0,0,1,-,-,NA,NA,LOS ANGELES,REDONDO BEACH,-118.35567501,33.8729282
8354477,2017,2017-05-05,1942,2017-04-20,0730,42559,0376,4,5,7,1942,0,0,0,C,0,12A45,S NORMANDIE AV,ROLLAND CURTIS PL,0,NA,Y,A,-,N,NA,NA,NA,NA,NA,NA,NA,NA,NA,N,4,0,1,2,A,-,09,21801,A,N,D,C,A,A,H,-,A,D,0,NA,NA,NA,NA,Y,NA,A,01,0,0,1,0,0,0,0,0,0,-,-,NA,NA,LOS ANGELES,LOS ANGELES,-118.30018004,34.01642004
8354480,2017,2017-05-04,1956,2017-03-30,1427,1257,30,4,5,5,1956,0,0,0,NA,0,002,ANITA ST,PAULINA AV,32,W,N,A,-,N,NA,NA,NA,NA,NA,NA,NA,NA,NA,Y,4,0,1,1,A,-,01,23152,A,M,F,I,A,A,H,-,A,D,0,NA,NA,NA,NA,Y,Y,A,07,0,0,1,0,0,0,0,0,0,-,-,NA,NA,LOS ANGELES,REDONDO BEACH,-118.387039,33.8554503
8354561,2017,2017-05-12,1942,2017-04-20,1540,33060,0841,4,5,7,1942,0,0,0,H,0,8A1,WILSHIRE BL,BROXTON AV,10,W,N,A,-,N,NA,NA,NA,NA,NA,NA,NA,NA,NA,N,2,0,1,2,A,-,08,22107,NA,N,D,C,A,A,H,-,A,A,0,NA,NA,Y,NA,Y,NA,A,01,1,0,0,0,0,0,0,0,1,-,-,NA,NA,LOS ANGELES,LOS ANGELES,NA,NA
8354562,2017,2017-05-08,1942,2017-04-14,1155,38590,0779,5,5,7,1942,0,0,0,G,0,20TL59,5TH AV,VENICE BL,0,NA,Y,A,-,N,NA,NA,NA,NA,NA,NA,NA,NA,NA,N,4,0,3,2,A,-,09,21802,A,N,D,C,A,A,H,-,A,A,0,NA,NA,NA,NA,Y,NA,A,01,0,0,3,0,0,0,0,0,0,-,-,NA,NA,LOS ANGELES,LOS ANGELES,-118.32249001,34.04357002
8354563,2017,2017-05-08,1942,2017-04-03,1600,42637,LOS A,1,5,7,1942,0,0,0,NA,0,20A71,MAPLEWOOD AV,NORMANDIE AV,0,NA,Y,A,-,N,NA,NA,NA,NA,NA,NA,NA,NA,NA,N,3,0,1,2,A,-,09,21801,A,N,D,G,A,A,H,-,A,D,0,NA,Y,NA,NA,Y,NA,A,01,0,1,0,0,0,0,1,0,0,-,-,NA,NA,LOS ANGELES,LOS ANGELES,-118.3004501,34.07989005
8354565,2017,2017-05-05,1942,2017-04-19,1320,41858,0806,3,5,7,1942,0,0,0,H,0,20T59,STONE CANYON RD,CAPELLO RD,72,S,N,A,-,N,NA,NA,NA,NA,NA,NA,NA,NA,NA,Y,4,0,3,2,A,-,05,21650,NA,N,A,C,A,A,H,-,A,D,0,NA,NA,NA,NA,Y,NA,A,01,0,0,3,0,0,0,0,0,0,-,-,NA,NA,LOS ANGELES,LOS ANGELES,-118.44687598,34.08968257
8354566,2017,2017-05-08,1942,2017-04-13,1630,42586,0765,4,5,7,1942,0,0,0,G,0,7A22,DOCKWEILER,CITRUS,0,NA,Y,A,-,N,NA,NA,NA,NA,NA,NA,NA,NA,NA,Y,3,0,1,2,A,-,09,21802,A,N,D,C,A,A,H,-,A,A,0,NA,NA,NA,NA,Y,NA,A,07,0,1,0,0,0,0,0,0,0,-,-,NA,NA,LOS ANGELES,LOS ANGELES,-118.34309001,34.05175005
8354567,2017,2017-05-18,1942,2017-04-14,1915,37243,2033,5,5,7,1942,0,0,0,NA,0,20A45,SOUTH WESTERN AV,8TH ST,150,S,N,A,-,N,NA,NA,NA,NA,NA,NA,NA,NA,NA,N,4,0,1,2,A,-,-,NA,NA,N,G,B,F,A,H,-,C,D,0,Y,NA,NA,NA,Y,NA,-,-,0,0,1,0,1,0,0,0,0,-,-,NA,NA,LOS ANGELES,LOS ANGELES,-118.30908994,34.05761861
8354569,2017,2017-06-27,1942,2017-04-22,0225,41666,0669,6,5,7,1942,0,0,0,F,0,6A45,WESTERN AV,VIRGINIA AV,0,NA,Y,A,-,N,NA,NA,NA,NA,NA,NA,NA,NA,NA,Y,4,0,2,4,A,-,01,23152,A,F,C,C,F,A,H,-,C,D,0,Y,NA,NA,NA,Y,Y,A,01,0,0,2,0,1,0,0,0,0,-,-,NA,NA,LOS ANGELES,LOS ANGELES,-118.30919014,34.09190006
8354570,2017,2017-05-08,1942,2017-04-20,0930,41858,0732,4,5,7,1942,0,0,0,G,0,7T23,CRESCENT HEIGHTS BL,LINDENHURST AV,20,S,N,A,-,N,NA,NA,NA,NA,NA,NA,NA,NA,NA,N,3,0,1,2,A,-,08,22107,NA,N,B,C,A,A,H,-,A,A,0,NA,NA,Y,NA,Y,NA,A,01,0,1,0,0,0,0,0,0,1,-,-,NA,NA,LOS ANGELES,LOS ANGELES,-118.36482927,34.06604569
8354571,2017,2017-05-08,1942,2017-04-15,1235,35945,2027,6,5,7,1942,0,0,0,NA,0,20TL56,VERMONT AV,6TH ST,425,N,N,A,-,N,NA,NA,NA,NA,NA,NA,NA,NA,NA,N,3,0,1,2,A,-,07,21658,A,F,H,C,A,A,H,-,A,A,0,NA,Y,NA,NA,Y,NA,-,99,0,1,0,0,0,0,1,0,0,-,-,NA,NA,LOS ANGELES,LOS ANGELES,-118.291662,34.064805
8354573,2017,2017-05-09,1942,2017-04-22,1445,31255,0724,6,5,7,1942,0,0,0,G,0,7TL38,BEVERLY BL,FAIRFAX AV,0,NA,Y,A,-,N,NA,NA,NA,NA,NA,NA,NA,NA,NA,Y,4,0,1,3,A,-,01,23152,A,N,B,C,A,A,H,-,A,A,0,NA,NA,NA,NA,Y,Y,A,01,0,0,1,0,0,0,0,0,0,-,-,NA,NA,LOS ANGELES,LOS ANGELES,-118.3614601,34.07610002
8354574,2017,2017-05-08,1942,2017-04-14,1305,40157,0759,5,5,7,1942,0,0,0,G,0,7TL38,BEVERLY BL,LARCHMONT BL,139,W,N,A,-,N,NA,NA,NA,NA,NA,NA,NA,NA,NA,N,3,0,1,2,A,-,09,21804,A,N,D,C,A,A,H,-,A,D,0,NA,NA,NA,NA,Y,NA,A,01,0,1,0,0,0,0,0,0,0,-,-,NA,NA,LOS ANGELES,LOS ANGELES,-118.32408814,34.07622
8354575,2017,2017-05-17,1942,2017-04-09,1241,34959,2031,7,5,7,1942,0,0,0,NA,0,20T56,WILSHIRE BL,WILTON PL,0,NA,Y,A,-,N,NA,NA,NA,NA,NA,NA,NA,NA,NA,Y,3,0,4,4,A,-,09,21801,A,N,-,C,A,A,H,-,A,A,0,NA,NA,NA,NA,Y,NA,A,01,0,1,3,0,0,0,0,0,0,-,-,NA,NA,LOS ANGELES,LOS ANGELES,-118.31421003,34.06169003
8354577,2017,2017-05-09,1942,2017-04-22,0010,39624,2031,6,5,7,1942,0,0,0,NA,0,20T59,WILSHIRE BL,WILTON PL,0,NA,Y,A,-,N,NA,NA,NA,NA,NA,NA,NA,NA,NA,N,4,0,2,2,A,-,09,21801,A,F,B,C,A,A,D,-,C,A,0,NA,NA,NA,NA,Y,NA,-,99,0,0,2,0,0,0,0,0,0,-,-,NA,NA,LOS ANGELES,LOS ANGELES,-118.31421003,34.06169003
8354578,2017,2017-05-08,1942,2017-04-19,1740,41672,0711,3,5,7,1942,0,0,0,G,0,7TL57,BEVERLY BL,CRESCENT HEIGHTS BL,0,NA,Y,A,-,N,NA,NA,NA,NA,NA,NA,NA,NA,NA,Y,3,0,3,2,A,-,12,21453,A,N,A,C,A,A,H,-,A,A,0,NA,NA,NA,NA,Y,NA,A,01,0,1,2,0,0,0,0,0,0,-,-,NA,NA,LOS ANGELES,LOS ANGELES,-118.36587005,34.07609008
8354579,2017,2017-05-08,1942,2017-04-09,1225,31573,2035,7,5,7,1942,0,0,0,NA,0,34MQ09,WILSHIRE BL,MARIPOSA AV,65,W,N,A,-,N,NA,NA,NA,NA,NA,NA,NA,NA,NA,N,3,0,1,2,A,-,17,22517,NA,F,B,C,A,A,H,-,A,A,0,NA,Y,NA,NA,Y,NA,-,99,0,1,0,0,0,0,1,0,0,-,-,NA,NA,LOS ANGELES,LOS ANGELES,-118.29939412,34.06175535
8354581,2017,2017-05-05,1942,2017-04-19,1100,41633,0884,3,5,7,1942,0,0,0,H,0,8A35,PICO BL,MILITARY,500,E,N,A,-,N,NA,NA,NA,NA,NA,NA,NA,NA,NA,Y,4,0,1,2,A,-,21,22106,NA,N,H,C,A,A,E,-,A,D,0,NA,NA,NA,NA,Y,NA,A,01,0,0,1,0,0,0,0,0,0,-,-,NA,NA,LOS ANGELES,LOS ANGELES,-118.43150023,34.03872066
8354582,2017,2017-05-08,1942,2017-04-17,1530,35203,0726,1,5,7,1942,0,0,0,G,0,6MJQ13,LA BREA AV,1ST ST,0,NA,Y,A,-,N,NA,NA,NA,NA,NA,NA,NA,NA,NA,N,3,0,2,2,A,-,09,21801,A,N,D,C,A,A,H,-,A,A,0,NA,NA,NA,NA,Y,NA,A,01,0,2,0,0,0,0,0,0,0,-,-,NA,NA,LOS ANGELES,LOS ANGELES,-118.34405014,34.07357002
8354583,2017,2017-05-08,1942,2017-04-13,1715,42658,2011,4,5,7,1942,0,0,0,NA,0,20A58,BEVERLY BL,WESTERN AV,10,W,N,A,-,N,NA,NA,NA,NA,NA,NA,NA,NA,NA,N,4,0,2,2,A,-,03,22350,NA,F,C,C,A,A,H,-,A,A,0,NA,NA,NA,NA,Y,Y,-,99,0,0,2,0,0,0,0,0,0,-,-,NA,NA,LOS ANGELES,LOS ANGELES,-118.30918295,34.07625954
8354585,2017,2017-05-09,1942,2017-04-22,1205,40157,0899,6,5,7,1942,0,0,0,H,0,8TL26,VENICE BL,IVY ST,112,E,N,A,-,N,NA,NA,NA,NA,NA,NA,NA,NA,NA,N,4,0,1,2,C,-,18,NA,NA,N,H,G,A,A,H,-,A,D,0,NA,Y,NA,NA,Y,NA,-,-,0,0,1,0,0,0,1,0,0,-,-,NA,NA,LOS ANGELES,LOS ANGELES,-118.38646974,34.03045853
8354586,2017,2017-05-08,1942,2017-04-14,1520,40157,0722,5,5,7,1942,0,0,0,G,0,7TL38,LA CIENEGA BL,BEVERLY CONNECTION DWY,25,N,N,A,-,N,NA,NA,NA,NA,NA,NA,NA,NA,NA,Y,3,0,1,2,A,-,09,21801,A,N,D,C,A,A,H,-,A,A,0,NA,NA,NA,NA,Y,NA,A,01,0,1,0,0,0,0,0,0,0,-,-,NA,NA,LOS ANGELES,LOS ANGELES,NA,NA
8354587,2017,2017-05-08,1942,2017-04-09,2200,25495,2027,7,5,7,1942,0,0,0,NA,0,7TG3,5TH ST,KENMORE AV,7,E,N,A,-,N,NA,NA,NA,NA,NA,NA,NA,NA,NA,N,4,0,1,2,A,-,10,21950,A,N,G,B,B,A,H,-,C,A,0,Y,NA,NA,NA,Y,NA,A,01,0,0,1,0,1,0,0,0,0,-,-,NA,NA,LOS ANGELES,LOS ANGELES,-118.29662693,34.06539981
8354588,2017,2017-05-08,1942,2017-04-20,1840,41054,2019,4,5,7,1942,0,0,0,NA,0,6T7,3RD ST,VERMONT AV,10,W,N,A,-,N,NA,NA,NA,NA,NA,NA,NA,NA,NA,N,4,0,1,2,A,-,10,21950,A,M,D,G,A,A,H,-,A,A,0,NA,Y,NA,NA,Y,NA,-,99,0,0,1,0,0,0,1,0,0,-,-,NA,NA,LOS ANGELES,LOS ANGELES,-118.29168296,34.06905
8354589,2017,2017-05-09,1942,2017-04-21,1700,37966,0881,5,5,7,1942,0,0,0,H,0,8TL26,OLYMPIC BL,BEYOND WY,240,W,N,A,-,N,NA,NA,NA,NA,NA,NA,NA,NA,NA,N,4,0,1,2,A,-,11,21955,NA,N,G,B,D,A,H,-,A,D,0,Y,NA,NA,NA,Y,NA,N,60,0,0,1,0,1,0,0,0,0,-,-,NA,NA,LOS ANGELES,LOS ANGELES,NA,NA
8354590,2017,2017-05-08,1942,2017-04-17,1000,31573,0752,1,5,7,1942,0,0,0,G,0,34MP09,PICO BL,CRESCENT HEIGHTS BL,0,NA,Y,A,-,N,NA,NA,NA,NA,NA,NA,NA,NA,NA,Y,3,0,1,2,A,-,12,21453,A,N,B,C,A,A,H,-,A,A,0,NA,NA,NA,NA,Y,NA,-,-,0,1,0,0,0,0,0,0,0,-,-,NA,NA,LOS ANGELES,LOS ANGELES,-118.37210004,34.05254002
8354591,2017,2017-05-08,1942,2017-04-13,2340,41957,2041,4,5,7,1942,0,0,0,NA,0,8T35,CRENSHAW BL,9TH ST,23,N,N,A,-,N,NA,NA,NA,NA,NA,NA,NA,NA,NA,Y,3,0,1,2,A,-,05,21651,A,N,B,C,A,A,H,-,C,D,0,NA,NA,NA,NA,Y,NA,A,01,0,1,0,0,0,0,0,0,0,-,-,NA,NA,LOS ANGELES,LOS ANGELES,-118.322022,34.056431
8354592,2017,2017-05-08,1942,2017-04-15,1000,38590,2021,6,5,7,1942,0,0,0,NA,0,6TL7,3RD ST,NORTON AV,0,NA,Y,A,-,N,NA,NA,NA,NA,NA,NA,NA,NA,NA,N,2,0,1,2,A,-,10,21950,A,N,G,B,B,A,H,-,A,A,0,Y,NA,NA,NA,Y,NA,A,08,1,0,0,0,1,0,0,0,0,-,-,NA,NA,LOS ANGELES,LOS ANGELES,-118.3172901,34.06896004
8354593,2017,2017-05-09,1942,2017-04-19,1320,41957,0817,3,5,7,1942,0,0,0,H,0,7TL23,WEYBURN AV,WESTWOOD BL,0,NA,Y,A,-,N,NA,NA,NA,NA,NA,NA,NA,NA,NA,Y,4,0,1,2,A,-,10,21950,A,N,D,B,B,A,H,-,A,A,0,Y,NA,NA,NA,Y,NA,A,01,0,0,1,0,1,0,0,0,0,-,-,NA,NA,LOS ANGELES,LOS ANGELES,-118.4454401,34.0625701
8354594,2017,2017-05-08,1942,2017-04-20,0315,41072,2031,4,5,7,1942,0,0,0,NA,0,20A53,WESTERN AV,WILSHIRE BL,5,S,N,A,-,N,NA,NA,NA,NA,NA,NA,NA,NA,NA,Y,2,0,1,2,A,-,12,21453,A,F,D,C,A,A,H,-,C,A,0,NA,NA,Y,NA,Y,NA,-,99,1,0,0,0,0,0,0,0,1,-,-,NA,NA,LOS ANGELES,LOS ANGELES,-118.30908027,34.06166629
8354595,2017,2017-05-08,1942,2017-04-12,0915,26281,2088,3,5,7,1942,0,0,0,NA,0,7MQ56,VERMONT AV,17TH PL,10,N,N,A,-,N,NA,NA,NA,NA,NA,NA,NA,NA,NA,N,4,0,1,2,A,-,03,22350,NA,N,C,C,A,A,H,-,A,D,0,NA,NA,NA,NA,Y,NA,A,01,0,0,1,0,0,0,0,0,0,-,-,NA,NA,LOS ANGELES,LOS ANGELES,-118.29158026,34.04271742
8354596,2017,2017-05-08,1942,2017-04-17,2235,40877,2011,1,5,7,1942,0,0,0,NA,0,20A1,1ST ST,GRAMERCY PL,0,NA,Y,A,-,N,NA,NA,NA,NA,NA,NA,NA,NA,NA,NA,4,0,1,2,A,-,09,21802,A,N,D,C,A,A,H,-,C,A,0,NA,NA,NA,NA,Y,NA,A,01,0,0,1,0,0,0,0,0,0,-,-,NA,NA,LOS ANGELES,LOS ANGELES,-118.31249003,34.07304006
8354597,2017,2017-05-05,1942,2017-04-18,2045,39022,0805,2,5,7,1942,0,0,0,H,0,6T7,SEPULVEDA WY,SEPULVEDA BL,10,E,N,A,-,N,NA,NA,NA,NA,NA,NA,NA,NA,NA,N,4,0,1,2,A,-,04,21703,NA,N,C,C,A,A,H,-,C,D,0,NA,NA,NA,NA,Y,NA,A,01,0,0,1,0,0,0,0,0,0,-,-,NA,NA,LOS ANGELES,LOS ANGELES,-118.46660719,34.07357261
8354598,2017,2017-05-08,1942,2017-04-18,1615,42685,1476,2,5,7,1942,0,0,0,N,0,14A67,SEPULVEDA BL,84TH PL,55,N,N,A,-,N,NA,NA,NA,NA,NA,NA,NA,NA,NA,Y,3,0,2,2,A,-,03,22350,NA,N,C,C,A,A,H,-,A,A,0,NA,NA,NA,NA,Y,NA,A,08,0,1,1,0,0,0,0,0,0,-,-,NA,NA,LOS ANGELES,LOS ANGELES,-118.39621,33.96189086
8354599,2017,2017-05-18,1942,2017-04-14,1600,35945,2062,5,5,7,1942,0,0,0,NA,0,20TL56,OLYMPIC BL,SAINT ANDREWS PL,0,NA,Y,A,-,N,NA,NA,NA,NA,NA,NA,NA,NA,NA,Y,3,0,1,2,A,-,12,21453,A,N,D,C,A,A,H,-,A,A,0,NA,NA,NA,NA,Y,NA,-,-,0,1,0,0,0,0,0,0,0,-,-,NA,NA,LOS ANGELES,LOS ANGELES,-118.31115011,34.05264004
8354600,2017,2017-05-08,1942,2017-04-14,1250,41003,2029,5,5,7,1942,0,0,0,NA,0,20T58,VERMONT AV,4TH ST,197,N,N,A,-,N,NA,NA,NA,NA,NA,NA,NA,NA,NA,N,4,0,1,2,C,-,18,NA,NA,N,H,G,A,A,H,-,A,D,0,NA,Y,NA,NA,Y,NA,-,-,0,0,1,0,0,0,1,0,0,-,-,NA,NA,LOS ANGELES,LOS ANGELES,-118.29167,34.067876
8354601,2017,2018-04-25,1942,2017-04-20,1945,37613,0811,4,5,7,1942,0,0,0,H,0,8TL35,PACIFIC COAST HWY,TEMESCAL CANYON RD,110,N,N,A,-,Y,LA,7,1,-,-,38.13,H,-,S,Y,4,0,6,4,A,-,08,22107,NA,N,B,C,A,A,H,-,C,A,0,NA,NA,NA,NA,Y,NA,A,01,0,0,6,0,0,0,0,0,0,-,-,NA,NA,LOS ANGELES,LOS ANGELES,-118.5361558,34.03594519
8354602,2017,2017-05-08,1942,2017-04-06,1600,38510,2099,4,5,7,1942,0,0,0,NA,0,20A44,VERMONT AV,CORDOVA ST,0,NA,Y,A,-,N,NA,NA,NA,NA,NA,NA,NA,NA,NA,N,3,0,1,2,A,-,03,22350,NA,F,H,G,A,A,H,-,A,D,0,NA,Y,NA,NA,Y,NA,-,99,0,1,0,0,0,0,1,0,0,-,-,NA,NA,LOS ANGELES,LOS ANGELES,-118.2915601,34.03905001
8354603,2017,2017-05-08,1942,2017-04-09,1640,40315,2031,7,5,7,1942,0,0,0,NA,0,14TL52,WILSHIRE BL,WILTON PL,0,NA,Y,A,-,N,NA,NA,NA,NA,NA,NA,NA,NA,NA,Y,3,0,4,2,A,-,09,21801,A,N,A,C,A,A,D,E,A,A,0,NA,NA,NA,NA,Y,NA,A,01,0,3,1,0,0,0,0,0,0,-,-,NA,NA,LOS ANGELES,LOS ANGELES,-118.31421003,34.06169003
8354604,2017,2017-05-08,1942,2017-04-21,0739,38721,2074,5,5,7,1942,0,0,0,NA,0,14TL47,NORMANDIE AV,15TH ST,4,S,N,A,-,N,NA,NA,NA,NA,NA,NA,NA,NA,NA,N,3,0,1,2,A,-,09,21804,A,N,D,G,A,A,H,-,A,D,0,NA,Y,NA,NA,Y,NA,L,04,0,1,0,0,0,0,1,0,0,-,-,NA,NA,LOS ANGELES,LOS ANGELES,-118.30028,34.04544903
8354605,2017,2017-05-09,1942,2017-04-19,2100,42146,0818,3,5,7,1942,0,0,0,H,0,6T7,SUNSET BL,ROYCE DR,90,W,N,A,-,N,NA,NA,NA,NA,NA,NA,NA,NA,NA,Y,2,0,1,1,A,-,03,22350,A,N,E,I,A,A,H,-,C,A,0,NA,NA,NA,NA,Y,NA,A,07,1,0,0,0,0,0,0,0,0,-,-,NA,NA,LOS ANGELES,LOS ANGELES,-118.44306062,34.07733237
8354606,2017,2017-05-08,1942,2017-04-10,1955,39022,2063,1,5,7,1942,0,0,0,NA,0,7T23,WESTERN AV,12TH ST,70,N,N,A,-,N,NA,NA,NA,NA,NA,NA,NA,NA,NA,N,4,0,3,2,A,-,03,22350,NA,F,C,C,A,A,H,-,C,D,0,NA,NA,NA,NA,Y,NA,-,99,0,0,3,0,0,0,0,0,0,-,-,NA,NA,LOS ANGELES,LOS ANGELES,-118.309056,34.04921
8354607,2017,2017-05-08,1942,2017-04-03,1400,41978,2044,1,5,7,1942,0,0,0,NA,0,20T59,8TH ST,HARVARD BL,0,NA,Y,A,-,N,NA,NA,NA,NA,NA,NA,NA,NA,NA,Y,4,0,1,3,A,-,12,21453,A,N,D,C,A,A,H,-,A,A,0,NA,NA,NA,NA,Y,NA,A,01,0,0,1,0,0,0,0,0,0,-,-,NA,NA,LOS ANGELES,LOS ANGELES,-118.30417011,34.05769004
8354608,2017,2017-05-08,1942,2017-04-19,0930,39993,2093,3,5,7,1942,0,0,0,NA,0,8TL35,NORMANDIE AV,CORDOVA ST,0,NA,Y,A,-,N,NA,NA,NA,NA,NA,NA,NA,NA,NA,Y,4,0,3,2,A,-,08,22107,NA,N,B,C,A,A,H,-,A,A,0,NA,NA,NA,NA,Y,NA,A,01,0,0,3,0,0,0,0,0,0,-,-,NA,NA,LOS ANGELES,LOS ANGELES,-118.30032012,34.03910003
8354609,2017,2017-05-09,1942,2017-04-18,2010,39624,0855,2,5,7,1942,0,0,0,H,0,8T35,WESTWOOD BL,MASSACHUSETTS AV,28,E,N,A,-,N,NA,NA,NA,NA,NA,NA,NA,NA,NA,N,4,0,1,2,A,-,10,21950,A,N,G,B,B,B,H,-,C,A,0,Y,NA,NA,NA,Y,NA,A,01,0,0,1,0,1,0,0,0,0,-,-,NA,NA,LOS ANGELES,LOS ANGELES,-118.43873618,34.05177762
8354610,2017,2017-05-08,1942,2017-04-15,1540,41179,1469,6,5,7,1942,0,0,0,N,0,14TL52,LA CIENEGA BL,KNOWLTON ST,0,NA,Y,A,-,N,NA,NA,NA,NA,NA,NA,NA,NA,NA,N,4,0,1,2,A,-,03,22350,NA,F,C,C,A,A,H,-,A,D,0,NA,NA,NA,NA,Y,NA,-,99,0,0,1,0,0,0,0,0,0,-,-,NA,NA,LOS ANGELES,LOS ANGELES,-118.37020007,33.97500012
8354611,2017,2017-05-08,1942,2017-04-16,1610,34959,2013,7,5,7,1942,0,0,0,NA,0,20TL58,BEVERLY BL,HOBART BL,138,E,N,A,-,N,NA,NA,NA,NA,NA,NA,NA,NA,NA,Y,3,0,3,3,A,-,08,22107,NA,N,D,E,A,A,H,-,A,D,0,NA,NA,NA,NA,Y,NA,A,01,0,1,2,0,0,0,0,0,0,-,-,NA,NA,LOS ANGELES,LOS ANGELES,-118.3050652,34.0762635
8354612,2017,2017-05-08,1942,2017-04-12,0840,42415,2024,3,5,7,1942,0,0,0,NA,0,20A45,KINGSLEY DR,6TH ST,265,N,N,A,-,N,NA,NA,NA,NA,NA,NA,NA,NA,NA,N,4,0,1,2,A,-,05,21650,NA,N,H,B,A,A,H,-,A,D,0,NA,Y,NA,NA,Y,NA,L,04,0,0,1,0,0,0,1,0,0,-,-,NA,NA,LOS ANGELES,LOS ANGELES,-118.30285192,34.06429675