CASE_ID,ACCIDENT_YEAR,PROC_DATE,JURIS,COLLISION_DATE,COLLISION_TIME,OFFICER_ID,REPORTING_DISTRICT,DAY_OF_WEEK,CHP_SHIFT,POPULATION,CNTY_CITY_LOC,SPECIAL_COND,BEAT_TYPE,CHP_BEAT_TYPE,CITY_DIVISION_LAPD,CHP_BEAT_CLASS,BEAT_NUMBER,PRIMARY_RD,SECONDARY_RD,DISTANCE,DIRECTION,INTERSECTION,WEATHER_1,WEATHER_2,STATE_HWY_IND,CALTRANS_COUNTY,CALTRANS_DISTRICT,STATE_ROUTE,ROUTE_SUFFIX,POSTMILE_PREFIX,POSTMILE,LOCATION_TYPE,RAMP_INTERSECTION,SIDE_OF_HWY,TOW_AWAY,COLLISION_SEVERITY,NUMBER_KILLED,NUMBER_INJURED,PARTY_COUNT,PRIMARY_COLL_FACTOR,PCF_CODE_OF_VIOL,PCF_VIOL_CATEGORY,PCF_VIOLATION,PCF_VIOL_SUBSECTION,HIT_AND_RUN,TYPE_OF_COLLISION,MVIW,PED_ACTION,ROAD_SURFACE,ROAD_COND_1,ROAD_COND_2,LIGHTING,CONTROL_DEVICE,CHP_ROAD_TYPE,PEDESTRIAN_ACCIDENT,BICYCLE_ACCIDENT,MOTORCYCLE_ACCIDENT,TRUCK_ACCIDENT,NOT_PRIVATE_PROPERTY,ALCOHOL_INVOLVED,STWD_VEHTYPE_AT_FAULT,CHP_VEHTYPE_AT_FAULT,COUNT_SEVERE_INJ,COUNT_VISIBLE_INJ,COUNT_COMPLAINT_PAIN,COUNT_PED_KILLED,COUNT_PED_INJURED,COUNT_BICYCLIST_KILLED,COUNT_BICYCLIST_INJURED,COUNT_MC_KILLED,COUNT_MC_INJURED,PRIMARY_RAMP,SECONDARY_RAMP,LATITUDE,LONGITUDE,COUNTY,CITY,POINT_X,POINT_Y
8357301,2017,2017-05-10,1942,2017-04-22,2325,42545,1962,6,5,7,1942,0,0,0,NA,0,19A93,LASSEN,SEPULVEDA BL,0,NA,N,A,-,N,NA,NA,NA,NA,NA,NA,NA,NA,NA,Y,3,0,2,2,A,-,12,21453,A,N,D,C,A,A,H,-,C,A,0,NA,NA,NA,NA,Y,Y,-,-,0,1,1,0,0,0,0,0,0,-,-,NA,NA,LOS ANGELES,LOS ANGELES,-118.46753007,34.25004008
8357305,2017,2017-05-03,1942,2017-04-23,1415,40449,1969,7,5,7,1942,0,0,0,NA,0,19X24,ARLETA AV,OSBORN ST,0,NA,Y,A,-,N,NA,NA,NA,NA,NA,NA,NA,NA,NA,Y,4,0,1,2,A,-,09,21801,A,N,D,C,A,A,H,-,A,A,0,NA,NA,NA,NA,Y,NA,A,01,0,0,1,0,0,0,0,0,0,-,-,NA,NA,LOS ANGELES,LOS ANGELES,-118.42611,34.24208
8357309,2017,2017-05-03,1942,2017-04-19,2030,40841,1033,3,5,7,1942,0,0,0,J,0,10X12,AMIGO AV,VICTORY BL,20,N,N,A,-,N,NA,NA,NA,NA,NA,NA,NA,NA,NA,N,4,0,1,2,A,-,03,22350,A,M,A,E,A,A,H,-,C,D,0,NA,NA,NA,NA,Y,NA,A,01,0,0,1,0,0,0,0,0,0,-,-,NA,NA,LOS ANGELES,LOS ANGELES,-118.53857892,34.18664486
8357310,2017,2017-05-03,1901,2017-03-12,1954,254,18,7,5,5,1901,0,0,0,NA,0,004,VALLEY BL,BENITO,60,E,N,A,-,N,NA,NA,NA,NA,NA,NA,NA,NA,NA,N,3,0,2,2,A,-,03,22350,NA,N,C,C,A,A,H,-,C,A,0,NA,NA,NA,NA,Y,NA,-,-,0,1,1,0,0,0,0,0,0,-,-,NA,NA,LOS ANGELES,ALHAMBRA,-118.13985267,34.07765039
8357313,2017,2017-05-03,1942,2017-04-24,1630,37304,1796,1,5,7,1942,0,0,0,Q,0,21TL64,ROSCOE BL,BALBOA BL,130,E,N,A,-,N,NA,NA,NA,NA,NA,NA,NA,NA,NA,Y,4,0,1,2,A,-,09,21804,A,N,B,C,A,A,H,-,A,D,0,NA,NA,NA,NA,Y,NA,A,01,0,0,1,0,0,0,0,0,0,-,-,NA,NA,LOS ANGELES,LOS ANGELES,-118.50221076,34.22120517
8357317,2017,2017-05-03,1942,2017-04-22,0015,39964,2177,6,5,7,1942,0,0,0,NA,0,21X98W,BURBANK,TOPANGA CANYON,0,NA,N,A,-,N,NA,NA,NA,NA,NA,NA,NA,NA,NA,Y,4,0,1,2,A,-,07,21658,A,F,C,C,A,A,G,-,C,A,0,NA,NA,NA,NA,Y,NA,-,99,0,0,1,0,0,0,0,0,0,-,-,NA,NA,LOS ANGELES,LOS ANGELES,-118.60580008,34.17195005
8357321,2017,2017-05-03,1942,2017-04-19,1555,39551,1563,3,5,7,1942,0,0,0,O,0,15A68,SARAH ST,KRAFT AV,0,NA,Y,A,-,N,NA,NA,NA,NA,NA,NA,NA,NA,NA,N,4,0,1,2,A,-,09,21801,A,F,A,C,A,A,H,-,A,D,0,NA,NA,NA,NA,Y,NA,-,99,0,0,1,0,0,0,0,0,0,-,-,NA,NA,LOS ANGELES,LOS ANGELES,-118.38011001,34.15402004
8357325,2017,2017-05-03,1942,2017-04-06,1530,38356,2129,4,5,7,1942,0,0,0,NA,0,16TL26,ROSCOE BL,MELVIN AV,194,E,N,B,-,N,NA,NA,NA,NA,NA,NA,NA,NA,NA,Y,3,0,1,1,A,-,03,22350,NA,N,E,I,A,A,H,-,A,A,0,NA,NA,NA,NA,Y,NA,A,01,0,1,0,0,0,0,0,0,0,-,-,NA,NA,LOS ANGELES,LOS ANGELES,-118.55948965,34.22039445
8357329,2017,2017-05-03,1942,2017-04-05,1615,40165,2162,3,5,7,1942,0,0,0,NA,0,9TL56,FALLBROOK AV,OXNARD ST,0,NA,Y,A,-,N,NA,NA,NA,NA,NA,NA,NA,NA,NA,Y,3,0,3,2,A,-,00,21453,2,N,D,C,A,A,H,-,A,A,0,NA,NA,NA,NA,Y,NA,A,01,0,1,2,0,0,0,0,0,0,-,-,NA,NA,LOS ANGELES,LOS ANGELES,-118.62335001,34.17921003
8357333,2017,2017-05-03,1942,2017-04-05,1100,34427,2136,3,5,7,1942,0,0,0,NA,0,9T53,COHASSET ST,OWENSMOUTH AV,0,NA,Y,A,-,N,NA,NA,NA,NA,NA,NA,NA,NA,NA,N,3,0,1,2,A,-,12,22450,A,N,H,G,A,A,H,-,A,A,0,NA,Y,NA,NA,Y,NA,L,04,0,1,0,0,0,0,1,0,0,-,-,NA,NA,LOS ANGELES,LOS ANGELES,-118.60158001,34.20647006
8357337,2017,2017-05-10,1942,2017-04-01,1155,37304,2177,6,5,7,1942,0,0,0,NA,0,21TL64,DE SOTO AV,OXNARD ST,0,NA,Y,A,-,N,NA,NA,NA,NA,NA,NA,NA,NA,NA,Y,3,0,3,2,A,-,09,21801,A,N,A,C,A,A,H,-,A,A,0,NA,NA,NA,NA,Y,NA,A,07,0,1,2,0,0,0,0,0,0,-,-,NA,NA,LOS ANGELES,LOS ANGELES,-118.59039011,34.17924011
8357338,2017,2017-05-03,1901,2017-03-08,1832,260,18,3,5,5,1901,0,0,0,NA,0,004,MARENGO AV,MARENGO,20,E,N,A,-,N,NA,NA,NA,NA,NA,NA,NA,NA,NA,Y,4,0,2,2,A,-,08,22107,NA,N,-,C,A,A,H,-,B,A,0,NA,NA,NA,NA,Y,NA,A,01,0,0,2,0,0,0,0,0,0,-,-,NA,NA,LOS ANGELES,ALHAMBRA,-118.14212,34.09868
8357341,2017,2017-05-03,1942,2017-04-03,1650,39779,2133,1,5,7,1942,0,0,0,NA,0,9TL57,SHERMAN WY,FALLBROOK AV,0,NA,Y,A,-,N,NA,NA,NA,NA,NA,NA,NA,NA,NA,N,4,0,1,2,A,-,09,21801,A,N,D,C,A,-,H,-,A,A,0,NA,NA,NA,NA,Y,NA,A,07,0,0,1,0,0,0,0,0,0,-,-,NA,NA,LOS ANGELES,LOS ANGELES,-118.62342008,34.2009901
8357345,2017,2017-05-03,1942,2017-04-13,2200,40388,2157,4,5,7,1942,0,0,0,NA,0,10T35,VANOWEN ST,DE SOTO AV,0,W,N,A,-,N,NA,NA,NA,NA,NA,NA,NA,NA,NA,Y,4,0,1,1,A,-,05,21651,A,N,E,I,A,A,H,-,C,D,0,NA,NA,NA,NA,Y,NA,A,01,0,0,1,0,0,0,0,0,0,-,-,NA,NA,LOS ANGELES,LOS ANGELES,-118.5884201,34.19379001
8357349,2017,2017-05-03,1942,2017-04-09,2030,40388,2141,7,5,7,1942,0,0,0,NA,0,0LA,PLATT AV,VANOWEN ST,0,NA,Y,A,-,N,NA,NA,NA,NA,NA,NA,NA,NA,NA,Y,4,0,2,2,A,-,09,21801,A,N,D,C,A,A,H,-,C,A,0,NA,NA,NA,NA,Y,NA,A,01,0,0,2,0,0,0,0,0,0,-,-,NA,NA,LOS ANGELES,LOS ANGELES,-118.64249007,34.19325001
8357353,2017,2017-05-03,1942,2017-04-09,2120,38980,2158,7,5,7,1942,0,0,0,NA,0,17T13,WINNETKA AV,OXNARD ST,50,S,N,A,-,N,NA,NA,NA,NA,NA,NA,NA,NA,NA,Y,3,0,5,2,A,-,03,22350,NA,N,C,C,A,A,H,-,C,D,0,NA,NA,NA,NA,Y,NA,A,01,0,1,4,0,0,0,0,0,0,-,-,NA,NA,LOS ANGELES,LOS ANGELES,-118.57099,34.18009284
8357357,2017,2017-05-03,1942,2017-04-17,0955,30452,2157,1,5,7,1942,0,0,0,NA,0,9T53,DE SOTO AV,VANOWEN ST,0,NA,Y,A,-,N,NA,NA,NA,NA,NA,NA,NA,NA,NA,Y,2,0,2,3,A,-,09,21801,A,N,A,C,A,A,H,-,A,A,0,NA,NA,Y,NA,Y,NA,A,07,1,0,1,0,0,0,0,0,1,-,-,NA,NA,LOS ANGELES,LOS ANGELES,-118.5884201,34.19379001
8357498,2017,2017-05-03,1941,2017-04-18,1540,11013,NA,2,5,7,1941,0,0,0,NA,0,NA,ATLANTIC AV,N 14TH ST,98,N,N,A,-,N,NA,NA,NA,NA,NA,NA,NA,NA,NA,Y,4,0,1,2,A,-,09,21804,A,N,D,C,A,A,H,-,A,D,0,NA,NA,NA,NA,Y,NA,A,NA,0,0,1,0,0,0,0,0,0,-,-,NA,NA,LOS ANGELES,LONG BEACH,-118.18504,33.78403875
8357568,2017,2017-05-05,1942,2017-04-15,1740,40928,1623,6,5,7,1942,0,0,0,P,0,17TL14,PIERCE ST,DE GARMO AV,2,W,N,A,-,N,NA,NA,NA,NA,NA,NA,NA,NA,NA,Y,4,0,1,1,A,-,00,23103,A,M,E,I,A,A,H,-,A,D,0,NA,NA,NA,NA,Y,Y,A,01,0,0,1,0,0,0,0,0,0,-,-,NA,NA,LOS ANGELES,LOS ANGELES,-118.41019488,34.2694763
8357602,2017,2017-05-05,1955,2017-04-23,2359,42305,0012,7,5,6,1955,0,0,0,NA,0,003,SAN ANTONIO AV,SAN BERNARDINO AV,201,N,N,A,-,N,NA,NA,NA,NA,NA,NA,NA,NA,NA,Y,4,0,1,3,A,-,08,22107,NA,N,C,E,A,A,H,-,C,A,0,NA,NA,NA,NA,Y,NA,A,01,0,0,1,0,0,0,0,0,0,-,-,NA,NA,LOS ANGELES,POMONA,-117.73672,34.07637093
8357605,2017,2017-05-10,1922,2017-03-30,1445,576,NA,4,5,6,1922,0,0,0,NA,0,NA,SANTA ANITA AV,BRYANT RD,450,S,N,A,-,N,NA,NA,NA,NA,NA,NA,NA,NA,NA,Y,4,0,1,2,A,-,03,22350,NA,N,C,C,A,A,H,-,A,A,0,NA,NA,NA,Y,Y,NA,A,01,0,0,1,0,0,0,0,0,0,-,-,NA,NA,LOS ANGELES,EL MONTE,-118.0359662,34.0811385
8357606,2017,2017-05-05,1955,2017-04-19,1443,41138,0084,3,5,6,1955,0,0,0,NA,0,004,GAREY AV,OLIVE ST,9,S,N,A,-,N,NA,NA,NA,NA,NA,NA,NA,NA,NA,Y,4,0,1,3,A,-,03,22350,NA,N,C,C,A,A,H,-,A,A,0,NA,NA,NA,NA,Y,NA,A,01,0,0,1,0,0,0,0,0,0,-,-,NA,NA,LOS ANGELES,POMONA,-117.74918907,34.02963534
8357610,2017,2017-05-05,1955,2017-04-21,2313,41802,0096,5,5,6,1955,0,0,0,NA,0,004,EAST 3RD ST,CASWELL ST,48,E,N,A,-,N,NA,NA,NA,NA,NA,NA,NA,NA,NA,Y,4,0,1,3,A,-,08,22107,NA,N,B,E,A,A,H,-,C,A,0,NA,NA,NA,NA,Y,NA,A,01,0,0,1,0,0,0,0,0,0,-,-,NA,NA,LOS ANGELES,POMONA,-117.73903199,34.05717363
8357613,2017,2017-05-05,1922,2017-03-28,1520,675,NA,2,5,6,1922,0,0,0,NA,0,NA,LOWER AZUSA RD,PECK RD,100,E,N,A,-,N,NA,NA,NA,NA,NA,NA,NA,NA,NA,NA,4,0,1,2,A,-,04,21703,NA,N,C,C,A,A,H,-,A,D,0,NA,NA,NA,NA,Y,NA,D,22,0,0,1,0,0,0,0,0,0,-,-,NA,NA,LOS ANGELES,EL MONTE,-118.01423725,34.09086378
8357617,2017,2017-05-05,1922,2017-04-06,1211,576,NA,4,5,6,1922,0,0,0,NA,0,NA,DURFEE AV,FINEVIEW ST,25,N,N,A,-,N,NA,NA,NA,NA,NA,NA,NA,NA,NA,Y,3,0,1,5,A,-,08,22107,NA,N,B,E,A,A,H,-,A,A,0,NA,NA,NA,NA,Y,NA,A,07,0,1,0,0,0,0,0,0,0,-,-,NA,NA,LOS ANGELES,EL MONTE,-118.02670204,34.04831869
8357690,2017,2017-05-04,1941,2017-04-13,1444,11020,NA,4,5,7,1941,0,0,0,NA,0,NA,PARK AV,2ND ST,0,NA,Y,A,-,N,NA,NA,NA,NA,NA,NA,NA,NA,NA,N,3,0,2,3,A,-,10,21950,A,N,G,B,B,A,H,-,A,A,0,Y,NA,NA,NA,Y,NA,A,NA,0,2,0,0,2,0,0,0,0,-,-,NA,NA,LOS ANGELES,LONG BEACH,-118.13802001,33.76157001
8357695,2017,2017-06-17,1955,2017-04-17,1125,41149,0001,1,5,6,1955,0,0,0,NA,0,005,MISSION BL,PARK AV,0,NA,Y,A,-,N,NA,NA,NA,NA,NA,NA,NA,NA,NA,N,4,0,1,2,A,-,10,21950,A,M,G,B,B,A,H,-,A,A,0,Y,NA,NA,NA,Y,Y,-,99,0,0,1,0,1,0,0,0,0,-,-,NA,NA,LOS ANGELES,POMONA,-117.75441007,34.05499008
8357699,2017,2017-05-05,1955,2017-04-17,1325,41871,0068,1,5,6,1955,0,0,0,NA,0,001,TEMPLE AV,POMONA BL,46,S,N,A,-,N,NA,NA,NA,NA,NA,NA,NA,NA,NA,N,4,0,1,2,A,-,03,22350,NA,F,C,C,A,A,H,-,A,A,0,NA,NA,NA,NA,Y,NA,A,01,0,0,1,0,0,0,0,0,0,-,-,NA,NA,LOS ANGELES,POMONA,-117.81010371,34.04754496
8357703,2017,2017-06-17,1955,2017-04-14,1318,42115,49,5,5,6,1955,0,0,0,NA,0,001,WHITE AV,KENOAK PL,288,N,N,A,-,N,NA,NA,NA,NA,NA,NA,NA,NA,NA,Y,3,0,2,2,A,-,09,21801,A,N,D,C,A,A,H,-,A,A,0,NA,NA,NA,NA,Y,NA,A,01,0,2,0,0,0,0,0,0,0,-,-,NA,NA,LOS ANGELES,POMONA,-117.75929,34.07132914
8357704,2017,2017-05-05,1922,2017-04-18,1110,669,P1,2,5,6,1922,0,0,0,NA,0,001,SANTA ANITA AV,VALLEY MALL,0,NA,Y,A,-,N,NA,NA,NA,NA,NA,NA,NA,NA,NA,Y,4,0,4,2,A,-,12,21453,A,N,D,C,A,A,H,-,A,A,0,NA,NA,NA,NA,Y,NA,A,01,0,0,4,0,0,0,0,0,0,-,-,34.07583,-118.04138,LOS ANGELES,EL MONTE,-118.04132004,34.0758401
8357707,2017,2017-05-05,1955,2017-04-21,0849,40437,0052,5,5,6,1955,0,0,0,NA,0,005,8TH ST,HAMILTON BL,290,W,N,A,-,N,NA,NA,NA,NA,NA,NA,NA,NA,NA,N,4,0,1,2,A,-,17,22517,NA,N,H,C,A,A,H,-,A,D,0,NA,NA,NA,NA,Y,NA,A,01,0,0,1,0,0,0,0,0,0,-,-,NA,NA,LOS ANGELES,POMONA,-117.76398383,34.05204081
8357708,2017,2017-05-05,1922,2017-04-22,1540,673,P1,6,5,6,1922,0,0,0,NA,0,001,AZUSA RD,PECK,50,W,N,A,-,N,NA,NA,NA,NA,NA,NA,NA,NA,NA,N,4,0,1,2,A,-,05,21650,NA,N,D,G,A,A,H,-,A,A,0,NA,Y,NA,NA,Y,NA,L,04,0,0,1,0,0,0,1,0,0,-,-,NA,NA,LOS ANGELES,EL MONTE,NA,NA
8357711,2017,2017-06-17,1955,2017-04-16,1328,42115,06,7,5,6,1955,0,0,0,NA,0,001,MONTEREY AV,REBECCA ST,27,E,N,A,-,N,NA,NA,NA,NA,NA,NA,NA,NA,NA,Y,2,0,1,3,A,-,08,22107,NA,F,C,E,A,A,H,-,A,A,0,NA,NA,NA,NA,Y,NA,A,01,1,0,0,0,0,0,0,0,0,-,-,NA,NA,LOS ANGELES,POMONA,-117.75670116,34.0603832
8357712,2017,2017-05-05,1922,2017-04-08,1609,607,NA,6,5,6,1922,0,0,0,NA,0,NA,SANTA ANITA AV,AZUSA RD,30,S,N,A,-,N,NA,NA,NA,NA,NA,NA,NA,NA,NA,Y,4,0,1,2,A,-,03,22350,NA,N,E,I,A,A,H,-,A,A,0,NA,NA,NA,NA,Y,NA,A,01,0,0,1,0,0,0,0,0,0,-,-,34.09213,-118.02636,LOS ANGELES,EL MONTE,-118.026474,34.092019
8357713,2017,2017-05-04,1942,2017-04-01,2045,45599,2155,6,5,7,1942,0,0,0,NA,0,17T17,SHOUP AV,VICTORY BL,0,NA,Y,A,-,N,NA,NA,NA,NA,NA,NA,NA,NA,NA,N,4,0,1,2,A,-,11,21950,B,N,G,B,B,A,H,-,C,A,0,Y,NA,NA,NA,Y,NA,N,60,0,0,1,0,1,0,0,0,0,-,-,NA,NA,LOS ANGELES,LOS ANGELES,-118.61457011,34.18645002
8357715,2017,2017-05-05,1955,2017-04-25,2113,42045,0021,2,5,6,1955,0,0,0,NA,0,002,TOWNE AV,LA VERNE AV,0,NA,Y,A,-,N,NA,NA,NA,NA,NA,NA,NA,NA,NA,Y,4,0,2,2,A,-,12,21453,A,N,D,C,A,A,H,-,C,A,0,NA,NA,NA,NA,Y,NA,A,01,0,0,2,0,0,0,0,0,0,-,-,NA,NA,LOS ANGELES,POMONA,-117.74058005,34.08032012
8357716,2017,2017-05-05,1922,2017-04-08,2343,668,NA,6,5,6,1922,0,0,0,NA,0,001,CYPRESS AV,RANCHITO,0,NA,Y,A,-,N,NA,NA,NA,NA,NA,NA,NA,NA,NA,Y,3,0,1,1,A,-,08,22107,NA,N,F,J,A,A,E,-,C,D,0,NA,NA,NA,NA,Y,Y,A,01,0,1,0,0,0,0,0,0,0,-,-,34.09045,-118.02465,LOS ANGELES,EL MONTE,-118.02461012,34.09040012
8357720,2017,2017-05-05,1922,2017-04-10,1936,676,P4,1,5,6,1922,0,0,0,NA,0,004,MAGNOLIA AV,MOUNTAIN VIEW RD,250,W,N,A,-,N,NA,NA,NA,NA,NA,NA,NA,NA,NA,Y,4,0,1,2,A,-,03,22350,NA,F,C,C,A,A,H,-,A,D,0,NA,NA,NA,NA,Y,NA,-,NA,0,0,1,0,0,0,0,0,0,-,-,NA,NA,LOS ANGELES,EL MONTE,-118.024379,34.06119263
8357724,2017,2017-05-05,1922,2017-04-04,1737,551,NA,2,5,6,1922,0,0,0,NA,0,NA,DURFEE,VALLEY BL,300,N,N,A,-,N,NA,NA,NA,NA,NA,NA,NA,NA,NA,N,4,0,1,3,A,-,04,21703,NA,M,C,C,A,A,A,-,A,D,0,NA,NA,NA,NA,Y,Y,A,01,0,0,1,0,0,0,0,0,0,-,-,NA,NA,LOS ANGELES,EL MONTE,-118.01294256,34.06050231
8357725,2017,2017-05-04,1967,2017-04-17,0953,128,NA,1,5,2,1967,0,0,0,NA,0,SOUTH,CHERRY AV,CRESCENT HEIGHTS,26,N,N,A,-,N,NA,NA,NA,NA,NA,NA,NA,NA,NA,Y,4,0,1,2,A,-,04,21703,NA,N,C,C,A,A,H,-,A,A,0,NA,NA,NA,NA,Y,NA,A,01,0,0,1,0,0,0,0,0,0,-,-,NA,NA,LOS ANGELES,SIGNAL HILL,-118.167696,33.802651
8357728,2017,2017-05-05,1922,2017-04-05,0745,576,NA,3,5,6,1922,0,0,0,NA,0,NA,PECK RD,EMERY ST,0,NA,Y,A,-,N,NA,NA,NA,NA,NA,NA,NA,NA,NA,N,4,0,1,2,A,-,10,21950,A,N,G,B,B,A,H,-,A,A,0,Y,NA,NA,NA,Y,NA,A,01,0,0,1,0,1,0,0,0,0,-,-,NA,NA,LOS ANGELES,EL MONTE,-118.01665008,34.0866701
8357766,2016,2017-05-05,1942,2016-12-23,2130,37699,2041,5,5,7,1942,0,0,0,NA,0,20A53,8TH ST,CRENSHAW BL,0,NA,Y,C,-,N,NA,NA,NA,NA,NA,NA,NA,NA,NA,N,4,0,1,2,A,-,09,21800,D,F,D,C,A,B,H,-,C,B,0,NA,NA,NA,NA,Y,NA,-,99,0,0,1,0,0,0,0,0,0,-,-,NA,NA,LOS ANGELES,LOS ANGELES,-118.32053006,34.0591101
8357825,2016,2017-05-05,1916,2016-07-06,1957,2672,E45C1,3,5,4,1916,0,0,0,NA,0,EAST,GRAND AV,CYPRESS ST,0,NA,Y,A,-,N,NA,NA,NA,NA,NA,NA,NA,NA,NA,Y,4,0,1,2,A,-,09,21801,B,N,A,C,A,A,H,-,C,A,0,NA,NA,NA,NA,Y,NA,-,NA,0,0,1,0,0,0,0,0,0,-,-,34.09573,-117.87262,LOS ANGELES,COVINA,-117.87265009,34.09570002
8357843,2017,2018-03-21,1942,2017-04-03,2030,38464,0407,1,5,7,1942,0,0,0,D,0,4A97,MONTEREY RD,HUNTINGTON DR N,0,NA,Y,A,-,N,NA,NA,NA,NA,NA,NA,NA,NA,NA,Y,4,0,1,2,A,-,08,22107,NA,N,A,C,A,A,H,-,C,A,0,NA,NA,NA,NA,Y,NA,A,01,0,0,1,0,0,0,0,0,0,-,-,NA,NA,LOS ANGELES,LOS ANGELES,-118.18750002,34.08622007
8357847,2017,2018-03-21,1942,2017-04-15,1024,31324,0411,6,5,7,1942,0,0,0,D,0,24TL42,AVENUE 21,BROADWAY,0,NA,Y,A,-,N,NA,NA,NA,NA,NA,NA,NA,NA,NA,N,4,0,2,2,A,-,12,21453,A,N,D,C,A,A,H,-,A,A,0,NA,NA,NA,NA,Y,NA,A,07,0,0,2,0,0,0,0,0,0,-,-,NA,NA,LOS ANGELES,LOS ANGELES,-118.26711,34.02942009
8357851,2017,2018-04-25,1942,2017-04-14,0648,35291,0216,5,5,7,1942,0,0,0,B,0,24T21,ALVARADO ST,RT 101,0,NA,Y,A,-,Y,LA,7,101,-,-,2.725,R,4,S,Y,4,0,2,2,A,-,09,21801,A,N,D,C,A,A,H,-,A,A,0,NA,NA,NA,NA,Y,NA,A,07,0,0,2,0,0,0,0,0,0,-,SO,NA,NA,LOS ANGELES,LOS ANGELES,-118.26476211,34.07098595
8357860,2017,2018-04-25,1941,2017-04-24,1525,11013,NA,1,5,7,1941,0,0,0,NA,0,NA,PACIFIC COAST HWY,E PACIFIC AV,36,E,N,A,-,Y,LA,7,1,-,-,6.5,H,-,N,N,4,0,2,3,A,-,09,21804,A,M,C,C,A,A,H,-,A,A,0,NA,NA,NA,NA,Y,NA,A,NA,0,0,2,0,0,0,0,0,0,-,-,NA,NA,LOS ANGELES,LONG BEACH,-118.1934293,33.78991774
8357861,2017,2017-08-04,1942,2017-03-29,0940,30310,0245,3,5,7,1942,0,0,0,B,0,24MY4,ALVARADO ST,W WILSHIRE BL,24,W,N,A,-,N,NA,NA,NA,NA,NA,NA,NA,NA,NA,N,4,0,1,2,A,-,04,21703,NA,N,C,C,A,A,H,-,A,A,0,NA,NA,NA,NA,Y,NA,A,01,0,0,1,0,0,0,0,0,0,-,-,NA,NA,LOS ANGELES,LOS ANGELES,-118.27590695,34.05788181
8357900,2017,2018-03-21,1942,2017-04-29,2125,36508,LOSAN,6,5,7,1942,0,0,0,NA,0,2187,VENTURA BL,ALHAMA DR,0,NA,Y,A,-,N,NA,NA,NA,NA,NA,NA,NA,NA,NA,N,4,0,1,2,A,-,10,21950,A,N,G,B,B,A,H,-,C,A,0,Y,NA,NA,NA,Y,NA,A,01,0,0,1,0,1,0,0,0,0,-,-,NA,NA,LOS ANGELES,LOS ANGELES,-118.59277003,34.16695009
8357903,2017,2018-04-25,1965,2017-04-29,1120,3553,0B1A,6,5,5,1965,0,0,0,NA,0,B001,PACIFIC COAST HWY,PACIFIC COAST HWY 400,0,NA,Y,A,-,Y,LA,7,1,-,-,36.59,H,-,S,Y,3,0,1,3,A,-,03,22350,NA,N,C,C,A,A,H,-,A,D,0,NA,NA,NA,NA,Y,NA,A,07,0,1,0,0,0,0,0,0,0,-,-,NA,NA,LOS ANGELES,SANTA MONICA,-118.51291224,34.02469924
8357904,2017,2018-04-25,1942,2017-04-14,0940,38471,2103,5,5,7,1942,0,0,0,NA,0,19TL73,PARTHENIA ST,TOPANGA CANYON BL,50,E,N,A,-,Y,LA,7,27,-,-,16.471,I,6,N,N,4,0,2,2,A,-,04,21703,NA,N,C,C,A,A,H,-,A,A,0,NA,NA,NA,NA,Y,NA,A,01,0,0,2,0,0,0,0,0,0,-,-,NA,NA,LOS ANGELES,LOS ANGELES,-118.60377451,34.22836195
8357906,2017,2018-04-25,1942,2017-04-17,1925,37614,1426,1,5,7,1942,0,0,0,N,0,20T59,NATIONA BL,SEPULVEDA BL,263,W,N,A,-,Y,LA,7,405,-,-,28.901,R,4,N,Y,4,0,1,2,A,-,12,21453,A,F,D,D,A,A,H,-,A,A,0,NA,NA,NA,NA,Y,NA,A,01,0,0,1,0,0,0,0,0,0,-,-,NA,NA,LOS ANGELES,LOS ANGELES,-118.42738119,34.0236496
8357908,2017,2018-04-25,1942,2017-04-29,0620,41239,2172,6,5,7,1942,0,0,0,NA,0,16TL25,VALLEY CIRCLE BL,VENTURA FWY,0,NA,Y,A,-,Y,LA,7,101,-,-,27.193,R,4,N,Y,4,0,3,2,A,-,12,21453,A,N,D,C,A,A,H,-,A,A,0,NA,NA,NA,NA,Y,NA,-,-,0,0,3,0,0,0,0,0,0,-,-,NA,NA,LOS ANGELES,LOS ANGELES,-118.63510081,34.16039248
8357912,2017,2018-04-25,1942,2017-04-11,1115,39010,1381,2,5,7,1942,0,0,0,M,0,24TL21,OLIVE ST,SLAUSON AV,12,S,N,A,-,Y,LA,7,110,-,-,17.857,R,4,N,N,4,0,1,2,A,-,10,21950,A,F,G,B,B,A,H,-,A,A,0,Y,NA,NA,NA,Y,NA,-,99,0,0,1,0,1,0,0,0,0,-,-,NA,NA,LOS ANGELES,LOS ANGELES,-118.28040735,33.98745788
8357916,2017,2018-03-21,1942,2017-04-19,1715,33779,2101,3,5,7,1942,0,0,0,NA,0,15T44,PLUMMER ST,VALLEY CIRCLE BL,177,N,N,A,-,N,NA,NA,NA,NA,NA,NA,NA,NA,NA,N,3,0,3,2,A,-,03,22350,NA,N,A,C,A,A,H,-,A,A,0,NA,NA,NA,NA,Y,NA,A,01,0,2,1,0,0,0,0,0,0,-,-,NA,NA,LOS ANGELES,LOS ANGELES,-118.62115495,34.24269554
8357920,2017,2018-03-22,1942,2017-04-27,1325,34426,0111,4,5,7,1942,0,0,0,A,0,24TL51,LOS ANGELES ST,ARCADIA ST,0,NA,Y,A,-,Y,LA,7,101,-,-,0.86,H,-,N,Y,2,0,4,5,A,-,12,21453,A,N,D,B,F,A,H,-,A,A,0,Y,NA,NA,NA,Y,NA,A,01,1,0,3,0,2,0,0,0,0,-,-,NA,NA,LOS ANGELES,LOS ANGELES,-118.23923497,34.05506657