CASE_ID,ACCIDENT_YEAR,PROC_DATE,JURIS,COLLISION_DATE,COLLISION_TIME,OFFICER_ID,REPORTING_DISTRICT,DAY_OF_WEEK,CHP_SHIFT,POPULATION,CNTY_CITY_LOC,SPECIAL_COND,BEAT_TYPE,CHP_BEAT_TYPE,CITY_DIVISION_LAPD,CHP_BEAT_CLASS,BEAT_NUMBER,PRIMARY_RD,SECONDARY_RD,DISTANCE,DIRECTION,INTERSECTION,WEATHER_1,WEATHER_2,STATE_HWY_IND,CALTRANS_COUNTY,CALTRANS_DISTRICT,STATE_ROUTE,ROUTE_SUFFIX,POSTMILE_PREFIX,POSTMILE,LOCATION_TYPE,RAMP_INTERSECTION,SIDE_OF_HWY,TOW_AWAY,COLLISION_SEVERITY,NUMBER_KILLED,NUMBER_INJURED,PARTY_COUNT,PRIMARY_COLL_FACTOR,PCF_CODE_OF_VIOL,PCF_VIOL_CATEGORY,PCF_VIOLATION,PCF_VIOL_SUBSECTION,HIT_AND_RUN,TYPE_OF_COLLISION,MVIW,PED_ACTION,ROAD_SURFACE,ROAD_COND_1,ROAD_COND_2,LIGHTING,CONTROL_DEVICE,CHP_ROAD_TYPE,PEDESTRIAN_ACCIDENT,BICYCLE_ACCIDENT,MOTORCYCLE_ACCIDENT,TRUCK_ACCIDENT,NOT_PRIVATE_PROPERTY,ALCOHOL_INVOLVED,STWD_VEHTYPE_AT_FAULT,CHP_VEHTYPE_AT_FAULT,COUNT_SEVERE_INJ,COUNT_VISIBLE_INJ,COUNT_COMPLAINT_PAIN,COUNT_PED_KILLED,COUNT_PED_INJURED,COUNT_BICYCLIST_KILLED,COUNT_BICYCLIST_INJURED,COUNT_MC_KILLED,COUNT_MC_INJURED,PRIMARY_RAMP,SECONDARY_RAMP,LATITUDE,LONGITUDE,COUNTY,CITY,POINT_X,POINT_Y
8360897,2016,2017-05-12,1916,2016-08-22,1916,2785,W19C1,1,5,4,1916,0,0,0,NA,0,P35,BADILLO ST,ELSPETH WY,215,E,N,A,-,N,NA,NA,NA,NA,NA,NA,NA,NA,NA,N,4,0,1,2,A,-,03,22350,NA,M,C,C,A,A,H,-,A,A,0,NA,NA,NA,NA,Y,Y,A,01,0,0,1,0,0,0,0,0,0,-,-,34.08647,-117.90767,LOS ANGELES,COVINA,-117.90442163,34.0864339
8360901,2016,2017-05-12,1916,2016-08-26,1928,2786,W23R1,5,5,4,1916,0,0,0,NA,0,P36,HOLLENBECK AV,NUBIA ST,0,NA,Y,A,-,N,NA,NA,NA,NA,NA,NA,NA,NA,NA,Y,4,0,1,2,A,-,09,21802,A,N,D,C,A,A,H,-,C,D,0,NA,NA,NA,NA,Y,NA,A,01,0,0,1,0,0,0,0,0,0,-,-,34.10351,-117.89884,LOS ANGELES,COVINA,-117.89898009,34.10337011
8360904,2017,2017-05-16,1923,2017-04-27,1222,467,112,4,5,3,1923,0,0,0,NA,0,3M3,RICHMOND ST,FRANKLIN AV,90,S,N,A,-,N,NA,NA,NA,NA,NA,NA,NA,NA,NA,Y,3,0,1,6,A,-,08,22107,NA,N,B,E,A,A,H,-,A,D,0,NA,NA,NA,NA,Y,NA,A,01,0,1,0,0,0,0,0,0,0,-,-,33.91786,-118.41719,LOS ANGELES,EL SEGUNDO,-118.41718329,33.91762315
8360905,2016,2017-05-12,1916,2016-08-29,1838,2235,W16R1,1,5,4,1916,0,0,0,NA,0,00W,CYPRESS ST,AZUSA AV,148,W,N,A,-,N,NA,NA,NA,NA,NA,NA,NA,NA,NA,N,4,0,2,2,A,-,03,22350,NA,N,C,C,A,A,H,-,A,A,0,NA,NA,NA,NA,Y,NA,A,01,0,0,2,0,0,0,0,0,0,-,-,34.09573,-117.90766,LOS ANGELES,COVINA,-117.9083077,34.09577
8360913,2016,2017-05-12,1916,2016-09-03,1238,2378,E49S1,6,5,4,1916,0,0,0,NA,0,EAST,GRAND AV,PUENTE ST,0,NA,Y,A,-,N,NA,NA,NA,NA,NA,NA,NA,NA,NA,Y,4,0,1,3,A,-,09,21801,A,N,D,D,A,A,H,-,A,A,0,NA,NA,NA,NA,Y,NA,A,01,0,0,1,0,0,0,0,0,0,-,-,34.08251,-117.87258,LOS ANGELES,COVINA,-117.87243006,34.08250006
8360925,2016,2017-05-12,1916,2016-09-21,0703,2235,D29C1,3,5,4,1916,0,0,0,NA,0,00D,BADILLO ST,2ND ST,0,NA,Y,A,-,N,NA,NA,NA,NA,NA,NA,NA,NA,NA,N,4,0,1,3,A,-,03,22350,NA,N,C,C,A,A,H,-,A,A,0,NA,NA,NA,NA,Y,NA,A,01,0,0,1,0,0,0,0,0,0,-,-,34.0863,-117.88788,LOS ANGELES,COVINA,-117.88788003,34.0862401
8360929,2016,2017-05-12,1916,2016-09-26,1055,2771,W16R1,1,5,4,1916,0,0,0,NA,0,025,AZUSA AV,CYPRESS ST,0,NA,Y,A,-,N,NA,NA,NA,NA,NA,NA,NA,NA,NA,N,3,0,1,2,A,-,10,21950,A,N,G,B,B,A,H,-,A,A,0,Y,NA,NA,NA,Y,NA,A,01,0,1,0,0,1,0,0,0,0,-,-,NA,NA,LOS ANGELES,COVINA,-117.90782002,34.0957701
8360933,2016,2017-06-08,1916,2016-09-26,1112,2378,E59R2,1,5,4,1916,0,0,0,NA,0,EAST,GRAND AV,PUENTE ST,50,S,N,A,-,N,NA,NA,NA,NA,NA,NA,NA,NA,NA,N,4,0,1,2,A,-,03,22350,NA,N,C,C,A,A,D,-,A,A,0,NA,NA,NA,NA,Y,NA,A,01,0,0,1,0,0,0,0,0,0,-,-,34.0807,-117.87242,LOS ANGELES,COVINA,-117.87243,34.08236293
8360937,2016,2017-05-12,1916,2016-09-13,1308,2771,W16R1,2,5,4,1916,0,0,0,NA,0,WEST,AZUSA AV,CHESTER RD,12,N,N,A,-,N,NA,NA,NA,NA,NA,NA,NA,NA,NA,Y,4,0,1,2,A,-,08,22107,NA,N,D,C,A,A,H,-,A,D,0,NA,NA,NA,NA,Y,NA,A,01,0,0,1,0,0,0,0,0,0,-,-,NA,NA,LOS ANGELES,COVINA,-117.9077,34.0948329
8360941,2016,2017-05-12,1916,2016-09-17,1329,2389,D,6,5,4,1916,0,0,0,NA,0,DOWNTO,SAN BERNARDINO RD,2ND AV,0,NA,Y,A,-,N,NA,NA,NA,NA,NA,NA,NA,NA,NA,N,4,0,1,2,A,-,05,21650,1,N,D,G,A,A,H,-,A,A,0,NA,Y,NA,NA,Y,NA,L,04,0,0,1,0,0,0,1,0,0,-,-,34.09036,-117.88792,LOS ANGELES,COVINA,-117.88792013,34.09034005
8360945,2016,2017-06-08,1916,2016-09-05,1922,2235,NA,1,5,4,1916,0,0,0,NA,0,00E,N GLENDORA AV,N GLENDORA AV 234,0,NA,-,A,-,N,NA,NA,NA,NA,NA,NA,NA,NA,NA,N,4,0,1,2,A,-,-,NA,NA,N,E,B,D,A,H,-,A,D,0,Y,NA,NA,NA,Y,NA,N,60,0,0,1,0,1,0,0,0,0,-,-,34.08765,-117.86261,LOS ANGELES,COVINA,-117.863798,34.087652
8360953,2016,2017-05-12,1916,2016-09-07,1129,2378,W37M1,3,5,4,1916,0,0,0,NA,0,WEST,CITRUS AV,ARROW HWY,454,S,N,A,-,N,NA,NA,NA,NA,NA,NA,NA,NA,NA,Y,4,0,1,2,A,-,08,22107,NA,N,B,C,A,A,H,-,A,A,0,NA,NA,NA,NA,Y,NA,A,01,0,0,1,0,0,0,0,0,0,-,-,34.1055,-117.88956,LOS ANGELES,COVINA,-117.89025,34.10556555
8360983,2017,2017-05-12,1967,2017-04-27,1320,128,NA,4,5,2,1967,0,0,0,NA,0,SOUTH,CHERRY AV,TOWN CENTER EAST,83,S,N,A,-,N,NA,NA,NA,NA,NA,NA,NA,NA,NA,N,4,0,1,2,A,-,03,22350,NA,N,C,C,A,A,H,-,A,A,0,NA,NA,NA,NA,Y,NA,A,01,0,0,1,0,0,0,0,0,0,-,-,NA,NA,LOS ANGELES,SIGNAL HILL,-118.16755,33.80233239
8361019,2017,2017-05-12,1923,2017-04-23,1106,445,322,7,5,3,1923,0,0,0,NA,0,3L3D,CORAL CIR,DOUGLAS ST,0,NA,Y,A,-,N,NA,NA,NA,NA,NA,NA,NA,NA,NA,N,4,0,1,2,A,-,11,21954,A,N,-,B,E,A,H,-,A,D,0,Y,NA,NA,NA,Y,NA,N,60,0,0,1,0,1,0,0,0,0,-,-,33.91066,-118.38216,LOS ANGELES,EL SEGUNDO,-118.38322014,33.91310001
8361052,2017,2017-05-17,1942,2017-04-10,0145,36622,1918,1,5,7,1942,0,0,0,NA,0,19A7,FOOTHILL BL,MACCLAY,150,N,N,A,-,N,NA,NA,NA,NA,NA,NA,NA,NA,NA,NA,3,0,1,1,A,-,08,22107,NA,N,E,J,A,A,H,-,C,D,0,NA,NA,NA,NA,Y,NA,D,22,0,1,0,0,0,0,0,0,0,-,-,NA,NA,LOS ANGELES,LOS ANGELES,-118.42084787,34.29882859
8361060,2017,2017-05-17,1942,2017-04-17,2000,38354,1916,1,5,7,1942,0,0,0,NA,0,16T25,POLK ST,PHILLIPI AV,130,W,N,A,-,N,NA,NA,NA,NA,NA,NA,NA,NA,NA,Y,2,0,3,3,A,-,03,22350,NA,N,-,C,A,A,E,-,C,A,0,NA,Y,NA,NA,Y,Y,A,01,1,1,1,0,0,0,1,0,0,-,-,NA,NA,LOS ANGELES,LOS ANGELES,-118.44562808,34.31124316
8361064,2017,2017-05-17,1942,2017-04-10,1125,40193,1918,1,5,7,1942,0,0,0,NA,0,19TL76,FOOTHILL BL,HUBBARD ST,860,S,N,A,-,N,NA,NA,NA,NA,NA,NA,NA,NA,NA,Y,3,0,2,3,A,-,09,21804,A,N,D,C,A,A,H,-,A,D,0,NA,NA,NA,NA,Y,NA,A,01,0,1,1,0,0,0,0,0,0,-,-,NA,NA,LOS ANGELES,LOS ANGELES,-118.42833468,34.30573009
8361068,2017,2017-05-18,1942,2017-04-29,2005,39410,1999,6,5,7,1942,0,0,0,NA,0,9T53W3,ROSCOE BL,WOODMAN AV,50,E,N,A,-,N,NA,NA,NA,NA,NA,NA,NA,NA,NA,Y,3,0,5,3,A,-,03,22350,NA,N,C,C,A,A,H,-,C,A,0,NA,NA,NA,NA,Y,NA,A,01,0,1,4,0,0,0,0,0,0,-,-,NA,NA,LOS ANGELES,LOS ANGELES,-118.4325849,34.22168
8361072,2017,2017-05-17,1942,2017-04-18,0815,40119,1972,2,5,7,1942,0,0,0,NA,0,15T47,COLUMBUS AV,BROADMOOR ST,113,S,N,A,-,N,NA,NA,NA,NA,NA,NA,NA,NA,NA,Y,4,0,1,2,A,-,09,21804,A,N,D,C,A,A,H,-,A,D,0,NA,NA,NA,NA,Y,NA,D,22,0,0,1,0,0,0,0,0,0,-,-,NA,NA,LOS ANGELES,LOS ANGELES,-118.46538681,34.2333801
8361076,2017,2017-05-22,1942,2017-04-28,1200,40542,1918,5,5,7,1942,0,0,0,NA,0,19T72,MACLAY ST,BROMONT AV,0,NA,Y,A,-,N,NA,NA,NA,NA,NA,NA,NA,NA,NA,Y,3,0,2,2,-,-,-,NA,NA,N,D,C,A,A,H,-,A,A,0,NA,NA,NA,NA,Y,NA,-,-,0,1,1,0,0,0,0,0,0,-,-,NA,NA,LOS ANGELES,LOS ANGELES,-118.42220006,34.29728005
8361078,2016,2017-05-22,1916,2016-11-02,0825,2235,E45C1,3,5,4,1916,0,0,0,NA,0,00E,COVINA BL,GRAND AV,0,NA,Y,A,-,N,NA,NA,NA,NA,NA,NA,NA,NA,NA,Y,4,0,2,2,A,-,09,21801,B,N,A,C,A,A,H,-,A,A,0,NA,NA,NA,NA,Y,NA,D,22,0,0,2,0,0,0,0,0,0,-,-,34.09944,-117.8725,LOS ANGELES,COVINA,-117.87267008,34.09945003
8361080,2017,2017-05-17,1942,2017-04-14,1830,33696,1998,5,5,7,1942,0,0,0,NA,0,17X54,LANARK ST,PEACHTREE AV,30,W,N,A,-,N,NA,NA,NA,NA,NA,NA,NA,NA,NA,Y,3,0,2,4,A,-,03,22350,NA,N,C,E,E,A,H,-,A,A,0,Y,NA,NA,NA,Y,NA,A,01,0,2,0,0,2,0,0,0,0,-,-,NA,NA,LOS ANGELES,LOS ANGELES,-118.43576971,34.216785110000004
8361084,2017,2017-06-21,1942,2017-04-11,1600,42615,1023,2,5,7,1942,0,0,0,J,0,17A67,TAMPA AV,SHERMAN WY,0,NA,Y,A,-,N,NA,NA,NA,NA,NA,NA,NA,NA,NA,N,4,0,2,2,A,-,04,21703,NA,N,C,C,A,A,H,-,A,D,0,NA,NA,NA,Y,Y,Y,A,01,0,0,2,0,0,0,0,0,0,-,-,NA,NA,LOS ANGELES,LOS ANGELES,-118.55347012,34.20116006
8361088,2017,2018-07-19,1942,2017-04-18,1025,39446,1008,2,5,7,1942,0,0,0,J,0,10A39,VANOWEN ST,ODESSA AV,0,NA,N,A,-,N,NA,NA,NA,NA,NA,NA,NA,NA,NA,Y,4,0,1,2,A,-,05,21650,NA,N,A,C,A,A,H,-,A,D,0,NA,NA,NA,Y,Y,NA,A,01,0,0,1,0,0,0,0,0,0,-,-,NA,NA,LOS ANGELES,LOS ANGELES,-118.49024009,34.19392009
8361092,2017,2017-05-18,1942,2017-05-06,0740,38857,1035,6,5,7,1942,0,0,0,J,0,21TL65,KITTRIDGE ST,LINDLEY AV,0,NA,Y,B,-,N,NA,NA,NA,NA,NA,NA,NA,NA,NA,Y,3,0,2,2,A,-,12,21453,A,N,D,C,A,A,H,-,A,A,0,NA,NA,NA,NA,Y,NA,D,22,0,2,0,0,0,0,0,0,0,-,-,NA,NA,LOS ANGELES,LOS ANGELES,-118.52730008,34.19024001
8361096,2017,2017-05-16,1942,2017-04-22,1440,41274,1045,6,5,7,1942,0,0,0,J,0,10A39,WHITE OAK AV,OXNARD ST,0,NA,Y,A,-,N,NA,NA,NA,NA,NA,NA,NA,NA,NA,N,2,0,1,2,A,-,12,21453,A,N,D,G,A,A,H,-,A,A,0,NA,Y,NA,NA,Y,NA,L,04,1,0,0,0,0,0,1,0,0,-,-,NA,NA,LOS ANGELES,LOS ANGELES,-118.51850004,34.18014001
8361104,2017,2017-05-18,1942,2017-05-02,0810,39703,1015,2,5,7,1942,0,0,0,J,0,15T43,SATICOY ST,ETIWANDA AV,0,NA,Y,A,-,N,NA,NA,NA,NA,NA,NA,NA,NA,NA,Y,3,0,2,3,A,-,09,21801,A,N,D,C,A,A,H,-,A,A,0,NA,NA,NA,NA,Y,NA,A,01,0,1,1,0,0,0,0,0,0,-,-,NA,NA,LOS ANGELES,LOS ANGELES,-118.53172004,34.20840008
8361107,2017,2018-03-02,1942,2017-04-30,2100,39141,1635,7,5,7,1942,0,0,0,P,0,16A35,ORCAS AV,FOOTHILL BL,0,NA,Y,A,-,N,NA,NA,NA,NA,NA,NA,NA,NA,NA,Y,4,0,1,2,A,-,04,21703,NA,F,C,C,A,A,H,-,C,A,0,NA,NA,NA,NA,Y,Y,D,22,0,0,1,0,0,0,0,0,0,-,-,NA,NA,LOS ANGELES,LOS ANGELES,-118.3682401,34.27451001
8361108,2017,2017-05-18,1942,2017-05-02,0720,30452,1007,2,5,7,1942,0,0,0,J,0,9TS3,SATICOY ST,BALBOA BL,0,NA,Y,A,-,N,NA,NA,NA,NA,NA,NA,NA,NA,NA,Y,4,0,1,2,A,-,00,21801,2,N,D,C,A,A,H,-,A,A,0,NA,NA,NA,NA,Y,NA,D,22,0,0,1,0,0,0,0,0,0,-,-,NA,NA,LOS ANGELES,LOS ANGELES,-118.5011601,34.20842001
8361111,2017,2017-05-18,1942,2017-04-22,1745,39217,1971,6,5,7,1942,0,0,0,NA,0,17TL16,NORDHOFF ST,LANGDON AV,60,E,N,A,-,N,NA,NA,NA,NA,NA,NA,NA,NA,NA,N,4,0,2,2,A,-,04,21703,NA,N,C,C,A,A,H,-,A,D,0,NA,NA,NA,NA,Y,NA,A,01,0,0,2,0,0,0,0,0,0,-,-,NA,NA,LOS ANGELES,LOS ANGELES,-118.46958189,34.23554646
8361112,2017,2017-05-18,1942,2017-05-02,0345,38996,1037,2,5,7,1942,0,0,0,J,0,10TL37,VICTORY BL,ALDEA AV,840,E,N,A,-,N,NA,NA,NA,NA,NA,NA,NA,NA,NA,Y,3,0,1,1,A,-,08,22107,NA,N,A,I,A,A,H,-,C,D,0,NA,NA,NA,Y,Y,NA,F,26,0,1,0,0,0,0,0,0,0,-,-,NA,NA,LOS ANGELES,LOS ANGELES,-118.50795,34.1868
8361115,2017,2017-05-17,1942,2017-04-15,1525,36801,1942,6,5,7,1942,0,0,0,NA,0,10TL38,CEDROS AV,ROSCOE BL,0,NA,Y,A,-,N,NA,NA,NA,NA,NA,NA,NA,NA,NA,Y,3,0,2,2,A,-,09,21804,A,N,A,C,A,A,H,-,A,D,0,NA,NA,NA,NA,Y,NA,A,01,0,1,1,0,0,0,0,0,0,-,-,NA,NA,LOS ANGELES,LOS ANGELES,-118.45358011,34.22150001
8361119,2017,2017-05-18,1942,2017-04-17,1255,38835,1963,1,5,7,1942,0,0,0,NA,0,19A79,VAN NUYS BL,PLUMMER ST,0,NA,Y,A,-,N,NA,NA,NA,NA,NA,NA,NA,NA,NA,Y,3,0,3,4,A,-,12,21453,A,N,D,C,A,A,H,-,A,A,0,NA,NA,NA,NA,Y,NA,A,01,0,1,2,0,0,0,0,0,0,-,-,NA,NA,LOS ANGELES,LOS ANGELES,-118.45023001,34.24268001
8361131,2017,2017-05-22,1942,2017-05-04,1810,26319,1015,4,5,7,1942,0,0,0,J,0,19TL74,SATICOY ST,YARMOUTH AV,75,W,N,A,-,N,NA,NA,NA,NA,NA,NA,NA,NA,NA,Y,4,0,2,4,A,-,09,21804,A,N,B,C,A,A,H,-,A,D,0,NA,NA,NA,NA,Y,NA,A,01,0,0,2,0,0,0,0,0,0,-,-,NA,NA,LOS ANGELES,LOS ANGELES,-118.51997763,34.20841
8361155,2017,2017-05-23,1941,2017-04-22,0730,5971,NA,6,5,7,1941,0,0,0,NA,0,NA,OCEANA CT,W PIER S AV,300,W,N,A,-,N,NA,NA,NA,NA,NA,NA,NA,NA,NA,N,4,0,1,2,B,-,22,NA,NA,F,B,C,A,A,H,-,A,A,0,NA,NA,NA,Y,Y,NA,G,NA,0,0,1,0,0,0,0,0,0,-,-,NA,NA,LOS ANGELES,LONG BEACH,-118.24144176,33.75759314
8361182,2017,2017-05-22,1924,2017-02-10,0802,114574,04,5,5,5,1924,0,0,0,NA,0,0G2,EL SEGUNDO BL,NORMANDIE AV,29,E,N,A,-,N,NA,NA,NA,NA,NA,NA,NA,NA,NA,N,4,0,1,4,A,-,09,21801,A,N,D,C,A,A,H,-,A,A,0,NA,NA,NA,NA,Y,NA,A,07,0,0,1,0,0,0,0,0,0,-,-,33.91644,-118.30039,LOS ANGELES,GARDENA,-118.3002946,33.91643
8361194,2017,2017-06-09,1924,2017-02-15,1811,115142,G16,3,5,5,1924,0,0,0,NA,0,8A9M,ROSECRANS AV,GRAMERCY PL,87,W,N,A,-,N,NA,NA,NA,NA,NA,NA,NA,NA,NA,Y,4,0,1,1,C,-,18,NA,NA,N,E,I,A,A,H,-,C,D,0,NA,NA,NA,NA,Y,NA,-,-,0,0,1,0,0,0,0,0,0,-,-,33.90192,-118.3135,LOS ANGELES,GARDENA,-118.31379616,33.90193
8361216,2017,2017-05-19,1953,2017-04-11,2117,4817,1953,2,5,6,1953,0,0,0,NA,0,005,CORSON ST,LAKE AV,100,S,N,A,-,N,NA,NA,NA,NA,NA,NA,NA,NA,NA,N,4,0,2,3,A,-,00,20001,A,M,C,C,A,A,H,-,C,A,0,NA,NA,NA,NA,Y,NA,A,01,0,0,2,0,0,0,0,0,0,-,-,NA,NA,LOS ANGELES,PASADENA,-118.13237,34.15127
8361220,2017,2017-05-19,1953,2017-04-11,2209,3595,NA,2,5,6,1953,0,0,0,NA,0,003,WASHINGTON BL,GARFIELD AV,0,NA,Y,A,-,N,NA,NA,NA,NA,NA,NA,NA,NA,NA,Y,3,0,3,2,A,-,09,21802,A,N,D,C,A,A,H,-,C,A,0,NA,NA,NA,NA,Y,NA,A,01,0,1,2,0,0,0,0,0,0,-,-,NA,NA,LOS ANGELES,PASADENA,-118.14390004,34.16890011
8361224,2017,2017-05-19,1953,2017-04-12,0831,7724,LA CO,3,5,6,1953,0,0,0,NA,0,001,ORANGE GROVE BL,WALNUT ST,30,N,N,A,-,N,NA,NA,NA,NA,NA,NA,NA,NA,NA,Y,3,0,1,2,A,-,03,22350,NA,N,C,C,A,A,H,-,A,A,0,NA,NA,Y,NA,Y,NA,C,02,0,1,0,0,0,0,0,0,1,-,-,NA,NA,LOS ANGELES,PASADENA,-118.16116653,34.1497539
8361228,2017,2017-05-19,1953,2017-04-12,1709,1582,PASAD,3,5,6,1953,0,0,0,NA,0,005,RAYMOND AV,COLORADO BL,0,NA,Y,A,-,N,NA,NA,NA,NA,NA,NA,NA,NA,NA,N,4,0,1,2,A,-,10,21950,NA,N,G,B,B,A,H,-,A,A,0,Y,NA,NA,NA,Y,NA,A,01,0,0,1,0,1,0,0,0,0,-,-,NA,NA,LOS ANGELES,PASADENA,-118.14890008,34.14580008
8361232,2017,2017-06-17,1953,2017-04-13,0800,3301,1953,4,5,6,1953,0,0,0,NA,0,005,CORSON ST,LAKE AV,153,W,N,A,-,N,NA,NA,NA,NA,NA,NA,NA,NA,NA,Y,4,0,2,2,A,-,03,22350,NA,N,C,C,A,A,H,-,A,A,0,NA,NA,NA,NA,Y,NA,A,01,0,0,2,0,0,0,0,0,0,-,-,NA,NA,LOS ANGELES,PASADENA,-118.1328744,34.15128277
8361236,2017,2017-05-19,1953,2017-04-15,1124,8091,PASAD,6,5,6,1953,0,0,0,NA,0,001,ROSE BOWL DR,ROSEMONT AV,15,E,N,A,-,N,NA,NA,NA,NA,NA,NA,NA,NA,NA,N,3,0,1,2,A,-,05,21650,NA,N,B,G,A,A,H,-,A,D,0,NA,Y,NA,NA,Y,NA,L,04,0,1,0,0,0,0,1,0,0,-,-,NA,NA,LOS ANGELES,PASADENA,-118.16565,34.16314
8361240,2017,2017-06-17,1953,2017-04-14,1110,9511,1953,5,5,6,1953,0,0,0,NA,0,002,ORANGE GROVE BL,MADISON AV,0,NA,Y,A,-,N,NA,NA,NA,NA,NA,NA,NA,NA,NA,Y,4,0,1,3,A,-,03,22350,NA,N,C,C,A,A,H,-,A,A,0,NA,NA,NA,NA,Y,NA,A,01,0,0,1,0,0,0,0,0,0,-,-,NA,NA,LOS ANGELES,PASADENA,-118.13887001,34.15777002
8361257,2017,2017-05-16,1942,2017-05-02,1650,41528,1033,2,5,7,1942,0,0,0,J,0,10X88,VICTORY,RESEDA,2,E,N,A,-,N,NA,NA,NA,NA,NA,NA,NA,NA,NA,N,4,0,1,3,A,-,03,22350,NA,N,C,D,A,A,H,-,A,A,0,NA,NA,NA,NA,Y,NA,A,01,0,0,1,0,0,0,0,0,0,-,-,NA,NA,LOS ANGELES,LOS ANGELES,-118.5360134,34.18656991
8361283,2017,2017-05-19,1942,2017-04-28,0800,33504,1987,5,5,7,1942,0,0,0,NA,0,19TL77,ROSCOE BL,VENTURA CANYON AV,0,NA,Y,A,-,N,NA,NA,NA,NA,NA,NA,NA,NA,NA,Y,3,0,2,2,A,-,09,21801,A,N,A,C,A,A,H,-,A,A,0,NA,NA,NA,NA,Y,NA,A,07,0,1,1,0,0,0,0,0,0,-,-,NA,NA,LOS ANGELES,LOS ANGELES,-118.42881009,34.22167008
8361284,2017,2017-06-01,1942,2017-04-21,1715,31557,1987,5,5,7,1942,0,0,0,NA,0,35M33,WOODMAN AV,COMMUNITY ST,0,NA,Y,A,-,N,NA,NA,NA,NA,NA,NA,NA,NA,NA,Y,4,0,2,3,A,-,09,21801,A,N,D,C,A,A,H,-,A,D,0,NA,NA,NA,NA,Y,NA,A,01,0,0,2,0,0,0,0,0,0,-,-,NA,NA,LOS ANGELES,LOS ANGELES,-118.43274004,34.22279005
8361287,2017,2017-05-19,1942,2017-04-14,1100,33504,1966,5,5,7,1942,0,0,0,NA,0,19TL77,TERRA BELLA ST,WOODMAN ST,0,NA,Y,A,-,N,NA,NA,NA,NA,NA,NA,NA,NA,NA,Y,3,0,2,2,A,-,09,21801,A,N,A,C,A,A,H,-,A,A,0,NA,NA,NA,NA,Y,NA,A,01,0,1,1,0,0,0,0,0,0,-,-,NA,NA,LOS ANGELES,LOS ANGELES,-118.44353,34.23993003
8361288,2017,2017-06-09,1942,2017-04-28,1440,40542,1967,5,5,7,1942,0,0,0,NA,0,19T72,WOODMAN AV,TERRA BELLA ST,0,NA,Y,A,-,N,NA,NA,NA,NA,NA,NA,NA,NA,NA,Y,3,0,2,2,-,-,-,NA,NA,N,A,C,A,A,H,-,A,A,0,NA,NA,NA,NA,Y,NA,-,-,0,1,1,0,0,0,0,0,0,-,-,NA,NA,LOS ANGELES,LOS ANGELES,-118.44353,34.23993003
8361289,2017,2017-05-18,1953,2017-04-02,1538,1287,1953,7,5,6,1953,0,0,0,NA,0,001,ORANGE GROVE BL,ELLIS RD,0,NA,Y,A,-,N,NA,NA,NA,NA,NA,NA,NA,NA,NA,Y,3,0,1,2,A,-,08,22107,NA,N,B,D,A,A,H,-,A,D,0,NA,NA,NA,NA,Y,NA,A,01,0,1,0,0,0,0,0,0,0,-,-,NA,NA,LOS ANGELES,PASADENA,-118.15953001,34.14128007
8361291,2017,2017-05-19,1942,2017-04-14,0950,33504,1944,5,5,7,1942,0,0,0,NA,0,19TL77,LAUREL CANYON BL,CHATSWORTH ST,0,NA,Y,A,-,N,NA,NA,NA,NA,NA,NA,NA,NA,NA,Y,4,0,2,3,A,-,12,21453,A,N,D,C,A,A,H,-,A,A,0,NA,NA,NA,NA,Y,NA,A,01,0,0,2,0,0,0,0,0,0,-,-,NA,NA,LOS ANGELES,LOS ANGELES,-118.44835012,34.27402001
8361292,2017,2017-05-19,1942,2017-04-18,1750,36298,1954,2,5,7,1942,0,0,0,NA,0,19A12,MAYALL ST,SEPULVEDA BL,2,E,N,B,-,N,NA,NA,NA,NA,NA,NA,NA,NA,NA,N,3,0,1,2,A,-,05,21650,1,N,G,G,A,A,H,-,A,D,0,NA,Y,NA,NA,Y,NA,L,04,0,1,0,0,0,0,1,0,0,-,-,NA,NA,LOS ANGELES,LOS ANGELES,-118.46748342,34.25360051
8361293,2017,2017-05-18,1953,2017-04-02,1930,1003,1953,7,5,6,1953,0,0,0,NA,0,001,CALIFORNIA BL,MARENGO AV,0,NA,Y,A,-,N,NA,NA,NA,NA,NA,NA,NA,NA,NA,Y,4,0,1,2,A,-,08,22107,NA,N,-,C,A,A,H,-,C,A,0,NA,NA,NA,NA,Y,NA,-,-,0,0,1,0,0,0,0,0,0,-,-,NA,NA,LOS ANGELES,PASADENA,-118.14586008,34.13581011
8361295,2017,2017-05-24,1942,2017-04-14,0645,38471,1963,5,5,7,1942,0,0,0,NA,0,19TL73,SYLMAR AV,PLUMMER ST,0,NA,Y,A,-,N,NA,NA,NA,NA,NA,NA,NA,NA,NA,Y,4,0,3,4,A,-,12,21453,A,N,B,C,A,A,H,-,A,A,0,NA,NA,NA,NA,Y,NA,A,01,0,0,3,0,0,0,0,0,0,-,-,NA,NA,LOS ANGELES,LOS ANGELES,-118.44806,34.2426601
8361296,2017,2017-05-18,1942,2017-04-20,2100,42438,1037,4,5,7,1942,0,0,0,J,0,10A17,VANOWEN ST,WHITE OAK AV,30,W,N,A,-,N,NA,NA,NA,NA,NA,NA,NA,NA,NA,Y,4,0,3,2,A,-,04,21703,NA,N,C,C,A,A,H,-,C,A,0,NA,NA,NA,NA,Y,NA,A,01,0,0,3,0,0,0,0,0,0,-,-,NA,NA,LOS ANGELES,LOS ANGELES,-118.51867903,34.19387