CASE_ID,ACCIDENT_YEAR,PROC_DATE,JURIS,COLLISION_DATE,COLLISION_TIME,OFFICER_ID,REPORTING_DISTRICT,DAY_OF_WEEK,CHP_SHIFT,POPULATION,CNTY_CITY_LOC,SPECIAL_COND,BEAT_TYPE,CHP_BEAT_TYPE,CITY_DIVISION_LAPD,CHP_BEAT_CLASS,BEAT_NUMBER,PRIMARY_RD,SECONDARY_RD,DISTANCE,DIRECTION,INTERSECTION,WEATHER_1,WEATHER_2,STATE_HWY_IND,CALTRANS_COUNTY,CALTRANS_DISTRICT,STATE_ROUTE,ROUTE_SUFFIX,POSTMILE_PREFIX,POSTMILE,LOCATION_TYPE,RAMP_INTERSECTION,SIDE_OF_HWY,TOW_AWAY,COLLISION_SEVERITY,NUMBER_KILLED,NUMBER_INJURED,PARTY_COUNT,PRIMARY_COLL_FACTOR,PCF_CODE_OF_VIOL,PCF_VIOL_CATEGORY,PCF_VIOLATION,PCF_VIOL_SUBSECTION,HIT_AND_RUN,TYPE_OF_COLLISION,MVIW,PED_ACTION,ROAD_SURFACE,ROAD_COND_1,ROAD_COND_2,LIGHTING,CONTROL_DEVICE,CHP_ROAD_TYPE,PEDESTRIAN_ACCIDENT,BICYCLE_ACCIDENT,MOTORCYCLE_ACCIDENT,TRUCK_ACCIDENT,NOT_PRIVATE_PROPERTY,ALCOHOL_INVOLVED,STWD_VEHTYPE_AT_FAULT,CHP_VEHTYPE_AT_FAULT,COUNT_SEVERE_INJ,COUNT_VISIBLE_INJ,COUNT_COMPLAINT_PAIN,COUNT_PED_KILLED,COUNT_PED_INJURED,COUNT_BICYCLIST_KILLED,COUNT_BICYCLIST_INJURED,COUNT_MC_KILLED,COUNT_MC_INJURED,PRIMARY_RAMP,SECONDARY_RAMP,LATITUDE,LONGITUDE,COUNTY,CITY,POINT_X,POINT_Y
8361297,2017,2017-05-23,1953,2017-04-02,2021,9511,1953,7,5,6,1953,0,0,0,NA,0,002,WASHINGTON BL,GARFIELD AV,0,NA,Y,A,-,N,NA,NA,NA,NA,NA,NA,NA,NA,NA,Y,3,0,2,2,A,-,09,21804,A,N,D,C,A,A,H,-,C,D,0,NA,NA,NA,NA,Y,NA,-,-,0,1,1,0,0,0,0,0,0,-,-,NA,NA,LOS ANGELES,PASADENA,-118.14390004,34.16890011
8361299,2017,2017-05-19,1942,2017-04-27,1725,39217,1955,4,5,7,1942,0,0,0,NA,0,17TL16,WOODMAN AV,SAN JOSE ST,0,NA,Y,A,-,N,NA,NA,NA,NA,NA,NA,NA,NA,NA,N,4,0,2,2,A,-,09,21800,A,N,D,C,A,A,H,-,A,A,0,NA,NA,NA,NA,Y,NA,A,01,0,0,2,0,0,0,0,0,0,-,-,NA,NA,LOS ANGELES,LOS ANGELES,-118.45434003,34.26082007
8361300,2017,2017-06-01,1942,2017-04-21,1545,42565,1078,5,5,7,1942,0,0,0,J,0,10A39,BALBOA BL,VENTURA BL,50,N,N,A,-,N,NA,NA,NA,NA,NA,NA,NA,NA,NA,N,4,0,1,2,A,-,09,21804,A,N,D,C,A,A,H,-,A,A,0,NA,NA,NA,NA,Y,NA,A,07,0,0,1,0,0,0,0,0,0,-,-,NA,NA,LOS ANGELES,LOS ANGELES,-118.50109,34.15939578
8361301,2017,2017-05-18,1953,2017-04-03,0811,5607,1953,1,5,6,1953,0,0,0,NA,0,005,LAKE AV,COLORADO BL,0,NA,Y,B,-,N,NA,NA,NA,NA,NA,NA,NA,NA,NA,N,4,0,1,2,A,-,09,21801,A,M,A,C,A,A,H,-,A,A,0,NA,NA,NA,NA,Y,NA,-,NA,0,0,1,0,0,0,0,0,0,-,-,NA,NA,LOS ANGELES,PASADENA,-118.1323401,34.14589002
8361303,2017,2017-05-24,1942,2017-04-05,0840,38492,RD190,3,5,7,1942,0,0,0,NA,0,19A1,FENTON AV,FERNMONT ST,169,S,N,A,-,N,NA,NA,NA,NA,NA,NA,NA,NA,NA,Y,3,0,1,1,A,-,03,22350,NA,N,B,I,A,A,H,-,A,D,0,NA,NA,NA,NA,Y,NA,A,01,0,1,0,0,0,0,0,0,0,-,-,NA,NA,LOS ANGELES,LOS ANGELES,-118.41819034,34.30728248
8361304,2017,2017-05-18,1942,2017-04-23,0230,42204,1045,7,5,7,1942,0,0,0,J,0,10A99,BURBANK BL,LINDLEY AV,0,NA,Y,A,-,N,NA,NA,NA,NA,NA,NA,NA,NA,NA,Y,3,0,2,3,A,-,03,22350,NA,N,C,C,A,A,H,-,C,A,0,NA,NA,NA,NA,Y,NA,A,01,0,1,1,0,0,0,0,0,0,-,-,NA,NA,LOS ANGELES,LOS ANGELES,-118.52728007,34.17225007
8361305,2017,2017-05-18,1953,2017-04-03,1228,8091,PASAD,1,5,6,1953,0,0,0,NA,0,005,COLORADO BL,WILSON AV,0,NA,Y,A,-,N,NA,NA,NA,NA,NA,NA,NA,NA,NA,N,4,0,3,2,A,-,09,21801,A,N,D,C,A,A,H,-,A,A,0,NA,NA,NA,NA,Y,NA,A,07,0,0,3,0,0,0,0,0,0,-,-,NA,NA,LOS ANGELES,PASADENA,-118.12807012,34.14594003
8361307,2017,2017-05-19,1942,2017-04-07,1725,39217,1999,5,5,7,1942,0,0,0,NA,0,17TL16,WOODMAN AV,WILLARD ST,0,NA,Y,A,-,N,NA,NA,NA,NA,NA,NA,NA,NA,NA,N,4,0,1,2,A,-,09,21801,A,N,D,C,A,A,H,-,A,A,0,NA,NA,NA,NA,Y,NA,A,01,0,0,1,0,0,0,0,0,0,-,-,NA,NA,LOS ANGELES,LOS ANGELES,-118.43091008,34.21771007
8361308,2017,2017-05-18,1942,2017-04-23,0240,41293,1035,7,5,7,1942,0,0,0,J,0,10A39,VANOWEN ST,VANOWEN ST 18226,0,NA,-,A,-,N,NA,NA,NA,NA,NA,NA,NA,NA,NA,Y,3,0,2,3,A,-,08,22107,NA,N,E,E,A,A,H,-,C,D,0,NA,NA,NA,NA,Y,NA,A,01,0,1,1,0,0,0,0,0,0,-,-,NA,NA,LOS ANGELES,LOS ANGELES,NA,NA
8361309,2017,2017-05-18,1953,2017-04-03,1443,9001,1953,1,5,6,1953,0,0,0,NA,0,003,ALLEN AV,CASA GRANDE ST,0,NA,Y,A,-,N,NA,NA,NA,NA,NA,NA,NA,NA,NA,Y,4,0,1,2,A,-,09,21801,A,N,-,C,A,A,H,-,A,A,0,NA,NA,NA,NA,Y,NA,-,-,0,0,1,0,0,0,0,0,0,-,-,NA,NA,LOS ANGELES,PASADENA,-118.11310013,34.16415001
8361311,2017,2017-05-19,1942,2017-04-12,1600,40165,1934,3,5,7,1942,0,0,0,NA,0,9TL56,RINALDI ST,SEPULVEDA BL,0,NA,Y,A,-,N,NA,NA,NA,NA,NA,NA,NA,NA,NA,Y,3,0,3,2,A,-,09,21801,A,N,D,C,A,A,H,-,A,A,0,NA,NA,NA,NA,Y,NA,A,01,0,2,1,0,0,0,0,0,0,-,-,NA,NA,LOS ANGELES,LOS ANGELES,-118.46879001,34.27909011
8361312,2017,2017-05-18,1942,2017-04-16,1300,39576,1005,7,5,7,1942,0,0,0,J,0,10A3,LINDLEY AV,KESWICK ST,0,NA,Y,A,-,N,NA,NA,NA,NA,NA,NA,NA,NA,NA,Y,4,0,4,2,A,-,09,21802,A,N,D,C,A,A,H,-,A,A,0,NA,NA,NA,NA,Y,NA,A,01,0,0,4,0,0,0,0,0,0,-,-,NA,NA,LOS ANGELES,LOS ANGELES,-118.52734,34.21068008
8361313,2017,2017-05-18,1953,2017-04-04,1018,5828,PASAD,2,5,6,1953,0,0,0,NA,0,NA,LAKE AV,VILLA ST,0,NA,Y,A,-,N,NA,NA,NA,NA,NA,NA,NA,NA,NA,Y,4,0,1,2,A,-,08,22107,NA,N,-,C,A,A,H,-,A,A,0,NA,NA,NA,NA,Y,NA,A,01,0,0,1,0,0,0,0,0,0,-,-,NA,NA,LOS ANGELES,PASADENA,-118.13243002,34.15427002
8361315,2017,2017-05-19,1942,2017-04-25,1520,33294,1987,2,5,7,1942,0,0,0,NA,0,35M51,WOODMAN AV,ROSCOE BL,155,N,N,A,-,N,NA,NA,NA,NA,NA,NA,NA,NA,NA,N,4,0,3,2,A,-,08,22100,B,N,B,C,A,A,H,-,A,A,0,NA,NA,NA,NA,Y,NA,A,01,0,0,3,0,0,0,0,0,0,-,-,NA,NA,LOS ANGELES,LOS ANGELES,-118.43274254,34.2221051
8361316,2017,2017-05-18,1942,2017-04-04,1620,30471,1043,2,5,7,1942,0,0,0,J,0,10W91,RESEDA BL,COLLINS ST,123,N,N,A,-,N,NA,NA,NA,NA,NA,NA,NA,NA,NA,N,4,0,1,2,A,-,11,21950,B,N,G,B,D,A,H,-,A,A,0,Y,NA,NA,NA,Y,NA,N,60,0,0,1,0,0,0,0,0,0,-,-,NA,NA,LOS ANGELES,LOS ANGELES,-118.53600785,34.17524735
8361317,2017,2017-05-18,1953,2017-04-04,2135,8981,PASAD,2,5,6,1953,0,0,0,NA,0,002,EL MOLINO AV,ORANGE GROVE BL,200,N,N,A,-,N,NA,NA,NA,NA,NA,NA,NA,NA,NA,Y,4,0,1,1,A,-,03,22350,A,N,F,I,A,A,H,-,C,D,0,NA,NA,NA,NA,Y,Y,-,-,0,0,1,0,0,0,0,0,0,-,-,NA,NA,LOS ANGELES,PASADENA,-118.13698788,34.15833822
8361319,2017,2017-05-19,1942,2017-04-24,1540,37353,1902,1,5,7,1942,0,0,0,NA,0,10TL36,FOOTHILL BL,GLENOAKS BL,1115,S,N,A,-,N,NA,NA,NA,NA,NA,NA,NA,NA,NA,Y,3,0,1,3,A,-,08,22107,NA,N,C,E,A,A,H,-,A,D,0,NA,NA,NA,NA,Y,NA,A,01,0,1,0,0,0,0,0,0,0,-,-,NA,NA,LOS ANGELES,LOS ANGELES,-118.46949,34.32298
8361320,2017,2017-05-18,1942,2017-04-30,1840,32828,1034,7,5,7,1942,0,0,0,J,0,35T40,VICTORY BL,ETIWANDA AV,31,W,N,A,-,N,NA,NA,NA,NA,NA,NA,NA,NA,NA,Y,4,0,1,2,A,-,03,22350,NA,N,C,C,A,A,H,-,A,A,0,NA,NA,NA,NA,Y,NA,A,07,0,0,1,0,0,0,0,0,0,-,-,NA,NA,LOS ANGELES,LOS ANGELES,-118.53179233,34.18656
8361321,2017,2017-05-18,1953,2017-04-04,1424,5828,PASAD,2,5,6,1953,0,0,0,NA,0,NA,BRAINARD ALY,MARENGO AV,0,NA,Y,A,-,N,NA,NA,NA,NA,NA,NA,NA,NA,NA,N,3,0,1,2,A,-,03,22350,NA,N,D,G,A,A,H,-,A,D,0,NA,Y,NA,NA,Y,NA,A,01,0,1,0,0,0,0,1,0,0,-,-,NA,NA,LOS ANGELES,PASADENA,NA,NA
8361323,2017,2017-05-19,1942,2017-04-22,0830,30452,1977,6,5,7,1942,0,0,0,NA,0,9T53,WOODMAN AV,PARTHENIA ST,265,N,N,A,-,N,NA,NA,NA,NA,NA,NA,NA,NA,NA,Y,3,0,1,1,A,-,03,22350,NA,N,E,I,A,A,H,-,A,D,0,NA,NA,Y,NA,Y,NA,C,02,0,1,0,0,0,0,0,0,1,-,-,NA,NA,LOS ANGELES,LOS ANGELES,-118.4366548,34.23028585
8361324,2017,2017-05-18,1942,2017-04-20,0855,39096,1049,4,5,7,1942,0,0,0,J,0,10TL35,ODESSA AV,VICTORY BL,0,NA,Y,A,-,N,NA,NA,NA,NA,NA,NA,NA,NA,NA,Y,4,0,1,2,A,-,09,21802,A,N,D,C,A,A,H,-,A,A,0,NA,NA,NA,NA,Y,NA,A,01,0,0,1,0,0,0,0,0,0,-,-,NA,NA,LOS ANGELES,LOS ANGELES,-118.49020009,34.18661001
8361325,2017,2017-05-23,1953,2017-04-05,1515,7306,1953,3,5,6,1953,0,0,0,NA,0,001,ARROYO PKWY,DEL MAR BL,0,NA,Y,A,-,N,NA,NA,NA,NA,NA,NA,NA,NA,NA,N,4,0,1,2,A,-,12,21453,A,N,D,C,A,A,H,-,A,D,0,NA,NA,NA,NA,Y,NA,-,-,0,0,1,0,0,0,0,0,0,-,-,NA,NA,LOS ANGELES,PASADENA,-118.14752001,34.14052005
8361327,2017,2017-05-19,1942,2017-04-17,1950,38383,1959,1,5,7,1942,0,0,0,NA,0,21T65,VAN NUYS BL,ARLETA AV,491,W,N,A,-,N,NA,NA,NA,NA,NA,NA,NA,NA,NA,N,2,0,1,2,A,-,11,21955,NA,N,G,B,D,A,H,-,B,D,0,Y,NA,NA,NA,Y,Y,N,60,1,0,0,0,1,0,0,0,0,-,-,NA,NA,LOS ANGELES,LOS ANGELES,-118.43991061,34.25311319
8361328,2017,2017-05-18,1942,2017-04-19,1110,30830,1007,3,5,7,1942,0,0,0,J,0,16T23,SATICOY ST,BALBOA BL,0,NA,Y,A,-,N,NA,NA,NA,NA,NA,NA,NA,NA,NA,Y,3,0,3,2,A,-,09,21801,A,N,D,C,A,A,H,-,A,A,0,NA,NA,NA,NA,Y,NA,A,07,0,1,2,0,0,0,0,0,0,-,-,NA,NA,LOS ANGELES,LOS ANGELES,-118.5011601,34.20842001
8361329,2016,2017-05-18,1953,2016-04-05,1822,7868,1953,2,5,6,1953,0,0,0,NA,0,002,LINCOLN AV,BARTHE ST,300,S,N,A,-,N,NA,NA,NA,NA,NA,NA,NA,NA,NA,N,4,0,1,2,A,-,17,22517,NA,N,B,C,A,A,H,-,A,D,0,NA,NA,NA,NA,Y,NA,A,01,0,0,1,0,0,0,0,0,0,-,-,NA,NA,LOS ANGELES,PASADENA,-118.15676798,34.1581829
8361331,2017,2018-04-25,1942,2017-04-06,1410,34282,1941,4,5,7,1942,0,0,0,NA,0,19L40,RT 118,SEPULVEDA BL,3,W,N,A,-,Y,LA,7,118,-,R,9.888,R,3,E,N,4,0,1,2,A,-,09,21804,A,N,D,G,A,A,H,-,A,A,0,NA,Y,NA,NA,Y,NA,L,04,0,0,1,0,0,0,1,0,0,EF,-,NA,NA,LOS ANGELES,LOS ANGELES,-118.47086633,34.26586993
8361332,2017,2017-06-01,1942,2017-04-24,0855,40290,1001,1,5,7,1942,0,0,0,J,0,10A99,SATICOY ST,VANALDEN AV,0,NA,Y,A,-,N,NA,NA,NA,NA,NA,NA,NA,NA,NA,Y,3,0,2,2,A,-,09,21801,A,N,A,C,A,A,H,-,A,A,0,NA,NA,NA,NA,Y,NA,A,01,0,1,1,0,0,0,0,0,0,-,-,NA,NA,LOS ANGELES,LOS ANGELES,-118.5491901,34.20836001
8361334,2017,2017-05-18,1942,2017-04-30,2115,33223,1513,7,5,7,1942,0,0,0,O,0,15A85,WHITSETT AV,VANOWEN ST,269,N,N,A,-,N,NA,NA,NA,NA,NA,NA,NA,NA,NA,N,4,0,1,3,A,-,01,23152,A,F,C,C,A,A,H,-,C,D,0,NA,NA,NA,NA,Y,Y,A,01,0,0,1,0,0,0,0,0,0,-,-,NA,NA,LOS ANGELES,LOS ANGELES,-118.40528,34.19468782
8361335,2017,2017-05-19,1942,2017-04-10,0805,38996,1917,1,5,7,1942,0,0,0,NA,0,10TL37,SAYRE ST,FOOTHILL BL,50,N,N,A,-,N,NA,NA,NA,NA,NA,NA,NA,NA,NA,N,4,0,2,2,A,-,03,22350,NA,N,C,C,A,A,H,-,A,D,0,NA,NA,NA,NA,Y,NA,A,07,0,0,2,0,0,0,0,0,0,-,-,NA,NA,LOS ANGELES,LOS ANGELES,-118.43366603,34.31022932
8361336,2017,2017-06-09,1942,2017-04-06,1755,34599,1037,4,5,7,1942,0,0,0,J,0,17T17,VICTORY BL,BALBOA BL,300,W,N,A,-,N,NA,NA,NA,NA,NA,NA,NA,NA,NA,N,4,0,2,2,A,-,07,21658,A,N,B,C,A,A,H,-,A,A,0,NA,NA,NA,NA,Y,NA,-,-,0,0,2,0,0,0,0,0,0,-,-,NA,NA,LOS ANGELES,LOS ANGELES,-118.50209025,34.18663
8361339,2017,2017-05-24,1942,2017-04-07,1330,40165,1918,5,5,7,1942,0,0,0,NA,0,9TL56,FOOTHILL BL,ARROYO ST,890,N,N,A,-,N,NA,NA,NA,NA,NA,NA,NA,NA,NA,Y,4,0,1,2,A,-,09,21804,A,N,D,C,A,A,H,-,A,D,0,NA,NA,NA,NA,Y,NA,A,01,0,0,1,0,0,0,0,0,0,-,-,NA,NA,LOS ANGELES,LOS ANGELES,-118.4163715,34.29460612
8361340,2017,2017-06-09,1942,2017-04-14,0745,30830,1045,5,5,7,1942,0,0,0,J,0,16TL23,OXNARD ST,WHITE OAK AV,0,NA,Y,A,-,N,NA,NA,NA,NA,NA,NA,NA,NA,NA,Y,4,0,2,2,A,-,12,21453,A,N,D,C,A,A,H,-,A,A,0,NA,NA,NA,NA,Y,NA,-,-,0,0,2,0,0,0,0,0,0,-,-,NA,NA,LOS ANGELES,LOS ANGELES,-118.51850004,34.18014001
8361342,2017,2017-05-18,1942,2017-04-30,0825,30452,1966,7,5,7,1942,0,0,0,NA,0,9TL53,WOODMAN AV,TERRA BELLA ST,7,S,N,A,-,N,NA,NA,NA,NA,NA,NA,NA,NA,NA,N,2,0,1,2,A,-,09,21804,A,F,H,G,A,A,H,-,A,D,0,NA,Y,NA,NA,Y,NA,L,04,1,0,0,0,0,0,1,0,0,-,-,NA,NA,LOS ANGELES,LOS ANGELES,-118.44351891,34.23991315
8361343,2017,2017-05-19,1942,2017-04-09,1100,40119,1988,7,5,7,1942,0,0,0,NA,0,15TL47,SNOWDEN AV,MUSCATINE ST,0,NA,Y,A,-,N,NA,NA,NA,NA,NA,NA,NA,NA,NA,N,3,0,1,2,A,-,09,21802,A,N,D,G,A,A,H,-,A,A,0,NA,Y,NA,NA,Y,NA,L,04,0,1,0,0,0,0,1,0,0,-,-,NA,NA,LOS ANGELES,LOS ANGELES,-118.43065011,34.22553002
8361344,2017,2017-05-18,1942,2017-04-15,1400,36755,1018,6,5,7,1942,0,0,0,J,0,16TL28,WOODLEY AV,BLYTHE ST,0,NA,Y,A,-,N,NA,NA,NA,NA,NA,NA,NA,NA,NA,Y,4,0,1,2,A,-,09,21802,A,N,D,C,A,A,H,-,A,A,0,NA,NA,NA,NA,Y,NA,A,01,0,0,1,0,0,0,0,0,0,-,-,NA,NA,LOS ANGELES,LOS ANGELES,-118.48368003,34.21475011
8361345,2017,2017-05-18,1900,2017-04-21,1135,606649,0453,5,5,6,1949,0,0,0,NA,0,45T1,FOSTER RD,JERSEY AV,126,W,N,A,-,N,NA,NA,NA,NA,NA,NA,NA,NA,NA,N,3,0,1,2,A,-,08,22103,NA,N,D,C,A,A,H,-,A,D,0,NA,NA,Y,NA,Y,NA,A,01,0,1,0,0,0,0,0,0,1,-,-,NA,NA,LOS ANGELES,NORWALK,-118.08621,33.91017
8361346,2017,2017-07-07,1942,2017-04-28,1920,39738,NA,5,5,7,1942,0,0,0,NA,0,19X4,PARTHENIA ST,SEPULVEDA BL,0,NA,Y,A,-,N,NA,NA,NA,NA,NA,NA,NA,NA,NA,N,4,0,1,2,A,-,03,22350,NA,F,C,C,A,A,H,-,A,A,0,NA,NA,NA,NA,Y,NA,-,99,0,0,1,0,0,0,0,0,0,-,-,NA,NA,LOS ANGELES,LOS ANGELES,-118.46766012,34.22827003
8361347,2017,2017-05-19,1942,2017-04-14,1450,40928,1999,5,5,7,1942,0,0,0,NA,0,17TL14,WOODMAN AV,LANARK ST,280,N,N,A,-,N,NA,NA,NA,NA,NA,NA,NA,NA,NA,Y,3,0,2,2,A,-,09,21801,A,N,D,C,A,A,H,-,A,D,0,NA,NA,NA,NA,Y,NA,A,01,0,1,1,0,0,0,0,0,0,-,-,NA,NA,LOS ANGELES,LOS ANGELES,-118.4321,34.21948
8361348,2017,2017-05-18,1942,2017-04-15,1810,36801,1001,6,5,7,1942,0,0,0,J,0,1942,TAMPA AV,ROSCOE BL,0,NA,Y,A,-,N,NA,NA,NA,NA,NA,NA,NA,NA,NA,Y,4,0,1,2,A,-,09,21801,A,N,D,C,A,A,H,-,A,A,0,NA,NA,NA,NA,Y,NA,A,01,0,0,1,0,0,0,0,0,0,-,-,NA,NA,LOS ANGELES,LOS ANGELES,-118.55351004,34.22048007
8361349,2017,2017-05-18,1900,2017-04-26,0804,51702,0453,3,5,6,1949,0,0,0,NA,0,45T1AM,BRIMLEY ST,ALBURTIS AV,65,E,N,A,-,N,NA,NA,NA,NA,NA,NA,NA,NA,NA,N,4,0,1,2,A,-,11,21954,A,N,G,B,D,A,H,-,A,A,0,Y,NA,NA,NA,Y,NA,N,60,0,0,1,0,1,0,0,0,0,-,-,NA,NA,LOS ANGELES,NORWALK,-118.08402624,33.90657
8361350,2017,2017-05-18,1942,2017-04-19,1650,38471,1964,3,5,7,1942,0,0,0,NA,0,17T16,NORDHOFF ST,VAN NUYS BL,20,W,N,A,-,N,NA,NA,NA,NA,NA,NA,NA,NA,NA,N,4,0,1,2,A,-,08,22100,A,N,D,C,A,A,H,-,A,A,0,NA,NA,NA,NA,Y,NA,A,01,0,0,1,0,0,0,0,0,0,-,-,NA,NA,LOS ANGELES,LOS ANGELES,-118.45031604,34.23541083
8361351,2017,2017-05-22,1942,2017-04-16,0735,41158,1979,7,5,7,1942,0,0,0,NA,0,19TL73,ARLETA AV,BRANDFORD ST,0,NA,Y,A,-,N,NA,NA,NA,NA,NA,NA,NA,NA,NA,Y,4,0,3,3,A,-,12,21453,A,N,D,C,A,A,H,-,A,A,0,NA,NA,NA,NA,Y,NA,A,01,0,0,3,0,0,0,0,0,0,-,-,NA,NA,LOS ANGELES,LOS ANGELES,-118.41979,34.23613
8361352,2017,2017-05-18,1942,2017-04-27,0735,41239,1045,4,5,7,1942,0,0,0,J,0,16TL25,LINDLEY AV,BURBANK BL,0,NA,Y,A,-,N,NA,NA,NA,NA,NA,NA,NA,NA,NA,Y,3,0,3,2,A,-,09,21801,A,N,D,C,A,A,H,-,A,A,0,NA,NA,NA,NA,Y,NA,A,01,0,2,1,0,0,0,0,0,0,-,-,NA,NA,LOS ANGELES,LOS ANGELES,-118.52728007,34.17225007
8361353,2017,2017-05-18,1900,2017-04-23,0030,540314,0452,7,5,6,1949,0,0,0,NA,0,43T1,PIONEER BL,LAKELAND AV,110,S,N,A,-,N,NA,NA,NA,NA,NA,NA,NA,NA,NA,Y,4,0,1,6,A,-,01,23152,A,N,C,E,A,A,H,-,C,D,0,NA,NA,NA,NA,Y,Y,A,01,0,0,1,0,0,0,0,0,0,-,-,NA,NA,LOS ANGELES,NORWALK,-118.08189,33.9313865
8361354,2017,2017-05-18,1942,2017-04-24,1525,42761,1916,1,5,7,1942,0,0,0,NA,0,19A79,BORDEN AV,BERG ST,0,NA,Y,A,-,N,NA,NA,NA,NA,NA,NA,NA,NA,NA,N,3,0,2,2,A,-,04,21703,NA,N,B,C,A,A,H,-,A,D,0,NA,NA,Y,NA,Y,NA,C,02,0,1,1,0,0,0,0,0,1,-,-,NA,NA,LOS ANGELES,LOS ANGELES,-118.44237001,34.30686005
8361355,2017,2017-05-24,1942,2017-04-17,1610,39258,1993,1,5,7,1942,0,0,0,NA,0,1610,SEPULVEDA PL,BURTON ST,120,S,N,A,-,N,NA,NA,NA,NA,NA,NA,NA,NA,NA,N,4,0,1,2,A,-,10,21954,B,N,G,B,D,A,H,-,A,A,0,Y,NA,NA,NA,Y,NA,A,01,0,0,1,0,1,0,0,0,0,-,-,NA,NA,LOS ANGELES,LOS ANGELES,-118.46620644,34.21974113
8361356,2017,2017-05-19,1942,2017-04-23,1320,40038,1063,7,5,7,1942,0,0,0,J,0,10X44,RESEDA BL,BURBANK BL,0,NA,Y,A,-,N,NA,NA,NA,NA,NA,NA,NA,NA,NA,Y,4,0,1,2,A,-,03,22350,NA,N,C,C,A,A,H,-,A,A,0,NA,NA,Y,NA,Y,NA,A,07,0,0,1,0,0,0,0,0,1,-,-,NA,NA,LOS ANGELES,LOS ANGELES,-118.53600001,34.17234005
8361358,2017,2017-05-18,1942,2017-04-25,0930,41497,1958,2,5,7,1942,0,0,0,NA,0,16T23,VAN NUYS BL,BEECHY AV,0,NA,Y,A,-,N,NA,NA,NA,NA,NA,NA,NA,NA,NA,N,3,0,3,2,A,-,09,21801,A,N,D,C,A,A,H,-,A,A,0,NA,NA,NA,NA,Y,NA,A,07,0,1,2,0,0,0,0,0,0,-,-,NA,NA,LOS ANGELES,LOS ANGELES,-118.44198002,34.25160011
8361359,2017,2017-05-22,1942,2017-04-17,1205,37304,1999,1,5,7,1942,0,0,0,NA,0,21TL64,WOODMAN AV,ROSCOE BL,45,S,N,A,-,N,NA,NA,NA,NA,NA,NA,NA,NA,NA,N,4,0,2,2,A,-,03,22350,NA,N,C,C,A,A,H,-,A,A,0,NA,NA,NA,NA,Y,NA,A,01,0,0,2,0,0,0,0,0,0,-,-,NA,NA,LOS ANGELES,LOS ANGELES,-118.43275,34.22155657
8361360,2017,2017-05-19,1942,2017-04-18,1745,40291,1018,2,5,7,1942,0,0,0,J,0,15T44,SHERMAN WY,WOODLEY AV,0,NA,Y,A,-,N,NA,NA,NA,NA,NA,NA,NA,NA,NA,Y,4,0,1,2,A,-,09,21801,A,N,A,C,A,A,H,-,A,A,0,NA,NA,NA,NA,Y,NA,A,01,0,0,1,0,0,0,0,0,0,-,-,NA,NA,LOS ANGELES,LOS ANGELES,-118.48368005,34.20117009
8361361,2017,2017-05-18,1953,2017-04-03,1708,1645,1953,1,5,6,1953,0,0,0,NA,0,003,CALIFORNIA,SIERRA BONITA,50,W,N,A,-,N,NA,NA,NA,NA,NA,NA,NA,NA,NA,Y,3,0,1,1,A,-,03,22350,NA,N,E,I,A,-,H,-,A,A,0,NA,NA,NA,NA,Y,NA,A,07,0,1,0,0,0,0,0,0,0,-,-,NA,NA,LOS ANGELES,PASADENA,-118.11735485,34.13587254
8361365,2017,2017-05-18,1942,2017-04-19,0645,41239,1039,3,5,7,1942,0,0,0,J,0,15T47,WOODLEY AV,KITTRIDGE ST,160,S,N,A,-,N,NA,NA,NA,NA,NA,NA,NA,NA,NA,Y,3,0,1,2,A,-,17,21209,A,N,D,C,A,A,H,-,A,A,0,NA,NA,Y,NA,Y,NA,C,02,0,1,0,0,0,0,0,0,1,-,-,NA,NA,LOS ANGELES,LOS ANGELES,-118.48365,34.18984112
8361369,2017,2017-05-18,1942,2017-04-20,2130,38273,1045,4,5,7,1942,0,0,0,J,0,17T13,LINDLEY AV,MIRANDA ST,200,S,N,A,-,N,NA,NA,NA,NA,NA,NA,NA,NA,NA,Y,3,0,3,3,A,-,09,21804,A,N,D,C,A,A,H,-,C,D,0,NA,NA,NA,NA,Y,NA,A,01,0,2,1,0,0,0,0,0,0,-,-,NA,NA,LOS ANGELES,LOS ANGELES,-118.52727246,34.17393138
8361373,2017,2017-05-18,1942,2017-04-19,1750,40641,1021,3,5,7,1942,0,0,0,J,0,10X12,VANOWEN ST,TAMPA AV,0,NA,Y,A,-,N,NA,NA,NA,NA,NA,NA,NA,NA,NA,Y,4,0,2,3,A,-,09,21801,A,N,A,C,A,A,H,-,A,A,0,NA,NA,NA,NA,Y,NA,A,01,0,0,2,0,0,0,0,0,0,-,-,NA,NA,LOS ANGELES,LOS ANGELES,-118.55345008,34.19383003
8361376,2017,2017-05-23,1942,2017-05-02,1115,33504,1993,2,5,7,1942,0,0,0,NA,0,19TL77,BURNET AV,ROSCOE BL,50,N,N,A,-,N,NA,NA,NA,NA,NA,NA,NA,NA,NA,N,4,0,1,3,A,-,21,22106,NA,F,H,E,E,A,H,-,A,D,0,Y,NA,NA,NA,Y,NA,-,99,0,0,1,0,1,0,0,0,0,-,-,NA,NA,LOS ANGELES,LOS ANGELES,-118.46404,34.22145
8361377,2017,2017-05-18,1942,2017-04-27,0740,34427,1037,4,5,7,1942,0,0,0,J,0,9T53,VICTORY BL,FORBES AV,0,NA,Y,A,-,N,NA,NA,NA,NA,NA,NA,NA,NA,NA,Y,3,0,1,2,A,-,08,21460,5,N,D,C,A,A,H,-,A,A,0,NA,NA,Y,NA,Y,NA,A,01,0,1,0,0,0,0,0,0,1,-,-,NA,NA,LOS ANGELES,LOS ANGELES,-118.49916,34.18662009