CASE_ID,ACCIDENT_YEAR,PROC_DATE,JURIS,COLLISION_DATE,COLLISION_TIME,OFFICER_ID,REPORTING_DISTRICT,DAY_OF_WEEK,CHP_SHIFT,POPULATION,CNTY_CITY_LOC,SPECIAL_COND,BEAT_TYPE,CHP_BEAT_TYPE,CITY_DIVISION_LAPD,CHP_BEAT_CLASS,BEAT_NUMBER,PRIMARY_RD,SECONDARY_RD,DISTANCE,DIRECTION,INTERSECTION,WEATHER_1,WEATHER_2,STATE_HWY_IND,CALTRANS_COUNTY,CALTRANS_DISTRICT,STATE_ROUTE,ROUTE_SUFFIX,POSTMILE_PREFIX,POSTMILE,LOCATION_TYPE,RAMP_INTERSECTION,SIDE_OF_HWY,TOW_AWAY,COLLISION_SEVERITY,NUMBER_KILLED,NUMBER_INJURED,PARTY_COUNT,PRIMARY_COLL_FACTOR,PCF_CODE_OF_VIOL,PCF_VIOL_CATEGORY,PCF_VIOLATION,PCF_VIOL_SUBSECTION,HIT_AND_RUN,TYPE_OF_COLLISION,MVIW,PED_ACTION,ROAD_SURFACE,ROAD_COND_1,ROAD_COND_2,LIGHTING,CONTROL_DEVICE,CHP_ROAD_TYPE,PEDESTRIAN_ACCIDENT,BICYCLE_ACCIDENT,MOTORCYCLE_ACCIDENT,TRUCK_ACCIDENT,NOT_PRIVATE_PROPERTY,ALCOHOL_INVOLVED,STWD_VEHTYPE_AT_FAULT,CHP_VEHTYPE_AT_FAULT,COUNT_SEVERE_INJ,COUNT_VISIBLE_INJ,COUNT_COMPLAINT_PAIN,COUNT_PED_KILLED,COUNT_PED_INJURED,COUNT_BICYCLIST_KILLED,COUNT_BICYCLIST_INJURED,COUNT_MC_KILLED,COUNT_MC_INJURED,PRIMARY_RAMP,SECONDARY_RAMP,LATITUDE,LONGITUDE,COUNTY,CITY,POINT_X,POINT_Y
8362503,2017,2017-05-10,1942,2017-04-13,0925,32973,0438,4,5,7,1942,0,0,0,D,0,24T43,CESAR E CHAVEZ AV,EVERGREEN AV,10,W,N,B,-,N,NA,NA,NA,NA,NA,NA,NA,NA,NA,N,4,0,1,2,A,-,12,21453,A,N,D,G,A,A,H,-,A,A,0,NA,Y,NA,NA,Y,NA,-,-,0,0,1,0,0,0,1,0,0,-,-,NA,NA,LOS ANGELES,LOS ANGELES,-118.20044911,34.04358284
8362511,2017,2017-05-10,1942,2017-04-28,1500,31557,2158,5,5,7,1942,0,0,0,NA,0,35M33,VICTORY BL,MASON AV,1060,NA,N,A,-,N,NA,NA,NA,NA,NA,NA,NA,NA,NA,N,4,0,1,2,A,-,07,21658,A,N,B,C,A,A,H,-,A,A,0,NA,NA,NA,NA,Y,NA,A,01,0,0,1,0,0,0,0,0,0,-,-,NA,NA,LOS ANGELES,LOS ANGELES,-118.57968003,34.18840007
8362515,2017,2017-05-12,1900,2017-05-01,0941,527065,1125,1,5,6,1992,0,0,0,NA,0,112T2,AVENUE J,15TH ST WEST,153,E,N,A,-,N,NA,NA,NA,NA,NA,NA,NA,NA,NA,Y,3,0,1,3,A,-,03,22350,NA,N,C,C,A,A,H,-,A,A,0,NA,NA,NA,NA,Y,NA,D,22,0,1,0,0,0,0,0,0,0,-,-,NA,NA,LOS ANGELES,LANCASTER,-118.1563321,34.68943
8362518,2017,2017-05-10,1942,2017-04-21,1750,40542,1782,5,5,7,1942,0,0,0,Q,0,10T38,NORDHOFF ST,CORBIN AV,0,NA,Y,A,-,N,NA,NA,NA,NA,NA,NA,NA,NA,NA,Y,3,0,2,3,A,-,12,21453,A,N,A,C,A,A,H,-,A,A,0,NA,NA,NA,NA,Y,NA,A,01,0,1,1,0,0,0,0,0,0,-,-,NA,NA,LOS ANGELES,LOS ANGELES,-118.56230004,34.23548004
8362519,2017,2017-05-13,1942,2017-04-19,1105,42653,2158,3,5,7,1942,0,0,0,NA,0,21A1,VICTORY BL,MASON AV,90,W,N,A,-,N,NA,NA,NA,NA,NA,NA,NA,NA,NA,Y,4,0,1,3,A,-,01,23152,B,N,C,C,A,A,H,-,A,D,0,NA,NA,NA,NA,Y,NA,A,01,0,0,1,0,0,0,0,0,0,-,-,NA,NA,LOS ANGELES,LOS ANGELES,-118.57997707,34.18839638
8362523,2017,2017-05-10,1942,2017-04-22,1830,36599,2189,6,5,7,1942,0,0,0,NA,0,15T45,VENTURA BL,PENFIELD AV,50,W,N,A,-,N,NA,NA,NA,NA,NA,NA,NA,NA,NA,N,4,0,1,2,A,-,01,23152,A,N,B,C,A,A,H,-,A,A,0,NA,NA,NA,NA,Y,Y,D,22,0,0,1,0,0,0,0,0,0,-,-,NA,NA,LOS ANGELES,LOS ANGELES,-118.56911947,34.17163187
8362527,2017,2017-05-10,1900,2017-04-28,1821,546182,1123,5,5,6,1992,0,0,0,NA,0,112T2,AVE J,BEECH AV,0,NA,Y,A,-,N,NA,NA,NA,NA,NA,NA,NA,NA,NA,Y,4,0,2,2,A,-,09,21801,A,N,D,C,A,A,H,-,B,A,0,NA,NA,NA,NA,Y,NA,A,07,0,0,2,0,0,0,0,0,0,-,-,NA,NA,LOS ANGELES,LANCASTER,-118.13691004,34.6894401
8362531,2017,2018-04-25,1942,2017-04-28,1020,39096,2134,5,5,7,1942,0,0,0,NA,0,10TL35,SHERMAN WY,TOPANGA CANYON BL,0,NA,Y,A,-,Y,LA,7,27,-,-,14.55,I,5,S,N,4,0,1,2,A,-,04,21703,NA,N,C,C,A,A,H,-,A,A,0,NA,NA,NA,NA,Y,NA,D,22,0,0,1,0,0,0,0,0,0,-,-,NA,NA,LOS ANGELES,LOS ANGELES,-118.60602841,34.20108703
8362535,2017,2017-05-10,1942,2017-04-28,1525,36801,2157,5,5,7,1942,0,0,0,NA,0,10TL38,MASON AV,VANOWEN ST,370,N,N,A,-,N,NA,NA,NA,NA,NA,NA,NA,NA,NA,Y,3,0,4,2,A,-,05,21651,A,N,A,D,A,A,H,-,A,D,0,NA,NA,NA,NA,Y,NA,D,22,0,3,1,0,0,0,0,0,0,-,-,NA,NA,LOS ANGELES,LOS ANGELES,-118.57970076,34.19479501
8362539,2017,2017-05-10,1942,2017-04-08,2140,37080,2157,6,5,7,1942,0,0,0,NA,0,16T23,VANOWEN ST,DESOTO AV,0,NA,Y,B,-,N,NA,NA,NA,NA,NA,NA,NA,NA,NA,Y,3,0,3,4,A,-,12,21453,A,N,B,C,A,A,H,-,C,A,0,NA,NA,NA,NA,Y,NA,A,01,0,2,1,0,0,0,0,0,0,-,-,NA,NA,LOS ANGELES,LOS ANGELES,-118.5884201,34.19379001
8362543,2017,2017-05-11,1942,2017-04-09,0645,37353,2158,7,5,7,1942,0,0,0,NA,0,9TL53,VICTORY BL,WINNETKA AV,0,NA,Y,A,-,N,NA,NA,NA,NA,NA,NA,NA,NA,NA,Y,4,0,4,3,A,-,12,21453,A,N,A,C,A,A,H,-,A,A,0,NA,NA,NA,Y,Y,NA,A,01,0,0,4,0,0,0,0,0,0,-,-,NA,NA,LOS ANGELES,LOS ANGELES,-118.57097004,34.18573001
8362551,2017,2017-05-10,1942,2017-04-30,1455,37304,2185,7,5,7,1942,0,0,0,NA,0,21TL64,VILLEBOSO AV,AVENUE SAN LUIS,0,NA,Y,A,-,N,NA,NA,NA,NA,NA,NA,NA,NA,NA,Y,3,0,1,2,A,-,12,22450,A,N,D,C,A,A,H,-,A,A,0,NA,NA,NA,NA,Y,NA,D,22,0,1,0,0,0,0,0,0,0,-,-,NA,NA,LOS ANGELES,LOS ANGELES,-118.60823004,34.16597011
8362554,2017,2017-05-10,1969,2017-04-24,2138,10146,PATRO,1,5,5,1969,0,0,0,NA,0,004,FIRESTONE BL,ATLANTIC AV,225,W,N,A,-,N,NA,NA,NA,NA,NA,NA,NA,NA,NA,N,4,0,1,2,A,-,03,22350,NA,N,C,C,A,A,H,-,C,A,0,NA,NA,NA,NA,Y,NA,A,07,0,0,1,0,0,0,0,0,0,-,-,NA,NA,LOS ANGELES,SOUTH GATE,-118.18402873,33.95212165
8362555,2017,2017-05-24,1942,2017-04-12,1825,39217,2143,3,5,7,1942,0,0,0,NA,0,17TL16,VICTORY BL,FALLBROOK AV,0,NA,Y,A,-,N,NA,NA,NA,NA,NA,NA,NA,NA,NA,N,3,0,1,2,A,-,10,21950,A,N,G,C,E,A,H,-,A,A,0,Y,NA,NA,NA,Y,NA,D,22,0,1,0,0,1,0,0,0,0,-,-,NA,NA,LOS ANGELES,LOS ANGELES,-118.62339013,34.18646009
8362559,2017,2017-05-12,1942,2017-05-01,1450,36801,2143,1,5,7,1942,0,0,0,NA,0,10T34,FALLBROOK AV,CRISWELL ST,0,NA,Y,A,-,N,NA,NA,NA,NA,NA,NA,NA,NA,NA,Y,3,0,2,3,A,-,09,21801,A,N,-,C,A,A,H,-,A,A,0,NA,NA,NA,NA,Y,NA,A,01,0,2,0,0,0,0,0,0,0,-,-,NA,NA,LOS ANGELES,LOS ANGELES,-118.62340004,34.19066007
8362562,2017,2017-05-11,1920,2017-04-05,0657,12476,NA,3,5,6,1920,0,0,0,NA,0,001,FOSTER RD,BELLFLOWER BL,0,NA,Y,A,-,N,NA,NA,NA,NA,NA,NA,NA,NA,NA,Y,4,0,2,2,A,-,09,21801,A,N,A,C,A,A,H,-,A,A,0,NA,NA,NA,NA,Y,NA,A,07,0,0,2,0,0,0,0,0,0,-,-,NA,NA,LOS ANGELES,DOWNEY,-118.12536,33.90975006
8362564,2017,2017-05-11,1975,2017-04-20,1637,353,NA,4,5,6,1975,0,0,0,NA,0,NA,PACIFIC AV,GARVEY AV,322,W,N,A,-,N,NA,NA,NA,NA,NA,NA,NA,NA,NA,N,3,0,1,2,A,-,06,21755,A,N,D,G,A,A,H,-,A,D,0,NA,Y,NA,NA,Y,NA,L,04,0,1,0,0,0,0,1,0,0,-,-,NA,NA,LOS ANGELES,WEST COVINA,-117.94494023,34.07371819
8362566,2017,2017-05-11,1920,2017-04-05,0627,12476,NA,3,5,6,1920,0,0,0,NA,0,005,FLORENCE AV,PARAMOUNT BL,50,E,N,A,-,N,NA,NA,NA,NA,NA,NA,NA,NA,NA,N,4,0,1,2,D,-,00,NA,NA,N,C,C,A,A,H,-,A,A,0,NA,NA,NA,NA,Y,NA,-,-,0,0,1,0,0,0,0,0,0,-,-,NA,NA,LOS ANGELES,DOWNEY,-118.12990835,33.95348026
8362568,2017,2017-05-11,1975,2017-04-19,1812,354,NA,3,5,6,1975,0,0,0,NA,0,005,AMAR RD,BRENTWOOD DR,3,W,N,A,-,N,NA,NA,NA,NA,NA,NA,NA,NA,NA,Y,4,0,4,2,A,-,09,21804,A,N,D,C,A,A,H,-,A,D,0,NA,NA,NA,NA,Y,NA,-,NA,0,0,4,0,0,0,0,0,0,-,-,NA,NA,LOS ANGELES,WEST COVINA,-117.91753765,34.03422521
8362571,2017,2017-05-11,1975,2017-04-05,1859,400,NA,3,5,6,1975,0,0,0,NA,0,001,SUNSET AV,W GARVEY AV NORTH,0,NA,Y,A,-,N,NA,NA,NA,NA,NA,NA,NA,NA,NA,Y,3,0,3,2,A,-,09,21801,A,N,D,C,A,A,H,-,A,A,0,NA,NA,NA,NA,Y,NA,-,NA,0,1,2,0,0,0,0,0,0,-,-,NA,NA,LOS ANGELES,WEST COVINA,-117.93608009,34.07269007
8362572,2017,2017-05-11,1975,2017-04-27,1314,680,NA,4,5,6,1975,0,0,0,NA,0,002,BARRANCA AV,CORTEZ ST,0,NA,Y,A,-,N,NA,NA,NA,NA,NA,NA,NA,NA,NA,Y,4,0,1,2,A,-,09,21801,A,N,D,C,A,A,H,-,A,A,0,NA,NA,NA,NA,Y,NA,A,01,0,0,1,0,0,0,0,0,0,-,-,NA,NA,LOS ANGELES,WEST COVINA,-117.88137009,34.06394005
8362576,2017,2017-05-11,1975,2017-04-24,0725,353,NA,1,5,6,1975,0,0,0,NA,0,002,CORTEZ ST,HILLBORN ST,0,NA,Y,A,-,N,NA,NA,NA,NA,NA,NA,NA,NA,NA,Y,3,0,2,2,A,-,09,21802,A,N,D,C,A,A,H,-,A,A,0,NA,NA,NA,NA,Y,NA,-,NA,0,1,1,0,0,0,0,0,0,-,-,NA,NA,LOS ANGELES,WEST COVINA,-117.90016001,34.0646401
8362579,2017,2017-05-11,1975,2017-04-01,1114,443,NA,6,5,6,1975,0,0,0,NA,0,004,CAMERON AV,GLENDORA AV,180,W,N,A,-,N,NA,NA,NA,NA,NA,NA,NA,NA,NA,N,4,0,1,2,A,-,09,21804,A,N,D,C,A,A,H,-,A,D,0,NA,NA,NA,NA,Y,NA,-,NA,0,0,1,0,0,0,0,0,0,-,-,NA,NA,LOS ANGELES,WEST COVINA,-117.93226598,34.06194519
8362580,2017,2017-05-11,1975,2017-04-24,0709,353,NA,1,5,6,1975,0,0,0,NA,0,003,CALIFORNIA AV,CAMERON AV,0,NA,Y,A,-,N,NA,NA,NA,NA,NA,NA,NA,NA,NA,Y,3,0,2,2,A,-,12,21453,A,N,D,C,A,A,H,-,A,A,0,NA,NA,NA,NA,Y,NA,-,NA,0,1,1,0,0,0,0,0,0,-,-,NA,NA,LOS ANGELES,WEST COVINA,-117.93495003,34.06392006
8362583,2017,2017-05-11,1975,2017-04-05,0846,392,NA,3,5,6,1975,0,0,0,NA,0,004,CAMERON AV,LARK ELLEN,400,N,N,A,-,N,NA,NA,NA,NA,NA,NA,NA,NA,NA,N,4,0,1,2,D,-,00,NA,NA,M,B,G,A,A,H,-,A,D,0,NA,Y,NA,NA,Y,Y,-,-,0,0,1,0,0,0,1,0,0,-,-,NA,NA,LOS ANGELES,WEST COVINA,-117.91673,34.06117
8362584,2017,2017-05-18,1975,2017-04-22,1717,435,NA,6,5,6,1975,0,0,0,NA,0,006,GEMINI,SHADOW OAK,0,NA,Y,A,-,N,NA,NA,NA,NA,NA,NA,NA,NA,NA,Y,4,0,2,2,A,-,12,22450,A,N,D,C,A,A,H,-,A,D,0,NA,NA,NA,NA,Y,NA,-,-,0,0,2,0,0,0,0,0,0,-,-,NA,NA,LOS ANGELES,WEST COVINA,-117.90265005,34.01936011
8362585,2017,2017-05-10,1976,2017-04-24,1514,384,NA,1,5,5,1976,0,0,0,NA,0,004,STARBUCK ST,PORTADA DR,195,E,N,B,-,N,NA,NA,NA,NA,NA,NA,NA,NA,NA,Y,3,0,2,2,A,-,09,21804,A,N,D,C,A,A,H,-,A,D,0,NA,NA,NA,NA,Y,NA,A,07,0,1,1,0,0,0,0,0,0,-,-,NA,NA,LOS ANGELES,WHITTIER,-117.99491823,33.94086389
8362588,2017,2017-05-11,1975,2017-04-17,1136,353,NA,1,5,6,1975,0,0,0,NA,0,003,FRANCISQUITO AV,SUNSET AV,25,E,N,A,-,N,NA,NA,NA,NA,NA,NA,NA,NA,NA,Y,4,0,2,2,A,-,08,22107,NA,N,B,C,A,A,H,-,A,A,0,NA,NA,NA,NA,Y,NA,A,01,0,0,2,0,0,0,0,0,0,-,-,NA,NA,LOS ANGELES,WEST COVINA,-117.95408883,34.05382412
8362589,2017,2017-05-10,1976,2017-04-15,1914,465,NA,6,5,5,1976,0,0,0,NA,0,NA,PAINTER AV,RAMONA DR,98,N,N,A,-,N,NA,NA,NA,NA,NA,NA,NA,NA,NA,N,3,0,1,2,D,-,00,NA,NA,N,B,C,A,A,H,-,A,D,0,NA,NA,Y,NA,Y,NA,-,-,0,1,0,0,0,0,0,0,1,-,-,NA,NA,LOS ANGELES,WHITTIER,-118.0327,33.9643587
8362592,2017,2017-06-28,1975,2017-04-17,0727,353,NA,1,5,6,1975,0,0,0,NA,0,001,ORANGE AV,WORKMAN AV,0,NA,Y,A,-,N,NA,NA,NA,NA,NA,NA,NA,NA,NA,Y,4,0,1,2,A,-,09,21802,A,N,D,C,A,A,H,-,A,A,0,NA,NA,NA,NA,Y,NA,-,NA,0,0,1,0,0,0,0,0,0,-,-,NA,NA,LOS ANGELES,WEST COVINA,-117.9428601,34.07661001
8362596,2017,2017-05-11,1975,2017-04-18,1647,681,NA,2,5,6,1975,0,0,0,NA,0,003,WEST COVINA PKWY,WEST GARVEY AV,0,NA,Y,A,-,N,NA,NA,NA,NA,NA,NA,NA,NA,NA,Y,4,0,1,3,A,-,03,22350,NA,N,C,C,A,A,H,-,A,A,0,NA,NA,NA,NA,Y,NA,A,01,0,0,1,0,0,0,0,0,0,-,-,NA,NA,LOS ANGELES,WEST COVINA,-117.94203001,34.07155008
8362598,2017,2017-05-11,1920,2017-04-03,0724,10216,NA,1,5,6,1920,0,0,0,NA,0,001,FOSTER RD,ARDIS AV,0,NA,Y,B,-,N,NA,NA,NA,NA,NA,NA,NA,NA,NA,Y,4,0,2,2,A,-,09,21801,A,N,D,C,A,A,H,-,A,D,0,NA,NA,NA,NA,Y,NA,A,07,0,0,2,0,0,0,0,0,0,-,-,NA,NA,LOS ANGELES,DOWNEY,-118.12976004,33.90989005
8362600,2017,2017-05-11,1975,2017-04-18,0829,353,NA,2,5,6,1975,0,0,0,NA,0,003,ORANGE AV,SOUTH GARVEY AV,0,NA,Y,A,-,N,NA,NA,NA,NA,NA,NA,NA,NA,NA,Y,4,0,1,2,A,-,09,21802,A,N,D,C,A,A,H,-,A,A,0,NA,NA,NA,NA,Y,NA,-,NA,0,0,1,0,0,0,0,0,0,-,-,NA,NA,LOS ANGELES,WEST COVINA,-117.9454901,34.06990008
8362601,2017,2017-05-10,1976,2017-04-29,2156,376,1976,6,5,5,1976,0,0,0,NA,0,004,SCOTT AV,MULBERRY DR,0,NA,Y,A,-,N,NA,NA,NA,NA,NA,NA,NA,NA,NA,Y,4,0,1,2,A,-,09,21801,A,N,D,C,A,A,H,-,C,A,0,NA,NA,NA,NA,Y,NA,A,01,0,0,1,0,0,0,0,0,0,-,-,NA,NA,LOS ANGELES,WHITTIER,-118.0008701,33.93520003
8362604,2017,2017-05-11,1975,2017-04-17,1500,353,NA,1,5,6,1975,0,0,0,NA,0,003,REXWOOD AV,SUNSET AV,0,NA,Y,A,-,N,NA,NA,NA,NA,NA,NA,NA,NA,NA,N,4,0,1,2,A,-,10,21950,A,N,G,B,B,A,H,-,A,A,0,Y,NA,NA,NA,Y,NA,-,NA,0,0,1,0,1,0,0,0,0,-,-,NA,NA,LOS ANGELES,WEST COVINA,-117.9494701,34.05814003
8362608,2017,2017-05-11,1975,2017-04-18,0745,392,NA,2,5,6,1975,0,0,0,NA,0,004,CAMERON AV,SOUTH CRAIG DR,0,NA,Y,A,-,N,NA,NA,NA,NA,NA,NA,NA,NA,NA,N,4,0,1,2,D,-,00,NA,NA,N,D,G,A,A,H,-,A,D,0,NA,Y,NA,NA,Y,NA,-,-,0,0,1,0,0,0,1,0,0,-,-,NA,NA,LOS ANGELES,WEST COVINA,-117.92996,34.06131003
8362609,2017,2017-05-10,1976,2017-04-05,1530,352,NA,3,5,5,1976,0,0,0,NA,0,NA,BEVERLY BL,MAGNOLIA AV,60,E,N,A,-,N,NA,NA,NA,NA,NA,NA,NA,NA,NA,Y,4,0,2,3,A,-,03,22350,NA,N,C,C,A,A,H,-,A,D,0,NA,NA,NA,NA,Y,NA,A,01,0,0,2,0,0,0,0,0,0,-,-,NA,NA,LOS ANGELES,WHITTIER,-118.05023221,33.99110707
8362610,2017,2017-05-11,1920,2017-04-03,0620,12609,NA,1,5,6,1920,0,0,0,NA,0,003,GUATEMALA AV,ALDERDALE ST,98,N,N,A,-,N,NA,NA,NA,NA,NA,NA,NA,NA,NA,Y,4,0,1,3,A,-,08,22107,NA,N,C,E,A,A,H,-,B,A,0,NA,NA,NA,NA,Y,NA,A,07,0,0,1,0,0,0,0,0,0,-,-,NA,NA,LOS ANGELES,DOWNEY,-118.12450442,33.96932963
8362612,2017,2017-05-10,1975,2017-04-08,1253,436,WCPD,6,5,6,1975,0,0,0,NA,0,002,CITRUS AV,WALNUT CREEK PKWY,370,S,N,A,-,N,NA,NA,NA,NA,NA,NA,NA,NA,NA,Y,3,0,1,2,A,-,07,21658,A,N,B,C,A,A,H,-,A,D,0,NA,NA,NA,NA,Y,NA,-,NA,0,1,0,0,0,0,0,0,0,-,-,NA,NA,LOS ANGELES,WEST COVINA,-117.89013,34.06856575
8362616,2017,2017-05-10,1975,2017-04-08,1235,344,NA,6,5,6,1975,0,0,0,NA,0,006,VALLEY BL,SENTOUS ST,70,W,N,A,-,N,NA,NA,NA,NA,NA,NA,NA,NA,NA,Y,4,0,1,2,A,-,08,22100,A,F,B,C,A,A,H,-,A,D,0,NA,NA,NA,NA,Y,NA,-,NA,0,0,1,0,0,0,0,0,0,-,-,NA,NA,LOS ANGELES,WEST COVINA,-117.88130887,34.00205215
8362618,2017,2017-05-11,1920,2017-04-10,1842,11033,NA,1,5,6,1920,0,0,0,NA,0,002,FIRESTONE BL,RYERSON AV,462,E,N,A,-,N,NA,NA,NA,NA,NA,NA,NA,NA,NA,N,4,0,1,2,A,-,09,21801,A,N,D,C,A,A,H,-,A,D,0,NA,NA,NA,NA,Y,NA,A,01,0,0,1,0,0,0,0,0,0,-,-,NA,NA,LOS ANGELES,DOWNEY,-118.15300682,33.94742229
8362620,2017,2017-05-10,1975,2017-04-15,1232,679,NA,6,5,6,1975,0,0,0,NA,0,003,VINCENT AV,WEST GARVEY AV,600,S,N,A,-,N,NA,NA,NA,NA,NA,NA,NA,NA,NA,Y,4,0,1,2,A,-,03,22350,NA,N,C,C,A,A,H,-,A,D,0,NA,NA,NA,NA,Y,NA,-,NA,0,0,1,0,0,0,0,0,0,-,-,NA,NA,LOS ANGELES,WEST COVINA,-117.9269174,34.07250168
8362622,2017,2017-05-11,1920,2017-04-05,2221,11859,1920,3,5,6,1920,0,0,0,NA,0,001,LAKEWOOD BL,BELLFLOWER BL,0,NA,Y,A,-,N,NA,NA,NA,NA,NA,NA,NA,NA,NA,Y,3,0,4,2,A,-,12,21453,A,N,A,C,A,A,H,-,C,A,0,NA,NA,NA,NA,Y,Y,A,01,0,1,3,0,0,0,0,0,0,-,-,NA,NA,LOS ANGELES,DOWNEY,-118.12549014,33.93350003
8362624,2017,2017-05-17,1975,2017-04-15,0331,434,NA,6,5,6,1975,0,0,0,NA,0,001,VINCENT AV,SWANEE,0,NA,Y,A,-,N,NA,NA,NA,NA,NA,NA,NA,NA,NA,Y,3,0,1,2,A,-,08,22107,A,N,C,E,A,A,H,-,C,D,0,NA,NA,NA,NA,Y,Y,-,NA,0,1,0,0,0,0,0,0,0,-,-,NA,NA,LOS ANGELES,WEST COVINA,-117.9259601,34.07984006
8362626,2017,2017-05-10,1928,2017-04-06,1329,395,502,4,5,5,1928,0,0,0,NA,0,501,120TH ST,EUCALYPTUS AV,6,W,N,A,-,N,NA,NA,NA,NA,NA,NA,NA,NA,NA,Y,3,0,1,4,A,-,12,21453,A,N,D,C,A,A,H,-,A,A,0,NA,NA,NA,NA,Y,NA,A,01,0,1,0,0,0,0,0,0,0,-,-,33.92364,-118.35927,LOS ANGELES,HAWTHORNE,-118.35914974,33.92365
8362628,2017,2017-05-10,1975,2017-04-11,1404,353,NA,2,5,6,1975,0,0,0,NA,0,001,BADILLO AV,LARK ELLEN AV,0,NA,Y,A,-,N,NA,NA,NA,NA,NA,NA,NA,NA,NA,Y,4,0,2,4,A,-,12,21453,A,N,D,C,A,A,H,-,A,A,0,NA,NA,NA,NA,Y,NA,A,01,0,0,2,0,0,0,0,0,0,-,-,NA,NA,LOS ANGELES,WEST COVINA,-117.9166001,34.08652008
8362630,2017,2017-05-10,1920,2017-04-10,1959,11859,1920,1,5,6,1920,0,0,0,NA,0,004,FIRESTONE BL,LAKEWOOD BL,560,E,N,A,-,N,NA,NA,NA,NA,NA,NA,NA,NA,NA,N,4,0,1,2,D,-,00,NA,NA,M,H,C,A,A,H,-,C,D,0,NA,NA,NA,NA,Y,NA,-,-,0,0,1,0,0,0,0,0,0,-,-,NA,NA,LOS ANGELES,DOWNEY,-118.12244463,33.93473399
8362632,2017,2017-05-10,1975,2017-04-12,1522,445,1975,3,5,6,1975,0,0,0,NA,0,003,GLENDORA AV,ROBINDALE AV,0,NA,Y,A,-,N,NA,NA,NA,NA,NA,NA,NA,NA,NA,Y,4,0,1,4,A,-,03,22350,A,N,C,C,A,A,H,-,A,A,0,NA,NA,NA,NA,Y,NA,-,NA,0,0,1,0,0,0,0,0,0,-,-,NA,NA,LOS ANGELES,WEST COVINA,-117.9351601,34.05858007
8362634,2017,2017-05-11,1920,2017-04-09,2202,12611,NA,7,5,6,1920,0,0,0,NA,0,005,LA REINA AV,5TH ST,15,N,N,A,-,N,NA,NA,NA,NA,NA,NA,NA,NA,NA,Y,3,0,1,5,A,-,01,23152,A,M,C,E,A,A,H,-,C,A,0,NA,NA,NA,NA,Y,Y,A,07,0,1,0,0,0,0,0,0,0,-,-,NA,NA,LOS ANGELES,DOWNEY,-118.13207437,33.94467515
8362636,2017,2017-05-10,1975,2017-04-08,0616,344,NA,6,5,6,1975,0,0,0,NA,0,006,NOGALES ST,AMANDA ST,0,NA,Y,C,-,N,NA,NA,NA,NA,NA,NA,NA,NA,NA,Y,3,0,1,2,A,-,03,22350,NA,N,C,C,A,B,H,-,-,A,0,NA,NA,NA,NA,Y,NA,-,NA,0,1,0,0,0,0,0,0,0,-,-,NA,NA,LOS ANGELES,WEST COVINA,-117.8866401,34.01399003
8362638,2017,2017-05-11,1920,2017-04-05,1424,19354,NA,3,5,6,1920,0,0,0,NA,0,005,BROOKSHIRE AV,CIVIC CENTER DR,118,N,N,A,-,N,NA,NA,NA,NA,NA,NA,NA,NA,NA,Y,4,0,1,2,A,-,09,21804,A,N,D,C,A,A,H,-,A,D,0,NA,NA,NA,NA,Y,NA,A,01,0,0,1,0,0,0,0,0,0,-,-,NA,NA,LOS ANGELES,DOWNEY,-118.12735396,33.94120413
8362640,2017,2017-05-10,1975,2017-04-06,1723,446,NA,4,5,6,1975,0,0,0,NA,0,002,AZUSA AV,PUENTE AV,150,S,N,A,-,N,NA,NA,NA,NA,NA,NA,NA,NA,NA,N,4,0,1,2,A,-,04,21703,NA,N,C,C,A,A,H,-,A,A,0,NA,NA,NA,NA,Y,NA,-,NA,0,0,1,0,0,0,0,0,0,-,-,NA,NA,LOS ANGELES,WEST COVINA,-117.90783253,34.08234883
8362643,2017,2017-05-15,1920,2017-04-04,2151,11859,1920,2,5,6,1920,0,0,0,NA,0,005,FLORENCE AV,LAKEWOOD BL,0,NA,Y,A,-,N,NA,NA,NA,NA,NA,NA,NA,NA,NA,Y,3,0,3,2,A,-,09,21801,A,N,D,C,A,A,H,-,C,A,0,NA,NA,NA,NA,Y,Y,A,01,0,1,2,0,0,0,0,0,0,-,-,NA,NA,LOS ANGELES,DOWNEY,-118.11725003,33.9475001
8362647,2017,2017-05-15,1920,2017-04-03,1857,11859,1920,1,5,6,1920,0,0,0,NA,0,005,FLORENCE AV,LAKEWOOD BL,100,W,N,A,-,N,NA,NA,NA,NA,NA,NA,NA,NA,NA,N,4,0,2,2,A,-,03,22350,NA,N,C,C,A,A,H,-,B,A,0,NA,NA,NA,NA,Y,NA,D,22,0,0,2,0,0,0,0,0,0,-,-,NA,NA,LOS ANGELES,DOWNEY,-118.1175279,33.94764681
8362651,2017,2017-05-15,1920,2017-04-04,1603,10216,NA,2,5,6,1920,0,0,0,NA,0,001,LAKEWOOD BL,COLUMBIA WY,0,NA,Y,A,-,N,NA,NA,NA,NA,NA,NA,NA,NA,NA,N,4,0,1,2,A,-,08,22100,A,N,B,C,A,A,H,-,A,A,0,NA,NA,NA,NA,Y,NA,A,01,0,0,1,0,0,0,0,0,0,-,-,NA,NA,LOS ANGELES,DOWNEY,-118.13415013,33.92183004
8362655,2017,2017-05-12,1920,2017-03-29,2001,11592,NA,3,5,6,1920,0,0,0,NA,0,006,PARAMOUNT BL,QUILL DR,0,NA,Y,A,-,N,NA,NA,NA,NA,NA,NA,NA,NA,NA,Y,4,0,1,2,A,-,09,21801,A,N,D,C,A,A,H,-,C,A,0,NA,NA,NA,NA,Y,NA,I,09,0,0,1,0,0,0,0,0,0,-,-,NA,NA,LOS ANGELES,DOWNEY,-118.14986006,33.92687004