CASE_ID,ACCIDENT_YEAR,PROC_DATE,JURIS,COLLISION_DATE,COLLISION_TIME,OFFICER_ID,REPORTING_DISTRICT,DAY_OF_WEEK,CHP_SHIFT,POPULATION,CNTY_CITY_LOC,SPECIAL_COND,BEAT_TYPE,CHP_BEAT_TYPE,CITY_DIVISION_LAPD,CHP_BEAT_CLASS,BEAT_NUMBER,PRIMARY_RD,SECONDARY_RD,DISTANCE,DIRECTION,INTERSECTION,WEATHER_1,WEATHER_2,STATE_HWY_IND,CALTRANS_COUNTY,CALTRANS_DISTRICT,STATE_ROUTE,ROUTE_SUFFIX,POSTMILE_PREFIX,POSTMILE,LOCATION_TYPE,RAMP_INTERSECTION,SIDE_OF_HWY,TOW_AWAY,COLLISION_SEVERITY,NUMBER_KILLED,NUMBER_INJURED,PARTY_COUNT,PRIMARY_COLL_FACTOR,PCF_CODE_OF_VIOL,PCF_VIOL_CATEGORY,PCF_VIOLATION,PCF_VIOL_SUBSECTION,HIT_AND_RUN,TYPE_OF_COLLISION,MVIW,PED_ACTION,ROAD_SURFACE,ROAD_COND_1,ROAD_COND_2,LIGHTING,CONTROL_DEVICE,CHP_ROAD_TYPE,PEDESTRIAN_ACCIDENT,BICYCLE_ACCIDENT,MOTORCYCLE_ACCIDENT,TRUCK_ACCIDENT,NOT_PRIVATE_PROPERTY,ALCOHOL_INVOLVED,STWD_VEHTYPE_AT_FAULT,CHP_VEHTYPE_AT_FAULT,COUNT_SEVERE_INJ,COUNT_VISIBLE_INJ,COUNT_COMPLAINT_PAIN,COUNT_PED_KILLED,COUNT_PED_INJURED,COUNT_BICYCLIST_KILLED,COUNT_BICYCLIST_INJURED,COUNT_MC_KILLED,COUNT_MC_INJURED,PRIMARY_RAMP,SECONDARY_RAMP,LATITUDE,LONGITUDE,COUNTY,CITY,POINT_X,POINT_Y
8363318,2017,2017-05-15,1920,2017-03-23,2041,12323,NA,4,5,6,1920,0,0,0,NA,0,004,WOODRUFF AV,CECILIA ST,7,N,N,A,-,N,NA,NA,NA,NA,NA,NA,NA,NA,NA,N,4,0,1,2,A,-,09,21800,A,N,C,C,A,A,H,-,C,A,0,NA,NA,NA,NA,Y,NA,A,01,0,0,1,0,0,0,0,0,0,-,-,NA,NA,LOS ANGELES,DOWNEY,-118.11503796,33.93617636
8363322,2017,2017-05-15,1976,2017-03-27,1709,448,WHITT,1,5,5,1976,0,0,0,NA,0,002,WASHINGTON BL,LAMBERT RD,321,E,N,B,G,N,NA,NA,NA,NA,NA,NA,NA,NA,NA,Y,3,0,2,1,C,-,18,NA,NA,N,E,J,A,A,H,-,A,D,0,NA,NA,NA,NA,Y,NA,-,-,0,1,1,0,0,0,0,0,0,-,-,NA,NA,LOS ANGELES,WHITTIER,-118.04703768,33.96761747
8363325,2017,2017-05-16,1942,2017-02-24,1810,42536,0505,5,5,7,1942,0,0,0,E,0,5A12,VERMONT AVE,DEL AMO BL,0,NA,Y,A,-,N,NA,NA,NA,NA,NA,NA,NA,NA,NA,Y,4,0,1,4,A,-,09,21801,A,N,A,C,A,A,H,-,C,A,0,NA,NA,NA,NA,Y,NA,A,01,0,0,1,0,0,0,0,0,0,-,-,NA,NA,LOS ANGELES,LOS ANGELES,-118.29039008,33.84625011
8363329,2017,2017-05-16,1942,2017-02-28,0100,1942,0358,2,5,7,1942,0,0,0,C,0,3T5,JEFFERSON BL,FIGUEROA ST,0,NA,Y,A,-,N,NA,NA,NA,NA,NA,NA,NA,NA,NA,Y,3,0,2,2,A,-,01,23152,A,N,A,C,A,A,H,-,C,A,0,NA,NA,NA,NA,Y,Y,A,01,0,1,1,0,0,0,0,0,0,-,-,NA,NA,LOS ANGELES,LOS ANGELES,-118.28000005,34.02195004
8363333,2017,2017-05-15,1920,2017-02-20,2033,12611,NA,1,5,6,1920,0,0,0,NA,0,004,LAKEWOOD BL,FLORENCE AV,0,NA,Y,A,-,N,NA,NA,NA,NA,NA,NA,NA,NA,NA,Y,4,0,1,3,A,-,09,21801,A,N,D,C,A,A,H,-,C,A,0,NA,NA,NA,NA,Y,NA,A,01,0,0,1,0,0,0,0,0,0,-,-,NA,NA,LOS ANGELES,DOWNEY,-118.11725003,33.9475001
8363385,2017,2017-05-16,1900,2017-04-15,0410,602458,1137,6,5,6,1992,0,0,0,NA,0,111T1,30TH ST E,AVE J-8,35,N,N,A,-,N,NA,NA,NA,NA,NA,NA,NA,NA,NA,Y,3,0,1,1,A,-,08,22107,NA,N,F,A,A,A,H,-,C,D,0,NA,NA,NA,NA,Y,NA,D,22,0,1,0,0,0,0,0,0,0,-,-,NA,NA,LOS ANGELES,LANCASTER,-118.07691297,34.68264593
8363403,2017,2017-05-17,1925,2017-04-26,1236,21092,269,3,5,6,1925,0,0,0,NA,0,003,BRAND BL,CHESTNUT ST,3,W,N,B,-,N,NA,NA,NA,NA,NA,NA,NA,NA,NA,N,4,0,1,2,A,-,21,22106,NA,N,C,C,A,A,H,-,A,A,0,NA,NA,NA,Y,Y,NA,F,26,0,0,1,0,0,0,0,0,0,-,-,NA,NA,LOS ANGELES,GLENDALE,-118.25503,34.13947
8363405,2017,2017-05-31,1900,2017-04-17,1706,602458,1125,1,5,6,1992,0,0,0,NA,0,1117,AVENUE J,20TH ST WEST,39,E,N,A,-,N,NA,NA,NA,NA,NA,NA,NA,NA,NA,N,4,0,1,3,A,-,03,22350,NA,N,C,C,A,A,H,-,A,A,0,NA,NA,NA,NA,Y,NA,A,01,0,0,1,0,0,0,0,0,0,-,-,NA,NA,LOS ANGELES,LANCASTER,-118.16553053,34.68942
8363407,2017,2017-05-18,1942,2017-04-29,1515,27280,0625,6,5,7,1942,0,0,0,F,0,6A49,CAHUENGA WEST,PILGRIMAGE BRIDGE,140,N,N,A,-,N,NA,NA,NA,NA,NA,NA,NA,NA,NA,Y,4,0,1,5,A,-,03,22350,NA,N,C,C,A,A,H,-,A,D,0,NA,NA,NA,NA,Y,NA,D,22,0,0,1,0,0,0,0,0,0,-,-,NA,NA,LOS ANGELES,LOS ANGELES,-118.33318,34.11208
8363421,2017,2017-06-21,1900,2017-04-27,1729,602458,1137,4,5,6,1992,0,0,0,NA,0,111T1,YAFFA ST,ENCANTADORA LN,22,S,N,A,-,N,NA,NA,NA,NA,NA,NA,NA,NA,NA,N,4,0,1,2,A,-,11,21954,A,N,D,G,A,A,H,-,A,D,0,NA,Y,NA,NA,Y,NA,L,04,0,0,1,0,0,0,1,0,0,-,-,NA,NA,LOS ANGELES,LANCASTER,-118.10838892,34.67551969
8363429,2017,2017-05-18,1900,2017-05-01,1310,602965,1126,1,5,6,1992,0,0,0,NA,0,112T1,AVENUE L,10TH ST W,1181,W,N,A,-,N,NA,NA,NA,NA,NA,NA,NA,NA,NA,Y,4,0,1,2,D,-,00,NA,NA,N,D,C,A,A,H,-,A,A,0,NA,NA,NA,NA,Y,NA,-,-,0,0,1,0,0,0,0,0,0,-,-,NA,NA,LOS ANGELES,LANCASTER,-118.15170851,34.66037
8363440,2017,2017-05-23,1942,2017-04-19,0940,41927,1253,3,5,7,1942,0,0,0,L,0,25EL1,WESTERN AV,78TH ST,200,N,N,A,-,N,NA,NA,NA,NA,NA,NA,NA,NA,NA,Y,3,0,1,3,A,-,01,23152,A,M,B,E,A,A,H,-,A,A,0,NA,NA,NA,Y,Y,Y,A,01,0,1,0,0,0,0,0,0,0,-,-,NA,NA,LOS ANGELES,LOS ANGELES,-118.30901,33.969612
8363444,2017,2017-05-17,1925,2017-04-20,0706,14676,240,4,5,6,1925,0,0,0,NA,0,003,WILSON AV,SINCLAIR AV,0,NA,Y,A,-,N,NA,NA,NA,NA,NA,NA,NA,NA,NA,N,2,0,1,2,A,-,09,21801,A,N,A,G,A,A,H,-,A,A,0,NA,Y,NA,NA,Y,NA,A,01,1,0,0,0,0,0,1,0,0,-,-,NA,NA,LOS ANGELES,GLENDALE,-118.23244013,34.14805011
8363448,2017,2017-05-17,1925,2017-04-25,2100,25923,263,2,5,6,1925,0,0,0,NA,0,002,SAN FERNANDO RD,COLORADO ST,120,S,N,A,-,N,NA,NA,NA,NA,NA,NA,NA,NA,NA,Y,2,0,1,2,A,-,11,21955,NA,N,G,B,-,A,D,-,C,A,0,Y,NA,NA,NA,Y,NA,N,60,1,0,0,0,1,0,0,0,0,-,-,NA,NA,LOS ANGELES,GLENDALE,-118.26945054,34.1421788
8363452,2017,2017-05-17,1925,2017-04-19,1606,21601,NA,3,5,6,1925,0,0,0,NA,0,NA,CONCORD ST,BURCHETT ST,0,NA,Y,A,-,N,NA,NA,NA,NA,NA,NA,NA,NA,NA,N,4,0,1,3,A,-,09,21802,A,N,D,C,A,A,H,-,A,A,0,NA,NA,NA,NA,Y,NA,A,07,0,0,1,0,0,0,0,0,0,-,-,NA,NA,LOS ANGELES,GLENDALE,-118.27105002,34.15821006
8363456,2017,2017-05-17,1925,2017-04-25,1204,2192,263,2,5,6,1925,0,0,0,NA,0,002,PACIFIC AV,HAWTHORNE ST,0,NA,Y,A,-,N,NA,NA,NA,NA,NA,NA,NA,NA,NA,Y,3,0,1,2,A,-,09,21801,A,N,D,C,A,A,H,-,A,A,0,NA,NA,Y,NA,Y,NA,A,07,0,1,0,0,0,0,0,0,1,-,-,NA,NA,LOS ANGELES,GLENDALE,-118.26408003,34.14502003
8363459,2017,2017-05-16,1963,2017-04-29,1614,229,104,6,5,3,1963,0,0,0,NA,0,001,GARFIELD AV,OAK ST,0,NA,Y,A,-,N,NA,NA,NA,NA,NA,NA,NA,NA,NA,Y,3,0,1,2,A,-,08,22107,NA,N,D,C,A,A,H,-,A,A,0,NA,NA,NA,NA,Y,NA,A,01,0,1,0,0,0,0,0,0,0,-,-,NA,NA,LOS ANGELES,SAN MARINO,-118.13643008,34.10785004
8363460,2017,2017-05-17,1925,2017-04-23,1912,25923,221,7,5,6,1925,0,0,0,NA,0,002,COLUMBUS AV,MILFORD ST,109,N,N,A,-,N,NA,NA,NA,NA,NA,NA,NA,NA,NA,Y,3,0,2,4,A,-,21,22106,NA,N,D,C,A,A,H,-,A,D,0,NA,NA,NA,NA,Y,NA,A,07,0,1,1,0,0,0,0,0,0,-,-,NA,NA,LOS ANGELES,GLENDALE,-118.26140592,34.15303889
8363463,2017,2017-05-16,1963,2017-04-30,1718,344,234,7,5,3,1963,0,0,0,NA,0,002,SIERRA MADRE BL,CANTERBURY RD,0,NA,Y,A,-,N,NA,NA,NA,NA,NA,NA,NA,NA,NA,Y,4,0,1,2,A,-,08,22100,B,N,B,C,A,A,H,-,A,D,0,NA,NA,NA,NA,Y,NA,A,01,0,0,1,0,0,0,0,0,0,-,-,NA,NA,LOS ANGELES,SAN MARINO,-118.1018201,34.13137005
8363464,2017,2017-05-17,1925,2017-04-25,1630,24111,213,2,5,6,1925,0,0,0,NA,0,001,CONCORD ST,BURNETT ST,0,NA,Y,A,-,N,NA,NA,NA,NA,NA,NA,NA,NA,NA,Y,3,0,2,2,A,-,09,21802,A,N,D,C,A,A,H,-,A,A,0,NA,NA,NA,NA,Y,NA,A,01,0,1,1,0,0,0,0,0,0,-,-,NA,NA,LOS ANGELES,GLENDALE,-118.271048,34.158211
8363467,2017,2017-05-16,1963,2017-04-04,1453,290,238,2,5,3,1963,0,0,0,NA,0,002,HUNTINGTON DR,RIDGEWAY RD,168.9,W,N,A,-,N,NA,NA,NA,NA,NA,NA,NA,NA,NA,Y,2,0,1,3,A,-,08,22107,NA,N,G,B,-,A,H,-,A,D,0,Y,NA,NA,NA,Y,NA,A,01,1,0,0,0,1,0,0,0,0,-,-,NA,NA,LOS ANGELES,SAN MARINO,-118.10544543,34.1222656
8363468,2017,2017-05-17,1925,2017-04-20,1711,24111,248,4,5,6,1925,0,0,0,NA,0,003,LOUISE ST,HARVARD ST,215,S,N,A,-,N,NA,NA,NA,NA,NA,NA,NA,NA,NA,N,3,0,1,2,A,-,05,21460,A,F,B,C,A,A,H,-,A,D,0,NA,NA,NA,NA,Y,NA,A,01,0,1,0,0,0,0,0,0,0,-,-,NA,NA,LOS ANGELES,GLENDALE,-118.2526,34.14385038
8363471,2017,2017-05-16,1900,2017-04-22,0750,546182,1126,6,5,6,1992,0,0,0,NA,0,112T2,AVENUE M,10TH ST WEST,0,NA,Y,A,-,N,NA,NA,NA,NA,NA,NA,NA,NA,NA,N,4,0,1,2,A,-,12,21453,A,M,-,C,A,A,H,-,A,-,0,NA,NA,NA,NA,Y,NA,A,01,0,0,1,0,0,0,0,0,0,-,-,NA,NA,LOS ANGELES,LANCASTER,-118.14768008,34.6458101
8363475,2017,2017-05-16,1963,2017-04-29,1335,344,129,6,5,3,1963,0,0,0,NA,0,001,ORLANDO RD,ALLEN AV,311,E,N,A,-,N,NA,NA,NA,NA,NA,NA,NA,NA,NA,Y,4,0,2,2,A,-,21,22106,NA,N,B,C,A,A,H,-,A,D,0,NA,NA,NA,NA,Y,NA,A,01,0,0,2,0,0,0,0,0,0,-,-,NA,NA,LOS ANGELES,SAN MARINO,-118.11203564,34.13283968
8363479,2017,2017-05-16,1963,2017-04-17,1457,290,103,1,5,3,1963,0,0,0,NA,0,001,LOS ROBLES AV,MONTEREY RD,0,NA,Y,A,-,N,NA,NA,NA,NA,NA,NA,NA,NA,NA,N,3,0,1,2,A,-,09,21801,A,N,D,G,A,A,H,-,A,A,0,NA,Y,NA,NA,Y,NA,A,01,0,1,0,0,0,0,1,0,0,-,-,NA,NA,LOS ANGELES,SAN MARINO,-118.13667013,34.11304001
8363480,2017,2017-05-17,1925,2017-04-08,0514,24967,198,6,5,6,1925,0,0,0,NA,0,001,SAN FERNANDO RD,IRVING AV,42,W,N,C,-,N,NA,NA,NA,NA,NA,NA,NA,NA,NA,N,3,0,1,2,A,-,07,21658,A,N,B,E,A,B,H,-,C,D,0,NA,NA,NA,NA,Y,NA,A,07,0,1,0,0,0,0,0,0,0,-,-,NA,NA,LOS ANGELES,GLENDALE,-118.29515414,34.170966
8363483,2017,2017-05-16,1963,2017-04-13,0731,344,224,4,5,3,1963,0,0,0,NA,0,002,LORAIN RD,ALPINE DR,36,E,N,A,-,N,NA,NA,NA,NA,NA,NA,NA,NA,NA,Y,4,0,1,4,A,-,08,22107,NA,N,C,E,A,A,H,-,A,A,0,NA,NA,NA,NA,Y,NA,A,08,0,0,1,0,0,0,0,0,0,-,-,NA,NA,LOS ANGELES,SAN MARINO,-118.11010227,34.1147925
8363487,2017,2017-05-16,1963,2017-04-10,1513,344,234,1,5,3,1963,0,0,0,NA,0,002,SIERRA MADRE BL,ROBLES AV,0,NA,Y,A,-,N,NA,NA,NA,NA,NA,NA,NA,NA,NA,Y,4,0,3,2,A,-,09,21801,A,N,D,C,A,A,H,-,A,A,0,NA,NA,NA,NA,Y,NA,A,07,0,0,3,0,0,0,0,0,0,-,-,NA,NA,LOS ANGELES,SAN MARINO,-118.10229012,34.12949004
8363488,2017,2017-06-05,1925,2017-04-30,1644,22310,205,7,5,6,1925,0,0,0,NA,0,002,BRAND BL,SANCHEZ DR,0,NA,Y,A,-,N,NA,NA,NA,NA,NA,NA,NA,NA,NA,Y,2,0,6,3,A,-,12,21453,A,N,B,C,A,A,H,-,A,A,0,NA,NA,NA,NA,Y,NA,-,NA,1,0,5,0,0,0,0,0,0,-,-,NA,NA,LOS ANGELES,GLENDALE,-118.25514004,34.1559401
8363491,2017,2017-05-16,1900,2017-04-03,1245,548513,1126,1,5,6,1992,0,0,0,NA,0,811A4,12TH ST WEST,AVENUE K,100,S,N,A,-,N,NA,NA,NA,NA,NA,NA,NA,NA,NA,N,4,0,1,2,A,-,05,21650,NA,N,G,G,A,A,H,-,A,-,0,NA,Y,NA,NA,Y,NA,L,04,0,0,1,0,0,0,1,0,0,-,-,NA,NA,LOS ANGELES,LANCASTER,-118.15235473,34.67462584
8363492,2017,2017-05-16,1925,2017-04-25,0836,14676,21,2,5,6,1925,0,0,0,NA,0,002,PACIFICA AV,BROADWAY,0,NA,Y,A,-,N,NA,NA,NA,NA,NA,NA,NA,NA,NA,Y,4,0,1,2,A,-,12,21453,A,N,D,C,A,A,H,-,A,A,0,NA,NA,NA,NA,Y,NA,A,01,0,0,1,0,0,0,0,0,0,-,-,NA,NA,LOS ANGELES,GLENDALE,-118.264277,34.146808
8363493,2017,2017-06-02,1942,2017-04-26,1315,38503,1213,3,5,7,1942,0,0,0,L,0,12TL41,DENKER AV,SLAUSON AV,0,NA,Y,A,-,N,NA,NA,NA,NA,NA,NA,NA,NA,NA,N,3,0,1,2,A,-,12,21453,A,N,D,G,A,A,H,-,A,A,0,NA,Y,NA,NA,Y,NA,L,04,0,1,0,0,0,0,1,0,0,-,-,NA,NA,LOS ANGELES,LOS ANGELES,-118.30452002,33.98915007
8363495,2017,2017-05-16,1900,2017-04-26,1954,602458,1129,3,5,6,1992,0,0,0,NA,0,111T1,AVENUE M,27TH ST WEST,19,E,N,A,-,N,NA,NA,NA,NA,NA,NA,NA,NA,NA,Y,4,0,1,1,A,-,01,23152,B,N,A,I,A,A,H,-,C,D,0,NA,NA,NA,NA,Y,Y,A,07,0,0,1,0,0,0,0,0,0,-,-,NA,NA,LOS ANGELES,LANCASTER,-118.17861696,34.64574
8363499,2017,2017-05-16,1900,2017-04-25,0848,510509,1137,2,5,6,1992,0,0,0,NA,0,111TI,20TH ST EAST,AVENUE L,0,NA,Y,A,-,N,NA,NA,NA,NA,NA,NA,NA,NA,NA,Y,3,0,2,2,A,-,12,21453,A,N,B,C,A,A,H,-,A,A,0,NA,NA,NA,NA,Y,NA,A,01,0,1,1,0,0,0,0,0,0,-,-,NA,NA,LOS ANGELES,LANCASTER,-118.09453013,34.66051007
8363501,2017,2017-05-16,1942,2017-04-13,0130,41977,1265,4,5,7,1942,0,0,0,L,0,3T5,NORMANDIE AV,MANCHESTER AV,22,S,N,A,-,N,NA,NA,NA,NA,NA,NA,NA,NA,NA,N,4,0,1,2,A,-,09,21801,A,F,H,G,A,A,H,-,C,A,0,NA,Y,NA,NA,Y,NA,-,99,0,0,1,0,0,0,1,0,0,-,-,NA,NA,LOS ANGELES,LOS ANGELES,-118.30027,33.95994966
8363503,2017,2017-05-16,1900,2017-04-21,1710,510509,1124,5,5,6,1992,0,0,0,NA,0,11272,AVENUE M,SIERRA HWY,134,W,N,A,-,N,NA,NA,NA,NA,NA,NA,NA,NA,NA,N,4,0,3,2,A,-,03,22350,NA,N,C,C,A,A,H,-,A,A,0,NA,NA,NA,NA,Y,NA,-,-,0,0,3,0,0,0,0,0,0,-,-,NA,NA,LOS ANGELES,LANCASTER,-118.12869458,34.64586
8363505,2017,2017-05-16,1942,2017-04-13,1735,40762,1268,4,5,7,1942,0,0,0,L,0,5T25,WALL ST,MANCHESTER AV,0,NA,Y,A,-,N,NA,NA,NA,NA,NA,NA,NA,NA,NA,Y,4,0,1,2,A,-,09,21802,A,F,D,C,A,A,H,-,A,D,0,NA,NA,NA,NA,Y,NA,-,99,0,0,1,0,0,0,0,0,0,-,-,NA,NA,LOS ANGELES,LOS ANGELES,-118.27169001,33.96010002
8363507,2017,2017-05-16,1900,2017-04-28,2018,510509,1192,5,5,6,1992,0,0,0,NA,0,111T1,25TH ST WEST,AVENUE K,89,S,N,A,-,N,NA,NA,NA,NA,NA,NA,NA,NA,NA,Y,4,0,1,1,A,-,08,22100,A,N,E,I,A,A,H,-,C,D,0,NA,NA,Y,NA,Y,NA,C,02,0,0,1,0,0,0,0,0,1,-,-,NA,NA,LOS ANGELES,LANCASTER,-118.17467591,34.67470598
8363509,2017,2017-05-16,1942,2017-04-13,1840,41747,1203,4,5,7,1942,0,0,0,L,0,3T5-W3,VERNON AV,WESTERN AV,10,E,N,A,-,N,NA,NA,NA,NA,NA,NA,NA,NA,NA,N,4,0,1,2,A,-,08,22100,B,F,B,C,A,A,H,-,B,D,0,NA,NA,NA,NA,Y,NA,-,99,0,0,1,0,0,0,0,0,0,-,-,NA,NA,LOS ANGELES,LOS ANGELES,-118.30889707,34.00372
8363513,2017,2017-05-16,1942,2017-04-13,0300,42247,1213,4,5,7,1942,0,0,0,L,0,12A45,54TH ST,DENKER AV,620,W,N,A,-,N,NA,NA,NA,NA,NA,NA,NA,NA,NA,Y,3,0,1,2,A,-,01,23152,A,M,B,E,A,A,H,-,C,A,0,NA,NA,NA,NA,Y,Y,A,01,0,1,0,0,0,0,0,0,0,-,-,NA,NA,LOS ANGELES,LOS ANGELES,-118.30662145,33.99325001
8363515,2017,2017-05-16,1900,2017-04-30,1420,510509,1123,7,5,6,1992,0,0,0,NA,0,11171,AVENUE K,ELM AV,0,NA,Y,A,-,N,NA,NA,NA,NA,NA,NA,NA,NA,NA,N,4,0,1,2,A,-,08,22107,NA,N,B,C,A,A,H,-,A,D,0,NA,NA,NA,NA,Y,NA,A,01,0,0,1,0,0,0,0,0,0,-,-,NA,NA,LOS ANGELES,LANCASTER,-118.14073013,34.67529012
8363517,2017,2017-06-02,1942,2017-04-18,0830,40053,1821,2,5,7,1942,0,0,0,R,0,12TL41,94TH ST,FIGUEROA ST,0,NA,Y,A,-,N,NA,NA,NA,NA,NA,NA,NA,NA,NA,Y,4,0,1,3,A,-,09,21802,A,F,D,C,A,A,A,-,A,A,0,NA,NA,NA,NA,Y,NA,-,99,0,0,1,0,0,0,0,0,0,-,-,NA,NA,LOS ANGELES,LOS ANGELES,-118.28272001,33.95100007
8363519,2017,2017-05-16,1900,2017-04-30,1134,525744,1135,7,5,6,1992,0,0,0,NA,0,112T2,AVENUE J,15TH ST EAST,400,E,N,A,-,N,NA,NA,NA,NA,NA,NA,NA,NA,NA,N,2,0,1,2,A,-,11,21954,A,N,D,G,A,A,H,-,A,D,0,NA,Y,NA,NA,Y,NA,L,04,1,0,0,0,0,0,1,0,0,-,-,NA,NA,LOS ANGELES,LANCASTER,-118.10236225,34.68956462
8363522,2017,2017-05-19,1900,2017-05-02,1221,546182,1125,2,5,6,1992,0,0,0,NA,0,112T2,10TH ST WEST,AVE J,35,N,N,A,-,N,NA,NA,NA,NA,NA,NA,NA,NA,NA,N,4,0,1,3,A,-,03,22350,NA,N,C,C,A,A,H,-,A,A,0,NA,NA,NA,NA,Y,NA,A,08,0,0,1,0,0,0,0,0,0,-,-,NA,NA,LOS ANGELES,LANCASTER,-118.14802148,34.68954596
8363523,2017,2017-05-16,1942,2017-04-20,0145,37987,725,4,5,7,1942,0,0,0,NA,0,7A21,3RD ST,DETROIT,0,NA,Y,A,-,N,NA,NA,NA,NA,NA,NA,NA,NA,NA,N,3,0,1,2,A,-,10,21950,A,F,G,B,B,A,H,-,C,D,0,Y,NA,NA,NA,Y,Y,-,99,0,1,0,0,1,0,0,0,0,-,-,NA,NA,LOS ANGELES,LOS ANGELES,-118.34514009,34.06890007
8363525,2017,2017-05-17,1963,2017-04-26,1418,00347,245,3,5,3,1963,0,0,0,NA,0,TWO,SANTA ANITA AV,CALIFORNIA BL,31,N,N,A,-,N,NA,NA,NA,NA,NA,NA,NA,NA,NA,N,4,0,1,2,A,-,03,22350,NA,N,C,C,A,A,H,-,A,A,0,NA,NA,NA,NA,Y,NA,A,01,0,0,1,0,0,0,0,0,0,-,-,34.13587,-118.09877,LOS ANGELES,SAN MARINO,-118.09877673,34.13597496
8363526,2017,2018-04-23,1900,2017-05-10,0731,546182,1127,3,5,6,1992,0,0,0,NA,0,112T2,AVE I,RT 14,88,W,N,A,-,Y,LA,7,14,-,R,68.827,R,4,N,Y,4,0,1,2,A,-,07,21658,A,N,B,C,A,A,H,-,A,A,0,NA,NA,NA,NA,Y,NA,A,01,0,0,1,0,0,0,0,0,0,-,-,NA,NA,LOS ANGELES,LANCASTER,-118.16988523,34.70177791
8363527,2017,2017-05-16,1942,2017-04-29,1045,41978,0727,6,5,7,1942,0,0,0,G,0,7TL23,HIGHLAND AV,BEVERLY BL,200,S,N,A,-,N,NA,NA,NA,NA,NA,NA,NA,NA,NA,N,4,0,1,2,A,-,03,22350,NA,N,C,C,A,A,H,-,A,D,0,NA,NA,NA,NA,Y,NA,A,01,0,0,1,0,0,0,0,0,0,-,-,NA,NA,LOS ANGELES,LOS ANGELES,-118.33865,34.07564147
8363530,2017,2017-05-19,1925,2017-05-07,1711,25923,166,7,5,6,1925,0,0,0,NA,0,007,BRAND BL,STOCKER ST,0,NA,Y,B,-,N,NA,NA,NA,NA,NA,NA,NA,NA,NA,Y,4,0,1,2,A,-,12,21453,A,N,D,C,A,B,H,-,A,A,0,NA,NA,NA,NA,Y,NA,A,07,0,0,1,0,0,0,0,0,0,-,-,NA,NA,LOS ANGELES,GLENDALE,-118.2550601,34.16367009
8363531,2017,2017-05-16,1942,2017-04-24,1930,40690,0713,1,5,7,1942,0,0,0,G,0,14T47,BEVERLY BL,OGDEN DR,90,E,N,A,-,N,NA,NA,NA,NA,NA,NA,NA,NA,NA,Y,3,0,3,3,A,-,05,21650,NA,N,A,C,A,A,H,-,C,D,0,NA,NA,NA,NA,Y,NA,A,01,0,1,2,0,0,0,0,0,0,-,-,NA,NA,LOS ANGELES,LOS ANGELES,-118.35912337,34.07612283
8363532,2017,2017-07-27,1942,2017-04-09,2015,41521,1268,7,5,7,1942,0,0,0,L,0,12T43,BROADWAY ST,85TH ST,112,N,N,A,-,N,NA,NA,NA,NA,NA,NA,NA,NA,NA,Y,4,0,2,3,A,-,03,22350,NA,N,B,C,A,A,H,-,C,D,0,NA,NA,NA,NA,Y,NA,A,01,0,0,2,0,0,0,0,0,0,-,-,NA,NA,LOS ANGELES,LOS ANGELES,-118.2783,33.96182716
8363534,2017,2017-05-30,1925,2017-05-04,1239,13002,188,4,5,6,1925,0,0,0,NA,0,001,GLENWOOD RD,RUBERTA AV,0,NA,Y,A,-,N,NA,NA,NA,NA,NA,NA,NA,NA,NA,Y,3,0,1,2,A,-,09,21802,A,N,D,D,A,A,H,-,A,A,0,NA,NA,NA,NA,Y,NA,-,NA,0,1,0,0,0,0,0,0,0,-,-,NA,NA,LOS ANGELES,GLENDALE,-118.28436,34.1713201
8363535,2017,2017-05-16,1942,2017-04-22,1510,34393,0776,6,5,7,1942,0,0,0,G,0,7X52W4,WASHINGTON BL,PICKFORD ST,0,NA,Y,A,-,N,NA,NA,NA,NA,NA,NA,NA,NA,NA,N,4,0,1,2,A,-,09,21804,A,F,D,C,A,A,H,-,A,D,0,NA,NA,NA,NA,Y,NA,-,99,0,0,1,0,0,0,0,0,0,-,-,NA,NA,LOS ANGELES,LOS ANGELES,-118.33756004,34.03984002
8363536,2017,2017-06-05,1942,2017-04-11,1140,33599,1205,2,5,7,1942,0,0,0,L,0,3TL5,NORMANDIE AV,48TH ST,33,S,N,A,-,N,NA,NA,NA,NA,NA,NA,NA,NA,NA,Y,3,0,7,2,A,-,21,22106,NA,N,A,C,A,A,H,-,A,A,0,NA,NA,NA,NA,Y,NA,A,01,0,1,6,0,0,0,0,0,0,-,-,NA,NA,LOS ANGELES,LOS ANGELES,-118.30019,33.99998949
8363539,2017,2017-05-16,1942,2017-04-20,0045,39454,0774,4,5,7,1942,0,0,0,G,0,7A85,LA BREA AV,WASHINGTON BL,0,NA,Y,A,-,N,NA,NA,NA,NA,NA,NA,NA,NA,NA,Y,4,0,1,2,A,-,09,21801,A,N,A,C,A,A,H,-,C,A,0,NA,NA,NA,NA,Y,NA,A,01,0,0,1,0,0,0,0,0,0,-,-,NA,NA,LOS ANGELES,LOS ANGELES,-118.34752009,34.0404001
8363540,2017,2017-05-20,1942,2017-04-08,1640,41924,1239,6,5,7,1942,0,0,0,L,0,37L57,VERMONT AV,59TH ST,0,NA,N,A,-,N,NA,NA,NA,NA,NA,NA,NA,NA,NA,N,4,0,1,2,A,-,03,22350,NA,N,C,C,A,A,H,-,A,A,0,NA,NA,NA,NA,Y,NA,A,01,0,0,1,0,0,0,0,0,0,-,-,NA,NA,LOS ANGELES,LOS ANGELES,-118.29147,33.98752