CASE_ID,ACCIDENT_YEAR,PROC_DATE,JURIS,COLLISION_DATE,COLLISION_TIME,OFFICER_ID,REPORTING_DISTRICT,DAY_OF_WEEK,CHP_SHIFT,POPULATION,CNTY_CITY_LOC,SPECIAL_COND,BEAT_TYPE,CHP_BEAT_TYPE,CITY_DIVISION_LAPD,CHP_BEAT_CLASS,BEAT_NUMBER,PRIMARY_RD,SECONDARY_RD,DISTANCE,DIRECTION,INTERSECTION,WEATHER_1,WEATHER_2,STATE_HWY_IND,CALTRANS_COUNTY,CALTRANS_DISTRICT,STATE_ROUTE,ROUTE_SUFFIX,POSTMILE_PREFIX,POSTMILE,LOCATION_TYPE,RAMP_INTERSECTION,SIDE_OF_HWY,TOW_AWAY,COLLISION_SEVERITY,NUMBER_KILLED,NUMBER_INJURED,PARTY_COUNT,PRIMARY_COLL_FACTOR,PCF_CODE_OF_VIOL,PCF_VIOL_CATEGORY,PCF_VIOLATION,PCF_VIOL_SUBSECTION,HIT_AND_RUN,TYPE_OF_COLLISION,MVIW,PED_ACTION,ROAD_SURFACE,ROAD_COND_1,ROAD_COND_2,LIGHTING,CONTROL_DEVICE,CHP_ROAD_TYPE,PEDESTRIAN_ACCIDENT,BICYCLE_ACCIDENT,MOTORCYCLE_ACCIDENT,TRUCK_ACCIDENT,NOT_PRIVATE_PROPERTY,ALCOHOL_INVOLVED,STWD_VEHTYPE_AT_FAULT,CHP_VEHTYPE_AT_FAULT,COUNT_SEVERE_INJ,COUNT_VISIBLE_INJ,COUNT_COMPLAINT_PAIN,COUNT_PED_KILLED,COUNT_PED_INJURED,COUNT_BICYCLIST_KILLED,COUNT_BICYCLIST_INJURED,COUNT_MC_KILLED,COUNT_MC_INJURED,PRIMARY_RAMP,SECONDARY_RAMP,LATITUDE,LONGITUDE,COUNTY,CITY,POINT_X,POINT_Y
8372264,2017,2017-05-30,1900,2017-04-29,1450,551882,2811,6,5,5,1915,0,0,0,NA,0,283TI,SCHOOL ST,WILMINGTON AV,200,W,N,A,-,N,NA,NA,NA,NA,NA,NA,NA,NA,NA,Y,4,0,1,4,A,-,21,22106,NA,N,B,C,A,A,H,-,A,D,0,NA,NA,NA,NA,Y,NA,A,01,0,0,1,0,0,0,0,0,0,-,-,NA,NA,LOS ANGELES,COMPTON,-118.23776,33.89761
8372268,2017,2017-05-30,1941,2017-04-24,1538,5612,901T,1,5,7,1941,0,0,0,NA,0,NA,BELLFLOWER,CONANT ST,0,NA,Y,A,-,N,NA,NA,NA,NA,NA,NA,NA,NA,NA,Y,3,0,1,3,A,-,03,22350,NA,N,A,C,A,A,H,-,A,-,0,NA,NA,NA,NA,Y,NA,-,NA,0,1,0,0,0,0,0,0,0,-,-,NA,NA,LOS ANGELES,LONG BEACH,-118.12545012,33.82506006
8372284,2017,2017-05-30,1976,2017-04-20,0535,379,3,4,5,5,1976,0,0,0,NA,0,17-323,2ND ST,MICHIGAN AV,249,E,N,A,-,N,NA,NA,NA,NA,NA,NA,NA,NA,NA,Y,3,0,1,2,A,-,08,22107,NA,N,B,E,A,A,H,-,C,D,0,NA,NA,NA,NA,Y,NA,A,01,0,1,0,0,0,0,0,0,0,-,-,NA,NA,LOS ANGELES,WHITTIER,-118.02358283,33.96216566
8372324,2017,2017-05-25,1941,2017-05-14,0023,10793,NA,7,5,7,1941,0,0,0,NA,0,NA,LAKEWOOD BL,WILLOW ST,0,NA,Y,A,-,N,NA,NA,NA,NA,NA,NA,NA,NA,NA,Y,4,0,1,2,A,-,07,21658,A,N,B,C,A,A,-,-,C,A,0,NA,NA,NA,NA,Y,Y,-,NA,0,0,1,0,0,0,0,0,0,-,-,NA,NA,LOS ANGELES,LONG BEACH,-118.14279,33.80341007
8372345,2017,2017-08-28,1941,2017-05-12,1331,10672,NA,5,5,7,1941,0,0,0,NA,0,NA,LONG BEACH BL,4TH ST,0,NA,Y,A,-,N,NA,NA,NA,NA,NA,NA,NA,NA,NA,Y,3,0,1,2,A,-,12,21453,A,N,D,C,A,A,H,-,A,A,0,NA,NA,Y,NA,Y,NA,A,NA,0,1,0,0,0,0,0,0,1,-,-,NA,NA,LOS ANGELES,LONG BEACH,-118.18948002,33.7717301
8372349,2017,2017-05-26,1941,2017-05-15,1823,11005,NA,1,5,7,1941,0,0,0,NA,0,NA,CHESTNUT AV,10TH ST,0,NA,Y,A,-,N,NA,NA,NA,NA,NA,NA,NA,NA,NA,N,4,0,1,3,A,-,09,21802,A,N,D,C,A,A,H,-,A,D,0,NA,NA,NA,NA,Y,NA,A,NA,0,0,1,0,0,0,0,0,0,-,-,NA,NA,LOS ANGELES,LONG BEACH,-118.19634009,33.77898004
8372353,2017,2017-05-26,1941,2017-05-15,1735,10680,NA,1,5,7,1941,0,0,0,NA,0,NA,XIMENO AV,11TH ST,39,N,N,A,-,N,NA,NA,NA,NA,NA,NA,NA,NA,NA,N,4,0,1,3,A,-,03,22350,NA,N,C,C,A,A,H,-,A,D,0,NA,NA,NA,NA,Y,NA,A,NA,0,0,1,0,0,0,0,0,0,-,-,NA,NA,LOS ANGELES,LONG BEACH,-118.14155884,33.78085694
8372357,2017,2017-05-26,1941,2017-05-11,1714,5139,NA,4,5,7,1941,0,0,0,NA,0,NA,W OCEAN BL,LIGHT POLE,351,W,N,A,-,N,NA,NA,NA,NA,NA,NA,NA,NA,NA,Y,2,0,1,1,A,-,03,22350,NA,N,B,I,A,A,H,-,A,D,0,NA,NA,Y,NA,Y,NA,C,NA,1,0,0,0,0,0,0,0,1,-,-,NA,NA,LOS ANGELES,LONG BEACH,NA,NA
8372361,2017,2017-06-14,1941,2017-05-12,1237,11027,NA,5,5,7,1941,0,0,0,NA,0,NA,PACIFIC COAST HWY,2ND ST,112,N,N,A,-,N,NA,NA,NA,NA,NA,NA,NA,NA,NA,N,3,0,1,2,A,-,-,NA,NA,N,G,B,E,A,-,-,A,D,0,Y,NA,NA,NA,Y,NA,N,NA,0,1,0,0,1,0,0,0,0,-,-,NA,NA,LOS ANGELES,LONG BEACH,-118.111417,33.758327
8372365,2017,2017-05-25,1941,2017-05-10,1623,11012,NA,3,5,7,1941,0,0,0,NA,0,NA,ATLANTIC AV,55TH ST,43,S,N,A,-,N,NA,NA,NA,NA,NA,NA,NA,NA,NA,Y,2,0,1,3,A,-,05,21651,C,F,G,G,A,A,H,-,A,A,0,NA,Y,NA,NA,Y,NA,A,NA,1,0,0,0,0,0,1,0,0,-,-,NA,NA,LOS ANGELES,LONG BEACH,-118.18501,33.85612208
8372369,2017,2017-05-25,1941,2017-05-11,0654,10943,NA,4,5,7,1941,0,0,0,NA,0,NA,ALAMITOS AV,4TH ST,0,NA,Y,A,-,N,NA,NA,NA,NA,NA,NA,NA,NA,NA,N,3,0,1,2,A,-,10,21950,A,N,G,B,B,A,H,-,A,A,0,Y,NA,NA,NA,Y,NA,A,NA,0,1,0,0,1,0,0,0,0,-,-,NA,NA,LOS ANGELES,LONG BEACH,-118.18128001,33.77175005
8372373,2017,2017-07-18,1941,2017-05-09,2130,6067,NA,2,5,7,1941,0,0,0,NA,0,NA,WILLOW AV,CASPIAN,0,NA,Y,A,-,N,NA,NA,NA,NA,NA,NA,NA,NA,NA,N,4,0,1,2,A,-,08,22107,NA,N,D,C,A,A,H,-,B,D,0,NA,NA,NA,NA,Y,NA,A,NA,0,0,1,0,0,0,0,0,0,-,-,NA,NA,LOS ANGELES,LONG BEACH,-118.21219002,33.80439001
8372385,2017,2017-05-24,1976,2017-05-07,1939,206,NA,7,5,5,1976,0,0,0,NA,0,001,HADLEY ST,WASHINGTON AV,0,NA,Y,A,-,N,NA,NA,NA,NA,NA,NA,NA,NA,NA,Y,4,0,1,2,A,-,09,21802,A,N,D,C,A,A,H,-,A,A,0,NA,NA,NA,NA,Y,NA,A,07,0,0,1,0,0,0,0,0,0,-,-,NA,NA,LOS ANGELES,WHITTIER,-118.035,33.98270011
8372389,2017,2017-05-24,1976,2017-05-09,2125,851,NA,2,5,5,1976,0,0,0,NA,0,NA,DORLAND ST,PICKERING AV,240,W,N,B,-,N,NA,NA,NA,NA,NA,NA,NA,NA,NA,Y,4,0,1,3,A,-,01,23152,A,N,B,E,A,A,H,-,C,D,0,NA,NA,NA,NA,Y,Y,A,01,0,0,1,0,0,0,0,0,0,-,-,NA,NA,LOS ANGELES,WHITTIER,-118.04284996,33.98721669
8372393,2017,2017-05-25,1976,2017-05-12,1243,409,NA,5,5,5,1976,0,0,0,NA,0,001,PAINTER AV,EARLHAM DR,130,N,N,A,-,N,NA,NA,NA,NA,NA,NA,NA,NA,NA,Y,4,0,2,3,A,-,04,21703,NA,N,C,C,A,A,H,-,A,D,0,NA,NA,NA,NA,Y,NA,A,01,0,0,2,0,0,0,0,0,0,-,-,NA,NA,LOS ANGELES,WHITTIER,-118.03267672,33.9766764
8372403,2017,2017-05-26,1900,2017-04-26,1758,602258,2313,3,5,5,1919,0,0,0,NA,0,230EPM,STUDEBAKER RD,ROSEWOOD PARK,0,NA,Y,A,-,N,NA,NA,NA,NA,NA,NA,NA,NA,NA,Y,4,0,3,2,A,-,09,21801,A,N,D,C,A,A,H,-,A,D,0,NA,NA,NA,NA,Y,NA,A,07,0,0,3,0,0,0,0,0,0,-,-,NA,NA,LOS ANGELES,CERRITOS,NA,NA
8372404,2017,2017-05-25,1942,2017-05-13,1600,42457,2156,6,5,7,1942,0,0,0,NA,0,21A5,WESTFIELD WY,TOPANGA CYN,200,E,N,A,-,N,NA,NA,NA,NA,NA,NA,NA,NA,NA,N,4,0,1,1,B,-,22,NA,NA,N,B,I,A,A,H,-,A,A,0,NA,NA,NA,NA,Y,NA,A,08,0,0,1,0,0,0,0,0,0,-,-,NA,NA,LOS ANGELES,LOS ANGELES,NA,NA
8372407,2017,2017-05-26,1942,2017-04-27,1510,39058,2062,4,5,7,1942,0,0,0,NA,0,20TL56,OLYMPIC BL,WESTCHESTER PL,0,NA,Y,A,-,N,NA,NA,NA,NA,NA,NA,NA,NA,NA,Y,4,0,1,2,A,-,09,21801,A,N,D,C,A,A,H,-,A,D,0,NA,NA,NA,NA,Y,NA,A,01,0,0,1,0,0,0,0,0,0,-,-,NA,NA,LOS ANGELES,LOS ANGELES,-118.31656004,34.05249011
8372408,2017,2017-05-26,1942,2017-05-17,0730,38356,2147,3,5,7,1942,0,0,0,NA,0,10TL39,DE SOTO AV,BASSETT ST,0,NA,Y,B,-,N,NA,NA,NA,NA,NA,NA,NA,NA,NA,Y,4,0,2,2,A,-,09,21801,A,N,D,C,A,A,H,-,A,A,0,NA,NA,NA,NA,Y,NA,A,01,0,0,2,0,0,0,0,0,0,-,-,NA,NA,LOS ANGELES,LOS ANGELES,-118.58843007,34.19560007
8372411,2017,2017-05-26,1942,2017-04-30,2310,41110,2031,7,5,7,1942,0,0,0,NA,0,20A58,S ST ANDREWS PL,WILSHIRE BL,25,S,N,A,-,N,NA,NA,NA,NA,NA,NA,NA,NA,NA,N,4,0,1,2,A,-,04,21703,NA,N,C,C,A,A,H,-,C,A,0,NA,NA,NA,NA,Y,NA,A,07,0,0,1,0,0,0,0,0,0,-,-,NA,NA,LOS ANGELES,LOS ANGELES,-118.31157,34.06169
8372412,2017,2017-05-26,1942,2017-05-05,0340,38185,1797,5,5,7,1942,0,0,0,Q,0,16T23,NORDHOFF ST,HAYVENHURST AV,208,W,N,B,-,N,NA,NA,NA,NA,NA,NA,NA,NA,NA,Y,2,0,2,3,A,-,03,22350,NA,N,E,I,A,A,H,-,C,A,0,NA,NA,NA,NA,Y,NA,A,01,1,1,0,0,0,0,0,0,0,-,-,NA,NA,LOS ANGELES,LOS ANGELES,-118.49448691,34.23569731
8372415,2017,2017-05-26,1942,2017-04-30,0130,41210,0667,7,5,7,1942,0,0,0,F,0,14T47,SUNSET BL,GOWER ST,0,NA,Y,A,-,N,NA,NA,NA,NA,NA,NA,NA,NA,NA,Y,3,0,1,2,A,-,01,23152,A,N,B,C,A,A,H,-,C,D,0,NA,NA,Y,NA,Y,Y,C,02,0,1,0,0,0,0,0,0,1,-,-,NA,NA,LOS ANGELES,LOS ANGELES,-118.32231004,34.09801008
8372416,2017,2017-05-26,1942,2017-05-15,0830,42544,RD152,1,5,7,1942,0,0,0,NA,0,15A39,TUJUNGA AV,HAMLIN ST,245,N,N,B,-,N,NA,NA,NA,NA,NA,NA,NA,NA,NA,Y,4,0,1,2,A,-,04,21703,NA,N,C,C,A,A,H,-,A,D,0,NA,NA,NA,NA,Y,NA,A,01,0,0,1,0,0,0,0,0,0,-,-,NA,NA,LOS ANGELES,LOS ANGELES,-118.37904623,34.18920197
8372419,2017,2017-05-26,1942,2017-04-28,0050,41179,1487,5,5,7,1942,0,0,0,N,0,7TL23,SEPULVEDA BL,MANCHESTER AV,445,N,N,A,-,N,NA,NA,NA,NA,NA,NA,NA,NA,NA,Y,4,0,2,2,A,-,05,21460,A,N,A,C,A,A,H,-,C,D,0,NA,NA,NA,NA,Y,NA,A,01,0,0,2,0,0,0,0,0,0,-,-,NA,NA,LOS ANGELES,LOS ANGELES,-118.39622,33.96114051
8372420,2017,2017-05-26,1942,2017-05-12,1400,37578,1541,5,5,7,1942,0,0,0,O,0,15A44,WHITSETT AV,CUMPSTON ST,60,S,N,A,-,N,NA,NA,NA,NA,NA,NA,NA,NA,NA,Y,3,0,1,1,A,-,03,22350,NA,N,E,I,A,A,H,-,A,D,0,NA,NA,NA,NA,Y,NA,A,01,0,1,0,0,0,0,0,0,0,-,-,NA,NA,LOS ANGELES,LOS ANGELES,-118.40525484,34.16933548
8372423,2017,2017-05-26,1942,2017-04-24,1620,34959,2041,1,5,7,1942,0,0,0,NA,0,20T56,BRONSON AV,OLYMPIC BL,0,NA,Y,A,-,N,NA,NA,NA,NA,NA,NA,NA,NA,NA,Y,4,0,2,2,A,-,09,21802,A,N,D,C,A,A,H,-,A,A,0,NA,NA,NA,NA,Y,NA,A,01,0,0,2,0,0,0,0,0,0,-,-,NA,NA,LOS ANGELES,LOS ANGELES,-118.32187002,34.05426005
8372424,2017,2017-05-26,1942,2017-05-16,1805,34599,1669,2,5,7,1942,0,0,0,P,0,17TL14,FOOTHILL BL,PALI AV,0,NA,Y,A,-,N,NA,NA,NA,NA,NA,NA,NA,NA,NA,N,3,0,1,2,A,-,12,21453,A,N,C,C,A,A,H,-,C,A,0,NA,NA,NA,NA,Y,NA,A,01,0,1,0,0,0,0,0,0,0,-,-,NA,NA,LOS ANGELES,LOS ANGELES,-118.27051012,34.24313006
8372427,2017,2017-05-26,1942,2017-04-20,1730,37468,2039,4,5,7,1942,0,0,0,NA,0,20A44,7TH ST,MAGNOLIA AV,40,W,N,A,-,N,NA,NA,NA,NA,NA,NA,NA,NA,NA,N,3,0,1,2,A,-,10,21950,A,N,G,B,B,A,H,-,A,D,0,Y,NA,NA,NA,Y,NA,-,NA,0,1,0,0,1,0,0,0,0,-,-,NA,NA,LOS ANGELES,LOS ANGELES,-118.2863518,34.05980972
8372428,2017,2017-05-26,1942,2017-05-12,2215,40422,1641,5,5,7,1942,0,0,0,P,0,16A23,TERRA BELLA ST,REMICK AV,150,W,N,A,-,N,NA,NA,NA,NA,NA,NA,NA,NA,NA,Y,3,0,1,2,A,-,07,21658,A,N,B,C,A,A,H,-,C,D,0,NA,NA,Y,NA,Y,NA,C,06,0,1,0,0,0,0,0,0,0,-,-,NA,NA,LOS ANGELES,LOS ANGELES,-118.4278399,34.25132723
8372431,2017,2017-05-26,1942,2017-04-21,0745,35004,2019,5,5,7,1942,0,0,0,NA,0,2A39,2ND ST,COMMONWEALTH,18,E,N,A,-,N,NA,NA,NA,NA,NA,NA,NA,NA,NA,N,4,0,1,2,A,-,11,21954,A,N,G,B,D,A,H,-,A,D,0,Y,NA,NA,NA,Y,NA,N,60,0,0,1,0,1,0,0,0,0,-,-,NA,NA,LOS ANGELES,LOS ANGELES,-118.28557068,34.07045
8372432,2017,2017-05-26,1942,2017-05-14,1810,40763,1689,7,5,7,1942,0,0,0,P,0,16U2,CANTARA ST,CLYBOURN AV,100,E,N,A,-,N,NA,NA,NA,NA,NA,NA,NA,NA,NA,N,4,0,1,3,A,-,09,21804,A,N,B,C,A,A,H,-,A,D,0,NA,NA,NA,NA,Y,NA,-,NA,0,0,1,0,0,0,0,0,0,-,-,NA,NA,LOS ANGELES,LOS ANGELES,-118.3649,34.21933
8372435,2017,2017-05-26,1942,2017-04-21,0905,41404,2069,5,5,7,1942,0,0,0,NA,0,20A25W,W PICO BL,HOOVER ST,80,W,N,A,-,N,NA,NA,NA,NA,NA,NA,NA,NA,NA,Y,4,0,1,2,A,-,08,22107,NA,N,A,C,A,A,H,-,A,D,0,NA,NA,NA,NA,Y,NA,A,07,0,0,1,0,0,0,0,0,0,-,-,NA,NA,LOS ANGELES,LOS ANGELES,-118.28447342,34.04728753
8372436,2017,2017-05-26,1942,2017-05-14,1550,42301,1643,7,5,7,1942,0,0,0,P,0,16A37,TAMARACK AV,VAN NUYS BL,918,S,N,A,-,N,NA,NA,NA,NA,NA,NA,NA,NA,NA,N,3,0,1,2,A,-,09,21804,A,N,C,G,A,A,H,-,A,D,0,NA,Y,NA,NA,Y,NA,L,04,0,1,0,0,0,0,1,0,0,-,-,NA,NA,LOS ANGELES,LOS ANGELES,-118.42264736,34.26236197
8372438,2017,2017-05-26,1941,2017-05-10,1656,11012,NA,3,5,7,1941,0,0,0,NA,0,NA,ARTESIA BL,JOHANNA AV,72,W,N,A,-,N,NA,NA,NA,NA,NA,NA,NA,NA,NA,NA,4,0,2,2,A,-,04,21703,NA,M,C,-,A,A,H,-,B,A,0,NA,NA,NA,NA,Y,NA,-,-,0,0,2,0,0,0,0,0,0,-,-,NA,NA,LOS ANGELES,LONG BEACH,NA,NA
8372439,2017,2017-05-26,1942,2017-04-20,1115,42257,2027,4,5,7,1942,0,0,0,NA,0,20A16,NORMANDIE AV,6TH ST,0,NA,Y,A,-,N,NA,NA,NA,NA,NA,NA,NA,NA,NA,N,3,0,1,2,A,-,11,21456,A,N,A,B,B,A,H,-,A,A,0,Y,NA,NA,NA,Y,NA,N,60,0,1,0,0,1,0,0,0,0,-,-,NA,NA,LOS ANGELES,LOS ANGELES,-118.30037008,34.06360001
8372440,2017,2017-05-26,1942,2017-05-15,0340,40422,1641,1,5,7,1942,0,0,0,P,0,16A23,VAN NUYS BL,OMELVENY AV,21,E,N,B,-,N,NA,NA,NA,NA,NA,NA,NA,NA,NA,Y,3,0,1,1,A,-,03,22350,NA,N,E,I,A,A,H,-,C,D,0,NA,NA,NA,NA,Y,NA,A,01,0,1,0,0,0,0,0,0,0,-,-,NA,NA,LOS ANGELES,LOS ANGELES,-118.42960811,34.26062823
8372443,2017,2017-05-26,1942,2017-04-21,1350,40471,2036,5,5,7,1942,0,0,0,NA,0,20A44W,WILSHIRE BL,CATALINA ST,5,W,N,A,-,N,NA,NA,NA,NA,NA,NA,NA,NA,NA,Y,3,0,1,2,A,-,10,21950,A,N,B,G,A,A,H,-,A,A,0,NA,Y,NA,NA,Y,NA,-,NA,0,1,0,0,0,0,1,0,0,-,-,NA,NA,LOS ANGELES,LOS ANGELES,-118.29541648,34.06176
8372444,2017,2017-05-26,1942,2017-05-16,0655,30452,1785,2,5,7,1942,0,0,0,Q,0,9T53,RAYEN ST,RESEDA BL,0,NA,Y,A,-,N,NA,NA,NA,NA,NA,NA,NA,NA,NA,N,3,0,1,2,A,-,10,21950,A,N,G,B,B,A,H,-,A,A,0,Y,NA,NA,NA,Y,NA,A,07,0,1,0,0,1,0,0,0,0,-,-,NA,NA,LOS ANGELES,LOS ANGELES,-118.53609002,34.23189011
8372448,2017,2017-05-26,1942,2017-05-16,0705,39096,1987,2,5,7,1942,0,0,0,NA,0,10TL35,COMMUNITY ST,WOODMAN AV,0,NA,Y,A,-,N,NA,NA,NA,NA,NA,NA,NA,NA,NA,Y,4,0,1,2,A,-,09,21802,A,N,D,C,A,A,H,-,A,A,0,NA,NA,NA,NA,Y,NA,A,01,0,0,1,0,0,0,0,0,0,-,-,NA,NA,LOS ANGELES,LOS ANGELES,-118.43274004,34.22279005
8372452,2017,2017-05-26,1942,2017-05-17,0950,39971,1935,3,5,7,1942,0,0,0,NA,0,21TL63,INDIAN HILLS RD,RINALDI ST,35,N,N,B,-,N,NA,NA,NA,NA,NA,NA,NA,NA,NA,Y,4,0,3,2,A,-,03,22350,NA,N,C,C,A,A,H,-,A,A,0,NA,NA,NA,NA,Y,Y,A,01,0,0,3,0,0,0,0,0,0,-,-,NA,NA,LOS ANGELES,LOS ANGELES,-118.45891896,34.279116
8372456,2017,2017-05-26,1942,2017-05-17,0755,41497,2155,3,5,7,1942,0,0,0,NA,0,16T23,ERWIN ST,TOPANGA CANYON BL,170,W,N,B,-,N,NA,NA,NA,NA,NA,NA,NA,NA,NA,N,4,0,1,2,A,-,09,21804,A,N,B,C,A,A,H,-,A,D,0,NA,NA,NA,NA,Y,NA,A,01,0,0,1,0,0,0,0,0,0,-,-,NA,NA,LOS ANGELES,LOS ANGELES,-118.60644117,34.18286
8372471,2017,2017-05-25,1942,2017-05-16,1410,40165,1531,2,5,7,1942,0,0,0,O,0,9TL56,OXNARD ST,WHITSETT AV,0,NA,Y,A,-,N,NA,NA,NA,NA,NA,NA,NA,NA,NA,Y,4,0,1,2,A,-,09,21801,A,N,-,C,A,-,H,-,A,A,0,NA,NA,NA,NA,Y,NA,A,01,0,0,1,0,0,0,0,0,0,-,-,NA,NA,LOS ANGELES,LOS ANGELES,-118.40526,34.1794101
8372473,2017,2017-05-25,1941,2017-05-11,1826,5857,NA,4,5,7,1941,0,0,0,NA,0,NA,GERALD DESMOND BR,PICO AV,3696,W,N,A,-,N,NA,NA,NA,NA,NA,NA,NA,NA,NA,Y,4,0,1,4,A,-,03,22350,NA,N,B,C,A,A,H,-,A,D,0,NA,NA,NA,NA,Y,NA,-,NA,0,0,1,0,0,0,0,0,0,-,-,NA,NA,LOS ANGELES,LONG BEACH,-118.221062,33.76482
8372475,2017,2017-05-25,1942,2017-05-17,0950,38356,1025,3,5,7,1942,0,0,0,J,0,10TL39,LINDLEY AV,SHERMAN WY,0,S,N,B,-,N,NA,NA,NA,NA,NA,NA,NA,NA,NA,Y,4,0,3,3,A,-,04,21703,NA,N,C,C,A,A,H,-,A,A,0,NA,NA,NA,NA,Y,NA,A,01,0,0,3,0,0,0,0,0,0,-,-,NA,NA,LOS ANGELES,LOS ANGELES,-118.52730003,34.20108009
8372479,2017,2017-05-25,1942,2017-05-11,2250,40841,1034,4,5,7,1942,0,0,0,J,0,10X94,BESSEMER ST,WHITE OAK AV,82,W,N,A,-,N,NA,NA,NA,NA,NA,NA,NA,NA,NA,Y,4,0,1,2,A,-,03,22350,A,N,A,E,A,A,H,-,C,D,0,NA,NA,NA,NA,Y,NA,A,01,0,0,1,0,0,0,0,0,0,-,-,NA,NA,LOS ANGELES,LOS ANGELES,-118.51901062,34.18100674
8372520,2017,2017-05-31,1926,2017-05-17,0747,0020,NA,3,5,5,1926,0,0,0,NA,0,002,GRAND AV,JUANITA AV,114,N,N,B,-,N,NA,NA,NA,NA,NA,NA,NA,NA,NA,Y,4,0,1,2,A,-,03,22350,NA,N,C,C,A,-,H,-,A,A,0,NA,NA,NA,NA,Y,NA,D,22,0,0,1,0,0,0,0,0,0,-,-,NA,NA,LOS ANGELES,GLENDORA,-117.8725,34.11060251
8372529,2017,2017-05-26,1942,2017-04-17,1830,42567,1434,1,5,7,1942,0,0,0,N,0,14A13,CENTINELLA AV,VENICE BL,200,N,N,A,-,N,NA,NA,NA,NA,NA,NA,NA,NA,NA,Y,4,0,1,2,A,-,08,22107,NA,F,B,C,A,A,H,-,A,A,0,NA,NA,Y,NA,Y,NA,-,99,0,0,1,0,0,0,0,0,1,-,-,NA,NA,LOS ANGELES,LOS ANGELES,-118.43395175,34.00421381
8372533,2017,2017-05-26,1942,2017-04-22,1000,26281,2014,6,5,7,1942,0,0,0,NA,0,7MQ56,COUNCIL ST,NORMANDIE AV,0,NA,Y,A,-,N,NA,NA,NA,NA,NA,NA,NA,NA,NA,Y,4,0,2,3,A,-,09,21802,A,N,D,C,A,A,H,-,A,A,0,NA,NA,NA,NA,Y,NA,D,22,0,0,2,0,0,0,0,0,0,-,-,NA,NA,LOS ANGELES,LOS ANGELES,-118.3004101,34.07531002
8372541,2017,2017-05-26,1942,2017-05-11,0755,38857,0919,4,5,7,1942,0,0,0,I,0,21TL65,VANOWEN ST,FULTON AV,125,W,N,A,-,N,NA,NA,NA,NA,NA,NA,NA,NA,NA,Y,4,0,1,2,A,-,03,22350,NA,N,C,C,A,A,H,-,A,A,0,NA,NA,NA,NA,Y,NA,A,01,0,0,1,0,0,0,0,0,0,-,-,NA,NA,LOS ANGELES,LOS ANGELES,-118.42294251,34.19394263
8372545,2017,2017-06-05,1942,2017-05-04,1630,41924,1273,4,5,7,1942,0,0,0,L,0,5T25,89TH ST,WESTERN AV,25,E,N,A,-,N,NA,NA,NA,NA,NA,NA,NA,NA,NA,Y,4,0,3,4,A,-,03,22350,NA,N,C,C,A,A,H,-,A,A,0,NA,NA,NA,NA,Y,NA,A,07,0,0,3,0,0,0,0,0,0,-,-,NA,NA,LOS ANGELES,LOS ANGELES,-118.30893774,33.95632858
8372548,2017,2017-06-05,1942,2017-05-19,1040,40165,1663,5,5,7,1942,0,0,0,P,0,9TL56,GLENOAKS BL,BRANFORD ST,40,S,N,A,-,N,NA,NA,NA,NA,NA,NA,NA,NA,NA,Y,2,0,2,2,A,-,03,22350,NA,N,C,C,A,A,H,-,A,D,0,NA,NA,NA,NA,Y,NA,A,01,2,0,0,0,0,0,0,0,0,-,-,NA,NA,LOS ANGELES,LOS ANGELES,-118.39331259,34.25529773
8372556,2017,2017-06-05,1942,2017-05-20,1840,32774,0984,6,5,7,1942,0,0,0,I,0,15T43,DICKENS ST,KESTER AV,523,E,N,A,-,N,NA,NA,NA,NA,NA,NA,NA,NA,NA,Y,4,0,2,2,A,-,03,22350,NA,N,C,E,A,A,H,-,A,D,0,NA,NA,NA,NA,Y,NA,A,01,0,0,2,0,0,0,0,0,0,-,-,NA,NA,LOS ANGELES,LOS ANGELES,-118.45523212,34.15074513
8372560,2017,2017-05-31,1942,2017-05-19,1115,38850,0948,5,5,7,1942,0,0,0,I,0,9TL57,BURBANK BL,FULTON AV,0,NA,Y,A,-,N,NA,NA,NA,NA,NA,NA,NA,NA,NA,Y,3,0,1,2,A,-,09,21801,A,N,D,C,A,A,H,-,A,A,0,NA,NA,NA,NA,Y,NA,D,22,0,1,0,0,0,0,0,0,0,-,-,NA,NA,LOS ANGELES,LOS ANGELES,-118.42251001,34.17212011
8372561,2017,2017-05-25,1900,2017-05-11,1920,510585,2310,4,5,5,1919,0,0,0,NA,0,230T,STUDEBAKER RD,ALONDRA BL,45,S,N,A,-,N,NA,NA,NA,NA,NA,NA,NA,NA,NA,N,4,0,1,2,A,-,03,22350,NA,N,C,C,A,A,H,-,A,A,0,NA,NA,NA,NA,Y,NA,A,07,0,0,1,0,0,0,0,0,0,-,-,NA,NA,LOS ANGELES,CERRITOS,-118.09998,33.88747661
8372564,2017,2017-05-26,1942,2017-05-13,1231,42161,0734,6,5,7,1942,0,0,0,G,0,6T4,3RD ST,GARDNER ST,48,W,N,A,-,N,NA,NA,NA,NA,NA,NA,NA,NA,NA,Y,4,0,1,2,A,-,05,21650,NA,M,C,C,A,A,H,-,A,D,0,NA,NA,NA,NA,Y,NA,A,01,0,0,1,0,0,0,0,0,0,-,-,NA,NA,LOS ANGELES,LOS ANGELES,-118.35338485,34.07037693
8372565,2017,2017-05-25,1942,2017-05-06,1915,41003,2027,6,5,7,1942,0,0,0,NA,0,6T7,WILSHIRE BL,NEW HAMPSHIRE AV,150,E,N,A,-,N,NA,NA,NA,NA,NA,NA,NA,NA,NA,Y,3,0,2,1,A,-,03,22350,NA,N,E,I,A,A,H,-,D,D,0,NA,NA,NA,NA,Y,NA,A,01,0,1,1,0,0,0,0,0,0,-,-,NA,NA,LOS ANGELES,LOS ANGELES,-118.29240571,34.06179