CASE_ID,ACCIDENT_YEAR,PROC_DATE,JURIS,COLLISION_DATE,COLLISION_TIME,OFFICER_ID,REPORTING_DISTRICT,DAY_OF_WEEK,CHP_SHIFT,POPULATION,CNTY_CITY_LOC,SPECIAL_COND,BEAT_TYPE,CHP_BEAT_TYPE,CITY_DIVISION_LAPD,CHP_BEAT_CLASS,BEAT_NUMBER,PRIMARY_RD,SECONDARY_RD,DISTANCE,DIRECTION,INTERSECTION,WEATHER_1,WEATHER_2,STATE_HWY_IND,CALTRANS_COUNTY,CALTRANS_DISTRICT,STATE_ROUTE,ROUTE_SUFFIX,POSTMILE_PREFIX,POSTMILE,LOCATION_TYPE,RAMP_INTERSECTION,SIDE_OF_HWY,TOW_AWAY,COLLISION_SEVERITY,NUMBER_KILLED,NUMBER_INJURED,PARTY_COUNT,PRIMARY_COLL_FACTOR,PCF_CODE_OF_VIOL,PCF_VIOL_CATEGORY,PCF_VIOLATION,PCF_VIOL_SUBSECTION,HIT_AND_RUN,TYPE_OF_COLLISION,MVIW,PED_ACTION,ROAD_SURFACE,ROAD_COND_1,ROAD_COND_2,LIGHTING,CONTROL_DEVICE,CHP_ROAD_TYPE,PEDESTRIAN_ACCIDENT,BICYCLE_ACCIDENT,MOTORCYCLE_ACCIDENT,TRUCK_ACCIDENT,NOT_PRIVATE_PROPERTY,ALCOHOL_INVOLVED,STWD_VEHTYPE_AT_FAULT,CHP_VEHTYPE_AT_FAULT,COUNT_SEVERE_INJ,COUNT_VISIBLE_INJ,COUNT_COMPLAINT_PAIN,COUNT_PED_KILLED,COUNT_PED_INJURED,COUNT_BICYCLIST_KILLED,COUNT_BICYCLIST_INJURED,COUNT_MC_KILLED,COUNT_MC_INJURED,PRIMARY_RAMP,SECONDARY_RAMP,LATITUDE,LONGITUDE,COUNTY,CITY,POINT_X,POINT_Y
8373076,2017,2018-04-24,1942,2017-05-20,0210,42340,2177,6,5,7,1942,0,0,0,NA,0,21A1,DESOTO AV,RT 101,0,NA,Y,A,-,Y,LA,7,101,-,-,24.134,R,4,N,Y,2,0,2,2,A,-,12,21453,A,N,D,C,A,A,H,-,B,A,0,NA,NA,NA,NA,Y,NA,A,01,1,1,0,0,0,0,0,0,0,-,WF,NA,NA,LOS ANGELES,LOS ANGELES,-118.58495859,34.16803984
8373078,2017,2017-06-01,1900,2017-05-11,1624,602965,1133,4,5,6,1992,0,0,0,NA,0,112T1,DIVISION ST,AVENUE K,0,NA,Y,A,-,N,NA,NA,NA,NA,NA,NA,NA,NA,NA,Y,4,0,1,4,A,-,04,21703,NA,N,C,C,A,A,H,-,A,A,0,NA,NA,NA,NA,Y,NA,A,01,0,0,1,0,0,0,0,0,0,-,-,NA,NA,LOS ANGELES,LANCASTER,-118.13017013,34.6749901
8373079,2017,2017-06-13,1942,2017-05-20,1500,42507,1667,6,5,7,1942,0,0,0,P,0,16A37,SUNLAND BL,STONEHURST AV,112,W,N,A,-,N,NA,NA,NA,NA,NA,NA,NA,NA,NA,N,3,0,2,2,A,-,07,21658,A,N,C,C,A,A,H,-,A,A,0,NA,NA,NA,NA,Y,NA,A,01,0,2,0,0,0,0,0,0,0,-,-,NA,NA,LOS ANGELES,LOS ANGELES,-118.3664771,34.24303035
8373080,2017,2017-06-01,1942,2017-05-20,1155,38239,2189,6,5,7,1942,0,0,0,NA,0,21XL7,VENTURA BL,VENTURA BL 20600,0,NA,N,A,-,N,NA,NA,NA,NA,NA,NA,NA,NA,NA,Y,3,0,1,2,A,-,08,22107,NA,N,D,C,A,A,H,-,A,D,0,NA,NA,NA,NA,Y,NA,A,01,0,1,0,0,0,0,0,0,0,-,-,NA,NA,LOS ANGELES,LOS ANGELES,NA,NA
8373081,2017,2017-06-02,1900,2017-04-22,2115,618055,1127,6,5,6,1992,0,0,0,NA,0,112T2,LANCASTER BL,VALLEY CENTRAL WY,19,E,N,A,-,N,NA,NA,NA,NA,NA,NA,NA,NA,NA,N,4,0,1,2,A,-,21,22106,NA,M,A,C,A,A,H,-,C,A,0,NA,NA,NA,NA,Y,Y,-,99,0,0,1,0,0,0,0,0,0,-,-,NA,NA,LOS ANGELES,LANCASTER,-118.17180693,34.69673069
8373082,2017,2017-06-01,1900,2017-05-12,0045,615102,1125,5,5,6,1992,0,0,0,NA,0,11113,AVENUE J,30TH ST W,13,E,N,A,-,N,NA,NA,NA,NA,NA,NA,NA,NA,NA,Y,2,0,1,2,A,-,12,21453,A,N,D,G,A,A,H,-,C,A,0,NA,Y,NA,NA,Y,Y,L,04,1,0,0,0,0,0,1,0,0,-,-,NA,NA,LOS ANGELES,LANCASTER,-118.18378686,34.68937107
8373083,2017,2017-06-13,1942,2017-05-19,1525,37916,1655,5,5,7,1942,0,0,0,P,0,16X4,WENTWORTH,STONEHURST,18,N,N,A,-,N,NA,NA,NA,NA,NA,NA,NA,NA,NA,Y,4,0,2,2,A,-,08,22100,B,N,A,C,A,A,H,-,A,D,0,NA,NA,NA,NA,Y,NA,A,01,0,0,2,0,0,0,0,0,0,-,-,NA,NA,LOS ANGELES,LOS ANGELES,-118.3755194,34.25681592
8373084,2017,2017-06-01,1942,2017-05-21,1005,37680,2157,7,5,7,1942,0,0,0,NA,0,21A29,WINNETKA,GILMORE ST,20,E,N,A,-,N,NA,NA,NA,NA,NA,NA,NA,NA,NA,Y,3,0,6,2,A,-,09,21801,A,N,D,C,A,A,H,-,A,A,0,NA,NA,NA,NA,Y,NA,A,01,0,2,4,0,0,0,0,0,0,-,-,NA,NA,LOS ANGELES,LOS ANGELES,-118.57096,34.18973
8373086,2017,2017-06-01,1900,2017-05-11,1020,510509,1121,4,5,6,1992,0,0,0,NA,0,111T1,AVENUE I,47TH ST WEST,28,E,N,A,-,N,NA,NA,NA,NA,NA,NA,NA,NA,NA,Y,3,0,1,1,A,-,08,22107,NA,N,F,C,A,A,H,-,A,D,0,NA,NA,NA,NA,Y,NA,A,01,0,1,0,0,0,0,0,0,0,-,-,NA,NA,LOS ANGELES,LANCASTER,-118.21466703,34.7041
8373087,2017,2017-05-31,1942,2017-05-19,2140,40841,1044,5,5,7,1942,0,0,0,J,0,10A26,RESEDA BL,HATTERAS ST,100,N,N,A,-,N,NA,NA,NA,NA,NA,NA,NA,NA,NA,N,3,0,1,2,A,-,07,21658,A,N,D,G,A,A,H,-,C,D,0,NA,Y,NA,NA,Y,NA,L,04,0,1,0,0,0,0,1,0,0,-,-,NA,NA,LOS ANGELES,LOS ANGELES,-118.53602,34.17772432
8373088,2017,2017-06-01,1942,2017-05-20,1945,35410,2196,6,5,7,1942,0,0,0,NA,0,21A97,DUMETZ RD,ALHAMA AV,150,E,N,A,-,N,NA,NA,NA,NA,NA,NA,NA,NA,NA,Y,3,0,2,2,A,-,03,22350,NA,N,C,C,A,A,H,-,D,D,0,NA,NA,NA,NA,Y,NA,A,01,0,1,1,0,0,0,0,0,0,-,-,NA,NA,LOS ANGELES,LOS ANGELES,-118.59275111,34.15829405
8373090,2017,2017-06-01,1900,2017-05-21,1819,510509,1135,7,5,6,1992,0,0,0,NA,0,112T2,AVENUE I,12TH ST EAST,256,E,N,A,-,N,NA,NA,NA,NA,NA,NA,NA,NA,NA,N,3,0,1,1,A,-,08,22107,NA,N,E,I,A,A,H,-,A,D,0,NA,NA,Y,NA,Y,NA,C,02,0,1,0,0,0,0,0,0,1,-,-,NA,NA,LOS ANGELES,LANCASTER,-118.10734008,34.70421436
8373091,2017,2017-05-31,1942,2017-05-22,1715,36755,1549,1,5,7,1942,0,0,0,O,0,16TL28,CAHUENGA BL,CHANDLER BL,0,NA,Y,A,-,N,NA,NA,NA,NA,NA,NA,NA,NA,NA,Y,4,0,2,2,A,-,09,21801,A,N,A,C,A,A,H,-,A,A,0,NA,NA,NA,NA,Y,NA,A,01,0,0,2,0,0,0,0,0,0,-,-,NA,NA,LOS ANGELES,LOS ANGELES,-118.36154011000001,34.16870004
8373092,2017,2017-06-01,1942,2017-05-19,0030,41782,2177,5,5,7,1942,0,0,0,NA,0,21A97,CANOGA,OXNARD BL,0,NA,Y,A,-,N,NA,NA,NA,NA,NA,NA,NA,NA,NA,Y,4,0,1,2,A,-,12,21453,A,N,D,C,A,A,H,-,C,D,0,NA,NA,NA,NA,Y,NA,A,01,0,0,1,0,0,0,0,0,0,-,-,NA,NA,LOS ANGELES,LOS ANGELES,-118.59751013,34.17930003
8373094,2017,2017-06-01,1900,2017-05-23,1259,540658,1137,2,5,6,1992,0,0,0,NA,0,112T1,15TH ST EAST,AVENUE J-8,0,N,N,A,-,N,NA,NA,NA,NA,NA,NA,NA,NA,NA,Y,3,0,6,2,A,-,09,21804,A,N,D,C,A,A,H,-,A,D,0,NA,NA,NA,NA,Y,NA,A,01,0,1,5,0,0,0,0,0,0,-,-,NA,NA,LOS ANGELES,LANCASTER,-118.15683013,34.68217011
8373095,2017,2017-05-31,1942,2017-05-22,1800,40165,1532,1,5,7,1942,0,0,0,O,0,9TL56,OXNARD ST,RHODES AV,210,E,N,A,-,N,NA,NA,NA,NA,NA,NA,NA,NA,NA,Y,3,0,1,6,A,-,09,21804,A,N,D,C,A,A,H,-,A,D,0,NA,NA,NA,NA,Y,NA,A,01,0,1,0,0,0,0,0,0,0,-,-,NA,NA,LOS ANGELES,LOS ANGELES,-118.40242695,34.17941
8373096,2017,2017-06-01,1942,2017-05-18,0500,39523,2148,4,5,7,1942,0,0,0,NA,0,21A29,SHERMAN WY,MASON AV,0,NA,Y,A,-,N,NA,NA,NA,NA,NA,NA,NA,NA,NA,Y,4,0,2,2,A,-,12,21453,A,N,D,C,A,A,H,-,B,A,0,NA,NA,NA,NA,Y,NA,-,NA,0,0,2,0,0,0,0,0,0,-,-,NA,NA,LOS ANGELES,LOS ANGELES,-118.57973003,34.20101007
8373098,2017,2017-06-01,1900,2017-05-04,2315,484625,1135,4,5,6,1992,0,0,0,NA,0,113P,15TH ST EAST,AVENUE J,0,NA,Y,A,-,N,NA,NA,NA,NA,NA,NA,NA,NA,NA,Y,3,0,5,2,A,-,09,21801,A,N,A,C,A,A,H,-,C,A,0,NA,NA,NA,NA,Y,Y,A,01,0,4,1,0,0,0,0,0,0,-,-,NA,NA,LOS ANGELES,LANCASTER,-118.10369012,34.68956005
8373099,2017,2017-05-31,1942,2017-05-22,1315,39281,1569,1,5,7,1942,0,0,0,O,0,19TL72,MOORPARK ST,AUCKLAND AV,75,E,N,A,-,N,NA,NA,NA,NA,NA,NA,NA,NA,NA,Y,3,0,1,3,A,-,03,22350,NA,N,B,E,A,A,H,-,A,D,0,NA,NA,NA,NA,Y,NA,A,01,0,1,0,0,0,0,0,0,0,-,-,NA,NA,LOS ANGELES,LOS ANGELES,-118.36017258,34.1504
8373100,2017,2017-06-01,1942,2017-05-22,1840,38771,1791,1,5,7,1942,0,0,0,Q,0,35Q41,DE SOTO AV,PARTHENIA ST,0,NA,Y,A,-,N,NA,NA,NA,NA,NA,NA,NA,NA,NA,Y,3,0,2,3,A,-,12,21453,A,N,D,D,A,A,H,-,A,A,0,NA,NA,NA,NA,Y,NA,A,07,0,1,1,0,0,0,0,0,0,-,-,NA,NA,LOS ANGELES,LOS ANGELES,-118.58853002,34.22821001
8373102,2017,2017-06-01,1900,2017-05-06,2300,484625,1159,6,5,6,1992,0,0,0,NA,0,113P,AVENUE L-8,65TH ST WEST,0,NA,Y,B,-,N,NA,NA,NA,NA,NA,NA,NA,NA,NA,Y,3,0,4,2,A,-,12,22450,A,N,D,C,A,A,H,-,C,A,0,NA,NA,NA,NA,Y,NA,A,01,0,1,3,0,0,0,0,0,0,-,-,NA,NA,LOS ANGELES,LANCASTER,-118.24496008,34.65285001
8373103,2017,2017-05-31,1942,2017-05-22,1715,33294,1514,1,5,7,1942,0,0,0,O,0,35M51,LAUREL CANYON BL,ARCHWOOD ST,100,N,N,A,-,N,NA,NA,NA,NA,NA,NA,NA,NA,NA,Y,4,0,5,4,A,-,03,22350,NA,N,C,C,A,A,H,-,A,A,0,NA,NA,NA,NA,Y,NA,A,07,0,0,5,0,0,0,0,0,0,-,-,NA,NA,LOS ANGELES,LOS ANGELES,-118.39651499,34.19238425
8373104,2017,2017-06-01,1942,2017-05-17,1740,37845,0932,3,5,7,1942,0,0,0,I,0,9X16,FRIAR ST,CEDROS AV,0,NA,Y,A,-,N,NA,NA,NA,NA,NA,NA,NA,NA,NA,N,4,0,1,2,A,-,11,21954,A,N,G,B,D,A,H,-,A,D,0,Y,NA,NA,NA,Y,NA,N,60,0,0,1,0,1,0,0,0,0,-,-,NA,NA,LOS ANGELES,LOS ANGELES,-118.45311006,34.18567007
8373106,2017,2017-06-01,1900,2017-05-16,1230,600122,1126,2,5,6,1992,0,0,0,NA,0,110T3,10TH ST W,COMMERCE CENTER DR,40,N,N,A,G,N,NA,NA,NA,NA,NA,NA,NA,NA,NA,Y,4,0,1,2,A,-,08,22107,NA,N,B,C,A,A,H,-,A,D,0,NA,NA,NA,NA,Y,NA,A,01,0,0,1,0,0,0,0,0,0,-,-,NA,NA,LOS ANGELES,LANCASTER,-118.14787183,34.67258967
8373107,2017,2017-05-31,1942,2017-05-22,1510,39281,1638,1,5,7,1942,0,0,0,P,0,19TL72,FOOTHILL BL,MACHREA ST,0,NA,Y,A,-,N,NA,NA,NA,NA,NA,NA,NA,NA,NA,Y,4,0,1,2,A,-,08,22100,A,N,B,C,A,A,H,-,A,D,0,NA,NA,NA,NA,Y,NA,A,08,0,0,1,0,0,0,0,0,0,-,-,NA,NA,LOS ANGELES,LOS ANGELES,-118.30224001,34.2586601
8373108,2017,2017-06-01,1942,2017-05-17,0835,36888,1585,3,5,7,1942,0,0,0,O,0,15A85,VINELAND AV,AQUA VISTA ST,0,NA,Y,B,-,N,NA,NA,NA,NA,NA,NA,NA,NA,NA,Y,4,0,4,2,A,-,09,21801,A,N,D,C,A,A,H,-,A,A,0,NA,NA,NA,NA,Y,Y,A,01,0,0,4,0,0,0,0,0,0,-,-,NA,NA,LOS ANGELES,LOS ANGELES,-118.37055006,34.14496004
8373110,2017,2017-06-01,1942,2017-05-17,1530,42746,1747,3,5,7,1942,0,0,0,Q,0,17A74,PETIT AV,GERMAIN ST,32,S,N,A,-,N,NA,NA,NA,NA,NA,NA,NA,NA,NA,N,3,0,1,2,A,-,04,21703,NA,N,C,G,A,A,H,-,A,D,0,NA,Y,NA,NA,Y,NA,L,04,0,1,0,0,0,0,1,0,0,-,-,NA,NA,LOS ANGELES,LOS ANGELES,-118.49797102,34.26188223
8373111,2017,2017-06-01,1942,2017-05-23,0745,34561,1791,2,5,7,1942,0,0,0,Q,0,9TL59,WINNETKA AV,PARTHENIA ST,270,S,N,A,-,N,NA,NA,NA,NA,NA,NA,NA,NA,NA,N,4,0,1,2,A,-,03,22350,NA,N,D,C,A,A,H,-,A,D,0,NA,NA,Y,NA,Y,NA,C,02,0,0,1,0,0,0,0,0,1,-,-,NA,NA,LOS ANGELES,LOS ANGELES,-118.57105,34.22747933
8373112,2017,2017-06-01,1942,2017-05-17,1150,39971,2161,3,5,7,1942,0,0,0,NA,0,21TL63,VALLEY CIRCLE BL,BURBANK BL,0,NA,Y,B,-,N,NA,NA,NA,NA,NA,NA,NA,NA,NA,N,4,0,1,3,A,-,03,22350,NA,N,C,C,A,A,H,-,A,A,0,NA,NA,NA,NA,Y,NA,A,01,0,0,1,0,0,0,0,0,0,-,-,NA,NA,LOS ANGELES,LOS ANGELES,-118.64542006,34.17156005
8373114,2017,2017-06-01,1942,2017-05-19,1600,42119,1764,5,5,7,1942,0,0,0,Q,0,17XL48,CORBIN AV,SUPERIOR ST,0,NA,Y,A,-,N,NA,NA,NA,NA,NA,NA,NA,NA,NA,Y,3,0,3,2,A,-,09,21801,A,N,D,C,A,A,-,-,A,A,0,NA,NA,NA,NA,Y,NA,A,01,0,1,2,0,0,0,0,0,0,-,-,NA,NA,LOS ANGELES,LOS ANGELES,-118.56230014,34.24638004
8373115,2017,2017-06-01,1942,2017-05-23,0850,41497,1766,2,5,7,1942,0,0,0,Q,0,16T23,WILBUR AV,LASSEN ST,0,NA,Y,A,-,N,NA,NA,NA,NA,NA,NA,NA,NA,NA,Y,4,0,2,2,A,-,12,21453,A,N,D,C,A,A,H,-,A,A,0,NA,NA,NA,NA,Y,NA,A,01,0,0,2,0,0,0,0,0,0,-,-,NA,NA,LOS ANGELES,LOS ANGELES,-118.54484003,34.25000006
8373116,2017,2017-06-01,1942,2017-05-21,1045,30830,2149,7,5,7,1942,0,0,0,NA,0,16TL23,KITTRIDGE ST,CORBIN AV,0,NA,Y,A,-,N,NA,NA,NA,NA,NA,NA,NA,NA,NA,Y,4,0,2,2,A,-,09,21802,A,N,D,C,A,A,H,-,A,D,0,NA,NA,NA,NA,Y,NA,A,01,0,0,2,0,0,0,0,0,0,-,-,NA,NA,LOS ANGELES,LOS ANGELES,-118.56222005,34.19102001
8373119,2017,2017-06-01,1942,2017-05-19,1830,42093,1722,5,5,7,1942,0,0,0,Q,0,17A23,DEVONSHIRE ST,TOPANGA CYN BL,100,E,N,A,-,N,NA,NA,NA,NA,NA,NA,NA,NA,NA,Y,4,0,1,2,A,-,09,21804,A,N,D,C,A,A,-,-,A,D,0,NA,NA,NA,NA,Y,NA,A,01,0,0,1,0,0,0,0,0,0,-,-,NA,NA,LOS ANGELES,LOS ANGELES,-118.6057197,34.25720623
8373120,2017,2017-06-01,1942,2017-05-22,0910,38687,1797,1,5,7,1942,0,0,0,Q,0,19TL73,WOODLEY AV,PARTHENIA ST,225,S,N,A,-,N,NA,NA,NA,NA,NA,NA,NA,NA,NA,N,3,0,2,2,A,-,09,21801,A,N,D,C,A,A,H,-,A,D,0,NA,NA,NA,NA,Y,NA,A,01,0,1,1,0,0,0,0,0,0,-,-,NA,NA,LOS ANGELES,LOS ANGELES,-118.48515935,34.22776287
8373136,2017,2017-06-12,1900,2017-01-17,1840,536405,0332,2,5,4,1939,0,0,0,NA,0,35T1,HAWTHORNE BL,154TH ST,89,S,N,A,-,N,NA,NA,NA,NA,NA,NA,NA,NA,NA,Y,3,0,1,3,A,-,04,21703,NA,N,C,C,A,A,H,-,B,D,0,NA,NA,NA,NA,Y,NA,D,22,0,1,0,0,0,0,0,0,0,-,-,NA,NA,LOS ANGELES,LAWNDALE,-118.35274,33.89076589
8373144,2016,2017-06-06,1900,2016-12-28,1142,532989,0334,3,5,4,1939,0,0,0,NA,0,35T1,FREEMAN AV,169TH ST,0,NA,Y,A,-,N,NA,NA,NA,NA,NA,NA,NA,NA,NA,N,3,0,1,2,A,-,12,22450,A,N,D,G,A,A,H,-,A,A,0,NA,Y,NA,NA,Y,NA,L,04,0,1,0,0,0,0,1,0,0,-,-,NA,NA,LOS ANGELES,LAWNDALE,-118.34890003,33.87756005
8373152,2016,2017-06-07,1900,2016-11-23,1107,517819,0334,3,5,4,1939,0,0,0,NA,0,35T1,160TH ST,PRAIRIE AV,416,W,N,A,-,N,NA,NA,NA,NA,NA,NA,NA,NA,NA,N,4,0,1,2,A,-,07,21658,A,N,B,E,A,A,H,-,A,D,0,NA,NA,NA,NA,Y,NA,A,01,0,0,1,0,0,0,0,0,0,-,-,NA,NA,LOS ANGELES,LAWNDALE,-118.34519807,33.88549001
8373154,2017,2017-06-12,1910,2017-01-11,0943,02230,NA,3,5,4,1910,0,0,0,NA,0,006,CARLA RIDGE,USHER PL,500,S,N,B,-,N,NA,NA,NA,NA,NA,NA,NA,NA,NA,Y,4,0,2,1,A,-,08,22107,I,N,E,I,A,B,H,-,A,D,0,NA,NA,NA,NA,Y,NA,D,22,0,0,2,0,0,0,0,0,0,-,-,NA,NA,LOS ANGELES,BEVERLY HILLS,-118.40020457,34.10015642
8373158,2017,2017-06-12,1910,2017-01-26,0749,34075,NA,4,5,4,1910,0,0,0,NA,0,004,SANTA MONICA BL,RODEO DR,83,E,N,A,-,N,NA,NA,NA,NA,NA,NA,NA,NA,NA,N,3,0,2,3,A,-,03,22350,I,N,C,C,A,A,H,-,A,D,0,NA,NA,NA,NA,Y,NA,A,07,0,1,1,0,0,0,0,0,0,-,-,34.07117,-118.40453,LOS ANGELES,BEVERLY HILLS,-118.40447827,34.07111416
8373164,2016,2017-06-06,1900,2016-12-14,0705,532989,0332,3,5,4,1939,0,0,0,NA,0,35T1,MANHATTAN BEACH BL,CONDON AV,0,NA,Y,A,-,N,NA,NA,NA,NA,NA,NA,NA,NA,NA,Y,4,0,1,2,A,-,09,21801,A,N,D,D,A,A,H,-,A,D,0,NA,NA,NA,NA,Y,NA,A,01,0,0,1,0,0,0,0,0,0,-,-,NA,NA,LOS ANGELES,LAWNDALE,-118.35952004,33.88732006
8373168,2016,2017-06-06,1900,2016-11-16,0751,517819,0333,3,5,4,1939,0,0,0,NA,0,35T1,166TH ST,FIRMONA AV,0,NA,Y,A,-,N,NA,NA,NA,NA,NA,NA,NA,NA,NA,N,4,0,1,2,A,-,12,22450,A,N,H,G,A,A,H,-,A,A,0,NA,Y,NA,NA,Y,NA,L,04,0,0,1,0,0,0,1,0,0,-,-,NA,NA,LOS ANGELES,LAWNDALE,-118.35769003,33.88014001
8373172,2017,2017-06-07,1976,2017-04-30,2332,465,NA,7,5,5,1976,0,0,0,NA,0,NA,LAMBERT RD,CALMADA AV,0,NA,Y,A,-,N,NA,NA,NA,NA,NA,NA,NA,NA,NA,Y,4,0,4,2,A,-,12,21453,A,N,D,C,A,A,H,-,C,A,0,NA,NA,NA,NA,Y,NA,A,01,0,0,4,0,0,0,0,0,0,-,-,NA,NA,LOS ANGELES,WHITTIER,-118.02899012,33.9519601
8373179,2017,2018-04-09,1946,2017-04-19,1045,A5,NA,3,5,4,1946,0,0,0,NA,0,002,HUNTINGTON DR,RT 210,10,E,N,A,-,Y,LA,7,210,-,R,32.674,R,4,E,N,4,0,1,2,A,-,03,22350,NA,N,C,C,A,A,H,-,A,A,0,NA,NA,NA,Y,Y,NA,F,26,0,0,1,0,0,0,0,0,0,-,EF,NA,NA,LOS ANGELES,MONROVIA,-118.01986833,34.14233056
8373198,2017,2017-06-12,1910,2017-01-14,1551,04678,NA,6,5,4,1910,0,0,0,NA,0,009,ROBERTSON BL,WILSHIRE BL,0,NA,Y,A,-,N,NA,NA,NA,NA,NA,NA,NA,NA,NA,Y,4,0,2,2,A,-,09,21801,A,N,D,C,A,A,H,-,A,A,0,NA,NA,NA,NA,Y,NA,A,01,0,0,2,0,0,0,0,0,0,-,-,34.06702,-118.38369,LOS ANGELES,BEVERLY HILLS,-118.38369004,34.06705011
8373201,2017,2017-06-06,1942,2017-05-19,0650,38850,0941,5,5,7,1942,0,0,0,I,0,9TL57,OXNARD ST,KESTER AV,0,NA,Y,A,-,N,NA,NA,NA,NA,NA,NA,NA,NA,NA,N,4,0,1,2,A,-,12,21453,A,F,D,C,A,A,H,-,A,A,0,NA,NA,NA,NA,Y,NA,-,99,0,0,1,0,0,0,0,0,0,-,-,NA,NA,LOS ANGELES,LOS ANGELES,-118.45744004,34.17939008
8373202,2017,2017-06-01,1942,2017-05-16,1740,39566,NA,2,5,7,1942,0,0,0,NA,0,9A23,VAN NUYS BL,HARTSOOK ST,30,S,N,A,-,N,NA,NA,NA,NA,NA,NA,NA,NA,NA,N,4,0,1,2,A,-,09,21801,A,N,D,C,A,A,H,-,A,D,0,NA,NA,Y,NA,Y,NA,C,02,0,0,1,0,0,0,0,0,1,-,-,NA,NA,LOS ANGELES,LOS ANGELES,-118.44871,34.16386771
8373205,2017,2017-06-06,1942,2017-05-20,1130,38996,1613,6,5,7,1942,0,0,0,P,0,10TL34,BORDEN AV,VAN NUYS BL,5,S,N,A,-,N,NA,NA,NA,NA,NA,NA,NA,NA,NA,N,4,0,1,2,A,-,05,21650,1,F,D,G,A,A,H,-,A,A,0,NA,Y,NA,NA,Y,NA,-,99,0,0,1,0,0,0,1,0,0,-,-,NA,NA,LOS ANGELES,LOS ANGELES,-118.40840866,34.27607003
8373206,2017,2017-06-01,1942,2017-05-17,1245,40857,1524,3,5,7,1942,0,0,0,O,0,15A27,VICTORY BL,LAUREL CANYON BL,0,NA,Y,A,-,N,NA,NA,NA,NA,NA,NA,NA,NA,NA,Y,4,0,3,2,A,-,09,21801,A,N,D,C,A,A,H,-,A,A,0,NA,NA,NA,NA,Y,NA,A,01,0,0,3,0,0,0,0,0,0,-,-,NA,NA,LOS ANGELES,LOS ANGELES,-118.39651002,34.18668005
8373209,2017,2017-06-06,1942,2017-05-21,1845,40383,1764,7,5,7,1942,0,0,0,Q,0,10T37,CORBIN AV,PLUMMER ST,0,NA,Y,A,-,N,NA,NA,NA,NA,NA,NA,NA,NA,NA,N,4,0,1,2,A,-,12,21453,A,F,A,C,A,A,H,-,A,A,0,NA,NA,NA,NA,Y,NA,-,99,0,0,1,0,0,0,0,0,0,-,-,NA,NA,LOS ANGELES,LOS ANGELES,-118.56230012,34.24272001
8373210,2017,2017-06-01,1942,2017-05-14,1020,41239,2144,7,5,7,1942,0,0,0,NA,0,16TL25,SHOUP AV,SCHOOLCRAFT ST,0,NA,Y,A,-,N,NA,NA,NA,NA,NA,NA,NA,NA,NA,Y,3,0,2,2,A,-,03,22350,NA,N,D,C,A,A,H,-,A,A,0,NA,NA,NA,NA,Y,NA,A,01,0,2,0,0,0,0,0,0,0,-,-,NA,NA,LOS ANGELES,LOS ANGELES,-118.61463011,34.19647002
8373213,2017,2017-06-06,1942,2017-05-19,0935,38687,1969,5,5,7,1942,0,0,0,NA,0,19TL73,OSBORNE ST,ARLETA AV,300,E,N,A,-,N,NA,NA,NA,NA,NA,NA,NA,NA,NA,N,4,0,1,2,A,-,21,22106,NA,F,D,C,A,A,H,-,A,D,0,NA,NA,NA,NA,Y,NA,-,99,0,0,1,0,0,0,0,0,0,-,-,NA,NA,LOS ANGELES,LOS ANGELES,-118.42536255,34.24262017
8373214,2017,2017-06-01,1942,2017-05-20,0720,30452,2115,6,5,7,1942,0,0,0,NA,0,9TL53,ROSCOE BL,OWENSMOUTH AV,0,NA,Y,A,-,N,NA,NA,NA,NA,NA,NA,NA,NA,NA,N,4,0,1,2,A,-,09,21801,A,F,D,C,A,A,H,-,A,A,0,NA,NA,NA,NA,Y,NA,-,99,0,0,1,0,0,0,0,0,0,-,-,NA,NA,LOS ANGELES,LOS ANGELES,-118.60163013,34.21973003
8373218,2017,2018-04-24,1942,2017-05-20,1020,38687,0901,6,5,7,1942,0,0,0,I,0,19TL73,FIRMAMENT AV,SHERMAN WAY,0,NA,Y,A,-,Y,LA,7,405,-,-,41.492,R,4,N,Y,4,0,2,3,A,-,08,22101,D,N,D,C,A,A,H,-,A,A,0,NA,NA,NA,NA,Y,NA,A,01,0,0,2,0,0,0,0,0,0,-,-,NA,NA,LOS ANGELES,LOS ANGELES,-118.47409508,34.18833283
8373234,2017,2017-06-02,1941,2017-05-21,2215,10545,NA,7,5,7,1941,0,0,0,NA,0,NA,DEL AMO,OREGON,936,W,N,A,-,N,NA,NA,NA,NA,NA,NA,NA,NA,NA,N,2,0,1,2,C,-,18,NA,NA,N,G,B,D,A,H,-,D,D,0,Y,NA,NA,NA,Y,NA,-,-,1,0,0,0,1,0,0,0,0,-,-,NA,NA,LOS ANGELES,LONG BEACH,-118.20332631,33.84669
8373238,2017,2017-06-02,1941,2017-05-20,1602,11010,NA,6,5,7,1941,0,0,0,NA,0,NA,6TH ST,ATLANTIC AV,0,NA,Y,A,-,N,NA,NA,NA,NA,NA,NA,NA,NA,NA,N,3,0,1,2,A,-,11,21456,A,N,D,G,A,A,H,-,A,A,0,NA,Y,NA,NA,Y,NA,-,-,0,1,0,0,0,0,1,0,0,-,-,NA,NA,LOS ANGELES,LONG BEACH,-118.18505013,33.77415003