CASE_ID,ACCIDENT_YEAR,PROC_DATE,JURIS,COLLISION_DATE,COLLISION_TIME,OFFICER_ID,REPORTING_DISTRICT,DAY_OF_WEEK,CHP_SHIFT,POPULATION,CNTY_CITY_LOC,SPECIAL_COND,BEAT_TYPE,CHP_BEAT_TYPE,CITY_DIVISION_LAPD,CHP_BEAT_CLASS,BEAT_NUMBER,PRIMARY_RD,SECONDARY_RD,DISTANCE,DIRECTION,INTERSECTION,WEATHER_1,WEATHER_2,STATE_HWY_IND,CALTRANS_COUNTY,CALTRANS_DISTRICT,STATE_ROUTE,ROUTE_SUFFIX,POSTMILE_PREFIX,POSTMILE,LOCATION_TYPE,RAMP_INTERSECTION,SIDE_OF_HWY,TOW_AWAY,COLLISION_SEVERITY,NUMBER_KILLED,NUMBER_INJURED,PARTY_COUNT,PRIMARY_COLL_FACTOR,PCF_CODE_OF_VIOL,PCF_VIOL_CATEGORY,PCF_VIOLATION,PCF_VIOL_SUBSECTION,HIT_AND_RUN,TYPE_OF_COLLISION,MVIW,PED_ACTION,ROAD_SURFACE,ROAD_COND_1,ROAD_COND_2,LIGHTING,CONTROL_DEVICE,CHP_ROAD_TYPE,PEDESTRIAN_ACCIDENT,BICYCLE_ACCIDENT,MOTORCYCLE_ACCIDENT,TRUCK_ACCIDENT,NOT_PRIVATE_PROPERTY,ALCOHOL_INVOLVED,STWD_VEHTYPE_AT_FAULT,CHP_VEHTYPE_AT_FAULT,COUNT_SEVERE_INJ,COUNT_VISIBLE_INJ,COUNT_COMPLAINT_PAIN,COUNT_PED_KILLED,COUNT_PED_INJURED,COUNT_BICYCLIST_KILLED,COUNT_BICYCLIST_INJURED,COUNT_MC_KILLED,COUNT_MC_INJURED,PRIMARY_RAMP,SECONDARY_RAMP,LATITUDE,LONGITUDE,COUNTY,CITY,POINT_X,POINT_Y
8374589,2017,2017-06-05,1942,2017-05-09,0730,38890,0714,2,5,7,1942,0,0,0,G,0,7TL23,OAKWOOD AV,GARDNER ST,0,NA,Y,B,-,N,NA,NA,NA,NA,NA,NA,NA,NA,NA,N,3,0,1,3,A,-,12,22450,NA,N,D,C,A,A,H,-,A,A,0,NA,NA,NA,NA,Y,NA,A,01,0,1,0,0,0,0,0,0,0,-,-,NA,NA,LOS ANGELES,LOS ANGELES,-118.35323011,34.0782001
8374593,2017,2017-06-05,1942,2017-05-10,1520,40530,0745,3,5,7,1942,0,0,0,G,0,7A53,LA BREA AV,8TH ST,50,N,N,A,-,N,NA,NA,NA,NA,NA,NA,NA,NA,NA,N,4,0,1,2,B,-,22,NA,NA,N,C,C,A,A,H,-,A,D,0,NA,NA,NA,NA,Y,NA,-,-,0,0,1,0,0,0,0,0,0,-,-,NA,NA,LOS ANGELES,LOS ANGELES,-118.34463046,34.06063079
8374597,2017,2017-06-05,1942,2017-05-15,2005,41089,2022,1,5,7,1942,0,0,0,NA,0,20T59,WILTON PL,5TH ST,85,S,N,B,-,N,NA,NA,NA,NA,NA,NA,NA,NA,NA,Y,4,0,1,3,A,-,03,22350,NA,N,C,C,A,A,H,-,B,D,0,NA,NA,NA,NA,Y,NA,A,01,0,0,1,0,0,0,0,0,0,-,-,NA,NA,LOS ANGELES,LOS ANGELES,-118.31406,34.06508688
8374601,2017,2017-06-05,1942,2017-05-09,1700,37966,0762,2,5,7,1942,0,0,0,G,0,6TL4,PICO BL,ALFRED ST,45,E,N,A,-,N,NA,NA,NA,NA,NA,NA,NA,NA,NA,N,3,0,1,2,A,-,11,21954,A,N,G,B,-,A,H,-,A,D,0,Y,NA,NA,NA,Y,NA,N,60,0,1,0,0,1,0,0,0,0,-,-,NA,NA,LOS ANGELES,LOS ANGELES,-118.37511572,34.0531415
8374605,2017,2017-06-05,1942,2017-05-06,1500,35945,0743,6,5,7,1942,0,0,0,G,0,6TL2,FAIRFAX AV,DEL VALLE DR,0,NA,Y,B,-,N,NA,NA,NA,NA,NA,NA,NA,NA,NA,Y,4,0,1,2,A,-,00,28180,A,N,D,C,A,A,D,-,A,A,0,NA,NA,NA,NA,Y,NA,A,08,0,0,1,0,0,0,0,0,0,-,-,NA,NA,LOS ANGELES,LOS ANGELES,-118.36241012,34.06104009
8374609,2017,2017-06-05,1942,2017-05-06,1525,34959,1437,6,5,7,1942,0,0,0,N,0,20T56,SEPULVEDA BL,CHARNOCK RD,54,S,N,A,-,N,NA,NA,NA,NA,NA,NA,NA,NA,NA,Y,4,0,1,2,A,-,07,21658,A,N,B,C,A,A,A,-,A,D,0,NA,NA,Y,NA,Y,NA,A,01,0,0,1,0,0,0,0,0,1,-,-,NA,NA,LOS ANGELES,LOS ANGELES,-118.42021229,34.01670623
8374613,2017,2017-06-05,1942,2017-05-07,1635,41510,1497,7,5,7,1942,0,0,0,N,0,17A45W,104TH ST,LA CIENEGA,0,NA,Y,B,-,N,NA,NA,NA,NA,NA,NA,NA,NA,NA,Y,4,0,1,2,A,-,03,22350,NA,F,C,C,A,B,H,-,A,A,0,NA,NA,NA,NA,Y,Y,-,99,0,0,1,0,0,0,0,0,0,-,-,NA,NA,LOS ANGELES,LOS ANGELES,-118.37010012,33.94178009
8374617,2017,2017-06-05,1942,2017-05-22,2115,37613,1494,1,5,7,1942,0,0,0,N,0,8735,SEPULVEDA BL,WORLD WY,68,S,N,A,-,N,NA,NA,NA,NA,NA,NA,NA,NA,NA,Y,2,0,1,2,A,-,01,23152,A,N,C,C,A,A,H,-,C,D,0,NA,NA,Y,NA,Y,Y,C,02,1,0,0,0,0,0,0,0,1,-,-,NA,NA,LOS ANGELES,LOS ANGELES,NA,NA
8374621,2017,2017-06-05,1942,2017-05-20,0935,33000,0759,6,5,7,1942,0,0,0,G,0,0759,CRENSHAW BL,OLYMPIC BL,0,NA,Y,A,-,N,NA,NA,NA,NA,NA,NA,NA,NA,NA,Y,4,0,5,2,A,-,00,21453,NA,N,D,C,A,A,H,-,A,A,0,NA,NA,NA,NA,Y,NA,A,01,0,0,5,0,0,0,0,0,0,-,-,NA,NA,LOS ANGELES,LOS ANGELES,-118.3230001,34.05466002
8374625,2017,2017-06-05,1942,2017-05-18,1440,39058,0773,4,5,7,1942,0,0,0,G,0,8TL28,VENICE BL,HAUSER BL,0,NA,Y,A,-,N,NA,NA,NA,NA,NA,NA,NA,NA,NA,Y,4,0,1,2,A,-,09,21801,A,N,A,C,A,A,H,-,A,A,0,NA,NA,NA,NA,Y,NA,A,01,0,0,1,0,0,0,0,0,0,-,-,NA,NA,LOS ANGELES,LOS ANGELES,-118.35861009,34.04398011
8374629,2017,2017-06-05,1942,2017-05-14,1100,40024,0739,7,5,7,1942,0,0,0,G,0,7TL23,3RD ST,ROSSMORE AV,0,NA,Y,A,-,N,NA,NA,NA,NA,NA,NA,NA,NA,NA,Y,4,0,2,2,A,-,09,21801,A,N,D,C,A,A,H,-,A,A,0,NA,NA,NA,NA,Y,NA,A,01,0,0,2,0,0,0,0,0,0,-,-,NA,NA,LOS ANGELES,LOS ANGELES,-118.32733006,34.06894009
8374633,2017,2017-06-05,1942,2017-05-12,1110,40773,0738,5,5,7,1942,0,0,0,G,0,NA,WILSHIRE BL,HIGHLAND AV,0,NA,Y,A,-,N,NA,NA,NA,NA,NA,NA,NA,NA,NA,Y,4,0,1,2,A,-,09,21801,A,N,D,C,A,A,H,-,A,A,0,NA,NA,NA,NA,Y,NA,A,01,0,0,1,0,0,0,0,0,0,-,-,NA,NA,LOS ANGELES,LOS ANGELES,-118.33849008,34.06212001
8374637,2017,2017-06-05,1942,2017-05-12,2145,42572,0721,5,5,7,1942,0,0,0,G,0,7A21,3RD ST,SWALL DR,0,NA,Y,A,-,N,NA,NA,NA,NA,NA,NA,NA,NA,NA,Y,4,0,1,1,A,-,03,22350,NA,N,E,J,A,A,A,-,A,D,0,NA,NA,NA,NA,Y,NA,A,01,0,0,1,0,0,0,0,0,0,-,-,NA,NA,LOS ANGELES,LOS ANGELES,-118.38585003,34.07363002
8374648,2017,2017-06-27,1953,2017-05-11,2307,7706,PASAD,4,5,6,1953,0,0,0,NA,0,005,GREEN ST,LAKE AV,0,NA,Y,A,-,N,NA,NA,NA,NA,NA,NA,NA,NA,NA,N,2,0,4,2,A,-,00,21453,NA,F,D,C,A,A,H,-,C,A,0,NA,NA,NA,NA,Y,Y,D,22,1,0,3,0,0,0,0,0,0,-,-,NA,NA,LOS ANGELES,PASADENA,-118.13240011,34.14456003
8374652,2017,2017-06-26,1953,2017-05-13,1737,3031,1953,6,5,6,1953,0,0,0,NA,0,002,N RAYMOND AV,PEORIA ST,0,NA,Y,A,-,N,NA,NA,NA,NA,NA,NA,NA,NA,NA,Y,4,0,3,2,A,-,12,22450,A,N,D,C,A,A,H,-,A,D,0,NA,NA,NA,NA,Y,NA,A,01,0,0,3,0,0,0,0,0,0,-,-,NA,NA,LOS ANGELES,PASADENA,-118.1490201,34.15666009
8374658,2017,2017-06-16,1900,2017-05-04,2212,529400,1432,4,5,4,1937,0,0,0,NA,0,143T2,HACIENDA BL,GLENDORA AV,55,N,N,A,-,N,NA,NA,NA,NA,NA,NA,NA,NA,NA,N,4,0,1,3,A,-,03,22350,NA,N,C,C,A,A,H,-,C,A,0,NA,NA,NA,NA,Y,NA,A,01,0,0,1,0,0,0,0,0,0,-,-,34.03318,-117.95053,LOS ANGELES,LA PUENTE,-117.95054288,34.03369644
8374662,2017,2017-06-21,1900,2017-05-05,1530,526352,1432,5,5,4,1937,0,0,0,NA,0,143T1,TEMPLE AV,GLENDORA AV,35,W,N,A,-,N,NA,NA,NA,NA,NA,NA,NA,NA,NA,N,4,0,1,2,A,-,07,21658,A,N,B,C,A,A,H,-,-,A,0,NA,NA,NA,NA,Y,NA,-,NA,0,0,1,0,0,0,0,0,0,-,-,NA,NA,LOS ANGELES,LA PUENTE,-117.95091161,34.02810392
8374664,2017,2017-08-04,1953,2017-05-24,1208,3367,1953,3,5,6,1953,0,0,0,NA,0,004,ORANGE GROVE BL,ALTADENA DR,0,NA,Y,A,-,N,NA,NA,NA,NA,NA,NA,NA,NA,NA,Y,4,0,2,2,A,-,12,21453,A,N,-,C,A,A,H,-,A,A,0,NA,NA,NA,NA,Y,NA,A,01,0,0,2,0,0,0,0,0,0,-,-,NA,NA,LOS ANGELES,PASADENA,-118.09847014,34.15828003
8374668,2017,2017-06-26,1953,2017-05-29,2114,9500,1953,1,5,6,1953,0,0,0,NA,0,002,N ORANGE GROVE BL,SUNSET AV,100,S,N,A,-,N,NA,NA,NA,NA,NA,NA,NA,NA,NA,Y,4,0,1,3,A,-,03,22350,NA,N,C,E,A,A,H,-,C,D,0,NA,NA,NA,NA,Y,NA,A,01,0,0,1,0,0,0,0,0,0,-,-,NA,NA,LOS ANGELES,PASADENA,-118.15144489,34.15762713
8374677,2017,2017-06-21,1900,2017-04-29,1220,526352,1430,6,5,4,1937,0,0,0,NA,0,143T1,ARDILLA AV,AMAR RD,27,S,N,A,-,N,NA,NA,NA,NA,NA,NA,NA,NA,NA,N,4,0,2,2,A,-,03,22350,NA,M,C,C,A,A,H,-,A,A,0,NA,NA,NA,NA,Y,NA,A,01,0,0,2,0,0,0,0,0,0,-,-,NA,NA,LOS ANGELES,LA PUENTE,-117.97479467,34.05350888
8374685,2017,2017-06-21,1900,2017-04-30,2105,451502,1418,7,5,1,1932,0,0,0,NA,0,141T6P,AZUSA AV,HURLEY ST,48,N,N,A,-,N,NA,NA,NA,NA,NA,NA,NA,NA,NA,N,4,0,1,2,A,-,04,21703,NA,N,C,C,A,A,H,-,A,A,0,NA,NA,NA,NA,Y,NA,A,01,0,0,1,0,0,0,0,0,0,-,-,NA,NA,LOS ANGELES,INDUSTRY,-117.92378773,34.0114068
8374695,2017,2017-06-26,1953,2017-05-19,1417,3301,1953,5,5,6,1953,0,0,0,NA,0,001,ORANGE GROVE BL,GREEN ST,0,NA,Y,A,-,N,NA,NA,NA,NA,NA,NA,NA,NA,NA,N,3,0,1,2,A,-,09,21801,A,N,A,C,A,A,H,-,A,A,0,NA,NA,NA,NA,Y,NA,A,01,0,1,0,0,0,0,0,0,0,-,-,NA,NA,LOS ANGELES,PASADENA,-118.16027007,34.14468005
8374703,2017,2017-06-26,1953,2017-05-30,1207,3775,NA,2,5,6,1953,0,0,0,NA,0,001,ORANGE GROVE BL,CONGRESS PL,0,NA,Y,A,-,N,NA,NA,NA,NA,NA,NA,NA,NA,NA,Y,3,0,2,2,A,-,05,21460,A,N,A,C,A,A,H,-,A,A,0,NA,NA,NA,NA,Y,NA,D,22,0,2,0,0,0,0,0,0,0,-,-,NA,NA,LOS ANGELES,PASADENA,-118.15884009,34.13401012
8374711,2017,2017-06-27,1953,2017-05-17,0944,7724,LACOU,3,5,6,1953,0,0,0,NA,0,001,MARENGO AV,EUCLID AV,0,NA,Y,A,-,N,NA,NA,NA,NA,NA,NA,NA,NA,NA,Y,4,0,1,2,A,-,03,22350,NA,N,C,C,A,A,H,-,A,A,0,NA,NA,NA,NA,Y,NA,D,22,0,0,1,0,0,0,0,0,0,-,-,NA,NA,LOS ANGELES,PASADENA,-118.14408001,34.12310006
8374715,2017,2017-06-20,1953,2017-05-18,1530,6113,1953,4,5,6,1953,0,0,0,NA,0,NA,FAIR OAKS AV,CALIFORNIA BL,5,S,N,A,-,N,NA,NA,NA,NA,NA,NA,NA,NA,NA,N,4,0,1,3,A,-,03,22350,NA,N,C,C,A,A,H,-,A,A,0,NA,NA,NA,NA,Y,NA,D,22,0,0,1,0,0,0,0,0,0,-,-,NA,NA,LOS ANGELES,PASADENA,-118.15039,34.13577629
8374717,2017,2017-06-21,1900,2017-04-28,1549,478216,1413,5,5,1,1932,0,0,0,NA,0,141T5,7TH AV,DON JULIAN AV,468,S,N,A,-,N,NA,NA,NA,NA,NA,NA,NA,NA,NA,Y,4,0,1,2,A,-,03,22350,NA,N,C,C,A,A,H,-,A,D,0,NA,NA,NA,NA,Y,NA,D,22,0,0,1,0,0,0,0,0,0,-,-,NA,NA,LOS ANGELES,INDUSTRY,-117.98149924,34.02808923
8374724,2017,2017-06-19,1924,2017-03-04,2135,15237,43,6,5,5,1924,0,0,0,NA,0,006,ARTESIA BL,VERMONT AV,427,W,N,A,-,N,NA,NA,NA,NA,NA,NA,NA,NA,NA,Y,4,0,1,3,A,-,03,22350,NA,N,C,C,A,A,A,-,C,A,0,NA,NA,NA,NA,Y,NA,A,01,0,0,1,0,0,0,0,0,0,-,-,33.87277,-118.2909,LOS ANGELES,GARDENA,-118.29233368,33.87289017
8374728,2017,2017-07-11,1924,2017-03-02,0737,116230,G40,4,5,5,1924,0,0,0,NA,0,0G5,NORMANDIE AV,162ND ST,0,NA,Y,A,-,N,NA,NA,NA,NA,NA,NA,NA,NA,NA,Y,4,0,1,2,A,-,09,21801,A,N,A,C,A,A,H,-,A,A,0,NA,NA,NA,Y,Y,NA,F,26,0,0,1,0,0,0,0,0,0,-,-,33.89467,-118.30563,LOS ANGELES,GARDENA,-118.2996101,33.8837901
8374740,2017,2017-06-19,1924,2017-03-31,0606,115299,G17,5,5,5,1924,0,0,0,NA,0,0G2,NORMANDIE AV,141ST ST,102,S,N,A,-,N,NA,NA,NA,NA,NA,NA,NA,NA,NA,Y,3,0,3,3,A,-,08,22107,NA,N,A,C,A,A,H,-,A,D,0,NA,NA,NA,NA,Y,NA,D,22,0,1,2,0,0,0,0,0,0,-,-,33.90378,-118.3004,LOS ANGELES,GARDENA,-118.30041538,33.90349029
8374752,2017,2017-06-17,1924,2017-03-16,2016,115237,11,4,5,5,1924,0,0,0,NA,0,002,EL SEGUNDO BL,VERMONT AV,0,NA,Y,A,-,N,NA,NA,NA,NA,NA,NA,NA,NA,NA,Y,3,0,1,2,A,-,09,21801,A,N,A,C,A,A,H,-,C,A,0,NA,NA,Y,NA,Y,NA,D,22,0,1,0,0,0,0,0,0,1,-,-,33.86637,-118.29176,LOS ANGELES,GARDENA,-118.29184012,33.91642001
8374760,2017,2017-07-11,1924,2017-03-08,1538,116230,G10,3,5,5,1924,0,0,0,NA,0,0G2,EL SEGUNDO BL,BUDLONG AV,28,E,N,A,-,N,NA,NA,NA,NA,NA,NA,NA,NA,NA,Y,3,0,3,3,A,-,08,22107,NA,N,B,C,A,A,H,-,A,A,0,NA,NA,NA,Y,Y,NA,A,07,0,2,1,0,0,0,0,0,0,-,-,33.91643,-118.29637,LOS ANGELES,GARDENA,-118.2963179,33.9164389
8374776,2017,2017-06-19,1924,2017-03-19,1930,112602,48,7,5,5,1924,0,0,0,NA,0,8T2,162ND ST EAST,NORMANDIE AV,159,E,N,A,-,N,NA,NA,NA,NA,NA,NA,NA,NA,NA,Y,3,0,2,3,C,-,18,NA,NA,N,F,E,A,A,H,-,C,D,0,NA,NA,NA,NA,Y,NA,-,-,0,2,0,0,0,0,0,0,0,-,-,33.89467,-118.30563,LOS ANGELES,GARDENA,-118.29961,33.88379
8374804,2017,2017-06-15,1942,2017-05-30,0840,38687,0904,2,5,7,1942,0,0,0,I,0,19TL73,RAYMER ST,NOBLE AV,500,E,N,A,-,N,NA,NA,NA,NA,NA,NA,NA,NA,NA,Y,3,0,1,2,A,-,08,22107,NA,N,C,E,A,A,H,-,A,D,0,NA,NA,NA,NA,Y,NA,A,01,0,1,0,0,0,0,0,0,0,-,-,NA,NA,LOS ANGELES,LOS ANGELES,-118.46016336,34.21343467
8374808,2017,2017-06-15,1942,2017-05-30,1440,39355,0915,2,5,7,1942,0,0,0,I,0,16TL26,SHERMAN WY,HAZELTINE AV,15,W,N,A,-,N,NA,NA,NA,NA,NA,NA,NA,NA,NA,Y,3,0,2,2,A,-,09,21801,A,N,D,C,A,A,H,-,A,D,0,NA,NA,NA,NA,Y,NA,A,01,0,2,0,0,0,0,0,0,0,-,-,NA,NA,LOS ANGELES,LOS ANGELES,-118.44001952,34.20122
8374812,2017,2017-06-15,1942,2017-05-25,1440,39355,0932,4,5,7,1942,0,0,0,I,0,19T74,VICTORY BL,NOBLE AV,400,E,N,A,-,N,NA,NA,NA,NA,NA,NA,NA,NA,NA,N,4,0,1,2,A,-,21,22106,NA,N,E,I,F,A,H,-,A,D,0,Y,NA,NA,Y,Y,NA,G,26,0,0,1,0,1,0,0,0,0,-,-,NA,NA,LOS ANGELES,LOS ANGELES,-118.46052973,34.18665263
8374816,2017,2017-06-17,1942,2017-05-26,1750,36755,0941,5,5,7,1942,0,0,0,I,0,16TL28,VAN NUYS BL,BURBANK BL,220,S,N,A,-,N,NA,NA,NA,NA,NA,NA,NA,NA,NA,N,4,0,1,4,A,-,03,22350,NA,N,C,C,A,A,H,-,A,D,0,NA,NA,NA,NA,Y,NA,D,22,0,0,1,0,0,0,0,0,0,-,-,NA,NA,LOS ANGELES,LOS ANGELES,-118.44873,34.17150666
8374820,2017,2017-06-15,1942,2017-05-26,0150,27792,0952,5,5,7,1942,0,0,0,I,0,10T35,BURBANK BL,VESPER ST,350,W,N,B,-,N,NA,NA,NA,NA,NA,NA,NA,NA,NA,Y,4,0,1,3,A,-,01,23152,B,N,B,C,A,A,H,-,C,A,0,NA,NA,NA,Y,Y,Y,D,22,0,0,1,0,0,0,0,0,0,-,-,NA,NA,LOS ANGELES,LOS ANGELES,-118.45204503,34.172110000000004
8374833,2017,2017-06-12,1900,2017-05-23,1905,522303,2610,2,5,6,1950,0,0,0,NA,0,264T1,MELTON AV,PRENTISS AV,0,NA,Y,A,-,N,NA,NA,NA,NA,NA,NA,NA,NA,NA,Y,4,0,1,3,A,-,21,22106,NA,N,D,C,A,A,H,-,B,D,0,NA,NA,NA,NA,Y,NA,D,22,0,0,1,0,0,0,0,0,0,-,-,NA,NA,LOS ANGELES,PALMDALE,-118.10056008,34.57077012
8374835,2017,2017-06-14,1942,2017-05-19,0615,38090,663,5,5,7,1942,0,0,0,NA,0,6TL7,FOUNTAIN AV,CHEROKEE AV,20,E,N,A,-,N,NA,NA,NA,NA,NA,NA,NA,NA,NA,Y,3,0,1,4,A,-,08,22107,NA,N,C,E,A,A,H,-,A,A,0,NA,NA,NA,Y,Y,NA,A,07,0,1,0,0,0,0,0,0,0,-,-,NA,NA,LOS ANGELES,LOS ANGELES,-118.33517407,34.09438
8374839,2017,2017-07-11,1942,2017-04-29,0240,42638,678,6,5,7,1942,0,0,0,NA,0,6A77,WESTERN AV,BARTON AV,75,S,N,A,-,N,NA,NA,NA,NA,NA,NA,NA,NA,NA,Y,3,0,4,2,A,-,08,22102,NA,N,D,C,A,A,H,-,C,D,0,NA,NA,NA,NA,Y,Y,A,01,0,1,3,0,0,0,0,0,0,-,-,NA,NA,LOS ANGELES,LOS ANGELES,-118.30916,34.08739431
8374843,2017,2017-06-14,1942,2017-05-19,0850,26281,0668,5,5,7,1942,0,0,0,F,0,7MQ56,LA MIRADA RD,WESTERN AV,0,NA,Y,A,-,N,NA,NA,NA,NA,NA,NA,NA,NA,NA,Y,3,0,2,3,A,-,09,21802,A,N,D,C,A,A,H,-,A,A,0,NA,NA,NA,NA,Y,NA,A,01,0,1,1,0,0,0,0,0,0,-,-,NA,NA,LOS ANGELES,LOS ANGELES,-118.30921002,34.09393009
8374847,2017,2017-06-21,1942,2017-04-20,1410,31255,0663,4,5,7,1942,0,0,0,F,0,7TL38,SYCAMORE AV,SANTA MONICA BL,200,N,N,A,-,N,NA,NA,NA,NA,NA,NA,NA,NA,NA,Y,3,0,2,2,A,-,09,21801,A,N,D,C,A,A,H,-,A,D,0,NA,NA,NA,NA,Y,NA,A,01,0,1,1,0,0,0,0,0,0,-,-,NA,NA,LOS ANGELES,LOS ANGELES,-118.34280587,34.09125851
8374849,2017,2018-03-21,1900,2017-04-30,1730,546525,2603,7,5,6,1950,0,0,0,NA,0,264T1,PEARBLOSSOM HWY,47TH ST EAST,146,W,N,A,-,N,NA,NA,NA,NA,NA,NA,NA,NA,NA,Y,3,0,1,1,A,-,01,23152,A,N,F,I,A,D,H,-,A,A,0,NA,NA,NA,NA,Y,Y,D,22,0,1,0,0,0,0,0,0,0,-,-,NA,NA,LOS ANGELES,PALMDALE,-118.04575369,34.54272628
8374860,2017,2017-06-14,1900,2017-05-23,2015,489533,0458,2,5,6,1949,0,0,0,NA,0,45T1,ALONDRA BL,BLOOMFIELD AV,0,NA,Y,A,-,N,NA,NA,NA,NA,NA,NA,NA,NA,NA,Y,4,0,2,3,A,-,12,21453,A,N,D,C,A,A,H,-,C,A,0,NA,NA,NA,NA,Y,NA,A,01,0,0,2,0,0,0,0,0,0,-,-,NA,NA,LOS ANGELES,NORWALK,-118.06418003,33.88779001
8374863,2017,2017-06-14,1942,2017-05-10,1105,33232,833,3,5,7,1942,0,0,0,NA,0,8A52,OHIO AV,KELTON AV,20,W,N,B,-,N,NA,NA,NA,NA,NA,NA,NA,NA,NA,N,4,0,2,2,A,-,03,22350,A,N,C,C,A,A,H,-,A,A,0,NA,NA,NA,NA,Y,NA,D,22,0,0,2,0,0,0,0,0,0,-,-,NA,NA,LOS ANGELES,LOS ANGELES,-118.44240121,34.05303546
8374886,2017,2017-06-12,1900,2017-04-26,1319,550488,1629,3,5,5,1977,0,0,0,NA,0,168TD,MAIN ST,TORRANCE BL,0,NA,Y,A,-,N,NA,NA,NA,NA,NA,NA,NA,NA,NA,Y,4,0,2,3,A,-,12,21453,A,N,D,C,A,A,H,-,A,A,0,NA,NA,NA,NA,Y,NA,D,22,0,0,2,0,0,0,0,0,0,-,-,NA,NA,LOS ANGELES,CARSON,-118.27994004,33.84211
8374888,2017,2017-06-09,1906,2017-05-14,1500,4405,1906,7,5,5,1906,0,0,0,NA,0,NA,LOS ANGELES ST,PHELAN AV,0,NA,Y,A,-,N,NA,NA,NA,NA,NA,NA,NA,NA,NA,N,4,0,1,2,A,-,12,22450,A,N,D,C,A,A,H,-,B,A,0,NA,NA,NA,NA,Y,NA,D,22,0,0,1,0,0,0,0,0,0,-,-,NA,NA,LOS ANGELES,BALDWIN PARK,-117.95539001,34.09234007
8374892,2017,2017-06-12,1906,2017-05-25,1320,4425,1906,4,5,5,1906,0,0,0,NA,0,002,PUENTE AV,RAMONA BL,125,S,N,A,-,N,NA,NA,NA,NA,NA,NA,NA,NA,NA,N,4,0,1,2,A,-,09,21804,A,N,D,G,A,A,H,-,A,A,0,NA,Y,NA,NA,Y,NA,L,04,0,0,1,0,0,0,1,0,0,-,-,NA,NA,LOS ANGELES,BALDWIN PARK,-117.94940615,34.08886862
8374905,2017,2017-06-08,1942,2017-04-13,0605,34427,1523,4,5,7,1942,0,0,0,O,0,9T53,OXNARD ST,COLFAX AV,0,NA,Y,A,-,N,NA,NA,NA,NA,NA,NA,NA,NA,NA,Y,4,0,1,2,A,-,12,21453,A,N,D,C,A,A,H,-,B,A,0,NA,NA,NA,NA,Y,NA,D,22,0,0,1,0,0,0,0,0,0,-,-,NA,NA,LOS ANGELES,LOS ANGELES,-118.38780008,34.17941003
8374909,2017,2017-06-08,1942,2017-04-29,1140,33779,1512,6,5,7,1942,0,0,0,O,0,15TL44,SHERMAN WAY,BELLAIRE AV,122,W,N,A,-,N,NA,NA,NA,NA,NA,NA,NA,NA,NA,N,4,0,1,2,A,-,08,22107,NA,N,D,C,A,A,H,-,A,A,0,NA,NA,NA,NA,Y,NA,A,01,0,0,1,0,0,0,0,0,0,-,-,NA,NA,LOS ANGELES,LOS ANGELES,-118.40983273,34.2012
8374913,2017,2017-06-13,1942,2017-04-19,0820,40119,1513,3,5,7,1942,0,0,0,O,0,15T47,VANOWEN ST,WHITSETT AV,230,W,N,A,-,N,NA,NA,NA,NA,NA,NA,NA,NA,NA,N,4,0,2,2,A,-,03,22350,NA,N,D,C,A,A,H,-,A,D,0,NA,NA,NA,NA,Y,NA,A,07,0,0,2,0,0,0,0,0,0,-,-,NA,NA,LOS ANGELES,LOS ANGELES,-118.40603918,34.19395
8374914,2017,2017-06-12,1900,2017-05-22,1055,538701,1624,1,5,5,1977,0,0,0,NA,0,164T,AVALON BL,SEPULVEDA BL,30,N,N,A,-,N,NA,NA,NA,NA,NA,NA,NA,NA,NA,N,4,0,1,2,A,-,04,21703,NA,N,C,C,A,A,H,-,A,A,0,NA,NA,NA,NA,Y,NA,D,22,0,0,1,0,0,0,0,0,0,-,-,NA,NA,LOS ANGELES,CARSON,-118.26417695,33.80844224
8374918,2017,2017-06-12,1900,2017-05-10,2120,603337,1617,3,5,5,1977,0,0,0,NA,0,167T1,215 ST,FIGUEROA ST,0,NA,Y,A,-,N,NA,NA,NA,NA,NA,NA,NA,NA,NA,Y,4,0,1,2,A,-,09,21802,A,N,D,C,A,A,H,-,C,A,0,NA,NA,NA,NA,Y,Y,D,22,0,0,1,0,0,0,0,0,0,-,-,NA,NA,LOS ANGELES,CARSON,-118.28612,33.83344
8374925,2017,2018-04-04,1942,2017-05-05,1610,36801,1944,5,5,7,1942,0,0,0,NA,0,10TL38,LAUREL CANYON BL,RT 118,54,N,N,A,-,Y,LA,7,118,-,R,11.419,R,4,E,Y,4,0,2,2,A,-,01,23153,A,N,C,C,A,A,H,-,A,A,0,NA,NA,NA,NA,Y,Y,H,16,0,0,2,0,0,0,0,0,0,-,-,NA,NA,LOS ANGELES,LOS ANGELES,-118.44389574,34.26651008
8374926,2017,2017-06-12,1900,2017-04-18,0530,531403,1614,2,5,5,1977,0,0,0,NA,0,164T1,CENTRAL AV,VICTORIA ST,300,N,N,A,-,N,NA,NA,NA,NA,NA,NA,NA,NA,NA,N,4,0,1,2,A,-,03,22350,NA,N,A,J,A,A,H,-,C,D,0,NA,NA,NA,NA,Y,NA,I,20,0,0,1,0,0,0,0,0,0,-,-,NA,NA,LOS ANGELES,CARSON,-118.24874375,33.86835251