CASE_ID,ACCIDENT_YEAR,PROC_DATE,JURIS,COLLISION_DATE,COLLISION_TIME,OFFICER_ID,REPORTING_DISTRICT,DAY_OF_WEEK,CHP_SHIFT,POPULATION,CNTY_CITY_LOC,SPECIAL_COND,BEAT_TYPE,CHP_BEAT_TYPE,CITY_DIVISION_LAPD,CHP_BEAT_CLASS,BEAT_NUMBER,PRIMARY_RD,SECONDARY_RD,DISTANCE,DIRECTION,INTERSECTION,WEATHER_1,WEATHER_2,STATE_HWY_IND,CALTRANS_COUNTY,CALTRANS_DISTRICT,STATE_ROUTE,ROUTE_SUFFIX,POSTMILE_PREFIX,POSTMILE,LOCATION_TYPE,RAMP_INTERSECTION,SIDE_OF_HWY,TOW_AWAY,COLLISION_SEVERITY,NUMBER_KILLED,NUMBER_INJURED,PARTY_COUNT,PRIMARY_COLL_FACTOR,PCF_CODE_OF_VIOL,PCF_VIOL_CATEGORY,PCF_VIOLATION,PCF_VIOL_SUBSECTION,HIT_AND_RUN,TYPE_OF_COLLISION,MVIW,PED_ACTION,ROAD_SURFACE,ROAD_COND_1,ROAD_COND_2,LIGHTING,CONTROL_DEVICE,CHP_ROAD_TYPE,PEDESTRIAN_ACCIDENT,BICYCLE_ACCIDENT,MOTORCYCLE_ACCIDENT,TRUCK_ACCIDENT,NOT_PRIVATE_PROPERTY,ALCOHOL_INVOLVED,STWD_VEHTYPE_AT_FAULT,CHP_VEHTYPE_AT_FAULT,COUNT_SEVERE_INJ,COUNT_VISIBLE_INJ,COUNT_COMPLAINT_PAIN,COUNT_PED_KILLED,COUNT_PED_INJURED,COUNT_BICYCLIST_KILLED,COUNT_BICYCLIST_INJURED,COUNT_MC_KILLED,COUNT_MC_INJURED,PRIMARY_RAMP,SECONDARY_RAMP,LATITUDE,LONGITUDE,COUNTY,CITY,POINT_X,POINT_Y
8374930,2017,2017-06-13,1900,2017-04-28,1309,550488,1623,5,5,5,1977,0,0,0,NA,0,168TD,MAIN ST,224TH PL,270,N,N,A,-,N,NA,NA,NA,NA,NA,NA,NA,NA,NA,Y,3,0,1,2,A,-,21,22106,NA,N,D,C,A,A,H,-,A,A,0,NA,NA,NA,NA,Y,NA,A,01,0,1,0,0,0,0,0,0,0,-,-,NA,NA,LOS ANGELES,CARSON,-118.27594,33.82265
8374933,2017,2017-06-08,1942,2017-05-04,0855,34561,1513,4,5,7,1942,0,0,0,O,0,9TL59,SHERMAN WY,WHITSETT AV,230,W,N,A,-,N,NA,NA,NA,NA,NA,NA,NA,NA,NA,Y,3,0,2,3,A,-,08,22107,NA,N,A,E,A,A,H,-,A,D,0,NA,NA,NA,NA,Y,NA,D,22,0,1,1,0,0,0,0,0,0,-,-,NA,NA,LOS ANGELES,LOS ANGELES,-118.40594925,34.20120896
8374938,2017,2017-06-12,1900,2017-05-11,0203,531403,1618,4,5,5,1977,0,0,0,NA,0,166,220TH ST,MAIN ST,200,E,N,A,-,N,NA,NA,NA,NA,NA,NA,NA,NA,NA,Y,4,0,1,2,A,-,01,23152,A,N,C,E,A,A,H,-,C,D,0,NA,NA,NA,NA,Y,Y,A,01,0,0,1,0,0,0,0,0,0,-,-,NA,NA,LOS ANGELES,CARSON,-118.27709,33.82795
8374955,2017,2017-08-25,1900,2017-05-07,0254,536332,0451,7,5,6,1949,0,0,0,NA,0,43T1,FIRESTONE BL,ORR AND DAY RD,10,W,N,B,C,N,NA,NA,NA,NA,NA,NA,NA,NA,NA,N,4,0,1,3,A,-,03,22350,NA,F,C,C,A,B,H,-,C,A,0,NA,NA,NA,NA,Y,NA,D,22,0,0,1,0,0,0,0,0,0,-,-,NA,NA,LOS ANGELES,NORWALK,-118.09131771,33.91773478
8374963,2017,2017-06-07,1976,2017-05-03,1936,597,NA,3,5,3,1964,0,0,0,NA,0,NA,WASHINGTON BL,BROADWAY,135,W,N,A,-,N,NA,NA,NA,NA,NA,NA,NA,NA,NA,N,2,0,1,2,A,-,09,21801,A,N,H,G,A,A,H,-,B,A,0,NA,Y,NA,NA,Y,NA,L,04,1,0,0,0,0,0,1,0,0,-,-,NA,NA,LOS ANGELES,SANTA FE SPRINGS,-118.06932693,33.97145246
8374967,2017,2017-06-07,1976,2017-05-04,1435,210,NA,4,5,3,1964,0,0,0,NA,0,001,SLAUSON AV,ALLPORT AV,0,NA,Y,A,-,N,NA,NA,NA,NA,NA,NA,NA,NA,NA,N,3,0,1,2,A,-,05,21650,1,N,H,G,A,A,H,-,A,D,0,NA,Y,NA,NA,Y,NA,L,04,0,1,0,0,0,0,1,0,0,-,-,NA,NA,LOS ANGELES,SANTA FE SPRINGS,-118.06486011,33.96466002
8374979,2017,2017-06-19,1900,2017-05-29,0635,281409,2914,1,5,4,1974,0,0,0,NA,0,291K2D,VALLEY BL,LEMON AV,0,NA,Y,B,-,N,NA,NA,NA,NA,NA,NA,NA,NA,NA,Y,4,0,3,2,A,-,12,21453,A,N,D,C,A,A,H,-,A,A,0,NA,NA,NA,NA,Y,NA,-,-,0,0,3,0,0,0,0,0,0,-,-,NA,NA,LOS ANGELES,WALNUT,-117.85889008,34.00977009
8375026,2017,2017-06-08,1976,2017-05-05,0650,339,NA,5,5,3,1964,0,0,0,NA,0,NA,BORATE ST,ANSON AV,0,NA,Y,A,-,N,NA,NA,NA,NA,NA,NA,NA,NA,NA,Y,4,0,1,2,A,-,09,21802,A,N,D,C,A,A,H,-,A,A,0,NA,NA,NA,Y,Y,NA,G,25,0,0,1,0,0,0,0,0,0,-,-,NA,NA,LOS ANGELES,SANTA FE SPRINGS,-118.03576014,33.89984006
8375030,2017,2017-06-07,1976,2017-05-10,0741,391,NA,3,5,3,1964,0,0,0,NA,0,NA,NORWALK BL,LAKELAND RD,170,N,N,B,-,N,NA,NA,NA,NA,NA,NA,NA,NA,NA,Y,2,0,1,3,A,-,09,21804,A,N,D,C,A,A,H,-,A,D,0,NA,NA,Y,NA,Y,NA,A,01,1,0,0,0,0,0,0,0,1,-,-,NA,NA,LOS ANGELES,SANTA FE SPRINGS,-118.07271,33.932156140000004
8375055,2017,2017-06-05,1969,2017-03-02,2323,10156,TRAFF,4,5,5,1969,0,0,0,NA,0,004,TWEEDY BL,BRYSON AV,0,NA,Y,A,-,N,NA,NA,NA,NA,NA,NA,NA,NA,NA,Y,2,0,2,2,A,-,03,22350,NA,N,D,C,A,A,H,-,C,A,0,NA,NA,NA,NA,Y,Y,A,01,1,0,1,0,0,0,0,0,0,-,-,NA,NA,LOS ANGELES,SOUTH GATE,-118.19348001,33.94287002
8375056,2016,2017-06-05,1942,2016-11-07,1120,41545,1245,1,5,7,1942,0,0,0,L,0,3T5,NORMANDIE AV,69TH ST,0,NA,Y,A,-,N,NA,NA,NA,NA,NA,NA,NA,NA,NA,Y,4,0,1,3,A,-,09,21802,A,F,D,C,A,A,H,-,A,A,0,NA,NA,NA,NA,Y,NA,A,01,0,0,1,0,0,0,0,0,0,-,-,NA,NA,LOS ANGELES,LOS ANGELES,-118.30029003,33.97699006
8375079,2017,2017-06-05,1942,2017-03-24,1625,42573,05,5,5,7,1942,0,0,0,E,0,5A11,W 22ND ST,PACIFIC AV,10,E,N,A,-,N,NA,NA,NA,NA,NA,NA,NA,NA,NA,N,3,0,1,2,A,-,10,21950,A,F,G,B,B,A,H,-,A,-,0,Y,NA,NA,NA,Y,NA,-,99,0,1,0,0,1,0,0,0,0,-,-,NA,NA,LOS ANGELES,LOS ANGELES,-118.28795718,33.72425
8375089,2017,2017-06-02,1976,2017-05-13,0448,418,NA,6,5,5,1976,0,0,0,NA,0,001,BEVERLY BL,BEN ALDER AV,35,W,N,B,-,N,NA,NA,NA,NA,NA,NA,NA,NA,NA,Y,3,0,1,1,A,-,08,22107,NA,N,E,I,A,A,H,-,C,D,0,NA,NA,NA,NA,Y,NA,A,01,0,1,0,0,0,0,0,0,0,-,-,NA,NA,LOS ANGELES,WHITTIER,-118.06020777,34.00192217
8375093,2017,2017-06-02,1976,2017-05-13,1715,448,WHITT,6,5,5,1976,0,0,0,NA,0,002,VILLA DR,FOXLEY DR,58,S,N,A,-,N,NA,NA,NA,NA,NA,NA,NA,NA,NA,Y,4,0,1,2,A,-,09,21804,A,N,D,C,A,A,H,-,A,D,0,NA,NA,NA,NA,Y,NA,A,01,0,0,1,0,0,0,0,0,0,-,-,NA,NA,LOS ANGELES,WHITTIER,-118.04559485,33.96059972
8375124,2017,2017-06-06,1941,2017-05-19,1816,10997,NA,5,5,7,1941,0,0,0,NA,0,NA,FALCON AV,EAST OCEAN BL,0,NA,-,A,-,N,NA,NA,NA,NA,NA,NA,NA,NA,NA,Y,4,0,1,3,A,-,04,21703,NA,N,C,C,A,A,H,-,A,D,0,NA,NA,NA,NA,Y,NA,-,NA,0,0,1,0,0,0,0,0,0,-,-,NA,NA,LOS ANGELES,LONG BEACH,-118.17381003,33.7652
8375139,2017,2017-06-06,1941,2017-05-04,0740,5407,NA,4,5,7,1941,0,0,0,NA,0,NA,WARDLOW RD,BELLFLOWER BL,0,NA,Y,A,-,N,NA,NA,NA,NA,NA,NA,NA,NA,NA,N,4,0,1,2,D,-,00,NA,NA,M,B,G,A,A,H,-,A,A,0,NA,Y,NA,NA,Y,NA,-,-,0,0,1,0,0,0,1,0,0,-,-,NA,NA,LOS ANGELES,LONG BEACH,-118.12548012,33.81888008
8375148,2017,2017-06-06,1941,2017-05-17,2105,6072,NA,3,5,7,1941,0,0,0,NA,0,NA,HARDING ST,MYRTLE AV,0,NA,Y,A,-,N,NA,NA,NA,NA,NA,NA,NA,NA,NA,N,4,0,1,2,A,-,12,22450,NA,N,D,C,A,A,H,-,C,A,0,NA,NA,NA,NA,Y,NA,-,NA,0,0,1,0,0,0,0,0,0,-,-,NA,NA,LOS ANGELES,LONG BEACH,-118.18208002,33.86730011
8375152,2017,2017-06-06,1941,2017-05-19,2500,10996,NA,5,5,7,1941,0,0,0,NA,0,NA,17TH ST,CHESTNUT AV,0,NA,Y,A,-,N,NA,NA,NA,NA,NA,NA,NA,NA,NA,N,4,0,1,2,A,-,05,21202,A,N,D,G,A,A,H,-,A,D,0,NA,Y,NA,NA,Y,NA,L,NA,0,0,1,0,0,0,1,0,0,-,-,NA,NA,LOS ANGELES,LONG BEACH,-118.19637006,33.78805003
8375201,2017,2017-06-06,1941,2017-05-16,1448,5615,NA,2,5,7,1941,0,0,0,NA,0,NA,7TH ST,PROSPECT,0,NA,Y,A,-,N,NA,NA,NA,NA,NA,NA,NA,NA,NA,N,4,0,1,3,A,-,03,22350,NA,N,C,C,A,A,H,-,A,D,0,NA,NA,NA,NA,Y,NA,A,NA,0,0,1,0,0,0,0,0,0,-,-,NA,NA,LOS ANGELES,LONG BEACH,-118.14049005,33.77533011
8375202,2017,2017-06-06,1941,2017-05-14,1401,11003,NA,7,5,7,1941,0,0,0,NA,0,NA,ORANGE,HARDING ST,41,S,N,A,-,N,NA,NA,NA,NA,NA,NA,NA,NA,NA,N,4,0,3,3,A,-,03,22350,NA,N,C,C,A,A,H,-,A,A,0,NA,NA,NA,NA,Y,NA,A,NA,0,0,3,0,0,0,0,0,0,-,-,NA,NA,LOS ANGELES,LONG BEACH,-118.17734,33.86721757
8375205,2017,2017-06-06,1941,2017-05-17,0615,5314,NA,3,5,7,1941,0,0,0,NA,0,NA,COVER ST,MCGOWEN AV,1800,W,N,A,-,N,NA,NA,NA,NA,NA,NA,NA,NA,NA,Y,4,0,1,2,A,-,03,22350,NA,N,E,I,A,A,H,-,A,D,0,NA,NA,NA,NA,Y,NA,A,NA,0,0,1,0,0,0,0,0,0,-,-,NA,NA,LOS ANGELES,LONG BEACH,-118.15604004,33.82759
8375206,2017,2017-06-06,1941,2017-05-18,1302,10860,NA,4,5,7,1941,0,0,0,NA,0,NA,STEARNS ST,PALO VERDE AV,0,NA,Y,A,-,N,NA,NA,NA,NA,NA,NA,NA,NA,NA,Y,4,0,1,2,A,-,09,21800,D,N,D,C,A,A,H,-,A,B,0,NA,NA,NA,NA,Y,NA,A,NA,0,0,1,0,0,0,0,0,0,-,-,NA,NA,LOS ANGELES,LONG BEACH,-118.10793001,33.79545003
8375209,2017,2017-06-06,1941,2017-05-17,1756,10933,NA,3,5,7,1941,0,0,0,NA,0,NA,ATHERTON ST,ABBEYFIELD ST,0,NA,Y,A,-,N,NA,NA,NA,NA,NA,NA,NA,NA,NA,Y,2,0,1,2,A,-,08,22107,NA,N,D,C,A,A,H,-,A,D,0,NA,NA,Y,NA,Y,NA,C,NA,1,0,0,0,0,0,0,0,1,-,-,NA,NA,LOS ANGELES,LONG BEACH,-118.13219012,33.78959004
8375210,2017,2017-06-20,1941,2017-05-19,0959,11007,NA,5,5,7,1941,0,0,0,NA,0,NA,7TH ST,GRAND AV,0,NA,Y,A,-,N,NA,NA,NA,NA,NA,NA,NA,NA,NA,Y,4,0,2,2,A,-,09,21802,A,N,D,C,A,A,H,-,A,A,0,NA,NA,NA,NA,Y,NA,A,NA,0,0,2,0,0,0,0,0,0,-,-,NA,NA,LOS ANGELES,LONG BEACH,-118.14811003,33.77534011
8375213,2017,2017-06-06,1941,2017-05-17,1721,5883,NA,3,5,7,1941,0,0,0,NA,0,NA,PACIFIC PL,33RD ST,0,NA,Y,A,-,N,NA,NA,NA,NA,NA,NA,NA,NA,NA,Y,4,0,1,2,A,-,09,21804,A,N,D,C,A,A,H,-,A,B,0,NA,NA,NA,NA,Y,NA,A,NA,0,0,1,0,0,0,0,0,0,-,-,NA,NA,LOS ANGELES,LONG BEACH,-118.19482006,33.81709005
8375214,2017,2017-06-06,1941,2017-05-18,1240,11011,NA,4,5,7,1941,0,0,0,NA,0,NA,18TH ST,JUNIPERO AV,0,NA,Y,A,-,N,NA,NA,NA,NA,NA,NA,NA,NA,NA,Y,4,0,1,3,D,-,00,NA,NA,N,D,C,A,A,H,-,A,A,0,NA,NA,NA,NA,Y,NA,-,-,0,0,1,0,0,0,0,0,0,-,-,NA,NA,LOS ANGELES,LONG BEACH,-118.2329601,33.9375701
8375217,2017,2017-07-26,1941,2017-05-17,1901,11012,NA,3,5,7,1941,0,0,0,NA,0,NA,ATLANTIC AV,37TH ST,37,N,N,A,-,N,NA,NA,NA,NA,NA,NA,NA,NA,NA,N,3,0,1,2,A,-,09,21803,NA,N,G,-,B,A,H,-,B,A,0,Y,NA,NA,NA,Y,NA,A,NA,0,1,0,0,1,0,0,0,0,-,-,NA,NA,LOS ANGELES,LONG BEACH,-118.18503,33.82430147
8375218,2017,2017-06-20,1941,2017-05-18,0943,11027,NA,4,5,7,1941,0,0,0,NA,0,NA,XIMENO AV,XIMENO WY,0,NA,Y,A,-,N,NA,NA,NA,NA,NA,NA,NA,NA,NA,N,4,0,1,2,A,-,-,NA,NA,N,G,G,A,A,H,-,A,A,0,NA,Y,NA,NA,Y,NA,L,NA,0,0,1,0,0,0,1,0,0,-,-,NA,NA,LOS ANGELES,LONG BEACH,-118.14105003,33.80312006
8375221,2017,2017-06-19,1900,2017-05-31,0645,409037,2920,3,5,5,1990,0,0,0,NA,0,292K3,DIAMOND BAR BL,TEMPLE AV,0,NA,Y,B,-,N,NA,NA,NA,NA,NA,NA,NA,NA,NA,Y,4,0,3,2,A,-,12,21453,A,N,-,C,A,A,H,-,A,A,0,NA,NA,NA,NA,Y,NA,-,-,0,0,3,0,0,0,0,0,0,-,-,NA,NA,LOS ANGELES,DIAMOND BAR,-117.79818,34.04045006
8375222,2017,2017-06-06,1941,2017-05-16,1821,10846,NA,2,5,7,1941,0,0,0,NA,0,NA,E 20TH ST,LONG BEACH BL,100,E,N,A,-,N,NA,NA,NA,NA,NA,NA,NA,NA,NA,N,3,0,1,2,A,-,09,21800,A,N,A,B,A,A,H,-,A,D,0,NA,Y,NA,NA,Y,NA,L,NA,0,1,0,0,0,0,1,0,0,-,-,NA,NA,LOS ANGELES,LONG BEACH,-118.18914155,33.79350067
8375225,2017,2017-06-05,1900,2017-05-23,0815,281409,2911,2,5,4,1974,0,0,0,NA,0,291K2,SAN JOSE HILL RD,GRAND AV,75,W,N,A,-,N,NA,NA,NA,NA,NA,NA,NA,NA,NA,Y,4,0,1,3,A,-,07,21658,A,N,B,C,A,A,H,-,A,D,0,NA,NA,NA,NA,Y,NA,A,01,0,0,1,0,0,0,0,0,0,-,-,NA,NA,LOS ANGELES,WALNUT,-117.84954484,34.04581631
8375226,2017,2017-06-06,1941,2017-05-19,1034,10917,NA,5,5,7,1941,0,0,0,NA,0,NA,PACIFIC AV,15TH ST,0,NA,Y,A,-,N,NA,NA,NA,NA,NA,NA,NA,NA,NA,Y,4,0,1,2,A,-,09,21801,A,N,A,C,A,A,H,-,A,A,0,NA,NA,NA,NA,Y,NA,A,NA,0,0,1,0,0,0,0,0,0,-,-,NA,NA,LOS ANGELES,LONG BEACH,-118.19373003,33.78624004
8375229,2017,2017-06-05,1900,2017-05-29,2150,177970,2917,1,5,4,1974,0,0,0,NA,0,291K2,NOGALES ST,SHADOW OAK DR,15,S,N,A,-,N,NA,NA,NA,NA,NA,NA,NA,NA,NA,N,4,0,1,2,A,-,21,22106,NA,N,D,G,A,A,H,-,C,A,0,NA,Y,NA,NA,Y,NA,A,08,0,0,1,0,0,0,1,0,0,-,-,NA,NA,LOS ANGELES,WALNUT,-117.89023433,34.02035487
8375230,2017,2017-06-06,1941,2017-05-06,1510,11023,NA,6,5,7,1941,0,0,0,NA,0,NA,SOUTH ST,PARAMOUNT BL,0,NA,Y,A,-,N,NA,NA,NA,NA,NA,NA,NA,NA,NA,Y,4,0,1,3,A,-,03,22350,NA,N,C,C,A,A,H,-,A,A,0,NA,NA,NA,NA,Y,NA,D,NA,0,0,1,0,0,0,0,0,0,-,-,NA,NA,LOS ANGELES,LONG BEACH,-118.15990006,33.86018005
8375248,2017,2018-07-20,1941,2017-05-15,2045,5886,NA,1,5,7,1941,0,0,0,NA,0,NA,ATLANTIC AV,CARSON ST,0,NA,Y,B,-,N,NA,NA,NA,NA,NA,NA,NA,NA,NA,Y,4,0,1,2,A,-,12,21453,A,N,D,C,A,A,H,-,C,A,0,NA,NA,NA,NA,Y,NA,A,NA,0,0,1,0,0,0,0,0,0,-,-,NA,NA,LOS ANGELES,LONG BEACH,-118.18507013,33.83175009
8375250,2017,2017-06-06,1941,2017-05-21,1700,10537,NA,7,5,7,1941,0,0,0,NA,0,NA,ELM AV,EAST 7TH ST,0,NA,Y,A,-,N,NA,NA,NA,NA,NA,NA,NA,NA,NA,N,3,0,1,2,A,-,10,21950,A,N,G,-,B,A,H,-,A,A,0,Y,NA,NA,NA,Y,NA,A,NA,0,1,0,0,1,0,0,0,0,-,-,NA,NA,LOS ANGELES,LONG BEACH,-118.18767004,33.77534006
8375254,2017,2017-06-06,1941,2017-05-20,1359,11018,NA,6,5,7,1941,0,0,0,NA,0,NA,ATLANTIC AV,BIXBY,0,NA,Y,A,-,N,NA,NA,NA,NA,NA,NA,NA,NA,NA,Y,4,0,2,2,A,-,08,22107,NA,N,D,C,A,A,H,-,A,A,0,NA,NA,NA,NA,Y,NA,A,NA,0,0,2,0,0,0,0,0,0,-,-,NA,NA,LOS ANGELES,LONG BEACH,-118.18503,33.82671005
8375257,2017,2017-06-06,1941,2017-05-17,1704,5384,NA,3,5,7,1941,0,0,0,NA,0,NA,ATLANTIC AV,7TH ST,0,NA,Y,A,-,N,NA,NA,NA,NA,NA,NA,NA,NA,NA,Y,4,0,2,2,A,-,09,21801,A,N,A,C,A,A,H,-,A,A,0,NA,NA,NA,NA,Y,NA,A,NA,0,0,2,0,0,0,0,0,0,-,-,NA,NA,LOS ANGELES,LONG BEACH,-118.18505004,33.77534005
8375258,2017,2017-06-06,1941,2017-05-21,1130,11013,NA,7,5,7,1941,0,0,0,NA,0,NA,LOS COYOTES DIAGONAL,SPRING ST,0,NA,Y,A,-,N,NA,NA,NA,NA,NA,NA,NA,NA,NA,Y,4,0,2,2,A,-,12,21453,A,N,A,C,A,A,H,-,A,A,0,NA,NA,NA,NA,Y,NA,A,NA,0,0,2,0,0,0,0,0,0,-,-,NA,NA,LOS ANGELES,LONG BEACH,-118.11755008,33.81046006
8375261,2017,2017-06-06,1941,2017-05-07,1654,5998,NA,7,5,7,1941,0,0,0,NA,0,NA,HARBOR SCENIC DR,PIER J AV,200,N,N,A,-,N,NA,NA,NA,NA,NA,NA,NA,NA,NA,Y,4,0,1,2,A,-,08,22105,NA,N,D,C,A,A,H,-,A,D,0,NA,NA,NA,NA,Y,NA,A,NA,0,0,1,0,0,0,0,0,0,-,-,NA,NA,LOS ANGELES,LONG BEACH,-118.191968,33.750067
8375280,2017,2017-06-10,1900,2017-05-28,0630,281409,2910,7,5,4,1974,0,0,0,NA,0,291K2D,AMAR RD,CREEKSIDE DR,546,E,N,B,-,N,NA,NA,NA,NA,NA,NA,NA,NA,NA,Y,3,0,1,1,A,-,03,22350,NA,N,E,I,A,A,H,-,A,D,0,NA,NA,NA,NA,Y,NA,A,01,0,1,0,0,0,0,0,0,0,-,-,NA,NA,LOS ANGELES,WALNUT,-117.884156,34.0337551
8375282,2017,2017-06-08,1942,2017-04-20,1015,39703,1531,4,5,7,1942,0,0,0,O,0,15TL43,OXNARD ST,BELLAIRE AV,111,E,N,A,-,N,NA,NA,NA,NA,NA,NA,NA,NA,NA,Y,3,0,2,2,A,-,09,21804,A,N,D,C,A,A,H,-,A,D,0,NA,NA,NA,NA,Y,NA,A,01,0,2,0,0,0,0,0,0,0,-,-,NA,NA,LOS ANGELES,LOS ANGELES,-118.40907367,34.17941
8375286,2017,2017-06-08,1942,2017-04-18,2135,41198,1522,2,5,7,1942,0,0,0,O,0,16T25,SHERMAN WAY,COLDWATER CANYON BL,650,W,N,A,-,N,NA,NA,NA,NA,NA,NA,NA,NA,NA,N,4,0,1,2,A,-,09,21804,A,N,D,C,A,A,H,-,C,A,0,NA,NA,NA,NA,Y,NA,A,07,0,0,1,0,0,0,0,0,0,-,-,NA,NA,LOS ANGELES,LOS ANGELES,-118.41594568,34.20119945
8375289,2017,2018-07-19,1942,2017-05-05,2000,34599,1596,5,5,7,1942,0,0,0,O,0,17T17,VENTURA BL,VINELAND AV,350,W,N,A,-,N,NA,NA,NA,NA,NA,NA,NA,NA,NA,N,4,0,2,2,A,-,07,21658,A,F,B,C,A,A,H,-,C,A,0,NA,NA,NA,NA,Y,NA,A,01,0,0,2,0,0,0,0,0,0,-,-,NA,NA,LOS ANGELES,LOS ANGELES,-118.37124324,34.14087826
8375299,2017,2017-06-07,1941,2017-05-11,1220,5726,NA,4,5,7,1941,0,0,0,NA,0,NA,LONG BEACH BL,WARDLOW,0,NA,Y,A,-,N,NA,NA,NA,NA,NA,NA,NA,NA,NA,Y,4,0,1,2,-,-,-,NA,NA,N,D,C,A,A,H,-,A,A,0,NA,NA,NA,NA,Y,NA,-,-,0,0,1,0,0,0,0,0,0,-,-,NA,NA,LOS ANGELES,LONG BEACH,-118.18934002,33.81894005
8375308,2017,2017-06-08,1941,2017-05-23,1158,5110,NA,2,5,7,1941,0,0,0,NA,0,NA,SNOWDEN,BELEN,2,S,N,A,-,N,NA,NA,NA,NA,NA,NA,NA,NA,NA,N,3,0,1,2,A,-,11,21954,A,N,D,B,D,A,H,-,A,D,0,Y,NA,NA,NA,Y,NA,N,NA,0,1,0,0,1,0,0,0,0,-,-,NA,NA,LOS ANGELES,LONG BEACH,-118.11179,33.80919452
8375312,2017,2017-06-08,1941,2017-05-24,2126,10936,NA,3,5,7,1941,0,0,0,NA,0,NA,PACIFIC AV,29TH ST,137,S,N,A,-,N,NA,NA,NA,NA,NA,NA,NA,NA,NA,Y,4,0,1,2,A,-,17,21658,NA,N,C,C,A,A,H,-,C,D,0,NA,NA,NA,NA,Y,NA,A,NA,0,0,1,0,0,0,0,0,0,-,-,NA,NA,LOS ANGELES,LONG BEACH,-118.19371,33.8094543
8375316,2017,2017-06-15,1941,2017-05-24,1900,6067,NA,3,5,7,1941,0,0,0,NA,0,NA,SPRING ST,WEBSTER,8,E,N,A,-,N,NA,NA,NA,NA,NA,NA,NA,NA,NA,N,4,0,1,2,A,-,17,21207,5,N,B,J,A,A,H,-,A,D,0,NA,NA,NA,NA,Y,NA,M,NA,0,0,1,0,0,0,0,0,0,-,-,NA,NA,LOS ANGELES,LONG BEACH,-118.21978372,33.81169
8375317,2017,2017-06-07,1942,2017-04-15,2015,34599,1555,6,5,7,1942,0,0,0,O,0,17T17,VINELAND AV,MAGNOLIA BL,0,NA,Y,A,-,N,NA,NA,NA,NA,NA,NA,NA,NA,NA,N,3,0,3,2,A,-,09,21801,A,N,E,C,A,A,H,-,C,A,0,NA,NA,NA,NA,Y,NA,A,01,0,1,2,0,0,0,0,0,0,-,-,NA,NA,LOS ANGELES,LOS ANGELES,-118.37046002,34.16487004
8375321,2017,2017-06-07,1942,2017-04-19,0930,41497,1545,3,5,7,1942,0,0,0,O,0,16T23,COLFAX AV,CHANDLER BL,75,S,N,A,-,N,NA,NA,NA,NA,NA,NA,NA,NA,NA,Y,4,0,3,2,A,-,03,22350,NA,N,C,C,A,A,H,-,A,A,0,NA,NA,NA,NA,Y,NA,A,01,0,0,3,0,0,0,0,0,0,-,-,NA,NA,LOS ANGELES,LOS ANGELES,-118.38776,34.16844429
8375323,2017,2017-06-07,1941,2017-05-20,1633,6066,NA,6,5,7,1941,0,0,0,NA,0,NA,7TH ST,CHANNEL,55,E,N,A,-,N,NA,NA,NA,NA,NA,NA,NA,NA,NA,N,4,0,1,4,A,-,03,22350,NA,N,C,C,A,A,H,-,A,A,0,NA,NA,NA,NA,Y,NA,A,NA,0,0,1,0,0,0,0,0,0,-,-,NA,NA,LOS ANGELES,LONG BEACH,-118.1188094,33.77531
8375325,2017,2017-06-07,1942,2017-04-18,0850,33504,1566,2,5,7,1942,0,0,0,O,0,19TL77,VALLEY SPRING LN,LANKERSHIM BL,0,NA,Y,A,-,N,NA,NA,NA,NA,NA,NA,NA,NA,NA,N,4,0,1,2,A,-,04,21703,NA,N,C,C,A,A,H,-,A,A,0,NA,NA,NA,NA,Y,NA,A,07,0,0,1,0,0,0,0,0,0,-,-,NA,NA,LOS ANGELES,LOS ANGELES,-118.36364004,34.14673003
8375329,2017,2017-06-07,1942,2017-04-17,1800,42366,1545,1,5,7,1942,0,0,0,O,0,9A63,MAGNOLIA AV,AGNES AV,0,NA,Y,A,-,N,NA,NA,NA,NA,NA,NA,NA,NA,NA,N,4,0,2,2,A,-,09,21801,A,N,B,C,A,A,-,-,A,D,0,NA,NA,NA,NA,Y,NA,A,01,0,0,2,0,0,0,0,0,0,-,-,NA,NA,LOS ANGELES,LOS ANGELES,-118.39542005,34.16488001
8375333,2017,2017-06-07,1942,2017-04-13,1145,30830,1586,4,5,7,1942,0,0,0,O,0,16TL23,CAHUENGA BL E,VALLEY SPRING LN,554,S,N,A,-,N,NA,NA,NA,NA,NA,NA,NA,NA,NA,Y,3,0,1,4,A,-,07,21658,A,N,B,C,A,A,H,-,A,A,0,NA,NA,NA,NA,Y,NA,A,07,0,1,0,0,0,0,0,0,0,-,-,NA,NA,LOS ANGELES,LOS ANGELES,-118.36146,34.14523054
8375342,2017,2017-06-07,1941,2017-05-23,1730,10772,NA,2,5,7,1941,0,0,0,NA,0,NA,BELLFLOWER BL,S GARFORD ST,18,N,N,A,-,N,NA,NA,NA,NA,NA,NA,NA,NA,NA,N,4,0,1,2,A,-,09,21802,A,F,D,I,A,A,H,-,A,A,0,NA,NA,NA,NA,Y,NA,A,NA,0,0,1,0,0,0,0,0,0,-,-,NA,NA,LOS ANGELES,LONG BEACH,-118.12558,33.79168
8375344,2017,2017-07-27,1942,2017-05-08,0010,41198,1555,1,5,7,1942,0,0,0,O,0,9T57,MAGNOLIA BL,VINELAND AV,60,W,N,A,-,N,NA,NA,NA,NA,NA,NA,NA,NA,NA,Y,4,0,1,2,A,-,03,22350,NA,F,C,C,A,A,H,-,C,A,0,NA,NA,NA,NA,Y,NA,A,01,0,0,1,0,0,0,0,0,0,-,-,NA,NA,LOS ANGELES,LOS ANGELES,-118.37065796,34.16487049