CASE_ID,ACCIDENT_YEAR,PROC_DATE,JURIS,COLLISION_DATE,COLLISION_TIME,OFFICER_ID,REPORTING_DISTRICT,DAY_OF_WEEK,CHP_SHIFT,POPULATION,CNTY_CITY_LOC,SPECIAL_COND,BEAT_TYPE,CHP_BEAT_TYPE,CITY_DIVISION_LAPD,CHP_BEAT_CLASS,BEAT_NUMBER,PRIMARY_RD,SECONDARY_RD,DISTANCE,DIRECTION,INTERSECTION,WEATHER_1,WEATHER_2,STATE_HWY_IND,CALTRANS_COUNTY,CALTRANS_DISTRICT,STATE_ROUTE,ROUTE_SUFFIX,POSTMILE_PREFIX,POSTMILE,LOCATION_TYPE,RAMP_INTERSECTION,SIDE_OF_HWY,TOW_AWAY,COLLISION_SEVERITY,NUMBER_KILLED,NUMBER_INJURED,PARTY_COUNT,PRIMARY_COLL_FACTOR,PCF_CODE_OF_VIOL,PCF_VIOL_CATEGORY,PCF_VIOLATION,PCF_VIOL_SUBSECTION,HIT_AND_RUN,TYPE_OF_COLLISION,MVIW,PED_ACTION,ROAD_SURFACE,ROAD_COND_1,ROAD_COND_2,LIGHTING,CONTROL_DEVICE,CHP_ROAD_TYPE,PEDESTRIAN_ACCIDENT,BICYCLE_ACCIDENT,MOTORCYCLE_ACCIDENT,TRUCK_ACCIDENT,NOT_PRIVATE_PROPERTY,ALCOHOL_INVOLVED,STWD_VEHTYPE_AT_FAULT,CHP_VEHTYPE_AT_FAULT,COUNT_SEVERE_INJ,COUNT_VISIBLE_INJ,COUNT_COMPLAINT_PAIN,COUNT_PED_KILLED,COUNT_PED_INJURED,COUNT_BICYCLIST_KILLED,COUNT_BICYCLIST_INJURED,COUNT_MC_KILLED,COUNT_MC_INJURED,PRIMARY_RAMP,SECONDARY_RAMP,LATITUDE,LONGITUDE,COUNTY,CITY,POINT_X,POINT_Y
8382293,2017,2017-06-14,1942,2017-05-27,1355,34959,0705,6,5,7,1942,0,0,0,G,0,20TL56,FORMOSA AV,MELROSE AV,131,S,N,A,-,N,NA,NA,NA,NA,NA,NA,NA,NA,NA,Y,3,0,1,2,A,-,09,21804,A,F,D,C,A,A,H,-,A,D,0,NA,NA,NA,NA,Y,NA,-,99,0,1,0,0,0,0,0,0,0,-,-,NA,NA,LOS ANGELES,LOS ANGELES,-118.34624236,34.08314076
8382294,2017,2017-06-14,1928,2017-05-23,1822,362,506,2,5,5,1928,0,0,0,NA,0,501,120TH ST,INGLEWOOD AV,0,NA,Y,A,-,N,NA,NA,NA,NA,NA,NA,NA,NA,NA,N,4,0,1,2,A,-,10,21950,A,F,G,B,B,A,H,-,A,A,0,Y,NA,NA,NA,Y,NA,A,01,0,0,1,0,1,0,0,0,0,-,-,NA,NA,LOS ANGELES,HAWTHORNE,-118.36131013,33.92365012
8382297,2017,2017-06-14,1942,2017-05-23,1520,42519,0806,2,5,7,1942,0,0,0,H,0,8A1,SAINT PIERRE RD,BEVERLY GLEN BL,0,NA,-,A,-,N,NA,NA,NA,NA,NA,NA,NA,NA,NA,N,4,0,2,2,A,-,03,22350,NA,N,A,D,A,A,A,H,A,D,0,NA,NA,NA,NA,Y,NA,A,01,0,0,2,0,0,0,0,0,0,-,-,NA,NA,LOS ANGELES,LOS ANGELES,-118.43527009,34.08539009
8382298,2017,2017-06-14,1942,2017-05-23,1835,42688,0836,2,5,7,1942,0,0,0,H,0,8A36,CORINTH AV,LA GRANGE AV,0,NA,Y,A,-,N,NA,NA,NA,NA,NA,NA,NA,NA,NA,N,3,0,1,2,A,-,10,21950,A,N,A,B,B,A,H,-,A,D,0,Y,NA,NA,NA,Y,NA,A,01,0,1,0,0,1,0,0,0,0,-,-,NA,NA,LOS ANGELES,LOS ANGELES,-118.44466008,34.04041009
8382300,2017,2017-06-14,1962,2017-05-24,1343,143,1962,3,5,4,1962,0,0,0,NA,0,022,SAN MARINO AV,LONGDEN DR,0,NA,Y,B,-,N,NA,NA,NA,NA,NA,NA,NA,NA,NA,Y,4,0,2,3,A,-,09,21801,A,N,A,C,A,A,H,-,A,D,0,NA,NA,NA,NA,Y,NA,A,01,0,0,2,0,0,0,0,0,0,-,-,34.11343,-118.10421,LOS ANGELES,SAN GABRIEL,-118.10418001,34.11342011
8382301,2017,2017-06-14,1942,2017-05-25,1300,40315,0895,4,5,7,1942,0,0,0,H,0,14TL52,MOTOR AV,DUNLEER DR,150,S,N,B,-,N,NA,NA,NA,NA,NA,NA,NA,NA,NA,N,4,0,1,2,A,-,03,22350,NA,N,C,C,A,A,H,-,A,D,0,NA,NA,NA,NA,Y,NA,A,01,0,0,1,0,0,0,0,0,0,-,-,NA,NA,LOS ANGELES,LOS ANGELES,-118.40909353,34.03586817
8382302,2017,2017-06-14,1942,2017-05-12,1320,33060,0812,5,5,7,1942,0,0,0,H,0,8A1,SUNSET BL,RIVAS CANYON RD,100,W,N,A,-,N,NA,NA,NA,NA,NA,NA,NA,NA,NA,Y,4,0,1,2,A,-,04,21703,NA,N,C,C,A,A,H,-,A,D,0,NA,NA,NA,NA,Y,NA,A,01,0,0,1,0,0,0,0,0,0,-,-,NA,NA,LOS ANGELES,LOS ANGELES,-118.51418956,34.04600221
8382304,2017,2017-06-14,1962,2017-05-13,1036,128,1962,6,5,4,1962,0,0,0,NA,0,023,VALLEY BL,PROSPECT AV,0,NA,Y,A,-,N,NA,NA,NA,NA,NA,NA,NA,NA,NA,Y,3,0,1,2,A,-,08,22102,NA,N,D,C,A,A,H,-,A,A,0,NA,NA,Y,NA,Y,NA,A,07,0,1,0,0,0,0,0,0,1,-,-,34.0795,-118.10527,LOS ANGELES,SAN GABRIEL,-118.10521006,34.07947008
8382305,2017,2017-06-14,1942,2017-05-25,1600,40315,0722,4,5,7,1942,0,0,0,G,0,14TL52,LA CIENEGA BL,3RD ST,300,N,N,A,-,N,NA,NA,NA,NA,NA,NA,NA,NA,NA,N,4,0,1,2,A,-,03,22350,NA,F,C,C,A,A,H,-,A,D,0,NA,NA,NA,NA,Y,NA,-,99,0,0,1,0,0,0,0,0,0,-,-,NA,NA,LOS ANGELES,LOS ANGELES,-118.37647,34.07336
8382306,2017,2017-06-14,1942,2017-05-10,1830,40532,RD085,3,5,7,1942,0,0,0,NA,0,8A98,FEDERAL AV,OHIO AV,0,NA,Y,A,-,N,NA,NA,NA,NA,NA,NA,NA,NA,NA,Y,3,0,2,2,A,-,12,21453,A,N,D,C,A,A,H,-,A,A,0,NA,NA,NA,NA,Y,NA,A,01,0,1,1,0,0,0,0,0,0,-,-,NA,NA,LOS ANGELES,LOS ANGELES,-118.45473005,34.04555001
8382308,2017,2017-06-14,1962,2017-05-23,0958,078,1962,2,5,4,1962,0,0,0,NA,0,025,MARSHALL ST,STRATHMORE AV,0,NA,Y,A,-,N,NA,NA,NA,NA,NA,NA,NA,NA,NA,Y,4,0,1,3,A,-,09,21801,A,N,D,C,A,A,H,-,A,A,0,NA,NA,NA,NA,Y,NA,A,01,0,0,1,0,0,0,0,0,0,-,-,34.07537,-118.09726,LOS ANGELES,SAN GABRIEL,-118.09721005,34.07533009
8382309,2017,2017-06-14,1942,2017-05-20,0945,40024,1494,6,5,7,1942,0,0,0,N,0,14TL49,WESTCHESTER PKWY,LOYOLA BL,1550,W,N,A,-,N,NA,NA,NA,NA,NA,NA,NA,NA,NA,N,3,0,2,2,A,-,03,22350,NA,N,H,G,A,A,H,-,A,D,0,NA,Y,NA,NA,Y,NA,L,04,0,2,0,0,0,0,2,0,0,-,-,NA,NA,LOS ANGELES,LOS ANGELES,-118.42222367,33.95269827
8382310,2017,2017-06-14,1942,2017-05-17,1107,42515,0831,3,5,7,1942,0,0,0,H,0,8X99,VETERAN AV,CASHMERE ST,250,N,N,A,-,N,NA,NA,NA,NA,NA,NA,NA,NA,NA,Y,3,0,2,2,A,-,05,21650,NA,N,A,C,A,A,H,-,A,D,0,NA,NA,NA,NA,Y,NA,A,01,0,2,0,0,0,0,0,0,0,-,-,NA,NA,LOS ANGELES,LOS ANGELES,-118.45523394,34.07285368
8382312,2017,2017-06-14,1962,2017-05-23,1134,078,1962,2,5,4,1962,0,0,0,NA,0,024,BROADWAY,CALIFORNIA ST,134,W,N,A,-,N,NA,NA,NA,NA,NA,NA,NA,NA,NA,N,4,0,1,2,A,-,17,21663,NA,N,D,G,A,A,H,-,A,D,0,NA,Y,NA,NA,Y,NA,L,04,0,0,1,0,0,0,1,0,0,-,-,34.09905,-118.0934,LOS ANGELES,SAN GABRIEL,-118.09382148,34.0990291
8382313,2017,2017-06-14,1942,2017-05-10,1120,36847,0778,3,5,7,1942,0,0,0,G,0,7A17W2,CRENSHAW BL,SAINT CHARLES PL,0,NA,Y,A,-,N,NA,NA,NA,NA,NA,NA,NA,NA,NA,N,3,0,1,2,A,-,08,22107,NA,F,B,G,A,A,H,-,A,D,0,NA,Y,NA,NA,Y,NA,-,99,0,1,0,0,0,0,1,0,0,-,-,NA,NA,LOS ANGELES,LOS ANGELES,-118.32985006,34.04213007
8382314,2017,2017-06-14,1942,2017-05-16,1000,42519,0842,2,5,7,1942,0,0,0,H,0,8A53,FEDERAL AV,WYOMING ST,0,NA,Y,A,-,N,NA,NA,NA,NA,NA,NA,NA,NA,NA,NA,3,0,2,2,A,-,03,22350,NA,N,D,C,A,A,H,-,A,D,0,NA,NA,NA,NA,Y,NA,A,01,0,1,1,0,0,0,0,0,0,-,-,NA,NA,LOS ANGELES,LOS ANGELES,-118.45546012,34.04638006
8382316,2017,2017-08-02,1962,2017-05-12,1136,111,1962,5,5,4,1962,0,0,0,NA,0,023,S DEL MAR AV,GLENDON WY,229,S,N,A,-,N,NA,NA,NA,NA,NA,NA,NA,NA,NA,N,3,0,4,2,A,-,03,22350,NA,N,C,C,A,A,H,-,A,A,0,NA,NA,NA,NA,Y,NA,A,01,0,2,2,0,0,0,0,0,0,-,-,NA,NA,LOS ANGELES,SAN GABRIEL,-118.09954,34.07372217
8382317,2017,2017-06-14,1942,2017-05-23,2330,39454,0758,2,5,7,1942,0,0,0,G,0,7A85,PICO BL,LUCERNE BL,32,W,N,A,-,N,NA,NA,NA,NA,NA,NA,NA,NA,NA,N,4,0,1,2,A,-,03,22350,NA,F,C,E,A,A,H,-,C,D,0,NA,NA,NA,NA,Y,NA,A,01,0,0,1,0,0,0,0,0,0,-,-,NA,NA,LOS ANGELES,LOS ANGELES,-118.33190472,34.04830022
8382318,2017,2017-06-14,1942,2017-05-12,1430,33060,0812,5,5,7,1942,0,0,0,H,0,8A1,SUNSET BL,BRISTOL CIR,0,NA,Y,A,-,N,NA,NA,NA,NA,NA,NA,NA,NA,NA,Y,3,0,1,2,A,-,09,21802,A,N,D,C,A,A,H,-,A,D,0,NA,NA,NA,NA,Y,NA,A,01,0,1,0,0,0,0,0,0,0,-,-,NA,NA,LOS ANGELES,LOS ANGELES,-118.48883005,34.05644004
8382320,2017,2017-06-14,1962,2017-05-04,1108,078,1962,4,5,4,1962,0,0,0,NA,0,022,LAS TUNAS DR,DEL MAR AV,0,NA,Y,A,-,N,NA,NA,NA,NA,NA,NA,NA,NA,NA,Y,4,0,2,2,A,-,12,21453,A,N,D,C,A,A,H,-,A,A,0,NA,NA,NA,NA,Y,NA,A,01,0,0,2,0,0,0,0,0,0,-,-,34.10282,-118.09968,LOS ANGELES,SAN GABRIEL,-118.09968005,34.10280004
8382324,2017,2017-06-14,1942,2017-05-23,1840,42373,1433,2,5,7,1942,0,0,0,N,0,14X56,LINCOLN BL,VICTORIA AV,0,NA,Y,A,-,N,NA,NA,NA,NA,NA,NA,NA,NA,NA,N,4,0,2,2,A,-,06,21756,A,N,D,C,A,A,H,-,A,A,0,NA,NA,NA,NA,Y,NA,A,01,0,0,2,0,0,0,0,0,0,-,-,NA,NA,LOS ANGELES,LOS ANGELES,-118.45491007,33.99510001
8382328,2017,2017-06-14,1942,2017-05-26,0830,42528,1454,5,5,7,1942,0,0,0,N,0,14A45,GLENCOE AV,MAXELLA AV,0,NA,Y,A,-,N,NA,NA,NA,NA,NA,NA,NA,NA,NA,N,4,0,1,2,A,-,10,21950,A,N,G,B,B,A,H,-,A,A,0,Y,NA,NA,NA,Y,NA,A,01,0,0,1,0,1,0,0,0,0,-,-,NA,NA,LOS ANGELES,LOS ANGELES,-118.44031005,33.98722008
8382332,2017,2017-06-14,1942,2017-05-11,1340,37700,1489,4,5,7,1942,0,0,0,N,0,14TL52,LA CIENEGA BL,CENTURY BL,40,N,N,A,-,N,NA,NA,NA,NA,NA,NA,NA,NA,NA,N,4,0,3,3,A,-,03,22350,NA,N,C,C,A,A,H,-,A,D,0,NA,NA,NA,NA,Y,NA,A,07,0,0,3,0,0,0,0,0,0,-,-,NA,NA,LOS ANGELES,LOS ANGELES,-118.37006,33.94551971
8382336,2017,2017-06-14,1942,2017-05-22,2155,42567,LOS A,1,5,7,1942,0,0,0,NA,0,14A67,SEPULVEDA BL,HOWARD HUGHES PKWY,0,NA,Y,A,-,N,NA,NA,NA,NA,NA,NA,NA,NA,NA,Y,3,0,3,2,A,-,09,21801,A,N,A,C,A,A,H,-,C,A,0,NA,NA,NA,NA,Y,NA,A,01,0,2,1,0,0,0,0,0,0,-,-,NA,NA,LOS ANGELES,LOS ANGELES,-118.3941101,33.97500007
8382339,2017,2017-06-14,1942,2017-06-02,1640,39058,0648,5,5,7,1942,0,0,0,F,0,8TL26,CARLTON WY,WILTON PL,2,E,N,A,-,N,NA,NA,NA,NA,NA,NA,NA,NA,NA,N,4,0,1,1,A,-,08,22107,NA,N,E,I,A,A,H,-,A,A,0,NA,NA,NA,NA,Y,NA,A,01,0,0,1,0,0,0,0,0,0,-,-,NA,NA,LOS ANGELES,LOS ANGELES,-118.31362341,34.10049006
8382340,2017,2017-06-14,1942,2017-05-23,1835,40632,LOS A,2,5,7,1942,0,0,0,NA,0,1412,SPEEDWAY AV,BROOKS AV,5,E,N,A,-,N,NA,NA,NA,NA,NA,NA,NA,NA,NA,N,2,0,1,2,A,-,12,22450,NA,N,D,-,A,A,H,-,A,A,0,NA,Y,NA,NA,Y,NA,L,04,1,0,0,0,0,0,1,0,0,-,-,NA,NA,LOS ANGELES,LOS ANGELES,-118.4765302,33.99080898
8382343,2017,2017-06-14,1902,2017-06-01,0731,661,32,4,5,5,1902,0,0,0,NA,0,005,SANTA ANITA AV,LIVE OAK AV,175,N,N,B,-,N,NA,NA,NA,NA,NA,NA,NA,NA,NA,N,4,0,1,2,A,-,10,21952,NA,F,G,B,F,A,H,-,A,D,0,Y,NA,NA,NA,Y,NA,-,99,0,0,1,0,1,0,0,0,0,-,-,NA,NA,LOS ANGELES,ARCADIA,-118.03089,34.10772803
8382344,2017,2017-06-14,1942,2017-05-26,1130,41679,1409,5,5,7,1942,0,0,0,N,0,14A73,ROBERTSON BL,ROBERTSON PL,0,NA,Y,B,-,N,NA,NA,NA,NA,NA,NA,NA,NA,NA,Y,3,0,1,2,D,-,00,NA,NA,N,D,C,A,A,H,-,A,A,0,NA,NA,NA,NA,Y,NA,-,-,0,1,0,0,0,0,0,0,0,-,-,NA,NA,LOS ANGELES,LOS ANGELES,-118.3917101,34.02927005
8382348,2017,2017-06-14,1942,2017-05-17,1130,41376,1487,3,5,7,1942,0,0,0,N,0,8TL35,SEPULVEDA BL,LA TIJERA BL,0,NA,Y,A,-,N,NA,NA,NA,NA,NA,NA,NA,NA,NA,Y,4,0,3,2,D,-,00,NA,NA,N,A,C,A,A,H,-,A,A,0,NA,NA,NA,NA,Y,NA,-,-,0,0,3,0,0,0,0,0,0,-,-,NA,NA,LOS ANGELES,LOS ANGELES,-118.39623005,33.95724008
8382350,2017,2017-06-14,1962,2017-04-26,1029,128,1962,3,5,4,1962,0,0,0,NA,0,024,LAS TUNAS DR,MUSCATEL AV,0,NA,Y,A,-,N,NA,NA,NA,NA,NA,NA,NA,NA,NA,Y,3,0,3,2,A,-,12,21453,A,N,D,C,A,A,H,-,A,A,0,NA,NA,NA,NA,Y,NA,A,01,0,3,0,0,0,0,0,0,0,-,-,34.10348,-118.07723,LOS ANGELES,SAN GABRIEL,-118.07721009,34.10349003
8382352,2017,2017-06-14,1942,2017-05-25,2230,42471,1488,4,5,7,1942,0,0,0,N,0,14A49,AIRPORT BL,INTERCEPTOR,0,NA,Y,A,-,N,NA,NA,NA,NA,NA,NA,NA,NA,NA,Y,4,0,1,2,A,-,04,21703,NA,N,C,C,A,A,H,-,C,A,0,NA,NA,NA,NA,Y,NA,A,01,0,0,1,0,0,0,0,0,0,-,-,NA,NA,LOS ANGELES,LOS ANGELES,-118.38570006,33.95594012
8382356,2017,2017-06-14,1942,2017-05-26,1945,42215,1452,5,5,7,1942,0,0,0,N,0,14A11,WASHINGTON BL,SPEEDWAY,15,W,N,A,-,N,NA,NA,NA,NA,NA,NA,NA,NA,NA,N,3,0,1,2,D,-,00,NA,NA,N,H,G,A,A,H,-,B,D,0,NA,Y,NA,NA,Y,NA,-,-,0,1,0,0,0,0,1,0,0,-,-,NA,NA,LOS ANGELES,LOS ANGELES,-118.46661829,33.97918402
8382360,2017,2017-06-14,1942,2017-05-28,1340,37700,1472,7,5,7,1942,0,0,0,N,0,14TL54,CULVER BL,JEFFERSON BL,0,NA,Y,A,-,N,NA,NA,NA,NA,NA,NA,NA,NA,NA,Y,3,0,2,3,A,-,09,21801,A,N,D,C,A,A,H,-,A,A,0,NA,NA,NA,NA,Y,NA,A,01,0,1,1,0,0,0,0,0,0,-,-,NA,NA,LOS ANGELES,LOS ANGELES,-118.43923011,33.96829012
8382420,2017,2017-06-13,1942,2017-05-17,1920,41710,0898,3,5,7,1942,0,0,0,H,0,8A95,LA CIENEGA BL,DAVID AV,0,NA,Y,A,-,N,NA,NA,NA,NA,NA,NA,NA,NA,NA,Y,4,0,1,2,A,-,12,21453,A,N,A,C,A,A,H,-,A,A,0,NA,NA,NA,NA,Y,NA,A,01,0,0,1,0,0,0,0,0,0,-,-,NA,NA,LOS ANGELES,LOS ANGELES,-118.37742004,34.03728002
8382468,2017,2017-06-13,1942,2017-05-19,1730,40984,1431,5,5,7,1942,0,0,0,N,0,14FB12,SPEEDWAY AV,BREEZE CT,11,W,N,A,-,N,NA,NA,NA,NA,NA,NA,NA,NA,NA,Y,4,0,1,2,A,-,03,22350,NA,N,D,C,A,A,H,-,A,D,0,NA,NA,NA,NA,Y,NA,A,01,0,0,1,0,0,0,0,0,0,-,-,NA,NA,LOS ANGELES,LOS ANGELES,-118.47586034,33.99002497
8382641,2017,2017-06-06,1976,2017-05-22,1246,391,NA,1,5,5,1976,0,0,0,NA,0,NA,SCOTT AV,LA SALOS DR,207,S,N,A,-,N,NA,NA,NA,NA,NA,NA,NA,NA,NA,N,4,0,1,2,A,-,08,22107,NA,N,B,C,A,A,H,-,A,D,0,NA,NA,NA,NA,Y,NA,A,01,0,0,1,0,0,0,0,0,0,-,-,NA,NA,LOS ANGELES,WHITTIER,-118.00085652,33.94157248
8382642,2017,2017-06-06,1900,2017-05-19,1050,524687,0541,5,5,3,1921,0,0,0,NA,0,58T1AM,EVERGREEN AV,BUENA VISTA ST,31,E,N,A,-,N,NA,NA,NA,NA,NA,NA,NA,NA,NA,N,4,0,2,2,A,-,21,22106,NA,N,C,C,A,A,H,-,A,A,0,NA,NA,NA,NA,Y,NA,A,07,0,0,2,0,0,0,0,0,0,-,-,34.1349,-117.9779,LOS ANGELES,DUARTE,-117.97744826,34.13484814
8382645,2017,2017-06-06,1976,2017-05-23,1310,596,NA,2,5,5,1976,0,0,0,NA,0,002,HADLEY ST,MAGNOLIA AV,0,NA,Y,A,-,N,NA,NA,NA,NA,NA,NA,NA,NA,NA,Y,4,0,1,2,A,-,12,21453,A,N,A,C,A,A,H,-,A,A,0,NA,NA,NA,NA,Y,NA,A,01,0,0,1,0,0,0,0,0,0,-,-,NA,NA,LOS ANGELES,WHITTIER,-118.05024009,33.98274009
8382646,2017,2017-06-06,1900,2017-05-10,0650,526292,0561,3,5,3,1968,0,0,0,NA,0,59T1AM,POTRERO AV,ALESIA ST,0,NA,Y,B,-,N,NA,NA,NA,NA,NA,NA,NA,NA,NA,N,4,0,2,2,A,-,03,22350,NA,N,C,C,A,A,H,-,A,D,0,NA,NA,NA,NA,Y,NA,A,01,0,0,2,0,0,0,0,0,0,-,-,NA,NA,LOS ANGELES,SOUTH EL MONTE,-118.05565002,34.04639007
8382650,2017,2017-06-06,1900,2017-05-15,1250,525140,0521,1,5,4,1971,0,0,0,NA,0,52T1AM,LAS TUNAS DR,CLOVERLY AV,0,NA,Y,B,-,N,NA,NA,NA,NA,NA,NA,NA,NA,NA,Y,3,0,1,2,A,-,09,21801,A,N,A,C,A,A,H,-,A,A,0,NA,NA,NA,NA,Y,NA,A,01,0,1,0,0,0,0,0,0,0,-,-,34.10629,-118.0637,LOS ANGELES,TEMPLE CITY,-118.06372012,34.10629008
8382654,2017,2017-06-06,1900,2017-05-18,1435,531921,0524,4,5,4,1971,0,0,0,NA,0,52T1PM,ARDEN DR,LOWER AZUSA RD,461,N,N,A,-,N,NA,NA,NA,NA,NA,NA,NA,NA,NA,Y,3,0,3,2,A,-,09,21801,A,N,A,C,A,A,H,-,A,D,0,NA,NA,NA,NA,Y,NA,A,07,0,2,1,0,0,0,0,0,0,-,-,34.09301,-118.04324,LOS ANGELES,TEMPLE CITY,-118.04305407,34.09283619
8382658,2017,2017-06-06,1900,2017-05-21,1045,525039,0562,7,5,3,1968,0,0,0,NA,0,55AM,PECK RD,MICHAEL HUNT DR,0,NA,Y,A,-,N,NA,NA,NA,NA,NA,NA,NA,NA,NA,N,2,0,1,2,A,-,12,21453,A,F,D,G,A,A,H,-,A,A,0,NA,Y,NA,NA,Y,NA,A,01,1,0,0,0,0,0,1,0,0,-,-,34.04051,-118.03612,LOS ANGELES,SOUTH EL MONTE,-118.03610001,34.04064003
8382662,2017,2017-06-06,1900,2017-05-12,0756,529395,0532,5,5,5,1959,0,0,0,NA,0,53T1AM,IVAR AV,VALLEY BL,15,S,N,A,-,N,NA,NA,NA,NA,NA,NA,NA,NA,NA,N,4,0,1,3,A,-,03,22350,NA,N,C,C,A,A,H,-,A,A,0,NA,NA,NA,NA,Y,NA,A,01,0,0,1,0,0,0,0,0,0,-,-,34.08071,-118.07547,LOS ANGELES,ROSEMEAD,-118.07545918,34.08071888
8382666,2017,2017-06-20,1956,2017-05-06,1549,1335,50,6,5,5,1956,0,0,0,NA,0,005,KINGSDALE AV,GRANT AV,0,NA,Y,A,-,N,NA,NA,NA,NA,NA,NA,NA,NA,NA,N,4,0,1,2,A,-,12,21453,A,N,D,C,A,A,H,-,A,A,0,NA,NA,NA,NA,Y,NA,A,01,0,0,1,0,0,0,0,0,0,-,-,NA,NA,LOS ANGELES,REDONDO BEACH,-118.35690011,33.8710101
8382670,2017,2017-06-20,1956,2017-05-04,1938,1330,42,4,5,5,1956,0,0,0,NA,0,004,GRANT AV,AVIATION BL,30,E,N,A,-,N,NA,NA,NA,NA,NA,NA,NA,NA,NA,Y,3,0,1,2,A,-,21,22106,NA,N,H,C,A,A,H,-,C,D,0,NA,NA,NA,NA,Y,NA,A,01,0,1,0,0,0,0,0,0,0,-,-,NA,NA,LOS ANGELES,REDONDO BEACH,-118.38256194,33.86909292
8382674,2017,2017-06-06,1956,2017-05-02,1847,1962,601,2,5,5,1956,0,0,0,NA,0,001,CATALINA AV,VISTA DEL MAR,0,NA,Y,A,-,N,NA,NA,NA,NA,NA,NA,NA,NA,NA,N,4,0,1,2,A,-,10,21950,A,N,B,B,B,A,H,-,A,D,0,Y,NA,NA,NA,Y,NA,A,01,0,0,1,0,1,0,0,0,0,-,-,NA,NA,LOS ANGELES,REDONDO BEACH,-118.38765011,33.81727004
8382678,2017,2017-06-06,1967,2017-05-09,2025,137,NA,2,5,2,1967,0,0,0,NA,0,NORTH,WILLOW,ORANGE AV,33,E,N,A,-,N,NA,NA,NA,NA,NA,NA,NA,NA,NA,N,4,0,1,2,A,-,03,22350,NA,N,C,C,A,A,H,-,C,A,0,NA,NA,NA,NA,Y,NA,A,01,0,0,1,0,0,0,0,0,0,-,-,NA,NA,LOS ANGELES,SIGNAL HILL,-118.1762216,33.8044
8382709,2017,2017-06-19,1900,2017-05-29,1530,531921,0523,1,5,4,1971,0,0,0,NA,0,52TIPM,LAS TUNAS DR,ENCINITA AV,0,NA,Y,B,-,N,NA,NA,NA,NA,NA,NA,NA,NA,NA,Y,4,0,4,2,A,-,12,21453,A,N,D,C,A,A,H,-,A,A,0,NA,NA,NA,NA,Y,NA,-,-,0,0,4,0,0,0,0,0,0,-,-,34.10563,-118.06801,LOS ANGELES,TEMPLE CITY,-118.06798001,34.10571011
8382713,2017,2017-06-06,1900,2017-05-18,1529,519502,0562,4,5,3,1968,0,0,0,NA,0,55T1PM,DURFEE AV,BROADMEAD ST,317,S,N,A,-,N,NA,NA,NA,NA,NA,NA,NA,NA,NA,N,4,0,1,2,A,-,04,21703,NA,N,C,C,A,A,H,-,A,D,0,NA,NA,NA,NA,Y,NA,A,01,0,0,1,0,0,0,0,0,0,-,-,34.0419,-118.0345,LOS ANGELES,SOUTH EL MONTE,-118.03444067,34.04224809
8382717,2017,2017-06-19,1900,2017-05-11,1140,514613,0560,4,5,3,1968,0,0,0,NA,0,55FAM,GARVEY AV,POTRERO AV,0,NA,Y,A,-,N,NA,NA,NA,NA,NA,NA,NA,NA,NA,Y,4,0,1,2,A,-,12,21453,A,N,D,C,A,A,H,-,A,A,0,NA,NA,NA,NA,Y,NA,-,-,0,0,1,0,0,0,0,0,0,-,-,NA,NA,LOS ANGELES,SOUTH EL MONTE,-118.05569008,34.06272009
8382723,2017,2017-06-08,1942,2017-05-24,1640,40028,0926,3,5,7,1942,0,0,0,I,0,19X4,VICTORY BL,COSTELLO AV,260,W,N,A,-,N,NA,NA,NA,NA,NA,NA,NA,NA,NA,N,4,0,1,3,A,-,03,22350,NA,N,C,C,A,A,H,-,A,D,0,NA,NA,NA,NA,Y,NA,A,01,0,0,1,0,0,0,0,0,0,-,-,NA,NA,LOS ANGELES,LOS ANGELES,-118.43866816,34.18667
8382727,2017,2017-06-08,1942,2017-05-28,0315,40044,1504,7,5,7,1942,0,0,0,O,0,15A33,LANKERSHIM BL,COHASSET AV,0,NA,Y,A,-,N,NA,NA,NA,NA,NA,NA,NA,NA,NA,N,4,0,3,2,A,-,01,23152,A,N,C,C,A,A,H,-,C,A,0,NA,NA,NA,NA,Y,Y,A,01,0,0,3,0,0,0,0,0,0,-,-,NA,NA,LOS ANGELES,LOS ANGELES,-118.38778,34.20665009
8382750,2017,2017-06-09,1900,2017-04-26,1705,542415,0334,3,5,4,1939,0,0,0,NA,0,35T1,FREEMAN AV,MANHATTAN BEACH BL,137,S,N,A,-,N,NA,NA,NA,NA,NA,NA,NA,NA,NA,N,4,0,1,2,A,-,00,15760,NA,N,D,G,A,A,H,-,A,D,0,NA,Y,NA,NA,Y,NA,L,04,0,0,1,0,0,0,1,0,0,-,-,NA,NA,LOS ANGELES,LAWNDALE,-118.34892287,33.88707425
8382754,2017,2017-06-09,1900,2017-04-24,0830,551896,0332,1,5,4,1939,0,0,0,NA,0,35T1,INGLEWOOD AV,153RD ST,0,NA,Y,A,-,N,NA,NA,NA,NA,NA,NA,NA,NA,NA,Y,4,0,1,2,A,-,09,21801,A,N,D,D,A,A,H,-,A,D,0,NA,NA,Y,NA,Y,NA,A,01,0,0,1,0,0,0,0,0,1,-,-,NA,NA,LOS ANGELES,LAWNDALE,-118.36134013,33.89263009
8382762,2017,2017-06-09,1900,2017-04-08,1430,527482,0562,6,5,3,1968,0,0,0,NA,0,55TI,PECK RD,FARNDON ST,0,NA,Y,A,-,N,NA,NA,NA,NA,NA,NA,NA,NA,NA,Y,3,0,1,1,A,-,08,22107,NA,N,E,I,A,A,C,-,A,A,0,NA,NA,NA,NA,Y,NA,A,01,0,1,0,0,0,0,0,0,0,-,-,34.0398,-118.0372,LOS ANGELES,SOUTH EL MONTE,-118.03714001,34.03972007