CASE_ID,ACCIDENT_YEAR,PROC_DATE,JURIS,COLLISION_DATE,COLLISION_TIME,OFFICER_ID,REPORTING_DISTRICT,DAY_OF_WEEK,CHP_SHIFT,POPULATION,CNTY_CITY_LOC,SPECIAL_COND,BEAT_TYPE,CHP_BEAT_TYPE,CITY_DIVISION_LAPD,CHP_BEAT_CLASS,BEAT_NUMBER,PRIMARY_RD,SECONDARY_RD,DISTANCE,DIRECTION,INTERSECTION,WEATHER_1,WEATHER_2,STATE_HWY_IND,CALTRANS_COUNTY,CALTRANS_DISTRICT,STATE_ROUTE,ROUTE_SUFFIX,POSTMILE_PREFIX,POSTMILE,LOCATION_TYPE,RAMP_INTERSECTION,SIDE_OF_HWY,TOW_AWAY,COLLISION_SEVERITY,NUMBER_KILLED,NUMBER_INJURED,PARTY_COUNT,PRIMARY_COLL_FACTOR,PCF_CODE_OF_VIOL,PCF_VIOL_CATEGORY,PCF_VIOLATION,PCF_VIOL_SUBSECTION,HIT_AND_RUN,TYPE_OF_COLLISION,MVIW,PED_ACTION,ROAD_SURFACE,ROAD_COND_1,ROAD_COND_2,LIGHTING,CONTROL_DEVICE,CHP_ROAD_TYPE,PEDESTRIAN_ACCIDENT,BICYCLE_ACCIDENT,MOTORCYCLE_ACCIDENT,TRUCK_ACCIDENT,NOT_PRIVATE_PROPERTY,ALCOHOL_INVOLVED,STWD_VEHTYPE_AT_FAULT,CHP_VEHTYPE_AT_FAULT,COUNT_SEVERE_INJ,COUNT_VISIBLE_INJ,COUNT_COMPLAINT_PAIN,COUNT_PED_KILLED,COUNT_PED_INJURED,COUNT_BICYCLIST_KILLED,COUNT_BICYCLIST_INJURED,COUNT_MC_KILLED,COUNT_MC_INJURED,PRIMARY_RAMP,SECONDARY_RAMP,LATITUDE,LONGITUDE,COUNTY,CITY,POINT_X,POINT_Y
8385970,2017,2017-07-10,1942,2017-06-24,1330,41923,1215,6,5,7,1942,0,0,0,L,0,25EL1,NORMANDIE AV,57TH ST,45,S,N,A,-,N,NA,NA,NA,NA,NA,NA,NA,NA,NA,Y,3,0,2,3,A,-,05,21650,NA,N,A,C,A,A,H,-,A,D,0,NA,NA,NA,NA,Y,NA,A,07,0,1,1,0,0,0,0,0,0,-,-,NA,NA,LOS ANGELES,LOS ANGELES,-118.30020666,33.99081661
8385972,2017,2017-07-10,1942,2017-06-17,1557,42582,2002,6,5,7,1942,0,0,0,NA,0,20A1,OAKWOOD AV,N WESTERN AV,0,NA,Y,A,-,N,NA,NA,NA,NA,NA,NA,NA,NA,NA,N,4,0,1,2,A,-,03,22350,NA,F,C,C,A,A,H,-,A,A,0,NA,NA,NA,NA,Y,NA,-,99,0,0,1,0,0,0,0,0,0,-,-,NA,NA,LOS ANGELES,LOS ANGELES,-118.30916006,34.07761004
8385974,2017,2017-07-14,1942,2017-06-24,1415,38302,1245,6,5,7,1942,0,0,0,L,0,25MQ19,NORMANDIE AV,GAGE AV,0,NA,Y,A,-,N,NA,NA,NA,NA,NA,NA,NA,NA,NA,Y,4,0,1,2,A,-,12,21453,A,N,D,C,A,A,H,-,A,A,0,NA,NA,NA,NA,Y,NA,-,-,0,0,1,0,0,0,0,0,0,-,-,NA,NA,LOS ANGELES,LOS ANGELES,-118.3002601,33.98235003
8385976,2017,2017-07-10,1942,2017-06-24,2115,42055,2022,6,5,7,1942,0,0,0,NA,0,20A34,6TH ST,WESTERN AV,0,NA,Y,A,-,N,NA,NA,NA,NA,NA,NA,NA,NA,NA,N,4,0,1,2,A,-,12,21453,A,F,D,C,A,A,H,-,C,A,0,NA,NA,NA,NA,Y,Y,-,99,0,0,1,0,0,0,0,0,0,-,-,NA,NA,LOS ANGELES,LOS ANGELES,-118.30911009,34.06352001
8385978,2017,2017-07-10,1942,2017-06-23,1800,42236,1255,5,5,7,1942,0,0,0,L,0,12A53,NORMANDIE AV,W 76TH ST,0,NA,Y,A,-,N,NA,NA,NA,NA,NA,NA,NA,NA,NA,N,4,0,1,2,A,-,03,22350,NA,F,C,C,A,A,H,-,A,A,0,NA,NA,NA,NA,Y,NA,-,99,0,0,1,0,0,0,0,0,0,-,-,NA,NA,LOS ANGELES,LOS ANGELES,-118.30031001,33.97098005
8385980,2017,2017-07-10,1942,2017-06-16,1130,38090,2014,5,5,7,1942,0,0,0,NA,0,6TL7,3RD ST,NORMANDIE AV,30,W,N,A,-,N,NA,NA,NA,NA,NA,NA,NA,NA,NA,N,4,0,1,2,A,-,11,21954,A,F,G,B,D,A,H,-,A,A,0,Y,NA,NA,NA,Y,Y,N,60,0,0,1,0,1,0,0,0,0,-,-,NA,NA,LOS ANGELES,LOS ANGELES,-118.30045887,34.06901
8385982,2017,2017-07-10,1942,2017-06-22,1600,36911,1218,4,5,7,1942,0,0,0,L,0,3T57,HOOVER ST,SLAUSON AV,0,NA,Y,A,-,N,NA,NA,NA,NA,NA,NA,NA,NA,NA,N,4,0,1,2,A,-,05,21650,NA,N,D,G,A,A,H,-,A,A,0,NA,Y,NA,NA,Y,NA,L,04,0,0,1,0,0,0,1,0,0,-,-,NA,NA,LOS ANGELES,LOS ANGELES,-118.2871401,33.98914004
8385984,2017,2017-07-10,1942,2017-06-19,2015,42066,2019,1,5,7,1942,0,0,0,NA,0,20A39,VERMONT AV,3RD ST,260,S,N,A,-,N,NA,NA,NA,NA,NA,NA,NA,NA,NA,NA,4,0,1,2,B,-,22,NA,NA,F,C,B,F,A,H,-,B,D,0,Y,Y,NA,NA,Y,NA,L,04,0,0,1,0,1,0,0,0,0,-,-,NA,NA,LOS ANGELES,LOS ANGELES,-118.291654,34.068323
8385986,2017,2017-07-10,1942,2017-06-23,0730,33599,1248,5,5,7,1942,0,0,0,L,0,3TL5,GAGE AV,HOOVER ST,112,W,N,B,-,N,NA,NA,NA,NA,NA,NA,NA,NA,NA,Y,3,0,1,2,A,-,03,22350,NA,N,B,E,A,A,H,-,A,D,0,NA,NA,NA,NA,Y,NA,A,01,0,1,0,0,0,0,0,0,0,-,-,NA,NA,LOS ANGELES,LOS ANGELES,-118.28708,33.98251
8385988,2017,2017-07-10,1942,2017-06-22,2200,41210,2079,4,5,7,1942,0,0,0,NA,0,6T7,PICO BL,MAGNOLIA AV,15,E,N,A,-,N,NA,NA,NA,NA,NA,NA,NA,NA,NA,N,4,0,1,2,A,-,04,21703,NA,F,C,C,A,A,H,-,C,A,0,NA,NA,NA,NA,Y,NA,-,99,0,0,1,0,0,0,0,0,0,-,-,NA,NA,LOS ANGELES,LOS ANGELES,-118.28642058,34.04729
8385990,2017,2017-07-14,1942,2017-06-22,1925,42802,1245,4,5,7,1942,0,0,0,L,0,12A45,VERMONT AV,FLORENCE AV,0,NA,Y,A,-,N,NA,NA,NA,NA,NA,NA,NA,NA,NA,N,4,0,1,2,A,-,12,21453,A,N,D,C,A,A,H,-,A,A,0,NA,NA,NA,NA,Y,NA,-,-,0,0,1,0,0,0,0,0,0,-,-,NA,NA,LOS ANGELES,LOS ANGELES,-118.29174013,33.97463007
8385992,2017,2017-07-10,1942,2017-06-27,2220,40690,2055,2,5,7,1942,0,0,0,NA,0,7T23,NORMANDIE AV,11TH ST,100,S,N,A,-,N,NA,NA,NA,NA,NA,NA,NA,NA,NA,Y,4,0,2,2,A,-,03,22350,A,N,C,C,A,A,H,-,C,D,0,NA,NA,NA,NA,Y,NA,A,01,0,0,2,0,0,0,0,0,0,-,-,NA,NA,LOS ANGELES,LOS ANGELES,-118.29999,34.05059574
8385994,2017,2017-07-10,1942,2017-06-26,1200,41536,1267,1,5,7,1942,0,0,0,L,0,18T23,HOOVER ST,82ND ST,0,NA,Y,A,-,N,NA,NA,NA,NA,NA,NA,NA,NA,NA,Y,4,0,4,2,A,-,12,21453,A,N,D,C,A,A,H,-,A,A,0,NA,NA,NA,NA,Y,NA,A,01,0,0,4,0,0,0,0,0,0,-,-,NA,NA,LOS ANGELES,LOS ANGELES,-118.28711003,33.96427
8385996,2017,2017-07-10,1942,2017-06-26,2245,37613,1497,1,5,7,1942,0,0,0,N,0,14T47,CENTURY BL,GLASGOW PL,40,W,N,A,-,N,NA,NA,NA,NA,NA,NA,NA,NA,NA,N,4,0,1,2,A,-,03,22350,NA,F,C,C,A,A,H,-,C,A,0,NA,NA,NA,NA,Y,NA,-,99,0,0,1,0,0,0,0,0,0,-,-,NA,NA,LOS ANGELES,LOS ANGELES,-118.37126891,33.94536777
8385998,2017,2017-07-10,1942,2017-06-26,1610,41914,1203,1,5,7,1942,0,0,0,L,0,3T5,49TH ST,SAINT ANDREWS PL,200,W,N,A,-,N,NA,NA,NA,NA,NA,NA,NA,NA,NA,N,3,0,2,2,A,-,21,22106,NA,N,D,C,A,A,H,-,A,D,0,NA,NA,NA,NA,Y,NA,A,07,0,1,1,0,0,0,0,0,0,-,-,NA,NA,LOS ANGELES,LOS ANGELES,-118.31200858,33.99898
8386002,2017,2017-07-07,1942,2017-06-08,0010,42760,2027,4,5,7,1942,0,0,0,NA,0,20A88,WILSHIRE BL,MARIPOSA AV,15,W,N,B,F,N,NA,NA,NA,NA,NA,NA,NA,NA,NA,N,2,0,1,2,A,-,10,21950,A,N,G,B,B,B,H,-,C,A,0,Y,NA,NA,NA,Y,NA,A,01,1,0,0,0,1,0,0,0,0,-,-,NA,NA,LOS ANGELES,LOS ANGELES,-118.29922941,34.06175893
8386006,2017,2017-07-07,1942,2017-06-08,1620,37468,2011,4,5,7,1942,0,0,0,NA,0,20A44,BEVERLY BL,SAINT ANDREWS PL,40,W,N,A,-,N,NA,NA,NA,NA,NA,NA,NA,NA,NA,N,4,0,1,2,A,-,10,21950,A,N,G,B,B,A,H,-,A,A,0,Y,NA,NA,NA,Y,NA,A,07,0,0,1,0,1,0,0,0,0,-,-,NA,NA,LOS ANGELES,LOS ANGELES,-118.31151181,34.07623238
8386010,2017,2017-07-07,1942,2017-06-10,1430,35555,2076,6,5,7,1942,0,0,0,NA,0,20A16,PICO,NEW HAMPSHIRE,0,NA,Y,A,-,N,NA,NA,NA,NA,NA,NA,NA,NA,NA,Y,4,0,1,2,A,-,09,21804,A,N,D,C,A,A,H,-,A,A,0,NA,NA,NA,NA,Y,NA,A,07,0,0,1,0,0,0,0,0,0,-,-,NA,NA,LOS ANGELES,LOS ANGELES,-118.29261002,34.04727001
8386014,2017,2017-07-07,1942,2017-06-07,0750,41858,2056,3,5,7,1942,0,0,0,NA,0,20T59,OLYMPIC BL,DEWEY AV,0,NA,Y,B,-,N,NA,NA,NA,NA,NA,NA,NA,NA,NA,Y,3,0,2,3,A,-,09,21801,A,N,D,C,A,A,H,-,A,D,0,NA,NA,NA,NA,Y,NA,A,01,0,1,1,0,0,0,0,0,0,-,-,NA,NA,LOS ANGELES,LOS ANGELES,-118.29578009,34.05266011
8386018,2017,2017-07-07,1942,2017-06-09,1810,42648,2033,5,5,7,1942,0,0,0,NA,0,20A34,WILSHIRE BL,HARVARD ST,76,W,N,A,-,N,NA,NA,NA,NA,NA,NA,NA,NA,NA,N,3,0,2,3,A,-,03,22350,NA,N,C,C,A,A,H,-,A,A,0,NA,NA,NA,NA,Y,NA,A,01,0,1,1,0,0,0,0,0,0,-,-,NA,NA,LOS ANGELES,LOS ANGELES,-118.30447039,34.06173568
8386021,2017,2017-07-10,1965,2017-06-26,0827,3866,0B2C,1,5,5,1965,0,0,0,NA,0,B002,PEARL ST,20TH ST,0,NA,Y,A,-,N,NA,NA,NA,NA,NA,NA,NA,NA,NA,Y,4,0,1,2,A,-,12,22450,A,N,D,C,A,A,H,-,A,D,0,NA,NA,NA,NA,Y,NA,A,01,0,0,1,0,0,0,0,0,0,-,-,37.00793,-120.98958,LOS ANGELES,SANTA MONICA,-118.46721,34.01673004
8386022,2017,2017-07-07,1942,2017-06-04,1544,42668,0822,7,5,7,1942,0,0,0,H,0,8X48,LA CASAS AV,BAYLOR ST,90,N,N,A,-,N,NA,NA,NA,NA,NA,NA,NA,NA,NA,N,3,0,1,2,A,-,03,22350,NA,N,H,C,A,A,H,-,A,D,0,NA,NA,NA,NA,Y,NA,A,01,0,1,0,0,0,0,0,0,0,-,-,NA,NA,LOS ANGELES,LOS ANGELES,-118.54292346,34.04633915
8386025,2017,2017-07-10,1965,2017-06-26,1826,3865,0B1K,1,5,5,1965,0,0,0,NA,0,B001,4TH ST,SANTA MONICA BL,225,S,N,A,-,N,NA,NA,NA,NA,NA,NA,NA,NA,NA,N,4,0,1,2,A,-,03,22350,NA,F,C,C,A,-,H,-,A,D,0,NA,NA,NA,NA,Y,NA,A,08,0,0,1,0,0,0,0,0,0,-,-,NA,NA,LOS ANGELES,SANTA MONICA,-118.49467852,34.01598343
8386026,2017,2018-04-24,1942,2017-06-07,1910,41580,0882,3,5,7,1942,0,0,0,H,0,8A29,RT 405,SAWTELLE,0,NA,-,A,-,Y,LA,7,405,-,-,30.136,R,1,S,N,4,0,1,2,A,-,03,22350,NA,F,C,C,A,A,H,-,A,A,0,NA,NA,NA,NA,Y,NA,-,99,0,0,1,0,0,0,0,0,0,SF,-,NA,NA,LOS ANGELES,LOS ANGELES,-118.43945828,34.03824126
8386030,2017,2017-07-07,1942,2017-06-15,0840,26281,0814,4,5,7,1942,0,0,0,H,0,7MQ56,SUNSET BL,THURSTON AV,40,E,N,A,-,N,NA,NA,NA,NA,NA,NA,NA,NA,NA,N,4,0,1,2,A,-,07,21658,A,F,B,C,A,A,H,-,A,D,0,NA,NA,NA,NA,Y,NA,-,99,0,0,1,0,0,0,0,0,0,-,-,NA,NA,LOS ANGELES,LOS ANGELES,-118.4642276,34.0740108
8386033,2017,2017-07-10,1965,2017-06-28,1840,3158,0B2B,3,5,5,1965,0,0,0,NA,0,B002,PICO BL,16TH ST,8,W,N,A,-,N,NA,NA,NA,NA,NA,NA,NA,NA,NA,N,3,0,1,2,A,-,10,21950,A,N,G,B,B,A,H,-,A,A,0,Y,NA,NA,NA,Y,NA,A,01,0,1,0,0,1,0,0,0,0,-,-,37.00814,-120.99686,LOS ANGELES,SANTA MONICA,-118.47425218,34.01692814
8386034,2017,2017-07-07,1942,2017-06-01,1125,40024,1415,4,5,7,1942,0,0,0,N,0,8TL35,VERNON AV,LINCOLN BL,5,S,N,A,-,N,NA,NA,NA,NA,NA,NA,NA,NA,NA,N,4,0,1,2,A,-,10,21950,A,N,G,B,B,A,H,-,A,A,0,Y,NA,NA,NA,Y,NA,A,01,0,0,1,0,1,0,0,0,0,-,-,NA,NA,LOS ANGELES,LOS ANGELES,-118.46454386,33.9997426
8386037,2017,2017-07-10,1965,2017-06-24,0920,3178,B002,6,5,5,1965,0,0,0,NA,0,B2B,LINCOLN BL,ASHLAND AV,189,N,N,F,-,N,NA,NA,NA,NA,NA,NA,NA,NA,NA,N,4,0,1,2,A,-,09,21801,A,N,D,G,A,A,H,-,A,A,0,NA,Y,NA,NA,Y,NA,A,01,0,0,1,0,0,0,1,0,0,-,-,NA,NA,LOS ANGELES,SANTA MONICA,-118.4740567,34.00527219
8386038,2017,2017-07-07,1942,2017-06-12,1750,40315,0637,1,5,7,1942,0,0,0,F,0,20TL56,YUCCA ST,ARGYLE LN,0,NA,Y,A,-,N,NA,NA,NA,NA,NA,NA,NA,NA,NA,N,4,0,2,2,A,-,03,22350,NA,F,C,C,A,A,H,-,A,A,0,NA,NA,NA,NA,Y,NA,-,99,0,0,2,0,0,0,0,0,0,-,-,NA,NA,LOS ANGELES,LOS ANGELES,-118.32521013,34.10372005
8386042,2017,2017-07-07,1942,2017-06-17,0130,40721,0638,6,5,7,1942,0,0,0,F,0,6A15,FRANKLIN AV,KINGSLEY AV,0,NA,Y,A,-,N,NA,NA,NA,NA,NA,NA,NA,NA,NA,Y,4,0,2,2,A,-,12,22450,A,F,D,C,A,A,H,-,C,A,0,NA,NA,NA,NA,Y,NA,-,NA,0,0,2,0,0,0,0,0,0,-,-,NA,NA,LOS ANGELES,LOS ANGELES,-118.30349004,34.10540002
8386057,2017,2017-07-10,1972,2017-06-02,0701,18450,NA,5,5,6,1972,0,0,0,NA,0,NA,CARSON ST,BORDER AV,75,W,N,A,-,N,NA,NA,NA,NA,NA,NA,NA,NA,NA,Y,4,0,1,3,A,-,04,21703,NA,N,C,C,A,A,H,-,A,D,0,NA,NA,NA,NA,Y,NA,D,NA,0,0,1,0,0,0,0,0,0,-,-,NA,NA,LOS ANGELES,TORRANCE,-118.31339645,33.83144653
8386059,2017,2017-07-14,1942,2017-06-07,1850,41003,2015,3,5,7,1942,0,0,0,NA,0,20T59,NORMANDIE AV,1ST ST,220,N,N,A,-,N,NA,NA,NA,NA,NA,NA,NA,NA,NA,N,4,0,2,3,A,-,04,21703,NA,N,C,C,A,A,H,-,A,D,0,NA,NA,NA,NA,Y,NA,A,01,0,0,2,0,0,0,0,0,0,-,-,NA,NA,LOS ANGELES,LOS ANGELES,-118.30040503,34.07434335
8386063,2017,2017-07-14,1942,2017-06-15,1315,31255,0749,4,5,7,1942,0,0,0,G,0,7T38,VICTORIA AV,OLYMPIC BL,0,NA,Y,A,-,N,NA,NA,NA,NA,NA,NA,NA,NA,NA,Y,2,0,1,2,A,-,09,21802,A,N,D,C,A,A,H,-,A,A,0,NA,NA,NA,NA,Y,NA,A,01,1,0,0,0,0,0,0,0,0,-,-,NA,NA,LOS ANGELES,LOS ANGELES,-118.32430006,34.05485001
8386073,2017,2017-07-10,1942,2017-06-07,1005,38590,2069,3,5,7,1942,0,0,0,NA,0,7TL23,VERMONT,11TH ST,140,S,N,B,-,N,NA,NA,NA,NA,NA,NA,NA,NA,NA,N,3,0,1,2,A,-,09,21801,A,N,D,C,A,A,H,-,A,A,0,NA,NA,NA,NA,Y,NA,A,07,0,1,0,0,0,0,0,0,0,-,-,NA,NA,LOS ANGELES,LOS ANGELES,-118.291605,34.05039
8386077,2017,2017-07-10,1942,2017-06-07,1430,39058,2004,3,5,7,1942,0,0,0,NA,0,20TL56,MELROSE AV,HOBART BL,0,NA,Y,A,-,N,NA,NA,NA,NA,NA,NA,NA,NA,NA,Y,4,0,1,2,A,-,09,21801,A,N,D,C,A,A,H,-,A,D,0,NA,NA,NA,NA,Y,NA,A,01,0,0,1,0,0,0,0,0,0,-,-,NA,NA,LOS ANGELES,LOS ANGELES,-118.30575013,34.08353004
8386097,2017,2017-08-15,1941,2017-06-24,1252,11015,NA,6,5,7,1941,0,0,0,NA,0,NA,PACIFIC COAST HWY,MARTIN LUTHER KING JR,0,NA,Y,A,-,N,NA,NA,NA,NA,NA,NA,NA,NA,NA,Y,2,0,3,6,A,-,12,21453,A,N,A,B,B,A,H,-,A,A,0,Y,NA,NA,NA,Y,Y,A,NA,2,1,0,0,2,0,0,0,0,-,-,NA,NA,LOS ANGELES,LONG BEACH,-118.18069013,33.78987004
8386101,2017,2017-07-10,1941,2017-06-26,0726,10659,NA,1,5,7,1941,0,0,0,NA,0,NA,10TH ST,OBISPO AV,0,NA,Y,A,-,N,NA,NA,NA,NA,NA,NA,NA,NA,NA,Y,3,0,2,3,A,-,12,21453,A,N,B,C,A,A,-,-,A,A,0,NA,NA,NA,NA,Y,NA,-,-,0,1,1,0,0,0,0,0,0,-,-,NA,NA,LOS ANGELES,LONG BEACH,-118.1546101,33.77895004
8386105,2017,2018-03-08,1941,2017-06-25,0912,10877,NA,7,5,7,1941,0,0,0,NA,0,NA,PACIFIC COAST HWY,GOLDEN AV,0,NA,Y,A,-,Y,LA,7,1,-,-,7.01,H,-,N,Y,3,0,2,2,-,-,-,NA,NA,N,C,C,A,A,H,-,A,A,0,NA,NA,NA,NA,Y,NA,-,-,0,1,1,0,0,0,0,0,0,-,-,NA,NA,LOS ANGELES,LONG BEACH,-118.20222393,33.78998256
8386109,2017,2017-07-10,1941,2017-06-24,1717,11018,NA,6,5,7,1941,0,0,0,NA,0,NA,REDONDO AV,RANSOM ST,0,NA,Y,A,-,N,NA,NA,NA,NA,NA,NA,NA,NA,NA,Y,3,0,1,2,A,-,09,21804,A,N,D,C,A,A,H,-,A,A,0,NA,NA,NA,NA,Y,NA,A,NA,0,1,0,0,0,0,0,0,0,-,-,NA,NA,LOS ANGELES,LONG BEACH,-118.15242004,33.78669003
8386113,2017,2017-08-25,1941,2017-06-23,1835,10539,NA,5,5,7,1941,0,0,0,NA,0,NA,SAN ANTONIO,N BUSINESS ST,33,E,N,A,-,N,NA,NA,NA,NA,NA,NA,NA,NA,NA,Y,4,0,2,2,A,-,09,21804,A,N,D,C,A,A,H,-,A,D,0,NA,NA,NA,NA,Y,NA,A,NA,0,0,2,0,0,0,0,0,0,-,-,NA,NA,LOS ANGELES,LONG BEACH,-118.18871843,33.83495848
8386117,2017,2017-07-10,1941,2017-06-23,1332,10911,NA,5,5,7,1941,0,0,0,NA,0,NA,ANAHEIM ST,ELM AV,0,NA,Y,A,-,N,NA,NA,NA,NA,NA,NA,NA,NA,NA,Y,2,0,1,2,A,-,09,21801,A,N,D,C,A,A,H,-,A,D,0,NA,NA,Y,NA,Y,NA,A,NA,1,0,0,0,0,0,0,0,1,-,-,NA,NA,LOS ANGELES,LONG BEACH,-118.18798012,33.78262001
8386120,2017,2017-07-13,1922,2017-03-21,1855,640,NA,2,5,6,1922,0,0,0,NA,0,002,MAXSON RD,LAMBERT AV,0,NA,Y,B,-,N,NA,NA,NA,NA,NA,NA,NA,NA,NA,Y,3,0,2,3,A,-,08,22107,NA,N,B,E,A,B,H,-,A,A,0,NA,NA,NA,NA,Y,NA,A,01,0,2,0,0,0,0,0,0,0,-,-,34.07811,-118.00662,LOS ANGELES,EL MONTE,-118.00659004,34.07806002
8386121,2017,2017-07-10,1941,2017-06-22,1750,5290,NA,4,5,7,1941,0,0,0,NA,0,NA,DEL AMO BL,GARDENIA AV,0,NA,Y,A,-,N,NA,NA,NA,NA,NA,NA,NA,NA,NA,N,3,0,3,2,A,-,09,21801,A,N,D,C,A,A,H,-,A,D,0,NA,NA,NA,NA,Y,NA,A,NA,0,1,2,0,0,0,0,0,0,-,-,NA,NA,LOS ANGELES,LONG BEACH,-118.16923,33.84703007
8386125,2017,2017-07-10,1941,2017-06-21,1000,5796,NA,3,5,7,1941,0,0,0,NA,0,NA,LINDEN AV,53RD ST,0,NA,Y,A,-,N,NA,NA,NA,NA,NA,NA,NA,NA,NA,N,3,0,1,2,A,-,09,21801,A,N,D,G,A,A,H,-,A,A,0,NA,Y,NA,NA,Y,NA,L,NA,0,1,0,0,0,0,1,0,0,-,-,NA,NA,LOS ANGELES,LONG BEACH,-118.18596008,33.85241011
8386128,2017,2017-07-13,1942,2017-03-31,0110,41210,0702,5,5,7,1942,0,0,0,G,0,6T7,MELROSE AV,FULLER AV,140,E,N,A,G,N,NA,NA,NA,NA,NA,NA,NA,NA,NA,Y,3,0,2,2,A,-,08,22102,NA,N,D,C,A,A,H,-,C,D,0,NA,NA,NA,NA,Y,NA,A,07,0,1,1,0,0,0,0,0,0,-,-,NA,NA,LOS ANGELES,LOS ANGELES,-118.34938861,34.08356211
8386132,2017,2017-07-13,1924,2017-03-05,1519,114642,10,7,5,5,1924,0,0,0,NA,0,8L31D,EL SEGUNDO BL,BUDLONG AV,0,NA,Y,A,-,N,NA,NA,NA,NA,NA,NA,NA,NA,NA,Y,4,0,2,2,A,-,12,21453,A,N,D,C,A,A,H,-,A,A,0,NA,NA,NA,NA,Y,NA,A,01,0,0,2,0,0,0,0,0,0,-,-,33.91643,-118.29637,LOS ANGELES,GARDENA,-118.29641006,33.91644008
8386142,2017,2017-07-11,1941,2017-06-24,1100,11012,NA,6,5,7,1941,0,0,0,NA,0,NA,MAGNOLIA AV,WILLOW ST,0,NA,Y,A,B,N,NA,NA,NA,NA,NA,NA,NA,NA,NA,Y,3,0,2,3,A,-,09,21801,A,N,D,C,A,A,H,-,A,A,0,NA,NA,NA,NA,Y,NA,A,NA,0,2,0,0,0,0,0,0,0,-,-,NA,NA,LOS ANGELES,LONG BEACH,-118.19811004,33.80445004
8386146,2017,2017-08-25,1941,2017-06-23,2149,10542,NA,5,5,7,1941,0,0,0,NA,0,NA,MAGNOLIA AV,BROADWAY,0,NA,Y,A,-,N,NA,NA,NA,NA,NA,NA,NA,NA,NA,Y,4,0,1,2,D,-,00,NA,NA,N,D,C,A,A,H,-,C,A,0,NA,NA,NA,NA,Y,NA,-,-,0,0,1,0,0,0,0,0,0,-,-,NA,NA,LOS ANGELES,LONG BEACH,-118.19803001,33.76929011
8386153,2017,2017-07-10,1962,2017-06-29,0633,120,1962,4,5,4,1962,0,0,0,NA,0,024,LAS TUNAS DR,MUSCATEL AV,151,W,N,A,-,N,NA,NA,NA,NA,NA,NA,NA,NA,NA,N,3,0,1,1,A,-,08,22107,NA,N,E,I,A,A,H,-,A,D,0,NA,NA,NA,NA,Y,NA,A,01,0,1,0,0,0,0,0,0,0,-,-,34.10348,-118.07723,LOS ANGELES,SAN GABRIEL,-118.07770772,34.10349
8386157,2017,2017-07-10,1962,2017-06-21,1308,128,1962,3,5,4,1962,0,0,0,NA,0,025,VALLEY BL,PALM AV,75,W,N,A,-,N,NA,NA,NA,NA,NA,NA,NA,NA,NA,Y,4,0,1,3,A,-,03,22350,NA,N,C,C,A,A,H,-,A,D,0,NA,NA,NA,NA,Y,NA,A,07,0,0,1,0,0,0,0,0,0,-,-,34.07977,-118.09961,LOS ANGELES,SAN GABRIEL,-118.0976566,34.0798363
8386164,2017,2017-07-11,1942,2017-06-25,1955,41481,1259,7,5,7,1942,0,0,0,L,0,12951,E 76TH PL,MCKINLEY AV,140,W,N,A,-,N,NA,NA,NA,NA,NA,NA,NA,NA,NA,N,3,0,1,2,A,-,11,21954,A,N,G,B,-,A,H,-,A,D,0,Y,NA,NA,NA,Y,NA,N,60,0,1,0,0,1,0,0,0,0,-,-,NA,NA,LOS ANGELES,LOS ANGELES,-118.26127082,33.97025789
8386172,2017,2017-07-11,1920,2017-06-06,1406,10216,NA,2,5,6,1920,0,0,0,NA,0,001,BELLFLOWER BL,APOLLO WY,0,NA,Y,B,-,N,NA,NA,NA,NA,NA,NA,NA,NA,NA,Y,3,0,2,2,A,-,09,21801,A,N,D,C,A,A,H,-,A,A,0,NA,NA,NA,NA,Y,NA,A,08,0,1,1,0,0,0,0,0,0,-,-,NA,NA,LOS ANGELES,DOWNEY,-118.12543006,33.92277009
8386184,2017,2017-07-12,1900,2017-06-24,1200,517301,2836,6,5,5,1915,0,0,0,NA,0,285,ACACIA AV,RAYMOND ST,80,S,N,A,-,N,NA,NA,NA,NA,NA,NA,NA,NA,NA,Y,4,0,3,2,A,-,08,22107,NA,N,A,C,A,A,H,-,A,D,0,NA,NA,NA,NA,Y,NA,A,07,0,0,3,0,0,0,0,0,0,-,-,NA,NA,LOS ANGELES,COMPTON,-118.22597596,33.88732092
8386188,2017,2017-07-12,1942,2017-06-27,1135,42654,0883,2,5,7,1942,0,0,0,H,0,8A53,OLYMPIC BL,COTNER AV,0,NA,Y,A,-,N,NA,NA,NA,NA,NA,NA,NA,NA,NA,Y,3,0,2,2,A,-,09,21801,A,N,D,C,A,A,H,-,A,A,0,NA,NA,NA,NA,Y,NA,A,01,0,1,1,0,0,0,0,0,0,-,-,NA,NA,LOS ANGELES,LOS ANGELES,-118.43938012,34.03933002
8386192,2017,2017-07-12,1942,2017-06-27,0800,42654,0853,2,5,7,1942,0,0,0,H,0,8A53,SANTA MONICA BL,SAWTELLE BL,0,NA,Y,A,-,N,NA,NA,NA,NA,NA,NA,NA,NA,NA,N,3,0,1,2,A,-,17,21451,A,N,D,C,A,A,H,-,A,A,0,NA,NA,NA,NA,Y,NA,A,01,0,1,0,0,0,0,0,0,0,-,-,NA,NA,LOS ANGELES,LOS ANGELES,-118.44843006,34.04649001