CASE_ID,ACCIDENT_YEAR,PROC_DATE,JURIS,COLLISION_DATE,COLLISION_TIME,OFFICER_ID,REPORTING_DISTRICT,DAY_OF_WEEK,CHP_SHIFT,POPULATION,CNTY_CITY_LOC,SPECIAL_COND,BEAT_TYPE,CHP_BEAT_TYPE,CITY_DIVISION_LAPD,CHP_BEAT_CLASS,BEAT_NUMBER,PRIMARY_RD,SECONDARY_RD,DISTANCE,DIRECTION,INTERSECTION,WEATHER_1,WEATHER_2,STATE_HWY_IND,CALTRANS_COUNTY,CALTRANS_DISTRICT,STATE_ROUTE,ROUTE_SUFFIX,POSTMILE_PREFIX,POSTMILE,LOCATION_TYPE,RAMP_INTERSECTION,SIDE_OF_HWY,TOW_AWAY,COLLISION_SEVERITY,NUMBER_KILLED,NUMBER_INJURED,PARTY_COUNT,PRIMARY_COLL_FACTOR,PCF_CODE_OF_VIOL,PCF_VIOL_CATEGORY,PCF_VIOLATION,PCF_VIOL_SUBSECTION,HIT_AND_RUN,TYPE_OF_COLLISION,MVIW,PED_ACTION,ROAD_SURFACE,ROAD_COND_1,ROAD_COND_2,LIGHTING,CONTROL_DEVICE,CHP_ROAD_TYPE,PEDESTRIAN_ACCIDENT,BICYCLE_ACCIDENT,MOTORCYCLE_ACCIDENT,TRUCK_ACCIDENT,NOT_PRIVATE_PROPERTY,ALCOHOL_INVOLVED,STWD_VEHTYPE_AT_FAULT,CHP_VEHTYPE_AT_FAULT,COUNT_SEVERE_INJ,COUNT_VISIBLE_INJ,COUNT_COMPLAINT_PAIN,COUNT_PED_KILLED,COUNT_PED_INJURED,COUNT_BICYCLIST_KILLED,COUNT_BICYCLIST_INJURED,COUNT_MC_KILLED,COUNT_MC_INJURED,PRIMARY_RAMP,SECONDARY_RAMP,LATITUDE,LONGITUDE,COUNTY,CITY,POINT_X,POINT_Y
8388237,2017,2017-07-28,1942,2017-06-04,1845,39476,1501,7,5,7,1942,0,0,0,O,0,15T43,SATICOY ST,FULTON AV,323,E,N,A,-,N,NA,NA,NA,NA,NA,NA,NA,NA,NA,N,3,0,1,2,A,-,21,22106,NA,F,D,C,A,A,H,-,-,D,0,NA,NA,NA,NA,Y,NA,-,99,0,1,0,0,0,0,0,0,0,-,-,NA,NA,LOS ANGELES,LOS ANGELES,-118.42248235,34.20821581
8388339,2017,2017-06-16,1942,2017-05-08,0923,41943,0326,1,5,7,1942,0,0,0,C,0,3A99W2,NORMANDIE,27TH ST,10,N,N,A,-,N,NA,NA,NA,NA,NA,NA,NA,NA,NA,N,4,0,1,2,A,-,03,22350,NA,N,C,C,A,A,H,-,A,D,0,NA,NA,NA,Y,Y,NA,A,01,0,0,1,0,0,0,0,0,0,-,-,NA,NA,LOS ANGELES,LOS ANGELES,-118.30024,34.03092743
8388355,2017,2017-06-27,1942,2017-05-28,1020,32305,1252,7,5,7,1942,0,0,0,L,0,12A53,FLORENCE,ARLINGTON,0,NA,Y,A,-,N,NA,NA,NA,NA,NA,NA,NA,NA,NA,N,4,0,2,2,A,-,04,21703,NA,N,C,C,A,A,H,-,A,D,0,NA,NA,NA,NA,Y,NA,-,-,0,0,2,0,0,0,0,0,0,-,-,NA,NA,LOS ANGELES,LOS ANGELES,-118.31876013,33.97460008
8388359,2017,2017-06-16,1942,2017-05-28,2100,41393,1241,7,5,7,1942,0,0,0,L,0,0U1,FLORENCE,VAN NESS,0,NA,Y,A,-,N,NA,NA,NA,NA,NA,NA,NA,NA,NA,Y,3,0,1,2,A,-,09,21801,A,N,D,C,A,A,H,-,C,A,0,NA,NA,NA,NA,Y,NA,A,01,0,1,0,0,0,0,0,0,0,-,-,NA,NA,LOS ANGELES,LOS ANGELES,-118.31773011,33.97460009
8388367,2017,2017-06-19,1942,2017-06-05,1740,42155,0557,1,5,7,1942,0,0,0,E,0,3T5,GAFFEY ST,1ST ST,36,S,N,A,-,N,NA,NA,NA,NA,NA,NA,NA,NA,NA,Y,4,0,1,3,A,-,07,21658,A,F,B,C,A,A,H,-,A,A,0,NA,NA,NA,NA,Y,NA,A,07,0,0,1,0,0,0,0,0,0,-,-,NA,NA,LOS ANGELES,LOS ANGELES,-118.29232,33.74331
8388376,2017,2017-06-16,1953,2017-05-08,1516,5651,1953,1,5,6,1953,0,0,0,NA,0,004,ROSEMEAD BL,SIERRA MADRE VILLA AV,15,E,N,B,-,N,NA,NA,NA,NA,NA,NA,NA,NA,NA,N,2,0,1,2,A,-,10,21950,A,N,G,B,B,A,H,-,A,A,0,Y,NA,NA,NA,Y,Y,D,22,1,0,0,0,1,0,0,0,0,-,-,NA,NA,LOS ANGELES,PASADENA,-118.08151053,34.15789
8388379,2017,2017-06-21,1942,2017-05-19,1925,32142,1864,5,5,7,1942,0,0,0,R,0,18X96,CENTRAL AV,120TH ST,25,S,N,A,-,N,NA,NA,NA,NA,NA,NA,NA,NA,NA,Y,3,0,2,2,A,-,09,21801,A,N,A,-,A,A,H,-,A,A,0,NA,NA,NA,NA,Y,NA,A,01,0,2,0,0,0,0,0,0,0,-,-,NA,NA,LOS ANGELES,LOS ANGELES,-118.25436,33.92366144
8388380,2017,2017-06-16,1953,2017-05-09,1801,6800,1953,2,5,6,1953,0,0,0,NA,0,002,LINCOLN AV,WYOMING ST,0,NA,Y,A,-,N,NA,NA,NA,NA,NA,NA,NA,NA,NA,Y,4,0,2,2,A,-,09,21801,A,N,D,C,A,A,H,-,A,A,0,NA,NA,NA,NA,Y,NA,A,01,0,0,2,0,0,0,0,0,0,-,-,NA,NA,LOS ANGELES,PASADENA,-118.15966003,34.17895004
8388387,2016,2017-07-11,1925,2016-01-25,1747,21092,191,1,5,6,1925,0,0,0,NA,0,001,GLENOAKS BL,THOMPSON AV,115,E,N,A,-,N,NA,NA,NA,NA,NA,NA,NA,NA,NA,Y,2,0,1,2,A,-,11,21954,A,N,-,B,D,A,H,-,C,-,0,Y,NA,NA,NA,Y,NA,N,60,1,0,0,0,1,0,0,0,0,-,-,NA,NA,LOS ANGELES,GLENDALE,-118.29139492,34.17225185
8388392,2017,2017-06-21,1942,2017-05-11,1223,33160,1881,4,5,7,1942,0,0,0,R,0,18A97,ORCHARD AV,REDONDO BEACH BL,0,NA,Y,A,-,N,NA,NA,NA,NA,NA,NA,NA,NA,NA,Y,4,0,1,2,A,-,03,22350,NA,N,C,C,A,A,H,-,A,D,0,NA,NA,NA,NA,Y,NA,-,NA,0,0,1,0,0,0,0,0,0,-,-,NA,NA,LOS ANGELES,LOS ANGELES,-118.28833006,33.89258002
8388402,2017,2017-06-15,1942,2017-05-19,1720,41927,0357,5,5,7,1942,0,0,0,C,0,3T57,JEFFERSON BL,CATALINA ST,0,NA,Y,A,-,N,NA,NA,NA,NA,NA,NA,NA,NA,NA,Y,4,0,2,2,A,-,09,21801,A,F,D,C,A,A,H,-,A,D,0,NA,NA,NA,NA,Y,NA,-,99,0,0,2,0,0,0,0,0,0,-,-,NA,NA,LOS ANGELES,LOS ANGELES,-118.29370012,34.02551005
8388403,2017,2017-06-14,1942,2017-05-30,1740,41704,0334,2,5,7,1942,0,0,0,C,0,3TL57,JEFFERSON BL,EDGEHILL DR,0,NA,Y,A,-,N,NA,NA,NA,NA,NA,NA,NA,NA,NA,Y,4,0,3,2,A,-,09,21801,A,N,D,C,A,A,H,-,A,D,0,NA,NA,NA,NA,Y,NA,A,01,0,0,3,0,0,0,0,0,0,-,-,NA,NA,LOS ANGELES,LOS ANGELES,-118.33051005,34.02560004
8388406,2017,2017-06-15,1942,2017-05-25,0630,41859,0376,4,5,7,1942,0,0,0,C,0,18T23,W 3RD ST,DENKER AV,250,E,N,A,-,N,NA,NA,NA,NA,NA,NA,NA,NA,NA,N,4,0,1,2,A,-,11,21954,A,N,G,B,D,A,H,-,A,D,0,Y,NA,NA,NA,Y,NA,N,60,0,0,1,0,1,0,0,0,0,-,-,NA,NA,LOS ANGELES,LOS ANGELES,NA,NA
8388407,2017,2017-06-14,1942,2017-05-30,1545,3691,0376,2,5,7,1942,0,0,0,C,0,5TL25,EXPOSITION BL,WESTERN AV,8,E,N,A,-,N,NA,NA,NA,NA,NA,NA,NA,NA,NA,N,4,0,1,2,A,-,11,21456,B,N,G,B,B,A,H,-,A,A,0,Y,NA,NA,NA,Y,NA,N,60,0,0,1,0,1,0,0,0,0,-,-,NA,NA,LOS ANGELES,LOS ANGELES,-118.30889369,34.01845886
8388410,2017,2017-06-15,1942,2017-05-24,1615,27328,0395,3,5,7,1942,0,0,0,C,0,25MQ51,MARTIN LUTHER KING JR BL,WESTERN AV,105,W,N,A,-,N,NA,NA,NA,NA,NA,NA,NA,NA,NA,N,4,0,1,2,A,-,07,21658,A,N,B,C,A,A,H,-,A,A,0,NA,NA,NA,NA,Y,NA,A,01,0,0,1,0,0,0,0,0,0,-,-,NA,NA,LOS ANGELES,LOS ANGELES,-118.3092758,34.01085
8388411,2017,2017-06-14,1942,2017-05-10,2015,41576,1834,3,5,7,1942,0,0,0,R,0,18A1,108TH ST,MCKINLEY,0,NA,Y,A,-,N,NA,NA,NA,NA,NA,NA,NA,NA,NA,N,4,0,1,2,A,-,09,21801,A,N,B,D,A,A,H,-,B,A,0,NA,NA,NA,NA,Y,NA,A,01,0,0,1,0,0,0,0,0,0,-,-,NA,NA,LOS ANGELES,LOS ANGELES,-118.26086007,33.93828002
8388412,2017,2017-06-15,1942,2017-06-01,2035,41747,1283,4,5,7,1942,0,0,0,L,0,12T41,CENTURY BL,DENKER AV,20,W,N,A,-,N,NA,NA,NA,NA,NA,NA,NA,NA,NA,N,3,0,2,2,D,-,00,NA,NA,N,A,B,D,A,H,-,C,D,0,Y,NA,NA,NA,Y,NA,-,-,0,1,1,0,1,0,0,0,0,-,-,NA,NA,LOS ANGELES,LOS ANGELES,-118.30473582,33.94547
8388414,2017,2017-06-15,1942,2017-05-24,1255,26101,0325,3,5,7,1942,0,0,0,C,0,18T23,VERMONT AV,29TH ST,21,N,N,A,-,N,NA,NA,NA,NA,NA,NA,NA,NA,NA,N,4,0,1,2,A,-,03,22350,NA,F,C,C,A,A,H,-,A,A,0,NA,NA,NA,NA,Y,NA,-,99,0,0,1,0,0,0,0,0,0,-,-,NA,NA,LOS ANGELES,LOS ANGELES,-118.291546,34.028753
8388415,2017,2017-06-14,1942,2017-05-10,2020,39153,1821,3,5,7,1942,0,0,0,R,0,18A17,HOOVER ST,CENTURY BL,0,NA,Y,A,-,N,NA,NA,NA,NA,NA,NA,NA,NA,NA,N,4,0,2,2,A,-,09,21801,A,F,B,C,A,A,H,-,B,A,0,NA,NA,NA,NA,Y,NA,A,07,0,0,2,0,0,0,0,0,0,-,-,NA,NA,LOS ANGELES,LOS ANGELES,-118.28697002,33.94551005
8388416,2017,2017-06-15,1942,2017-06-01,0920,40013,0397,4,5,7,1942,0,0,0,C,0,3TL5,NORMANDIE AV,43RD ST,300,S,N,B,-,N,NA,NA,NA,NA,NA,NA,NA,NA,NA,Y,4,0,2,3,C,-,18,NA,NA,N,B,C,A,A,H,-,A,A,0,NA,NA,NA,NA,Y,NA,-,-,0,0,2,0,0,0,0,0,0,-,-,NA,NA,LOS ANGELES,LOS ANGELES,-118.30019584,34.00468724
8388418,2017,2017-06-15,1942,2017-05-06,1820,41297,0331,6,5,7,1942,0,0,0,C,0,3A98,LA BREA BL,JEFFERSON BL,68,N,N,A,-,N,NA,NA,NA,NA,NA,NA,NA,NA,NA,Y,3,0,2,1,A,-,03,22350,NA,N,E,I,A,A,H,-,A,A,0,NA,NA,NA,NA,Y,NA,A,01,0,2,0,0,0,0,0,0,0,-,-,NA,NA,LOS ANGELES,LOS ANGELES,-118.35478391,34.02569218
8388419,2017,2017-06-14,1925,2017-05-30,1127,24111,238,2,5,6,1925,0,0,0,NA,0,004,GLENDALE AV,WILSON AV,113,S,N,A,-,N,NA,NA,NA,NA,NA,NA,NA,NA,NA,N,3,0,2,2,A,-,03,22350,NA,N,C,C,A,A,H,-,A,D,0,NA,NA,NA,NA,Y,NA,A,01,0,1,1,0,0,0,0,0,0,-,-,NA,NA,LOS ANGELES,GLENDALE,-118.24657002,34.14785661
8388420,2017,2017-06-15,1942,2017-06-01,1615,86911,1881,4,5,7,1942,0,0,0,R,0,5T25,REDONDO BEACH BL,ORCHARD AV,150,W,N,A,-,N,NA,NA,NA,NA,NA,NA,NA,NA,NA,N,4,0,1,2,A,-,03,22350,NA,F,C,C,A,A,H,-,A,D,0,NA,NA,NA,NA,Y,NA,-,99,0,0,1,0,0,0,0,0,0,-,-,NA,NA,LOS ANGELES,LOS ANGELES,-118.28882274,33.89256029
8388422,2017,2017-06-15,1942,2017-05-31,0150,41977,1249,3,5,7,1942,0,0,0,L,0,3T5,GAGE AV,HOOVER ST,0,NA,Y,A,-,N,NA,NA,NA,NA,NA,NA,NA,NA,NA,Y,4,0,4,2,A,-,12,21453,A,F,D,C,A,A,H,-,C,A,0,NA,NA,NA,NA,Y,NA,-,99,0,0,4,0,0,0,0,0,0,-,-,NA,NA,LOS ANGELES,LOS ANGELES,-118.28708003,33.9825101
8388423,2017,2017-06-14,1925,2017-05-23,1045,21092,188,2,5,6,1925,0,0,0,NA,0,001,GLENWOOD RD,SONORA AV,0,NA,Y,A,-,N,NA,NA,NA,NA,NA,NA,NA,NA,NA,Y,3,0,2,3,A,-,12,22450,A,N,D,C,A,A,A,H,A,A,0,NA,NA,NA,NA,Y,NA,A,01,0,1,1,0,0,0,0,0,0,-,-,NA,NA,LOS ANGELES,GLENDALE,-118.28339011,34.17060002
8388424,2017,2017-06-15,1942,2017-06-01,1815,41921,1844,4,5,7,1942,0,0,0,R,0,3TL57,111TH ST,AVALON BL,4,E,N,A,-,N,NA,NA,NA,NA,NA,NA,NA,NA,NA,N,3,0,1,2,A,-,12,22450,A,F,G,G,A,A,H,-,A,A,0,NA,Y,NA,NA,Y,NA,-,99,0,1,0,0,0,0,1,0,0,-,-,NA,NA,LOS ANGELES,LOS ANGELES,-118.26517684,33.93480978
8388426,2017,2017-06-15,1942,2017-05-30,1820,41923,1249,2,5,7,1942,0,0,0,L,0,5T25,FIGUEROA ST,70TH ST,0,NA,Y,B,-,N,NA,NA,NA,NA,NA,NA,NA,NA,NA,N,4,0,1,2,A,-,09,21802,A,F,D,C,A,A,H,-,A,D,0,NA,NA,NA,NA,Y,NA,-,99,0,0,1,0,0,0,0,0,0,-,-,NA,NA,LOS ANGELES,LOS ANGELES,-118.28270004,33.97646003
8388427,2017,2017-06-14,1925,2017-05-16,1722,24111,199,2,5,6,1925,0,0,0,NA,0,001,GRAND CENTRAL AV,SONORA AV,952,E,N,A,-,N,NA,NA,NA,NA,NA,NA,NA,NA,NA,Y,3,0,2,2,A,-,09,21804,A,N,D,C,A,A,H,-,A,D,0,NA,NA,NA,NA,Y,NA,A,01,0,2,0,0,0,0,0,0,0,-,-,NA,NA,LOS ANGELES,GLENDALE,-118.28778763,34.16248949
8388430,2017,2017-06-15,1942,2017-05-29,0200,41488,1233,1,5,7,1942,0,0,0,L,0,12X4,SLAUSON AV,WILTON PL,0,NA,Y,A,-,N,NA,NA,NA,NA,NA,NA,NA,NA,NA,N,4,0,2,2,A,-,03,22350,NA,N,C,C,A,A,H,-,C,A,0,NA,NA,NA,NA,Y,NA,-,-,0,0,2,0,0,0,0,0,0,-,-,NA,NA,LOS ANGELES,LOS ANGELES,-118.31494009,33.98912011
8388431,2017,2017-06-14,1942,2017-05-25,1650,37411,0331,4,5,7,1942,0,0,0,C,0,3A99,LA BREA AV,FERNDALE ST,0,NA,Y,A,-,N,NA,NA,NA,NA,NA,NA,NA,NA,NA,Y,4,0,4,2,A,-,09,21801,A,N,D,C,A,A,H,-,A,D,0,NA,NA,NA,NA,Y,NA,A,01,0,0,4,0,0,0,0,0,0,-,-,NA,NA,LOS ANGELES,LOS ANGELES,-118.35193012,34.03051009
8388434,2017,2017-06-15,1942,2017-05-29,0215,36966,1207,1,5,7,1942,0,0,0,L,0,12A69,VERMONT AV,46TH ST,0,NA,Y,A,-,N,NA,NA,NA,NA,NA,NA,NA,NA,NA,N,4,0,2,2,A,-,03,22350,NA,N,C,C,A,A,H,-,C,A,0,NA,NA,NA,NA,Y,NA,A,01,0,0,2,0,0,0,0,0,0,-,-,NA,NA,LOS ANGELES,LOS ANGELES,-118.29154,34.00163
8388435,2017,2017-07-28,1942,2017-05-24,0928,41943,0301,3,5,7,1942,0,0,0,C,0,0399,FAIRFAX,ADAMS,0,NA,Y,A,-,N,NA,NA,NA,NA,NA,NA,NA,NA,NA,N,4,0,1,2,A,-,12,21453,A,N,A,C,A,A,H,-,A,A,0,NA,NA,NA,NA,Y,NA,-,NA,0,0,1,0,0,0,0,0,0,-,-,NA,NA,LOS ANGELES,LOS ANGELES,-118.37078005,34.0324401
8388437,2017,2017-06-15,1941,2017-05-27,1322,11023,NA,6,5,7,1941,0,0,0,NA,0,NA,DELAMO BL,LOCUST AV,0,NA,Y,A,-,N,NA,NA,NA,NA,NA,NA,NA,NA,NA,N,4,0,1,2,A,-,12,21453,A,N,D,G,A,A,H,-,A,A,0,NA,Y,NA,NA,Y,NA,A,NA,0,0,1,0,0,0,1,0,0,-,-,NA,NA,LOS ANGELES,LONG BEACH,-118.18978011,33.84657007
8388438,2017,2017-06-15,1942,2017-05-29,1315,36911,1267,1,5,7,1942,0,0,0,L,0,5T25,VERMONT AV,81ST ST,15,N,N,A,-,N,NA,NA,NA,NA,NA,NA,NA,NA,NA,N,4,0,1,2,A,-,03,22350,NA,F,C,C,A,A,H,-,A,D,0,NA,NA,NA,NA,Y,NA,-,99,0,0,1,0,0,0,0,0,0,-,-,NA,NA,LOS ANGELES,LOS ANGELES,-118.29174,33.965508
8388439,2017,2017-06-14,1942,2017-05-29,1929,42493,0329,1,5,7,1942,0,0,0,C,0,3A1W3,FIGUEROA ST,28TH ST,200,S,N,A,-,N,NA,NA,NA,NA,NA,NA,NA,NA,NA,N,3,0,1,2,A,-,05,21202,A,N,H,G,A,A,H,-,B,A,0,NA,Y,NA,NA,Y,Y,L,04,0,1,0,0,0,0,1,0,0,-,-,NA,NA,LOS ANGELES,LOS ANGELES,-118.2776626,34.02560278
8388442,2017,2017-06-15,1942,2017-05-28,1620,41704,1267,7,5,7,1942,0,0,0,L,0,3TL57,FIGUEROA ST,84TH PL,0,NA,Y,A,-,N,NA,NA,NA,NA,NA,NA,NA,NA,NA,Y,4,0,1,2,A,-,03,22350,NA,N,C,C,A,A,H,-,A,D,0,NA,NA,NA,NA,Y,NA,A,01,0,0,1,0,0,0,0,0,0,-,-,NA,NA,LOS ANGELES,LOS ANGELES,-118.28272001,33.96239011
8388443,2017,2017-06-14,1942,2017-05-27,1900,39065,0393,6,5,7,1942,0,0,0,C,0,3A31,LEIMERT BL,MARTIN LUTHER KING,100,S,N,A,-,N,NA,NA,NA,NA,NA,NA,NA,NA,NA,N,4,0,1,2,A,-,09,21804,A,N,D,C,A,A,H,-,A,D,0,NA,NA,NA,NA,Y,NA,A,01,0,0,1,0,0,0,0,0,0,-,-,NA,NA,LOS ANGELES,LOS ANGELES,-118.32329687,34.01054125
8388446,2017,2017-06-15,1942,2017-05-29,1445,42601,1215,1,5,7,1942,0,0,0,L,0,12A69,NORMANDIE AV,56TH ST,0,NA,Y,A,-,N,NA,NA,NA,NA,NA,NA,NA,NA,NA,N,4,0,1,2,A,-,03,22350,A,F,C,C,A,A,H,-,A,A,0,NA,NA,NA,NA,Y,NA,-,-,0,0,1,0,0,0,0,0,0,-,-,NA,NA,LOS ANGELES,LOS ANGELES,-118.30021001,33.99156
8388447,2017,2017-07-07,1942,2017-05-26,1900,42620,393,5,5,7,1942,0,0,0,NA,0,3A99,CRENSHAW,43RD ST,250,N,N,A,-,N,NA,NA,NA,NA,NA,NA,NA,NA,NA,N,4,0,2,4,A,-,05,21650,NA,N,A,C,A,A,H,-,A,D,0,NA,NA,NA,NA,Y,NA,A,01,0,0,2,0,0,0,0,0,0,-,-,NA,NA,LOS ANGELES,LOS ANGELES,-118.334159,34.005905
8388449,2017,2017-06-15,1942,2017-05-18,2030,32766,0319,4,5,7,1942,0,0,0,C,0,3A15,JEFFERSON BL,ADAMS BL,0,NA,Y,A,-,N,NA,NA,NA,NA,NA,NA,NA,NA,NA,N,4,0,2,3,A,-,10,21950,A,N,G,B,B,A,H,-,A,A,0,Y,NA,NA,NA,Y,NA,A,01,0,0,2,0,2,0,0,0,0,-,-,NA,NA,LOS ANGELES,LOS ANGELES,-118.17865011,34.59749005
8388450,2017,2017-06-15,1942,2017-05-25,2245,41917,1215,4,5,7,1942,0,0,0,L,0,12T43,55TH ST,BUDLONG AV,13,E,N,A,-,N,NA,NA,NA,NA,NA,NA,NA,NA,NA,N,4,0,3,2,A,-,03,22350,NA,F,C,C,A,A,H,-,C,A,0,NA,NA,NA,NA,Y,NA,-,99,0,0,3,0,0,0,0,0,0,-,-,NA,NA,LOS ANGELES,LOS ANGELES,-118.2958372,33.99229011
8388451,2017,2017-06-14,1942,2017-05-28,2245,41870,1831,7,5,7,1942,0,0,0,R,0,5T21,FIGUEROA ST,120TH ST,66,S,N,A,-,N,NA,NA,NA,NA,NA,NA,NA,NA,NA,N,2,0,1,2,A,-,11,21954,A,N,G,-,D,A,H,-,C,A,0,Y,NA,NA,NA,Y,NA,N,60,1,0,0,0,1,0,0,0,0,-,-,NA,NA,LOS ANGELES,LOS ANGELES,-118.28261335,33.9235394
8388453,2017,2017-06-15,1942,2017-05-18,1915,42069,0358,4,5,7,1942,0,0,0,C,0,3A58,34TH ST,MCLINTOCH AV,300,E,N,A,-,N,NA,NA,NA,NA,NA,NA,NA,NA,NA,N,3,0,1,2,A,-,11,21954,A,N,G,B,D,A,H,-,A,D,0,Y,NA,NA,NA,Y,NA,N,60,0,1,0,0,1,0,0,0,0,-,-,NA,NA,LOS ANGELES,LOS ANGELES,-118.28669,34.023897
8388454,2017,2017-06-15,1942,2017-05-28,1700,41489,0354,7,5,7,1942,0,0,0,C,0,12XL7W,EXPOSITION BL,7TH AV,0,NA,Y,A,-,N,NA,NA,NA,NA,NA,NA,NA,NA,NA,Y,3,0,3,2,A,-,12,21453,A,N,A,C,A,A,H,-,A,A,0,NA,NA,NA,NA,Y,NA,A,01,0,2,1,0,0,0,0,0,0,-,-,NA,NA,LOS ANGELES,LOS ANGELES,-118.32476007,34.02048003
8388457,2017,2017-06-15,1942,2017-05-18,1830,37623,0393,4,5,7,1942,0,0,0,C,0,3FBL2,DEGNAN BL,43RD ST,250,S,N,A,-,N,NA,NA,NA,NA,NA,NA,NA,NA,NA,N,4,0,1,2,A,-,11,21950,B,N,G,C,E,A,H,-,A,D,0,Y,NA,NA,NA,Y,NA,A,01,0,0,1,0,1,0,0,0,0,-,-,NA,NA,LOS ANGELES,LOS ANGELES,-118.33144855,34.00530474
8388458,2017,2017-06-15,1942,2017-05-18,0750,39656,1823,4,5,7,1942,0,0,0,R,0,18A17,TOWNE AV,99TH ST,0,NA,Y,A,-,N,NA,NA,NA,NA,NA,NA,NA,NA,NA,Y,4,0,1,2,A,-,12,22450,NA,N,A,C,A,A,H,-,A,D,0,NA,NA,NA,NA,Y,NA,A,01,0,0,1,0,0,0,0,0,0,-,-,NA,NA,LOS ANGELES,LOS ANGELES,-118.26736003,33.94650002
8388461,2017,2017-06-15,1942,2017-05-15,1735,37411,391,1,5,7,1942,0,0,0,NA,0,3A99,LA BREA AV,DON LORENZO DR,0,NA,Y,A,-,N,NA,NA,NA,NA,NA,NA,NA,NA,NA,N,3,0,1,2,A,-,03,22350,NA,N,C,C,A,A,H,-,A,D,0,NA,NA,Y,NA,Y,NA,C,02,0,1,0,0,0,0,0,0,1,-,-,NA,NA,LOS ANGELES,LOS ANGELES,-118.35900007,34.0008101
8388462,2017,2017-06-15,1942,2017-05-16,1535,33956,1871,2,5,7,1942,0,0,0,R,0,18A17,FIGUEROA ST,135TH ST,30,N,N,A,-,N,NA,NA,NA,NA,NA,NA,NA,NA,NA,N,4,0,1,2,A,-,03,22350,NA,N,C,C,A,A,H,-,A,A,0,NA,NA,NA,NA,Y,NA,A,01,0,0,1,0,0,0,0,0,0,-,-,NA,NA,LOS ANGELES,LOS ANGELES,-118.28274,33.90924228
8388463,2017,2017-06-15,1900,2017-05-31,2318,453085,2112,3,5,5,1943,0,0,0,NA,0,212T4,IMPERIAL HWY,LONG BEACH BL,400,E,N,A,-,N,NA,NA,NA,NA,NA,NA,NA,NA,NA,Y,4,0,1,3,A,-,08,22107,NA,N,B,C,A,A,H,-,C,D,0,NA,NA,NA,NA,Y,NA,A,NA,0,0,1,0,0,0,0,0,0,-,-,NA,NA,LOS ANGELES,LYNWOOD,-118.21036972,33.93075326
8388464,2017,2018-03-21,1900,2017-06-03,0100,453085,2111,6,5,5,1943,0,0,0,NA,0,212T4,IMPERIAL HWY,STATE ST,600,W,N,A,-,N,NA,NA,NA,NA,NA,NA,NA,NA,NA,N,4,0,1,2,A,-,03,22350,NA,N,A,E,A,A,H,-,C,D,0,NA,NA,NA,NA,Y,NA,A,NA,0,0,1,0,0,0,0,0,0,-,-,NA,NA,LOS ANGELES,LYNWOOD,-118.21841382,33.93062644
8388465,2017,2017-06-15,1942,2017-05-13,0010,42620,354,6,5,7,1942,0,0,0,NA,0,3A99,ARLINGTON AV,37TH PL,0,NA,Y,A,-,N,NA,NA,NA,NA,NA,NA,NA,NA,NA,N,4,0,1,2,A,-,09,21802,A,N,A,C,A,A,H,-,D,D,0,NA,NA,NA,NA,Y,NA,A,01,0,0,1,0,0,0,0,0,0,-,-,NA,NA,LOS ANGELES,LOS ANGELES,-118.31766007,34.02027011
8388466,2017,2017-06-15,1942,2017-05-21,0425,32364,1841,7,5,7,1942,0,0,0,R,0,18A63,FIGUEROA ST,106TH ST,0,NA,Y,A,-,N,NA,NA,NA,NA,NA,NA,NA,NA,NA,N,3,0,1,2,A,-,10,21950,A,N,G,B,B,A,H,-,C,D,0,Y,NA,NA,NA,Y,NA,A,01,0,1,0,0,1,0,0,0,0,-,-,NA,NA,LOS ANGELES,LOS ANGELES,-118.2826,33.94009008
8388469,2017,2017-06-15,1942,2017-05-05,1525,41236,0361,5,5,7,1942,0,0,0,C,0,3A18,LA BREA AV,ROSELAND ST,100,N,N,A,-,N,NA,NA,NA,NA,NA,NA,NA,NA,NA,N,3,0,1,3,A,-,09,21801,A,N,C,C,A,A,H,-,A,D,0,NA,NA,Y,NA,Y,NA,A,01,0,1,0,0,0,0,0,0,1,-,-,NA,NA,LOS ANGELES,LOS ANGELES,-118.35355634,34.02743307
8388470,2017,2017-06-15,1942,2017-05-20,1256,42809,1881,6,5,7,1942,0,0,0,R,0,18A97,ROSECRANS,MENLO AV,80,W,N,A,-,N,NA,NA,NA,NA,NA,NA,NA,NA,NA,Y,4,0,1,3,A,-,03,22350,NA,N,C,C,A,A,H,-,A,D,0,NA,NA,NA,NA,Y,NA,A,01,0,0,1,0,0,0,0,0,0,-,-,NA,NA,LOS ANGELES,LOS ANGELES,-118.28936,33.90206
8388473,2017,2017-06-15,1942,2017-05-23,0610,26101,NA,2,5,7,1942,0,0,0,NA,0,18T23,LA BREA,WESTHAVEN ST,6,S,N,A,-,N,NA,NA,NA,NA,NA,NA,NA,NA,NA,N,4,0,1,2,A,-,10,21950,A,F,G,B,B,A,H,-,-,A,0,Y,NA,NA,NA,Y,NA,-,99,0,0,1,0,1,0,0,0,0,-,-,NA,NA,LOS ANGELES,LOS ANGELES,-118.35261927,34.02877547