CASE_ID,ACCIDENT_YEAR,PROC_DATE,JURIS,COLLISION_DATE,COLLISION_TIME,OFFICER_ID,REPORTING_DISTRICT,DAY_OF_WEEK,CHP_SHIFT,POPULATION,CNTY_CITY_LOC,SPECIAL_COND,BEAT_TYPE,CHP_BEAT_TYPE,CITY_DIVISION_LAPD,CHP_BEAT_CLASS,BEAT_NUMBER,PRIMARY_RD,SECONDARY_RD,DISTANCE,DIRECTION,INTERSECTION,WEATHER_1,WEATHER_2,STATE_HWY_IND,CALTRANS_COUNTY,CALTRANS_DISTRICT,STATE_ROUTE,ROUTE_SUFFIX,POSTMILE_PREFIX,POSTMILE,LOCATION_TYPE,RAMP_INTERSECTION,SIDE_OF_HWY,TOW_AWAY,COLLISION_SEVERITY,NUMBER_KILLED,NUMBER_INJURED,PARTY_COUNT,PRIMARY_COLL_FACTOR,PCF_CODE_OF_VIOL,PCF_VIOL_CATEGORY,PCF_VIOLATION,PCF_VIOL_SUBSECTION,HIT_AND_RUN,TYPE_OF_COLLISION,MVIW,PED_ACTION,ROAD_SURFACE,ROAD_COND_1,ROAD_COND_2,LIGHTING,CONTROL_DEVICE,CHP_ROAD_TYPE,PEDESTRIAN_ACCIDENT,BICYCLE_ACCIDENT,MOTORCYCLE_ACCIDENT,TRUCK_ACCIDENT,NOT_PRIVATE_PROPERTY,ALCOHOL_INVOLVED,STWD_VEHTYPE_AT_FAULT,CHP_VEHTYPE_AT_FAULT,COUNT_SEVERE_INJ,COUNT_VISIBLE_INJ,COUNT_COMPLAINT_PAIN,COUNT_PED_KILLED,COUNT_PED_INJURED,COUNT_BICYCLIST_KILLED,COUNT_BICYCLIST_INJURED,COUNT_MC_KILLED,COUNT_MC_INJURED,PRIMARY_RAMP,SECONDARY_RAMP,LATITUDE,LONGITUDE,COUNTY,CITY,POINT_X,POINT_Y
8389671,2017,2017-06-22,1942,2017-05-31,1215,38503,0558,3,5,7,1942,0,0,0,E,0,5TL21,SEPULVEDA ST,PACIFIC AV,0,NA,Y,B,-,N,NA,NA,NA,NA,NA,NA,NA,NA,NA,N,4,0,1,2,A,-,12,22450,NA,F,D,C,A,A,H,-,A,A,0,NA,NA,NA,NA,Y,NA,-,99,0,0,1,0,0,0,0,0,0,-,-,NA,NA,LOS ANGELES,LOS ANGELES,-118.28788006,33.7451201
8389675,2017,2017-06-23,1942,2017-05-22,1720,38118,0529,1,5,7,1942,0,0,0,NA,0,25MQ62,I ST,HENRY FORD AV,7,W,N,A,-,N,NA,NA,NA,NA,NA,NA,NA,NA,NA,N,3,0,1,2,A,-,09,21801,A,N,D,G,A,A,H,-,A,A,0,NA,Y,NA,NA,Y,NA,A,07,0,1,0,0,0,0,1,0,0,-,-,NA,NA,LOS ANGELES,LOS ANGELES,-118.24189293,33.78226866
8389679,2017,2017-06-23,1942,2017-05-29,2020,40415,0513,1,5,7,1942,0,0,0,E,0,5TL21,PACIFIC COAST HWY,FIGUEROA PL,0,W,N,A,-,N,NA,NA,NA,NA,NA,NA,NA,NA,NA,Y,2,0,1,2,A,-,11,21954,A,N,G,B,D,A,H,-,C,D,0,Y,NA,NA,NA,Y,NA,N,60,1,0,0,0,1,0,0,0,0,-,-,NA,NA,LOS ANGELES,LOS ANGELES,-118.28289001,33.79065003
8389681,2017,2017-06-19,1967,2017-06-02,0945,128,NA,5,5,2,1967,0,0,0,NA,0,NORTH,ORANGE AV,SPRING,0,NA,Y,A,-,N,NA,NA,NA,NA,NA,NA,NA,NA,NA,Y,4,0,1,2,A,-,12,21453,A,N,D,C,A,A,H,-,A,A,0,NA,NA,NA,NA,Y,NA,A,01,0,0,1,0,0,0,0,0,0,-,-,NA,NA,LOS ANGELES,SIGNAL HILL,-118.17631013,33.81168011
8389682,2017,2017-06-16,1910,2017-03-11,1426,03494,NA,6,5,4,1910,0,0,0,NA,0,006,BEDFORD DR,SANTA MONICA BL,200,N,N,A,-,N,NA,NA,NA,NA,NA,NA,NA,NA,NA,Y,4,0,2,3,A,-,21,22106,NA,N,D,C,A,A,H,-,A,D,0,NA,NA,NA,NA,Y,NA,A,01,0,0,2,0,0,0,0,0,0,-,-,NA,NA,LOS ANGELES,BEVERLY HILLS,-118.40713201,34.07000101
8389683,2017,2017-06-16,1910,2017-03-25,1059,340,NA,6,5,4,1910,0,0,0,NA,0,009,N LA CIENEGA BL,OLYMPIC BL,365,N,N,A,-,N,NA,NA,NA,NA,NA,NA,NA,NA,NA,Y,4,0,1,9,A,-,03,22350,NA,N,C,C,A,A,H,-,A,D,0,NA,NA,NA,NA,Y,NA,A,01,0,0,1,0,0,0,0,0,0,-,-,34.0604,-118.3761,LOS ANGELES,BEVERLY HILLS,-118.37618,34.06044086
8389684,2017,2017-06-16,1910,2017-04-05,1607,02230,NA,3,5,4,1910,0,0,0,NA,0,005,WILSHIRE BL,SOUTH SANTA MONICA BL,0,NA,Y,A,-,N,NA,NA,NA,NA,NA,NA,NA,NA,NA,Y,3,0,1,2,A,-,08,22100,B,N,B,C,A,A,H,-,A,A,0,NA,NA,NA,NA,Y,NA,A,01,0,1,0,0,0,0,0,0,0,-,-,NA,NA,LOS ANGELES,BEVERLY HILLS,-118.40946001,34.06708009
8389686,2017,2017-06-16,1910,2017-03-16,0912,02230,NA,4,5,4,1910,0,0,0,NA,0,004,WILSHIRE BL,WHITTIER DR,0,NA,Y,A,-,N,NA,NA,NA,NA,NA,NA,NA,NA,NA,Y,3,0,1,2,A,-,09,21801,A,N,A,C,A,A,H,-,A,A,0,NA,NA,NA,NA,Y,NA,A,01,0,1,0,0,0,0,0,0,0,-,-,NA,NA,LOS ANGELES,BEVERLY HILLS,-118.41466012,34.06708005
8389687,2017,2017-06-16,1910,2017-03-16,1639,03410,NA,4,5,4,1910,0,0,0,NA,0,007,N CANON DR,N BEVERLY DR,0,NA,Y,A,-,N,NA,NA,NA,NA,NA,NA,NA,NA,NA,N,4,0,1,2,A,-,03,22350,NA,N,C,C,A,A,H,-,A,D,0,NA,NA,NA,NA,Y,NA,A,01,0,0,1,0,0,0,0,0,0,-,-,NA,NA,LOS ANGELES,BEVERLY HILLS,-118.41165005,34.07964004
8389688,2017,2017-06-16,1910,2017-04-06,1715,03494,NA,4,5,4,1910,0,0,0,NA,0,005,SOUTH SANTA MONICA BL,ROXBURY DR,155,W,N,A,-,N,NA,NA,NA,NA,NA,NA,NA,NA,NA,Y,3,0,2,2,A,-,09,21804,A,N,D,C,A,A,H,-,A,A,0,NA,NA,NA,NA,Y,NA,A,01,0,1,1,0,0,0,0,0,0,-,-,NA,NA,LOS ANGELES,BEVERLY HILLS,-118.40775885,34.06826427
8389690,2017,2017-07-28,1910,2017-03-02,0726,03410,NA,4,5,4,1910,0,0,0,NA,0,005,OLYMPIC BL,S BEVERLY DR,0,NA,Y,A,-,N,NA,NA,NA,NA,NA,NA,NA,NA,NA,N,3,0,1,2,A,-,10,21950,A,N,G,B,B,A,H,-,A,D,0,Y,NA,NA,NA,Y,NA,A,01,0,1,0,0,1,0,0,0,0,-,-,NA,NA,LOS ANGELES,BEVERLY HILLS,-118.39858014000001,34.05962002
8389691,2017,2017-06-16,1910,2017-03-16,1727,03209,NA,4,5,4,1910,0,0,0,NA,0,004,WILSHIRE BL,MERV GRIFFIN WY,410,W,N,A,-,N,NA,NA,NA,NA,NA,NA,NA,NA,NA,Y,4,0,1,2,A,-,09,21801,A,N,D,C,A,A,H,-,A,A,0,NA,NA,NA,NA,Y,NA,A,07,0,0,1,0,0,0,0,0,0,-,-,34.067,-118.41609,LOS ANGELES,BEVERLY HILLS,-118.41601131,34.06708
8389692,2017,2017-06-16,1910,2017-04-09,1811,04446,NA,7,5,4,1910,0,0,0,NA,0,007,N BEVERLY DR,DAYTON WY,300,N,N,A,-,N,NA,NA,NA,NA,NA,NA,NA,NA,NA,N,4,0,1,2,A,-,08,22107,NA,N,B,C,A,A,H,-,A,D,0,NA,NA,NA,NA,Y,NA,M,96,0,0,1,0,0,0,0,0,0,-,-,34.06912,-118.40103,LOS ANGELES,BEVERLY HILLS,-118.40120193,34.0691497
8389693,2017,2017-06-16,1910,2017-02-27,1333,03438,NA,1,5,4,1910,0,0,0,NA,0,007,OLYMPIC BL,BEVERWIL DR,0,NA,Y,A,-,N,NA,NA,NA,NA,NA,NA,NA,NA,NA,Y,4,0,2,2,A,-,09,21801,A,N,D,C,A,A,H,-,A,A,0,NA,NA,NA,NA,Y,NA,A,01,0,0,2,0,0,0,0,0,0,-,-,NA,NA,LOS ANGELES,BEVERLY HILLS,-118.39910009,34.0596801
8389694,2017,2017-06-16,1910,2017-03-02,0914,02230,NA,4,5,4,1910,0,0,0,NA,0,005,CHARLEVILLE BL,SPALDING DR,0,NA,Y,A,-,N,NA,NA,NA,NA,NA,NA,NA,NA,NA,N,3,0,1,2,A,-,10,21950,A,N,G,B,B,A,H,-,A,A,0,Y,NA,NA,NA,Y,NA,A,01,0,1,0,0,1,0,0,0,0,-,-,NA,NA,LOS ANGELES,BEVERLY HILLS,-118.4089101,34.06501001
8389695,2017,2017-06-16,1910,2017-03-16,2218,04616,NA,4,5,4,1910,0,0,0,NA,0,004,SUNSET BL,N CRESCENT DR,0,NA,Y,A,-,N,NA,NA,NA,NA,NA,NA,NA,NA,NA,Y,4,0,2,2,A,-,12,21453,A,N,D,C,A,A,H,-,C,A,0,NA,NA,NA,NA,Y,NA,A,01,0,0,2,0,0,0,0,0,0,-,-,NA,NA,LOS ANGELES,BEVERLY HILLS,-118.41202009,34.08166012
8389696,2017,2017-06-16,1910,2017-04-10,1520,03633,NA,1,5,4,1910,0,0,0,NA,0,009,TOWER DR,WILSHIRE BL,3,S,N,A,-,N,NA,NA,NA,NA,NA,NA,NA,NA,NA,N,4,0,1,2,A,-,03,22350,NA,N,C,C,A,A,H,-,A,D,0,NA,NA,NA,NA,Y,NA,A,01,0,0,1,0,0,0,0,0,0,-,-,34,-118,LOS ANGELES,BEVERLY HILLS,-118.37302987,34.06440177
8389697,2017,2017-06-16,1910,2017-02-15,1210,03633,NA,3,5,4,1910,0,0,0,NA,0,009,ROBERTSON BL,GREGORY WY SOUTH,11,S,N,A,-,N,NA,NA,NA,NA,NA,NA,NA,NA,NA,Y,3,0,1,2,A,-,09,21801,A,N,E,I,A,A,H,-,A,D,0,NA,NA,NA,NA,Y,NA,A,01,0,1,0,0,0,0,0,0,0,-,-,34.12515,-118.06212,LOS ANGELES,BEVERLY HILLS,-118.3835608,34.06293984
8389698,2017,2017-06-16,1910,2017-03-02,1915,04712,NA,4,5,4,1910,0,0,0,NA,0,004,WILSHIRE BL E,WHITTIER DR,400,W,N,A,-,N,NA,NA,NA,NA,NA,NA,NA,NA,NA,Y,4,0,1,2,A,-,09,21801,A,N,A,C,A,A,H,-,C,D,0,NA,NA,NA,NA,Y,NA,A,01,0,0,1,0,0,0,0,0,0,-,-,34.06701,-118.41608,LOS ANGELES,BEVERLY HILLS,-118.41597835,34.06708
8389699,2017,2017-06-16,1910,2017-03-17,0627,03410,NA,5,5,4,1910,0,0,0,NA,0,009,WILSHIRE BL,LA CIENEGA BL,0,NA,Y,A,-,N,NA,NA,NA,NA,NA,NA,NA,NA,NA,Y,3,0,1,2,A,-,09,21801,A,N,D,C,A,A,H,-,B,A,0,NA,NA,NA,NA,Y,NA,A,01,0,1,0,0,0,0,0,0,0,-,-,NA,NA,LOS ANGELES,BEVERLY HILLS,-118.37623004,34.06518009
8389700,2017,2017-06-16,1910,2017-04-10,1755,03410,NA,1,5,4,1910,0,0,0,NA,0,006,SUNSET BL,REXFORD BL,0,NA,Y,A,-,N,NA,NA,NA,NA,NA,NA,NA,NA,NA,NA,3,0,1,2,A,-,03,22350,NA,N,D,C,A,A,H,-,A,D,0,NA,NA,Y,NA,Y,NA,C,02,0,1,0,0,0,0,0,0,1,-,-,NA,NA,LOS ANGELES,BEVERLY HILLS,-118.41017,34.08318
8389701,2017,2017-06-16,1910,2017-02-16,1118,34075,NA,4,5,4,1910,0,0,0,NA,0,004,NORTH SANTA MONICA BL,BEDFORD DR,33,W,N,A,-,N,NA,NA,NA,NA,NA,NA,NA,NA,NA,Y,4,0,1,2,A,-,05,21460,A,F,B,C,A,A,D,H,A,D,0,NA,NA,NA,NA,Y,NA,A,01,0,0,1,0,0,0,0,0,0,-,-,34.06943,-118.40679,LOS ANGELES,BEVERLY HILLS,-118.40679418,34.06952269
8389702,2017,2017-06-16,1910,2017-03-03,1324,03209,NA,5,5,4,1910,0,0,0,NA,0,007,BEVERLY BL,OAKHURST DR,0,NA,Y,A,-,N,NA,NA,NA,NA,NA,NA,NA,NA,NA,Y,4,0,2,2,A,-,09,21804,A,N,D,C,A,A,H,-,A,A,0,NA,NA,NA,NA,Y,NA,A,07,0,0,2,0,0,0,0,0,0,-,-,34.0771,-118.39097,LOS ANGELES,BEVERLY HILLS,-118.39098,34.07716008
8389703,2017,2017-06-16,1910,2017-03-18,0354,04555,NA,6,5,4,1910,0,0,0,NA,0,005,WILSHIRE BL,N RODEO DR,48,W,N,A,-,N,NA,NA,NA,NA,NA,NA,NA,NA,NA,Y,3,0,1,2,A,-,03,22350,NA,N,C,C,A,A,H,-,C,A,0,NA,NA,NA,NA,Y,NA,A,01,0,1,0,0,0,0,0,0,0,-,-,34.06626,-118.3998,LOS ANGELES,BEVERLY HILLS,-118.4012382,34.06707
8389704,2017,2017-06-16,1910,2017-04-11,1329,03209,NA,2,5,4,1910,0,0,0,NA,0,007,N CRESCENT DR,DAYTON WY,110,S,N,A,-,N,NA,NA,NA,NA,NA,NA,NA,NA,NA,N,3,0,1,2,A,-,03,22350,NA,N,B,B,E,A,H,-,A,A,0,Y,NA,NA,NA,Y,NA,-,NA,0,1,0,0,1,0,0,0,0,-,-,34.06961,-118.39831,LOS ANGELES,BEVERLY HILLS,-118.39831008,34.06968672
8389705,2017,2017-06-15,1910,2017-02-17,0810,02230,NA,5,5,4,1910,0,0,0,NA,0,004,N BEVERLY DR,CARMELITA AV,0,NA,Y,B,-,N,NA,NA,NA,NA,NA,NA,NA,NA,NA,Y,4,0,1,2,A,-,12,22450,A,N,D,C,A,B,H,-,A,A,0,NA,NA,NA,NA,Y,NA,A,01,0,0,1,0,0,0,0,0,0,-,-,NA,NA,LOS ANGELES,BEVERLY HILLS,-118.40694014,34.07430005
8389706,2017,2017-06-16,1910,2017-03-03,1951,04446,NA,5,5,4,1910,0,0,0,NA,0,005,OLYMPIC DR,S BEVERLY DR,0,NA,Y,A,-,N,NA,NA,NA,NA,NA,NA,NA,NA,NA,N,4,0,1,2,A,-,10,21950,A,F,G,B,B,A,H,-,C,A,0,Y,NA,NA,NA,Y,Y,A,01,0,0,1,0,1,0,0,0,0,-,-,34.05963,-118.39858,LOS ANGELES,BEVERLY HILLS,-118.39858014000001,34.05962002
8389707,2017,2017-06-16,1910,2017-03-18,2133,04824,NA,6,5,4,1910,0,0,0,NA,0,009,S DOHENY DR,W OLYMPIC BL,0,NA,Y,A,-,N,NA,NA,NA,NA,NA,NA,NA,NA,NA,N,4,0,1,2,A,-,10,21950,A,N,G,B,B,A,H,-,C,A,0,Y,NA,NA,NA,Y,NA,A,01,0,0,1,0,1,0,0,0,0,-,-,NA,NA,LOS ANGELES,BEVERLY HILLS,-118.38980007,34.05936
8389708,2017,2017-06-16,1910,2017-04-12,1345,03209,NA,3,5,4,1910,0,0,0,NA,0,009,N REXFORD DR,WILSHIRE BL,0,NA,Y,A,-,N,NA,NA,NA,NA,NA,NA,NA,NA,NA,N,4,0,1,2,A,-,04,21703,NA,N,C,C,A,A,H,-,A,A,0,NA,NA,NA,NA,Y,NA,A,01,0,0,1,0,0,0,0,0,0,-,-,34.06706,-118.39391,LOS ANGELES,BEVERLY HILLS,-118.39401007,34.0670601
8389709,2017,2017-06-15,1910,2017-02-19,2308,04555,NA,7,5,4,1910,0,0,0,NA,0,009,LA CIENEGA BL,GREGORY WY,60,N,N,C,-,N,NA,NA,NA,NA,NA,NA,NA,NA,NA,N,4,0,1,3,A,-,03,22350,NA,F,C,C,A,B,H,-,C,A,0,NA,NA,NA,NA,Y,NA,-,NA,0,0,1,0,0,0,0,0,0,-,-,34.05891,-118.39735,LOS ANGELES,BEVERLY HILLS,-118.37614498,34.06281451
8389710,2017,2017-06-16,1910,2017-03-20,0925,03633,NA,1,5,4,1910,0,0,0,NA,0,007,SANTA MONICA BL,REXFORD DR,175,W,N,A,-,N,NA,NA,NA,NA,NA,NA,NA,NA,NA,Y,4,0,1,2,A,-,03,22350,NA,N,C,C,A,A,H,-,A,D,0,NA,NA,NA,NA,Y,NA,A,01,0,0,1,0,0,0,0,0,0,-,-,34.0011,-118.1005,LOS ANGELES,BEVERLY HILLS,-118.40106379,34.07345338
8389711,2017,2017-06-16,1910,2017-03-19,1220,04170,NA,7,5,4,1910,0,0,0,NA,0,006,W SUNSET BL,HILLCREST RD,36,E,N,A,-,N,NA,NA,NA,NA,NA,NA,NA,NA,NA,Y,4,0,3,2,A,-,03,22350,NA,N,C,C,A,A,A,H,A,A,0,NA,NA,NA,NA,Y,NA,A,01,0,0,3,0,0,0,0,0,0,-,-,37.0876,-118.93802,LOS ANGELES,BEVERLY HILLS,-118.3981004,34.08747788
8389712,2017,2017-06-16,1910,2017-04-04,1702,03438,NA,2,5,4,1910,0,0,0,NA,0,007,OLYMPIC BL,S CRESCENT DR,0,NA,Y,A,-,N,NA,NA,NA,NA,NA,NA,NA,NA,NA,Y,4,0,1,2,A,-,07,21658,A,N,D,C,A,A,H,-,A,D,0,NA,NA,NA,NA,Y,NA,A,01,0,0,1,0,0,0,0,0,0,-,-,NA,NA,LOS ANGELES,BEVERLY HILLS,-118.39594012,34.05936005
8389713,2017,2017-06-15,1910,2017-02-08,0746,02230,NA,3,5,4,1910,0,0,0,NA,0,004,CARMELITA AV,CANON DR,202,E,N,B,-,N,NA,NA,NA,NA,NA,NA,NA,NA,NA,N,4,0,1,2,A,-,08,22107,NA,N,B,G,A,B,H,-,A,D,0,NA,Y,NA,NA,Y,NA,A,01,0,0,1,0,0,0,1,0,0,-,-,NA,NA,LOS ANGELES,BEVERLY HILLS,-118.40470426,34.07567215
8389714,2017,2017-06-16,1910,2017-03-20,1818,03410,NA,1,5,4,1910,0,0,0,NA,0,006,N CANON DR,ELEVADO AV,0,NA,Y,A,-,N,NA,NA,NA,NA,NA,NA,NA,NA,NA,NA,4,0,1,2,A,-,21,22106,NA,N,C,C,A,A,H,-,A,D,0,NA,NA,NA,NA,Y,NA,A,01,0,0,1,0,0,0,0,0,0,-,-,NA,NA,LOS ANGELES,BEVERLY HILLS,-118.40811008,34.0781801
8389715,2017,2017-06-16,1910,2017-03-21,1145,03633,NA,2,5,4,1910,0,0,0,NA,0,007,MAPLE DR,S WILSHIRE BL,0,NA,Y,A,-,N,NA,NA,NA,NA,NA,NA,NA,NA,NA,Y,3,0,1,3,A,-,09,21800,A,N,D,C,A,A,H,-,A,D,0,NA,NA,NA,NA,Y,NA,A,01,0,1,0,0,0,0,0,0,0,-,-,34.00041,-118.09669,LOS ANGELES,BEVERLY HILLS,-118.39353009,34.06706008
8389716,2017,2017-06-16,1910,2017-04-16,2241,04407,NA,7,5,4,1910,0,0,0,NA,0,005,N RODEO DR,WILSHIRE BL,0,NA,Y,A,-,N,NA,NA,NA,NA,NA,NA,NA,NA,NA,Y,3,0,2,1,A,-,08,22107,NA,N,E,I,A,A,H,-,C,A,0,NA,NA,NA,NA,Y,Y,A,01,0,1,1,0,0,0,0,0,0,-,-,34.06724,-118.40098,LOS ANGELES,BEVERLY HILLS,-118.40108004,34.06707004
8389717,2017,2017-06-15,1910,2017-02-02,1446,02230,NA,4,5,4,1910,0,0,0,NA,0,005,SPALDING DR,OLYMPIC BL,220,N,N,A,-,N,NA,NA,NA,NA,NA,NA,NA,NA,NA,Y,3,0,1,2,A,-,08,22107,NA,N,B,C,A,A,H,-,A,D,0,NA,NA,NA,NA,Y,NA,A,01,0,1,0,0,0,0,0,0,0,-,-,NA,NA,LOS ANGELES,BEVERLY HILLS,-118.40893292,34.06029341
8389718,2017,2017-06-16,1910,2017-03-09,1950,04806,NA,4,5,4,1910,0,0,0,NA,0,009,OLYMPIC BL,S CLARK DR,0,NA,Y,A,-,N,NA,NA,NA,NA,NA,NA,NA,NA,NA,Y,4,0,2,2,A,-,09,21802,A,N,D,C,A,A,H,-,C,A,0,NA,NA,NA,NA,Y,NA,A,01,0,0,2,0,0,0,0,0,0,-,-,NA,NA,LOS ANGELES,BEVERLY HILLS,-118.38468013,34.0593501
8389719,2017,2017-06-16,1910,2017-03-22,1334,03209,NA,3,5,4,1910,0,0,0,NA,0,006,N HILLCREST RD,BARRIE DR,195,S,N,A,-,N,NA,NA,NA,NA,NA,NA,NA,NA,NA,Y,3,0,1,1,A,-,01,23152,A,N,E,I,A,A,H,-,A,A,0,NA,NA,NA,NA,Y,Y,A,07,0,1,0,0,0,0,0,0,0,-,-,34.10118,-118.39326,LOS ANGELES,BEVERLY HILLS,-118.39235294,34.10099144
8389720,2017,2017-06-16,1910,2017-04-18,0858,03410,NA,2,5,4,1910,0,0,0,NA,0,006,N BEVERLY DR,PARK WY,517,N,N,A,-,N,NA,NA,NA,NA,NA,NA,NA,NA,NA,NA,4,0,1,2,A,-,05,21651,A,N,B,C,A,A,H,-,A,D,0,NA,NA,NA,NA,Y,NA,A,01,0,0,1,0,0,0,0,0,0,-,-,NA,NA,LOS ANGELES,BEVERLY HILLS,-118.40543617,34.07335266
8389721,2017,2017-06-16,1910,2017-02-02,1930,04141,NA,4,5,4,1910,0,0,0,NA,0,005,S REXFORD DR,E BURTON WY,0,NA,Y,A,-,N,NA,NA,NA,NA,NA,NA,NA,NA,NA,Y,3,0,2,2,A,-,12,21453,A,N,D,C,A,-,H,-,B,A,0,NA,NA,NA,NA,Y,NA,A,01,0,2,0,0,0,0,0,0,0,-,-,34.07212,-118.39899,LOS ANGELES,BEVERLY HILLS,-118.39897,34.07211011
8389722,2017,2017-06-16,1910,2017-03-11,0637,04407,NA,6,5,4,1910,0,0,0,NA,0,007,WILSHIRE BL,N BEVERLY DR,0,NA,Y,A,-,N,NA,NA,NA,NA,NA,NA,NA,NA,NA,Y,3,0,2,2,D,-,00,NA,NA,N,B,C,A,A,H,-,A,A,0,NA,NA,NA,NA,Y,NA,-,-,0,1,1,0,0,0,0,0,0,-,-,34.06719,-118.39914,LOS ANGELES,BEVERLY HILLS,-118.39919007,34.06707002
8389723,2017,2017-06-16,1910,2017-03-22,1532,02230,NA,3,5,4,1910,0,0,0,NA,0,004,COLDWATER CANYON DR,MONTE CIELO,325,S,N,A,-,N,NA,NA,NA,NA,NA,NA,NA,NA,NA,Y,3,0,1,2,A,-,03,22350,NA,N,C,E,A,A,H,-,A,A,0,NA,NA,NA,NA,Y,NA,A,01,0,1,0,0,0,0,0,0,0,-,-,NA,NA,LOS ANGELES,BEVERLY HILLS,-118.406125,34.10058077
8389724,2017,2017-06-16,1910,2017-04-18,1310,03633,NA,2,5,4,1910,0,0,0,NA,0,009,OLYMPIC BL,ALMONT DR,100,W,N,A,-,N,NA,NA,NA,NA,NA,NA,NA,NA,NA,N,3,0,1,2,A,-,07,21658,A,N,B,C,A,A,H,-,A,D,0,NA,NA,NA,NA,Y,NA,A,01,0,1,0,0,0,0,0,0,0,-,-,34,-118,LOS ANGELES,BEVERLY HILLS,-118.38806955,34.05934
8389725,2017,2017-06-15,1910,2017-02-03,1613,02230,NA,5,5,4,1910,0,0,0,NA,0,005,OLYMPIC BL,SPALDING DR,30,W,N,C,-,N,NA,NA,NA,NA,NA,NA,NA,NA,NA,Y,4,0,1,2,A,-,03,22350,NA,N,D,C,A,B,H,-,A,A,0,NA,NA,NA,NA,Y,NA,A,01,0,0,1,0,0,0,0,0,0,-,-,NA,NA,LOS ANGELES,BEVERLY HILLS,-118.40902873,34.05969429
8389726,2017,2017-06-16,1910,2017-03-03,2157,04445,NA,5,5,4,1910,0,0,0,NA,0,005,CLIFTON WY,N CRESCENT DR,0,NA,Y,A,-,N,NA,NA,NA,NA,NA,NA,NA,NA,NA,N,4,0,2,2,D,-,00,NA,NA,N,D,C,A,A,H,-,C,D,0,NA,NA,NA,NA,Y,NA,-,-,0,0,2,0,0,0,0,0,0,-,-,34.068600000000004,-118.3971,LOS ANGELES,BEVERLY HILLS,-118.39717011,34.06853002
8389727,2017,2017-06-16,1910,2017-03-22,1742,02230,NA,3,5,4,1910,0,0,0,NA,0,005,GREGORY WY,EL CAMINO DR,0,NA,Y,A,-,N,NA,NA,NA,NA,NA,NA,NA,NA,NA,N,4,0,1,2,D,-,00,NA,NA,N,B,C,A,A,H,-,A,A,0,NA,NA,NA,NA,Y,NA,-,-,0,0,1,0,0,0,0,0,0,-,-,NA,NA,LOS ANGELES,BEVERLY HILLS,-118.40020006,34.0622201
8389728,2017,2017-06-16,1910,2017-04-19,1115,03633,NA,3,5,4,1910,0,0,0,NA,0,007,OLYMPIC BL,BEVERLY DR,0,NA,Y,A,-,N,NA,NA,NA,NA,NA,NA,NA,NA,NA,Y,4,0,1,2,A,-,12,21453,A,N,A,C,A,A,H,-,A,A,0,NA,NA,NA,NA,Y,NA,A,01,0,0,1,0,0,0,0,0,0,-,-,34.00459,-118.09595,LOS ANGELES,BEVERLY HILLS,-118.39858014000001,34.05962002
8389729,2017,2017-06-16,1910,2017-02-06,1535,04335,NA,1,5,4,1910,0,0,0,NA,0,006,E SUNSET BL,N ALTA DR,0,NA,Y,A,-,N,NA,NA,NA,NA,NA,NA,NA,NA,NA,Y,4,0,2,2,A,-,08,22107,NA,N,D,C,A,A,H,-,A,D,0,NA,NA,NA,NA,Y,NA,A,01,0,0,2,0,0,0,0,0,0,-,-,34.08852,-118.39547,LOS ANGELES,BEVERLY HILLS,-118.39557009,34.08863008
8389730,2017,2017-06-16,1910,2017-03-05,0052,04760,NA,7,5,4,1910,0,0,0,NA,0,007,N CRESCENT DR,SOUTH SANTA MONICA BL,0,NA,Y,A,-,N,NA,NA,NA,NA,NA,NA,NA,NA,NA,Y,4,0,1,2,A,-,01,23152,A,N,C,C,A,A,H,-,C,A,0,NA,NA,NA,NA,Y,Y,A,01,0,0,1,0,0,0,0,0,0,-,-,34.07193,-118.4005,LOS ANGELES,BEVERLY HILLS,-118.40054007,34.07194005
8389731,2017,2017-08-07,1910,2017-03-22,2215,04616,NA,3,5,4,1910,0,0,0,NA,0,009,S BEVERLY DR,GREGORY WY,50,N,N,A,-,N,NA,NA,NA,NA,NA,NA,NA,NA,NA,N,4,0,1,2,A,-,21,22106,NA,N,B,C,A,A,H,-,C,A,0,NA,NA,NA,NA,Y,NA,A,01,0,0,1,0,0,0,0,0,0,-,-,NA,NA,LOS ANGELES,BEVERLY HILLS,-118.39912,34.06236714
8389732,2017,2017-06-16,1910,2017-04-19,1858,04141,NA,3,5,4,1910,0,0,0,NA,0,009,WILSHIRE BL,STANLEY DR,0,NA,Y,A,-,N,NA,NA,NA,NA,NA,NA,NA,NA,NA,Y,3,0,1,2,A,-,08,22107,NA,N,D,C,A,A,D,-,B,D,0,NA,NA,NA,NA,Y,NA,-,NA,0,1,0,0,0,0,0,0,0,-,-,NA,NA,LOS ANGELES,BEVERLY HILLS,-118.3783601,34.06574004
8389733,2017,2017-06-15,1910,2017-02-09,1716,02230,NA,4,5,4,1910,0,0,0,NA,0,005,WILSHIRE BL,TRENTON DR,0,NA,Y,A,-,N,NA,NA,NA,NA,NA,NA,NA,NA,NA,Y,4,0,1,2,A,-,09,21801,A,N,D,C,A,A,H,-,A,D,0,NA,NA,NA,NA,Y,NA,A,01,0,0,1,0,0,0,0,0,0,-,-,NA,NA,LOS ANGELES,BEVERLY HILLS,-118.41305001,34.06707