CASE_ID,ACCIDENT_YEAR,PROC_DATE,JURIS,COLLISION_DATE,COLLISION_TIME,OFFICER_ID,REPORTING_DISTRICT,DAY_OF_WEEK,CHP_SHIFT,POPULATION,CNTY_CITY_LOC,SPECIAL_COND,BEAT_TYPE,CHP_BEAT_TYPE,CITY_DIVISION_LAPD,CHP_BEAT_CLASS,BEAT_NUMBER,PRIMARY_RD,SECONDARY_RD,DISTANCE,DIRECTION,INTERSECTION,WEATHER_1,WEATHER_2,STATE_HWY_IND,CALTRANS_COUNTY,CALTRANS_DISTRICT,STATE_ROUTE,ROUTE_SUFFIX,POSTMILE_PREFIX,POSTMILE,LOCATION_TYPE,RAMP_INTERSECTION,SIDE_OF_HWY,TOW_AWAY,COLLISION_SEVERITY,NUMBER_KILLED,NUMBER_INJURED,PARTY_COUNT,PRIMARY_COLL_FACTOR,PCF_CODE_OF_VIOL,PCF_VIOL_CATEGORY,PCF_VIOLATION,PCF_VIOL_SUBSECTION,HIT_AND_RUN,TYPE_OF_COLLISION,MVIW,PED_ACTION,ROAD_SURFACE,ROAD_COND_1,ROAD_COND_2,LIGHTING,CONTROL_DEVICE,CHP_ROAD_TYPE,PEDESTRIAN_ACCIDENT,BICYCLE_ACCIDENT,MOTORCYCLE_ACCIDENT,TRUCK_ACCIDENT,NOT_PRIVATE_PROPERTY,ALCOHOL_INVOLVED,STWD_VEHTYPE_AT_FAULT,CHP_VEHTYPE_AT_FAULT,COUNT_SEVERE_INJ,COUNT_VISIBLE_INJ,COUNT_COMPLAINT_PAIN,COUNT_PED_KILLED,COUNT_PED_INJURED,COUNT_BICYCLIST_KILLED,COUNT_BICYCLIST_INJURED,COUNT_MC_KILLED,COUNT_MC_INJURED,PRIMARY_RAMP,SECONDARY_RAMP,LATITUDE,LONGITUDE,COUNTY,CITY,POINT_X,POINT_Y
8390587,2017,2018-04-11,1942,2017-06-08,1015,38090,843,4,5,7,1942,0,0,0,NA,0,6TL7,SEPULVEDA BL,RT 405,0,NA,Y,C,-,Y,LA,7,405,-,-,38.222,R,4,S,Y,4,0,2,2,A,-,08,22100,B,N,D,C,A,B,H,-,A,A,0,NA,NA,NA,NA,Y,NA,A,07,0,0,2,0,0,0,0,0,0,-,-,NA,NA,LOS ANGELES,LOS ANGELES,-118.47158542,34.14293419
8390591,2017,2018-03-21,1926,2017-06-11,1756,0050,2,7,5,5,1926,0,0,0,NA,0,NA,ELWOOD,RT 66,152,S,N,A,-,N,NA,NA,NA,NA,NA,NA,NA,NA,NA,N,4,0,1,2,A,-,09,21804,A,N,D,C,A,A,H,-,A,A,0,NA,NA,NA,NA,Y,NA,A,01,0,0,1,0,0,0,0,0,0,-,-,NA,NA,LOS ANGELES,GLENDORA,-117.85070043,34.12842435
8390594,2017,2017-06-21,1942,2017-06-03,0220,40237,1862,6,5,7,1942,0,0,0,R,0,18T23,IMPERIAL HWY,FIGUEROA ST,216,W,N,A,-,N,NA,NA,NA,NA,NA,NA,NA,NA,NA,N,3,0,1,2,A,-,01,23152,A,N,D,E,A,A,H,-,C,A,0,NA,NA,NA,NA,Y,Y,A,01,0,1,0,0,0,0,0,0,0,-,-,NA,NA,LOS ANGELES,LOS ANGELES,-118.28331068,33.931
8390595,2017,2017-06-22,1926,2017-06-12,1030,0082,3,1,5,5,1926,0,0,0,NA,0,NA,LORAINE AV,FOOTHILL BL,0,NA,Y,B,-,N,NA,NA,NA,NA,NA,NA,NA,NA,NA,Y,3,0,3,2,A,-,03,22350,NA,N,C,C,A,A,H,-,A,A,0,NA,NA,NA,NA,Y,NA,A,01,0,1,2,0,0,0,0,0,0,-,-,NA,NA,LOS ANGELES,GLENDORA,-117.84633012,34.1360901
8390598,2017,2017-06-21,1942,2017-06-08,0915,41914,1245,4,5,7,1942,0,0,0,L,0,18T23,GAGE AV,NORMANDIE AV,25,E,N,A,-,N,NA,NA,NA,NA,NA,NA,NA,NA,NA,N,4,0,3,2,A,-,03,22350,A,F,C,C,A,A,H,-,A,A,0,NA,NA,NA,NA,Y,NA,-,99,0,0,3,0,0,0,0,0,0,-,-,NA,NA,LOS ANGELES,LOS ANGELES,-118.30017769,33.98235
8390599,2017,2017-06-22,1926,2017-06-03,1940,0097,2,6,5,5,1926,0,0,0,NA,0,NA,W BASELINE RD,TEDROW AV,59,W,N,A,-,N,NA,NA,NA,NA,NA,NA,NA,NA,NA,Y,3,0,1,1,A,-,03,22350,NA,N,E,I,A,A,H,-,B,D,0,NA,NA,NA,NA,Y,NA,A,01,0,1,0,0,0,0,0,0,0,-,-,NA,NA,LOS ANGELES,GLENDORA,-117.86666609,34.12200324
8390601,2017,2017-06-21,1942,2017-06-07,1330,39058,0723,3,5,7,1942,0,0,0,G,0,20TL56,LA JOLLA AV,3RD ST,3,N,N,A,-,N,NA,NA,NA,NA,NA,NA,NA,NA,NA,N,4,0,1,2,A,-,10,21950,A,N,G,B,B,A,H,-,A,A,0,Y,NA,NA,NA,Y,NA,A,08,0,0,1,0,1,0,0,0,0,-,-,NA,NA,LOS ANGELES,LOS ANGELES,-118.368,34.07242823
8390602,2017,2017-06-21,1942,2017-06-02,0830,41536,1263,5,5,7,1942,0,0,0,L,0,25T90,79TH ST,WESTERN AV,0,NA,Y,A,-,N,NA,NA,NA,NA,NA,NA,NA,NA,NA,N,4,0,1,2,A,-,00,20015,A,N,D,C,A,A,H,-,A,A,0,NA,NA,NA,NA,Y,NA,-,-,0,0,1,0,0,0,0,0,0,-,-,NA,NA,LOS ANGELES,LOS ANGELES,-118.30902003,33.96729008
8390605,2017,2017-06-21,1942,2017-06-01,1400,41672,0734,4,5,7,1942,0,0,0,G,0,6TL4,BURNSIDE AV,3RD ST,0,NA,Y,A,-,N,NA,NA,NA,NA,NA,NA,NA,NA,NA,N,4,0,1,2,A,-,09,21804,A,N,D,G,A,A,H,-,A,A,0,NA,Y,NA,NA,Y,NA,L,04,0,0,1,0,0,0,1,0,0,-,-,NA,NA,LOS ANGELES,LOS ANGELES,-118.35519004,34.0706601
8390606,2017,2017-06-21,1942,2017-06-09,1445,41536,1241,5,5,7,1942,0,0,0,L,0,25TL2,WEST BL,63RD ST,97,N,N,A,-,N,NA,NA,NA,NA,NA,NA,NA,NA,NA,N,4,0,2,2,A,-,03,22350,NA,N,C,C,A,A,H,-,A,D,0,NA,NA,NA,NA,Y,NA,A,01,0,0,2,0,0,0,0,0,0,-,-,NA,NA,LOS ANGELES,LOS ANGELES,-118.33519386,33.98314602
8390609,2017,2017-06-21,1942,2017-06-07,2025,41744,2071,3,5,7,1942,0,0,0,NA,0,7A53,ARLINGTON AV,PICO BL,300,S,N,B,-,N,NA,NA,NA,NA,NA,NA,NA,NA,NA,Y,4,0,1,2,A,-,08,22103,NA,N,D,C,A,A,H,-,C,D,0,NA,NA,NA,NA,Y,NA,A,01,0,0,1,0,0,0,0,0,0,-,-,NA,NA,LOS ANGELES,LOS ANGELES,-118.31773852,34.04636921
8390610,2017,2017-06-21,1942,2017-06-08,1840,41870,1273,4,5,7,1942,0,0,0,L,0,12T41,WESTERN AV,89TH ST,12,S,N,A,-,N,NA,NA,NA,NA,NA,NA,NA,NA,NA,N,4,0,2,3,A,-,08,22107,NA,N,G,B,B,A,H,-,A,A,0,Y,NA,NA,NA,Y,NA,A,08,0,0,2,0,2,0,0,0,0,-,-,NA,NA,LOS ANGELES,LOS ANGELES,-118.309021,33.956309
8390613,2017,2017-06-21,1942,2017-06-12,0820,39746,778,1,5,7,1942,0,0,0,NA,0,6TL7,BRONSON AV,VENICE BL,0,NA,Y,A,-,N,NA,NA,NA,NA,NA,NA,NA,NA,NA,Y,4,0,2,3,A,-,09,21802,A,N,D,C,A,A,H,-,A,A,0,NA,NA,NA,NA,Y,NA,A,01,0,0,2,0,0,0,0,0,0,-,-,NA,NA,LOS ANGELES,LOS ANGELES,-118.32738008,34.04435003
8390614,2017,2017-06-22,1942,2017-06-10,1000,40053,1273,6,5,7,1942,0,0,0,L,0,5TL21,MANCHESTER BL,SAINT ANDREWS PL,0,NA,Y,B,-,N,NA,NA,NA,NA,NA,NA,NA,NA,NA,Y,2,0,2,3,A,-,09,21801,A,N,D,C,A,A,H,-,A,A,0,NA,NA,NA,NA,Y,NA,A,01,1,0,1,0,0,0,0,0,0,-,-,NA,NA,LOS ANGELES,LOS ANGELES,-118.31120007,33.95996009
8390618,2017,2017-06-21,1942,2017-06-07,0050,42155,1259,3,5,7,1942,0,0,0,L,0,3T5,FLORENCE AV,CENTRAL AV,300,W,N,A,-,N,NA,NA,NA,NA,NA,NA,NA,NA,NA,N,3,0,1,2,A,-,11,21954,A,N,G,B,E,A,H,-,C,A,0,Y,NA,NA,NA,Y,Y,N,60,0,1,0,0,1,0,0,0,0,-,-,NA,NA,LOS ANGELES,LOS ANGELES,-118.25744737,33.97474926
8390622,2017,2017-06-21,1942,2017-06-07,0720,35936,1267,3,5,7,1942,0,0,0,L,0,18T23,84TH ST,VERMONT AV,570,E,N,B,-,N,NA,NA,NA,NA,NA,NA,NA,NA,NA,Y,3,0,1,2,A,-,09,21801,A,N,A,C,A,A,H,-,A,D,0,NA,NA,NA,NA,Y,NA,A,01,0,1,0,0,0,0,0,0,0,-,-,NA,NA,LOS ANGELES,LOS ANGELES,-118.29159,33.96274
8390626,2017,2017-06-21,1942,2017-06-02,0945,40053,1823,5,5,7,1942,0,0,0,R,0,3TL5,SAN PEDRO ST,CENTURY BL,75,N,N,A,-,N,NA,NA,NA,NA,NA,NA,NA,NA,NA,N,4,0,1,2,A,-,07,21658,A,N,B,C,A,A,H,-,A,A,0,NA,NA,NA,NA,Y,NA,A,01,0,0,1,0,0,0,0,0,0,-,-,NA,NA,LOS ANGELES,LOS ANGELES,-118.26952771,33.94579568
8390630,2017,2017-06-21,1942,2017-06-04,1730,42786,1267,7,5,7,1942,0,0,0,L,0,12A53,82ND ST,HOOVER ST,0,NA,Y,A,-,N,NA,NA,NA,NA,NA,NA,NA,NA,NA,Y,4,0,2,3,A,-,12,21453,A,N,D,C,A,A,H,-,A,A,0,NA,NA,NA,NA,Y,NA,A,01,0,0,2,0,0,0,0,0,0,-,-,NA,NA,LOS ANGELES,LOS ANGELES,-118.28711003,33.96427
8390634,2017,2017-06-21,1942,2017-06-05,0630,27259,1831,1,5,7,1942,0,0,0,R,0,12T41,VERMONT AV,120TH ST,0,NA,Y,B,-,N,NA,NA,NA,NA,NA,NA,NA,NA,NA,Y,4,0,1,2,A,-,09,21801,A,N,D,C,A,A,H,-,A,A,0,NA,NA,NA,NA,Y,NA,A,01,0,0,1,0,0,0,0,0,0,-,-,NA,NA,LOS ANGELES,LOS ANGELES,-118.29155,33.92369
8390638,2017,2017-06-21,1942,2017-06-04,1450,41704,1801,7,5,7,1942,0,0,0,R,0,5T25,88TH PL,FIGUEROA ST,450,W,N,A,-,N,NA,NA,NA,NA,NA,NA,NA,NA,NA,Y,4,0,1,2,A,-,01,23152,A,N,A,E,A,A,H,-,A,D,0,NA,NA,NA,NA,Y,Y,A,08,0,0,1,0,0,0,0,0,0,-,-,NA,NA,LOS ANGELES,LOS ANGELES,-118.28272,33.95674
8390644,2017,2017-06-22,1942,2017-05-29,2210,38185,1994,1,5,7,1942,0,0,0,NA,0,17T15,ROSCOE BL,KESTER AV,150,E,N,A,-,N,NA,NA,NA,NA,NA,NA,NA,NA,NA,N,3,0,2,2,A,-,08,22107,NA,N,B,C,A,A,H,-,C,A,0,NA,NA,NA,NA,Y,NA,A,01,0,1,1,0,0,0,0,0,0,-,-,NA,NA,LOS ANGELES,LOS ANGELES,-118.45696469,34.22148
8390648,2017,2017-06-22,1942,2017-05-28,1240,42452,1915,7,5,7,1942,0,0,0,NA,0,19A75,WOODCOCK,ASTORIA ST,0,NA,Y,A,-,N,NA,NA,NA,NA,NA,NA,NA,NA,NA,N,3,0,1,2,A,-,05,21650,1,N,A,G,A,A,H,-,A,D,0,NA,Y,NA,NA,Y,NA,L,04,0,1,0,0,0,0,1,0,0,-,-,NA,NA,LOS ANGELES,LOS ANGELES,-118.4499401,34.30154008
8390652,2017,2017-06-22,1942,2017-05-28,0945,40119,1981,7,5,7,1942,0,0,0,NA,0,15TL47,ROSCOE BL,LANGDON AV,400,E,N,A,-,N,NA,NA,NA,NA,NA,NA,NA,NA,NA,N,4,0,1,2,A,-,04,21703,NA,N,C,C,A,A,H,-,A,A,0,NA,NA,NA,NA,Y,NA,A,01,0,0,1,0,0,0,0,0,0,-,-,NA,NA,LOS ANGELES,LOS ANGELES,-118.46860917,34.22139
8390660,2017,2017-06-22,1942,2017-05-27,2200,34599,1901,6,5,7,1942,0,0,0,NA,0,17TL14,BALBOA BL,FOOTHILL BL,210,N,N,A,-,N,NA,NA,NA,NA,NA,NA,NA,NA,NA,N,4,0,1,1,A,-,03,22350,NA,N,E,I,A,A,H,-,C,D,0,NA,NA,NA,NA,Y,NA,A,07,0,0,1,0,0,0,0,0,0,-,-,NA,NA,LOS ANGELES,LOS ANGELES,-118.49543212,34.3220331
8390664,2017,2017-08-02,1942,2017-05-26,0820,34427,1924,5,5,7,1942,0,0,0,NA,0,16T23,POLK ST,SAN FERNANDO RD,38,E,N,A,-,N,NA,NA,NA,NA,NA,NA,NA,NA,NA,N,4,0,1,2,A,-,04,21703,NA,N,C,G,A,A,H,-,A,A,0,NA,Y,NA,NA,Y,NA,A,08,0,0,1,0,0,0,1,0,0,-,-,NA,NA,LOS ANGELES,LOS ANGELES,-118.45909871,34.29923086
8390668,2017,2017-10-05,1942,2017-05-23,1255,33523,1925,2,5,7,1942,0,0,0,NA,0,19X4,BRADLEY AV,ASTORIA ST,475,N,N,A,-,N,NA,NA,NA,NA,NA,NA,NA,NA,NA,N,4,0,1,2,A,-,21,22106,NA,N,B,C,A,A,H,-,A,D,0,NA,NA,Y,NA,Y,NA,A,01,0,0,1,0,0,0,0,0,1,-,-,NA,NA,LOS ANGELES,LOS ANGELES,-118.45331613,34.30046038
8390683,2017,2017-06-22,1900,2017-05-30,2110,489533,0453,2,5,6,1949,0,0,0,NA,0,45T1,STUDEBAKER RD,FOSTER RD,380,S,N,A,-,N,NA,NA,NA,NA,NA,NA,NA,NA,NA,Y,4,0,1,1,A,-,03,22350,NA,N,A,I,A,-,H,-,C,D,0,NA,NA,NA,NA,Y,NA,A,07,0,0,1,0,0,0,0,0,0,-,-,NA,NA,LOS ANGELES,NORWALK,-118.09931,33.90878802
8390692,2017,2017-06-22,1942,2017-05-17,0800,40119,1936,3,5,7,1942,0,0,0,NA,0,15TL47,LAUREL CANYON BL,SAN FERNANDO MISSION BL,49,N,N,A,-,N,NA,NA,NA,NA,NA,NA,NA,NA,NA,N,4,0,1,2,A,-,04,21703,NA,F,C,C,A,A,H,-,A,A,0,NA,NA,NA,NA,Y,NA,-,99,0,0,1,0,0,0,0,0,0,-,-,NA,NA,LOS ANGELES,LOS ANGELES,-118.45216892,34.27762945
8390696,2017,2017-08-04,1942,2017-05-31,1535,38492,RD195,3,5,7,1942,0,0,0,NA,0,19A43,HIAWATHA ST,CEDROS AV,655,E,N,A,-,N,NA,NA,NA,NA,NA,NA,NA,NA,NA,N,4,0,1,2,A,-,09,21801,A,N,D,C,A,A,H,-,A,A,0,NA,NA,NA,NA,Y,NA,A,01,0,0,1,0,0,0,0,0,0,-,-,NA,NA,LOS ANGELES,LOS ANGELES,-118.45107703,34.25944381
8390700,2017,2017-06-22,1942,2017-05-31,1945,36336,1918,3,5,7,1942,0,0,0,NA,0,15T45,FOOTHILL BL,HUBBARD ST,800,N,N,A,-,N,NA,NA,NA,NA,NA,NA,NA,NA,NA,Y,4,0,1,2,A,-,09,21804,A,N,D,C,A,A,H,-,C,D,0,NA,NA,NA,NA,Y,NA,A,01,0,0,1,0,0,0,0,0,0,-,-,NA,NA,LOS ANGELES,LOS ANGELES,-118.43222012,34.30894086
8390704,2017,2017-06-22,1942,2017-05-29,2045,42738,1991,1,5,7,1942,0,0,0,NA,0,19A93,LANARK ST,SEPULVEDA BL,0,NA,Y,A,-,N,NA,NA,NA,NA,NA,NA,NA,NA,NA,Y,3,0,2,2,A,-,08,22107,NA,N,D,C,A,A,H,-,C,A,0,NA,NA,NA,NA,Y,NA,A,01,0,2,0,0,0,0,0,0,0,-,-,NA,NA,LOS ANGELES,LOS ANGELES,-118.46642005,34.21805008
8390722,2017,2017-06-22,1942,2017-06-05,1426,38326,1941,1,5,7,1942,0,0,0,NA,0,9T54,SEPULVEDA BL,SAN FERNANDO MISSION,640,S,N,A,-,N,NA,NA,NA,NA,NA,NA,NA,NA,NA,N,4,0,2,2,A,-,08,22107,NA,N,A,C,A,A,H,-,A,D,0,NA,NA,NA,NA,Y,NA,A,01,0,0,2,0,0,0,0,0,0,-,-,NA,NA,LOS ANGELES,LOS ANGELES,-118.48988476,34.31354708
8390723,2017,2017-06-22,1941,2017-06-06,2239,5886,NA,2,5,7,1941,0,0,0,NA,0,NA,ORANGE AV,MARKET ST,100,N,N,B,-,N,NA,NA,NA,NA,NA,NA,NA,NA,NA,N,4,0,2,2,A,-,09,21804,A,N,D,C,A,A,H,-,C,D,0,NA,NA,NA,NA,Y,NA,A,NA,0,0,2,0,0,0,0,0,0,-,-,NA,NA,LOS ANGELES,LONG BEACH,-118.17726609,33.85464418
8390726,2017,2017-06-22,1942,2017-06-05,1110,33504,1962,1,5,7,1942,0,0,0,NA,0,19TL77,SEPULVEDA BL,LASSEN ST,0,NA,Y,A,-,N,NA,NA,NA,NA,NA,NA,NA,NA,NA,Y,4,0,2,2,A,-,09,21801,A,N,D,C,A,A,H,-,A,A,0,NA,NA,NA,NA,Y,NA,A,01,0,0,2,0,0,0,0,0,0,-,-,NA,NA,LOS ANGELES,LOS ANGELES,-118.46753007,34.25004008
8390727,2017,2017-06-22,1900,2017-06-04,2330,548512,0467,7,5,4,1936,0,0,0,NA,0,46TE,BEACH AV,HILLSBOROUGH DR,0,NA,Y,A,-,N,NA,NA,NA,NA,NA,NA,NA,NA,NA,Y,4,0,1,2,A,-,12,21453,A,N,D,C,A,A,H,-,C,A,0,NA,NA,NA,NA,Y,NA,A,07,0,0,1,0,0,0,0,0,0,-,-,NA,NA,LOS ANGELES,LA MIRADA,-117.97793003,33.90861002
8390730,2017,2017-06-22,1942,2017-06-04,1145,36755,1901,7,5,7,1942,0,0,0,NA,0,16TL28,FOOTHILL BL,BALBOA PL,2500,N,N,A,-,N,NA,NA,NA,NA,NA,NA,NA,NA,NA,N,4,0,1,2,A,-,03,22350,NA,N,A,C,A,A,H,-,A,D,0,NA,NA,Y,NA,Y,NA,C,02,0,0,1,0,0,0,0,0,1,-,-,NA,NA,LOS ANGELES,LOS ANGELES,-118.50171,34.32596653
8390731,2017,2017-06-22,1900,2017-06-05,1154,279461,0455,1,5,6,1949,0,0,0,NA,0,45T1,EXCELSIOR DR,PIONEER BL,65,W,N,A,-,N,NA,NA,NA,NA,NA,NA,NA,NA,NA,Y,3,0,3,2,A,-,09,21801,A,N,D,C,A,A,H,-,A,D,0,NA,NA,NA,NA,Y,NA,A,01,0,3,0,0,0,0,0,0,0,-,-,NA,NA,LOS ANGELES,NORWALK,-118.08273346,33.89490111
8390734,2017,2017-06-22,1942,2017-06-02,0830,41158,1916,5,5,7,1942,0,0,0,NA,0,15TL43,HUBBARD ST,GLENOAKS BL,10,N,N,A,-,N,NA,NA,NA,NA,NA,NA,NA,NA,NA,N,3,0,1,2,A,-,11,21456,B,N,G,B,B,A,H,-,A,A,0,Y,NA,NA,NA,Y,NA,N,60,0,1,0,0,1,0,0,0,0,-,-,NA,NA,LOS ANGELES,LOS ANGELES,-118.43920764,34.2995102
8390735,2017,2017-06-22,1900,2017-06-05,0925,279461,0454,1,5,6,1949,0,0,0,NA,0,0925,SAN ANTONIO DR,FIRESTONE BL,0,NA,Y,A,-,N,NA,NA,NA,NA,NA,NA,NA,NA,NA,Y,4,0,1,2,A,-,08,22100,A,N,D,C,A,A,D,-,A,A,0,NA,NA,NA,NA,Y,NA,A,01,0,0,1,0,0,0,0,0,0,-,-,NA,NA,LOS ANGELES,NORWALK,-118.07576009,33.90939009
8390738,2017,2017-06-22,1942,2017-06-02,0040,36599,1961,5,5,7,1942,0,0,0,NA,0,15T45,SEPULVEDA BL,NORDHOFF ST,0,NA,Y,A,-,N,NA,NA,NA,NA,NA,NA,NA,NA,NA,N,4,0,1,2,A,-,01,23152,A,N,D,C,A,A,H,-,C,A,0,NA,NA,NA,NA,Y,NA,A,01,0,0,1,0,0,0,0,0,0,-,-,NA,NA,LOS ANGELES,LOS ANGELES,-118.46771002,34.23553009
8390739,2017,2017-06-22,1900,2017-06-05,0120,494990,0454,1,5,6,1949,0,0,0,NA,0,43T1,SAN ANTONIO DR,FRONT ST,198,S,N,A,-,N,NA,NA,NA,NA,NA,NA,NA,NA,NA,Y,4,0,1,1,A,-,08,22107,NA,N,A,I,A,A,H,-,C,A,0,NA,NA,NA,NA,Y,NA,A,01,0,0,1,0,0,0,0,0,0,-,-,NA,NA,LOS ANGELES,NORWALK,-118.07666128,33.90815558
8390754,2017,2017-06-22,1942,2017-06-13,2015,40383,2198,2,5,7,1942,0,0,0,NA,0,10T37,VENTURA BL,WINNETKA AV,91,E,N,A,-,N,NA,NA,NA,NA,NA,NA,NA,NA,NA,N,4,0,1,2,A,-,01,23152,A,N,C,C,A,A,H,-,A,A,0,NA,NA,NA,NA,Y,NA,A,01,0,0,1,0,0,0,0,0,0,-,-,NA,NA,LOS ANGELES,LOS ANGELES,-118.57067248,34.17107542
8390758,2017,2017-06-22,1942,2017-06-10,0110,38354,1006,6,5,7,1942,0,0,0,J,0,16T25,BIANCA AV,LORNE ST,233,N,N,A,-,N,NA,NA,NA,NA,NA,NA,NA,NA,NA,Y,3,0,1,2,A,-,01,23152,A,N,D,E,A,A,H,-,D,D,0,NA,NA,NA,NA,Y,Y,A,07,0,1,0,0,0,0,0,0,0,-,-,NA,NA,LOS ANGELES,LOS ANGELES,-118.51340615,34.21785912
8390766,2017,2017-07-28,1942,2017-06-04,1310,39566,0923,7,5,7,1942,0,0,0,I,0,9A23,VAN NUYS BL,VANOWEN ST,0,NA,Y,A,-,N,NA,NA,NA,NA,NA,NA,NA,NA,NA,Y,2,0,1,2,A,-,12,21453,A,F,D,C,A,A,H,-,A,A,0,NA,NA,Y,NA,Y,NA,-,99,1,0,0,0,0,0,0,0,1,-,-,NA,NA,LOS ANGELES,LOS ANGELES,-118.44874001,34.19391008
8390770,2017,2017-06-22,1942,2017-06-05,1733,40044,1566,1,5,7,1942,0,0,0,O,0,15A67,RIVERSIDE DR,VINELAND AV,0,NA,Y,A,-,N,NA,NA,NA,NA,NA,NA,NA,NA,NA,N,4,0,1,2,A,-,21,22106,NA,F,C,E,A,A,H,-,A,D,0,NA,NA,NA,NA,Y,NA,-,99,0,0,1,0,0,0,0,0,0,-,-,NA,NA,LOS ANGELES,LOS ANGELES,-118.37033007,34.15241004
8390774,2017,2017-06-22,1942,2017-06-12,0845,39096,1651,1,5,7,1942,0,0,0,P,0,15TL45,LAUREL CANYON BL,OSBORNE ST,30,S,N,A,-,N,NA,NA,NA,NA,NA,NA,NA,NA,NA,N,4,0,2,2,A,-,03,22350,NA,F,C,C,A,A,H,-,A,A,0,NA,NA,NA,NA,Y,NA,-,99,0,0,2,0,0,0,0,0,0,-,-,NA,NA,LOS ANGELES,LOS ANGELES,-118.41947468,34.24681812
8390778,2017,2017-06-22,1942,2017-06-07,0705,38687,1902,3,5,7,1942,0,0,0,NA,0,19TL73,OLIVE VIEW DR,COBALT ST,7,N,N,A,-,N,NA,NA,NA,NA,NA,NA,NA,NA,NA,Y,4,0,2,2,A,-,09,21801,A,N,E,I,A,A,H,-,A,D,0,NA,NA,NA,NA,Y,NA,A,01,0,0,2,0,0,0,0,0,0,-,-,NA,NA,LOS ANGELES,LOS ANGELES,-118.4507769,34.32406113
8390779,2017,2017-08-22,1941,2017-06-08,1939,6052,NA,4,5,7,1941,0,0,0,NA,0,NA,FANWOOD AV,ATHERTON ST,10,N,N,A,-,N,NA,NA,NA,NA,NA,NA,NA,NA,NA,N,4,0,1,2,A,-,-,NA,NA,M,G,B,B,A,H,-,B,A,0,Y,NA,NA,NA,Y,NA,A,NA,0,0,1,0,1,0,0,0,0,-,-,NA,NA,LOS ANGELES,LONG BEACH,-118.11621987,33.78891742
8390781,2017,2018-03-19,1900,2017-05-25,1227,431911,0454,4,5,6,1949,0,0,0,NA,0,45T1,SAN ANTONIO DR,RT 5,12,S,N,A,-,Y,LA,7,5,-,-,4.218,R,4,S,Y,3,0,1,2,D,-,00,NA,NA,N,D,C,A,A,H,-,A,A,0,NA,NA,Y,NA,Y,NA,-,-,0,1,0,0,0,0,0,0,1,-,SO,NA,NA,LOS ANGELES,NORWALK,-118.07072119,33.91041143
8390782,2017,2017-06-22,1900,2017-06-01,0805,489533,0455,4,5,6,1949,0,0,0,NA,0,45T1,EXCELSIOR DR,GRIDLEY RD,37,W,N,A,-,N,NA,NA,NA,NA,NA,NA,NA,NA,NA,N,4,0,1,2,A,-,21,22106,NA,N,C,C,A,A,H,-,A,A,0,NA,NA,NA,NA,Y,NA,A,01,0,0,1,0,0,0,0,0,0,-,-,NA,NA,LOS ANGELES,NORWALK,-118.09138165,33.89484134
8390783,2017,2017-06-23,1941,2017-06-11,0302,11005,NA,7,5,7,1941,0,0,0,NA,0,NA,BROADWAY,REDONDO AV,0,NA,Y,A,-,N,NA,NA,NA,NA,NA,NA,NA,NA,NA,Y,3,0,1,3,A,-,01,23152,A,N,H,C,A,A,H,-,C,A,0,NA,NA,NA,NA,Y,Y,A,NA,0,1,0,0,0,0,0,0,0,-,-,NA,NA,LOS ANGELES,LONG BEACH,-118.15243007,33.76445009
8390787,2017,2017-06-22,1941,2017-06-08,1443,10051,NA,4,5,7,1941,0,0,0,NA,0,NA,SPRING ST,DELTA AV,0,NA,Y,A,-,N,NA,NA,NA,NA,NA,NA,NA,NA,NA,N,4,0,1,2,A,-,09,21804,A,N,D,B,A,A,H,-,A,D,0,NA,Y,NA,NA,Y,NA,L,NA,0,0,1,0,0,0,1,0,0,-,-,NA,NA,LOS ANGELES,LONG BEACH,-118.21113012000001,33.81165001
8390790,2017,2017-06-22,1942,2017-06-01,2040,34599,1944,4,5,7,1942,0,0,0,NA,0,17L14,LAUREL CANYON BL,WOLFSKILL ST,0,NA,Y,A,-,N,NA,NA,NA,NA,NA,NA,NA,NA,NA,N,4,0,2,2,A,-,09,21802,A,F,D,C,A,A,H,-,C,A,0,NA,NA,NA,NA,Y,NA,-,99,0,0,2,0,0,0,0,0,0,-,-,NA,NA,LOS ANGELES,LOS ANGELES,-118.44711005,34.27289011
8390791,2017,2017-08-25,1941,2017-06-03,1430,6088,NA,6,5,7,1941,0,0,0,NA,0,NA,DEL AMO BL,BENTREE AV,0,NA,Y,A,-,N,NA,NA,NA,NA,NA,NA,NA,NA,NA,Y,3,0,1,2,D,-,00,NA,NA,N,D,C,A,A,H,-,A,D,0,NA,NA,NA,NA,Y,NA,-,-,0,1,0,0,0,0,0,0,0,-,-,NA,NA,LOS ANGELES,LONG BEACH,-118.17760004,33.84704005
8390794,2017,2017-06-22,1942,2017-06-08,2150,38273,0998,4,5,7,1942,0,0,0,I,0,21TL61,VENTURA BL,FULTON AV,20,E,N,A,-,N,NA,NA,NA,NA,NA,NA,NA,NA,NA,Y,4,0,1,2,A,-,01,23152,A,N,C,C,A,A,H,-,C,A,0,NA,NA,NA,NA,Y,Y,A,01,0,0,1,0,0,0,0,0,0,-,-,NA,NA,LOS ANGELES,LOS ANGELES,-118.42244537,34.14655895