CASE_ID,ACCIDENT_YEAR,PROC_DATE,JURIS,COLLISION_DATE,COLLISION_TIME,OFFICER_ID,REPORTING_DISTRICT,DAY_OF_WEEK,CHP_SHIFT,POPULATION,CNTY_CITY_LOC,SPECIAL_COND,BEAT_TYPE,CHP_BEAT_TYPE,CITY_DIVISION_LAPD,CHP_BEAT_CLASS,BEAT_NUMBER,PRIMARY_RD,SECONDARY_RD,DISTANCE,DIRECTION,INTERSECTION,WEATHER_1,WEATHER_2,STATE_HWY_IND,CALTRANS_COUNTY,CALTRANS_DISTRICT,STATE_ROUTE,ROUTE_SUFFIX,POSTMILE_PREFIX,POSTMILE,LOCATION_TYPE,RAMP_INTERSECTION,SIDE_OF_HWY,TOW_AWAY,COLLISION_SEVERITY,NUMBER_KILLED,NUMBER_INJURED,PARTY_COUNT,PRIMARY_COLL_FACTOR,PCF_CODE_OF_VIOL,PCF_VIOL_CATEGORY,PCF_VIOLATION,PCF_VIOL_SUBSECTION,HIT_AND_RUN,TYPE_OF_COLLISION,MVIW,PED_ACTION,ROAD_SURFACE,ROAD_COND_1,ROAD_COND_2,LIGHTING,CONTROL_DEVICE,CHP_ROAD_TYPE,PEDESTRIAN_ACCIDENT,BICYCLE_ACCIDENT,MOTORCYCLE_ACCIDENT,TRUCK_ACCIDENT,NOT_PRIVATE_PROPERTY,ALCOHOL_INVOLVED,STWD_VEHTYPE_AT_FAULT,CHP_VEHTYPE_AT_FAULT,COUNT_SEVERE_INJ,COUNT_VISIBLE_INJ,COUNT_COMPLAINT_PAIN,COUNT_PED_KILLED,COUNT_PED_INJURED,COUNT_BICYCLIST_KILLED,COUNT_BICYCLIST_INJURED,COUNT_MC_KILLED,COUNT_MC_INJURED,PRIMARY_RAMP,SECONDARY_RAMP,LATITUDE,LONGITUDE,COUNTY,CITY,POINT_X,POINT_Y
8391198,2017,2017-06-27,1910,2017-04-12,1225,03633,NA,3,5,4,1910,0,0,0,NA,0,009,LA CIENEGA BL,GREGORY WY,0,NA,Y,A,-,N,NA,NA,NA,NA,NA,NA,NA,NA,NA,Y,3,0,1,2,A,-,12,21453,A,N,D,C,A,A,H,-,A,A,0,NA,NA,Y,Y,Y,NA,C,02,0,1,0,0,0,0,0,0,1,-,-,34,-118,LOS ANGELES,BEVERLY HILLS,-118.37614001,34.06265004
8391262,2017,2017-06-20,1942,2017-05-13,1045,31152,1162,6,5,7,1942,0,0,0,K,0,24TL21,HOLLYWOOD BL,RODNEY DR,150,W,N,A,-,N,NA,NA,NA,NA,NA,NA,NA,NA,NA,Y,3,0,3,2,A,-,08,22107,NA,N,B,C,A,A,H,-,A,D,0,NA,NA,NA,NA,Y,NA,A,01,0,2,1,0,0,0,0,0,0,-,-,NA,NA,LOS ANGELES,LOS ANGELES,-118.29045805,34.100315
8391266,2017,2017-06-20,1942,2017-05-13,1540,37705,1132,6,5,7,1942,0,0,0,K,0,24T52,RIVERSIDE DR,GLENDALE BL,0,NA,Y,A,-,N,NA,NA,NA,NA,NA,NA,NA,NA,NA,Y,4,0,1,2,A,-,09,21801,A,N,-,C,A,A,H,-,A,A,0,NA,NA,NA,NA,Y,NA,A,01,0,0,1,0,0,0,0,0,0,-,-,NA,NA,LOS ANGELES,LOS ANGELES,-118.26505003,34.11112002
8391270,2017,2017-06-20,1942,2017-05-12,0105,42704,1184,5,5,7,1942,0,0,0,K,0,2A45,SUNSET BL,ECHO PARK AV,0,NA,N,A,-,N,NA,NA,NA,NA,NA,NA,NA,NA,NA,N,2,0,1,1,D,-,00,NA,NA,N,H,A,A,A,H,-,C,A,0,NA,NA,NA,NA,Y,Y,-,-,1,0,0,0,0,0,0,0,0,-,-,NA,NA,LOS ANGELES,LOS ANGELES,-118.25736003,34.07677007
8391272,2017,2017-07-14,1900,2017-05-23,1300,525140,0524,2,5,4,1971,0,0,0,NA,0,52T1AM,LOWER AZUSA RD,ELLIS LN,0,NA,Y,A,-,N,NA,NA,NA,NA,NA,NA,NA,NA,NA,Y,4,0,1,2,A,-,09,21802,A,N,D,C,A,A,H,-,A,A,0,NA,NA,NA,Y,Y,NA,A,08,0,0,1,0,0,0,0,0,0,-,-,34.0898,-118.05492,LOS ANGELES,TEMPLE CITY,-118.05496013,34.08981005
8391274,2017,2017-06-20,1942,2017-05-06,2130,41215,1145,6,5,7,1942,0,0,0,K,0,11A51W,GLENDALE BL,FARWELL AV,382,W,N,A,-,N,NA,NA,NA,NA,NA,NA,NA,NA,NA,N,4,0,1,2,A,-,09,21804,A,N,D,C,A,A,H,-,C,D,0,NA,NA,NA,NA,Y,NA,-,NA,0,0,1,0,0,0,0,0,0,-,-,NA,NA,LOS ANGELES,LOS ANGELES,-118.26069546,34.10589467
8391276,2017,2017-08-04,1900,2017-06-01,1010,530855,0521,4,5,4,1971,0,0,0,NA,0,52TIAM,KAUFFMAN AV,LAS TUNAS DR,54,S,N,A,-,N,NA,NA,NA,NA,NA,NA,NA,NA,NA,N,4,0,1,2,A,-,08,22107,NA,N,B,E,A,A,H,-,A,D,0,NA,NA,NA,NA,Y,NA,A,07,0,0,1,0,0,0,0,0,0,-,-,NA,NA,LOS ANGELES,TEMPLE CITY,-118.05803032,34.10694401
8391367,2017,2017-06-20,1942,2017-05-11,1845,41602,0195,4,5,7,1942,0,0,0,A,0,1A2,SANTEE ST,14TH ST,0,NA,Y,A,-,N,NA,NA,NA,NA,NA,NA,NA,NA,NA,N,4,0,3,2,A,-,09,21802,A,N,-,C,A,A,H,-,A,D,0,NA,NA,NA,NA,Y,NA,A,01,0,0,3,0,0,0,0,0,0,-,-,NA,NA,LOS ANGELES,LOS ANGELES,-118.25909005,34.03414006
8391379,2017,2017-06-20,1942,2017-05-22,1600,40099,0448,1,5,7,1942,0,0,0,D,0,24T55,SOTO ST,LANCASTER ST,8,S,N,A,-,N,NA,NA,NA,NA,NA,NA,NA,NA,NA,N,2,0,1,2,A,-,10,21950,A,N,G,B,B,A,H,-,A,A,0,Y,NA,NA,NA,Y,NA,A,01,1,0,0,0,1,0,0,0,0,-,-,NA,NA,LOS ANGELES,LOS ANGELES,-118.19997214,34.05922053
8391387,2017,2017-08-04,1942,2017-05-15,0915,37611,0176,1,5,7,1942,0,0,0,A,0,24TL25,LOS ANGELES ST,8TH ST,0,NA,Y,A,-,N,NA,NA,NA,NA,NA,NA,NA,NA,NA,Y,4,0,1,2,A,-,09,21801,A,N,D,C,A,A,H,-,A,A,0,NA,NA,NA,NA,Y,NA,A,01,0,0,1,0,0,0,0,0,0,-,-,NA,NA,LOS ANGELES,LOS ANGELES,-118.25232,34.04189
8391391,2017,2017-06-20,1942,2017-05-12,1725,38357,0212,5,5,7,1942,0,0,0,B,0,24T55,OAKWOOD AV,VIRGIL AV,0,NA,Y,A,-,N,NA,NA,NA,NA,NA,NA,NA,NA,NA,Y,3,0,1,2,A,-,09,21802,A,N,D,C,A,A,H,-,A,D,0,NA,NA,NA,NA,Y,NA,A,07,0,1,0,0,0,0,0,0,0,-,-,NA,NA,LOS ANGELES,LOS ANGELES,-118.2868,34.07772011
8391395,2017,2017-06-20,1942,2017-05-11,1800,42359,0212,4,5,7,1942,0,0,0,B,0,2A76,BEVERLY,JUANITA,5,N,N,A,-,N,NA,NA,NA,NA,NA,NA,NA,NA,NA,N,2,0,1,2,A,-,10,21950,A,N,G,B,B,A,H,-,A,D,0,Y,NA,NA,NA,Y,NA,A,01,1,0,0,0,1,0,0,0,0,-,-,NA,NA,LOS ANGELES,LOS ANGELES,-118.29053,34.07631
8391399,2017,2017-06-20,1942,2017-05-14,1110,31152,0246,7,5,7,1942,0,0,0,B,0,24TL21,ALVARADO ST,WILSHIRE BL,0,NA,Y,B,-,N,NA,NA,NA,NA,NA,NA,NA,NA,NA,Y,4,0,1,2,A,-,09,21453,B,N,D,C,A,A,H,-,A,A,0,NA,NA,NA,NA,Y,NA,A,01,0,0,1,0,0,0,0,0,0,-,-,NA,NA,LOS ANGELES,LOS ANGELES,-118.27587005,34.05794002
8391403,2017,2017-06-20,1942,2017-05-11,1645,40099,0279,4,5,7,1942,0,0,0,B,0,24T55,JAMES M WOOD AV,COLUMBIA ST,5,E,N,A,-,N,NA,NA,NA,NA,NA,NA,NA,NA,NA,Y,4,0,2,2,A,-,09,21801,A,N,D,C,A,A,H,-,A,D,0,NA,NA,NA,NA,Y,NA,A,01,0,0,2,0,0,0,0,0,0,-,-,NA,NA,LOS ANGELES,LOS ANGELES,-118.27052,34.049642
8391407,2017,2017-06-20,1942,2017-05-16,1256,38050,0239,2,5,7,1942,0,0,0,B,0,24TL27,BEVERLY BL,WITMER ST,0,NA,Y,A,-,N,NA,NA,NA,NA,NA,NA,NA,NA,NA,Y,4,0,1,2,A,-,03,22350,NA,F,C,C,A,A,H,-,A,D,0,NA,NA,NA,NA,Y,NA,A,01,0,0,1,0,0,0,0,0,0,-,-,NA,NA,LOS ANGELES,LOS ANGELES,-118.26072008,34.06223008
8391411,2017,2017-06-20,1942,2017-05-14,1540,35291,0269,7,5,7,1942,0,0,0,B,0,24TL22,8TH ST,UNION AV,0,W,N,A,-,N,NA,NA,NA,NA,NA,NA,NA,NA,NA,N,4,0,1,2,A,-,03,22350,NA,N,C,C,A,A,H,-,A,D,0,NA,NA,NA,NA,Y,NA,A,01,0,0,1,0,0,0,0,0,0,-,-,NA,NA,LOS ANGELES,LOS ANGELES,-118.27220007,34.05235011
8391415,2017,2017-08-14,1942,2017-05-13,2355,37618,0259,6,5,7,1942,0,0,0,B,0,20A39,HOOVER ST,7TH ST,23,N,N,A,-,N,NA,NA,NA,NA,NA,NA,NA,NA,NA,N,4,0,1,2,A,-,08,22107,NA,N,B,C,A,-,H,-,C,D,0,NA,NA,NA,NA,Y,NA,A,01,0,0,1,0,0,0,0,0,0,-,-,NA,NA,LOS ANGELES,LOS ANGELES,-118.28420134,34.05988307
8391423,2017,2017-10-12,1942,2017-05-15,2215,42724,0249,1,5,7,1942,0,0,0,B,0,2A91,SAINT PAUL,WILSHIRE BL,0,NA,Y,A,-,N,NA,NA,NA,NA,NA,NA,NA,NA,NA,N,4,0,1,2,A,-,10,21950,A,N,G,B,B,A,H,-,C,A,0,Y,NA,NA,NA,Y,NA,A,01,0,0,1,0,1,0,0,0,0,-,-,NA,NA,LOS ANGELES,LOS ANGELES,-118.26271008,34.05207011
8391431,2017,2017-06-20,1942,2017-05-17,1955,36698,0205,3,5,7,1942,0,0,0,B,0,24T34W,SUNSET BL,DESCANSO DR,0,NA,Y,B,-,N,NA,NA,NA,NA,NA,NA,NA,NA,NA,Y,4,0,1,2,A,-,01,23152,A,F,G,B,B,A,H,-,C,A,0,Y,NA,NA,NA,Y,Y,A,01,0,0,1,0,1,0,0,0,0,-,-,NA,NA,LOS ANGELES,LOS ANGELES,-118.2748401,34.0854201
8391444,2017,2017-06-20,1902,2017-06-01,0916,668,18,4,5,5,1902,0,0,0,NA,0,004,HUNTINGTON DR,SUNSET BL,318,W,N,A,-,N,NA,NA,NA,NA,NA,NA,NA,NA,NA,N,4,0,1,3,A,-,03,22350,NA,N,C,C,A,A,E,-,A,D,0,NA,NA,Y,NA,Y,NA,C,02,0,0,1,0,0,0,0,0,1,-,-,NA,NA,LOS ANGELES,ARCADIA,-118.06619399,34.13099923
8391471,2017,2017-06-19,1955,2017-05-06,0404,42305,0087,6,5,6,1955,0,0,0,NA,0,004,TOWNE AV,OLIVE ST,0,NA,Y,B,-,N,NA,NA,NA,NA,NA,NA,NA,NA,NA,Y,4,0,1,2,A,-,01,23152,A,N,C,E,A,A,H,-,C,A,0,NA,NA,NA,NA,Y,Y,A,01,0,0,1,0,0,0,0,0,0,-,-,NA,NA,LOS ANGELES,POMONA,-117.74042008,34.02986009
8391491,2017,2017-06-19,1955,2017-05-24,1730,40624,0058,3,5,6,1955,0,0,0,NA,0,001,HUMANE WY,MISSION BL,75,N,N,A,-,N,NA,NA,NA,NA,NA,NA,NA,NA,NA,Y,3,0,1,2,A,-,09,21801,A,N,A,C,A,A,H,-,A,A,0,NA,NA,NA,NA,Y,NA,A,01,0,1,0,0,0,0,0,0,0,-,-,NA,NA,LOS ANGELES,POMONA,-117.78967318,34.05248076
8391503,2017,2017-06-19,1955,2017-05-06,0820,42193,0049,6,5,6,1955,0,0,0,NA,0,001,HOLT AV,FILLMORE PL,180,E,N,B,-,N,NA,NA,NA,NA,NA,NA,NA,NA,NA,Y,4,0,2,2,A,-,08,22107,NA,N,D,C,A,A,H,-,A,A,0,NA,NA,NA,NA,Y,NA,A,01,0,0,2,0,0,0,0,0,0,-,-,NA,NA,LOS ANGELES,POMONA,-117.76648738,34.06197307
8391520,2017,2017-06-20,1900,2017-06-05,1822,519502,0560,1,5,3,1968,0,0,0,NA,0,55T1PM,SANTA ANITA AV,WEAVER ST,0,NA,Y,A,-,N,NA,NA,NA,NA,NA,NA,NA,NA,NA,Y,4,0,2,2,A,-,09,21801,A,N,D,C,A,A,H,-,A,D,0,NA,NA,NA,NA,Y,NA,A,01,0,0,2,0,0,0,0,0,0,-,-,NA,NA,LOS ANGELES,SOUTH EL MONTE,-118.04241005,34.05481006
8391521,2017,2017-06-16,1953,2017-05-10,1456,5651,1953,3,5,6,1953,0,0,0,NA,0,003,WALNUT ST,SIERRA BONITA AV,0,NA,Y,B,-,N,NA,NA,NA,NA,NA,NA,NA,NA,NA,N,3,0,1,2,A,-,10,21950,A,N,G,B,B,A,H,-,A,A,0,Y,NA,NA,NA,Y,NA,A,01,0,1,0,0,1,0,0,0,0,-,-,NA,NA,LOS ANGELES,PASADENA,-118.11706009,34.14955009
8391522,2017,2017-06-26,1965,2017-05-24,2040,3927,0B3C,3,5,5,1965,0,0,0,NA,0,B003,EUCLID ST,BROADWAY,0,NA,Y,A,-,N,NA,NA,NA,NA,NA,NA,NA,NA,NA,N,3,0,1,2,A,-,09,21801,A,N,D,G,A,A,H,-,C,D,0,NA,Y,NA,NA,Y,NA,A,01,0,1,0,0,0,0,1,0,0,-,-,37.01321,-121.00804,LOS ANGELES,SANTA MONICA,-118.48512003,34.02199008
8391523,2017,2018-03-17,1942,2017-05-31,1845,35858,1727,3,5,7,1942,0,0,0,Q,0,17A67,TAMPA AV,RT 118,10,S,N,A,-,Y,LA,7,118,-,R,4.82,R,4,W,Y,2,0,1,2,A,-,07,21658,A,N,B,C,A,A,H,-,A,A,0,NA,NA,Y,NA,Y,NA,C,02,1,0,0,0,0,0,0,0,1,-,WF,NA,NA,LOS ANGELES,LOS ANGELES,-118.55313648,34.27250946
8391524,2017,2017-06-20,1942,2017-05-31,1540,35481,1656,3,5,7,1942,0,0,0,P,0,21TL62,SUNLAND BL,LA CANADA WY,45,W,N,A,-,N,NA,NA,NA,NA,NA,NA,NA,NA,NA,Y,3,0,2,2,A,-,03,22350,NA,N,C,C,A,A,H,-,A,A,0,NA,NA,NA,NA,Y,NA,A,01,0,1,1,0,0,0,0,0,0,-,-,NA,NA,LOS ANGELES,LOS ANGELES,-118.3396553,34.26018889
8391525,2017,2017-06-16,1953,2017-05-09,0055,0551,1953,2,5,6,1953,0,0,0,NA,0,002,SUNSET AV,PEPPER ST,0,NA,Y,A,-,N,NA,NA,NA,NA,NA,NA,NA,NA,NA,Y,3,0,1,2,A,-,01,23152,B,N,A,C,A,A,H,-,C,D,0,NA,NA,NA,NA,Y,Y,A,01,0,1,0,0,0,0,0,0,0,-,-,NA,NA,LOS ANGELES,PASADENA,-118.15484008,34.16770007
8391527,2017,2017-06-15,1942,2017-05-29,0400,42446,1749,1,5,7,1942,0,0,0,Q,0,17A49,CHATSWORTH ST,WOODLEY AV,0,NA,Y,A,-,N,NA,NA,NA,NA,NA,NA,NA,NA,NA,N,4,0,1,2,D,-,00,NA,NA,N,C,C,A,A,H,-,C,A,0,NA,NA,NA,NA,Y,NA,-,-,0,0,1,0,0,0,0,0,0,-,-,NA,NA,LOS ANGELES,LOS ANGELES,-118.48478002,34.26467002
8391529,2017,2017-06-16,1953,2017-05-08,0654,1801,1953,1,5,6,1953,0,0,0,NA,0,003,E VILLA ST,N SIERRA BONITA AV,0,NA,Y,A,-,N,NA,NA,NA,NA,NA,NA,NA,NA,NA,N,2,0,1,2,A,-,10,21950,NA,F,G,B,-,A,H,-,A,A,0,Y,NA,NA,NA,Y,NA,A,01,1,0,0,0,1,0,0,0,0,-,-,NA,NA,LOS ANGELES,PASADENA,-118.11772006,34.15436009
8391531,2017,2017-06-15,1942,2017-05-27,1430,37606,1775,6,5,7,1942,0,0,0,Q,0,17A95,BALBOA,PLUMMER,150,S,N,A,-,N,NA,NA,NA,NA,NA,NA,NA,NA,NA,Y,3,0,3,2,A,-,03,22350,A,N,C,C,A,A,H,-,A,A,0,NA,NA,NA,NA,Y,NA,A,01,0,2,1,0,0,0,0,0,0,-,-,NA,NA,LOS ANGELES,LOS ANGELES,-118.50246,34.24259854
8391534,2017,2017-06-26,1942,2017-05-20,2315,36926,0156,6,5,7,1942,0,0,0,A,0,24T52,5TH,CROCKER,136,E,N,A,-,N,NA,NA,NA,NA,NA,NA,NA,NA,NA,Y,3,0,1,2,A,-,03,22350,NA,N,G,B,D,A,H,-,D,D,0,Y,NA,NA,NA,Y,NA,A,01,0,1,0,0,1,0,0,0,0,-,-,NA,NA,LOS ANGELES,LOS ANGELES,-118.24239237,34.04329533
8391535,2017,2017-06-16,1942,2017-05-28,2055,42121,LA17A,7,5,7,1942,0,0,0,NA,0,1745,DEVONSHIRE ST,BALBOA BL,300,W,N,A,-,N,NA,NA,NA,NA,NA,NA,NA,NA,NA,Y,4,0,2,2,A,-,01,23153,A,N,D,D,A,A,H,-,C,D,0,NA,NA,NA,NA,Y,Y,A,01,0,0,2,0,0,0,0,0,0,-,-,NA,NA,LOS ANGELES,LOS ANGELES,-118.50332099,34.25753
8391538,2017,2017-06-26,1942,2017-05-19,0810,40275,0192,5,5,7,1942,0,0,0,A,0,24TL24,FLOWER ST,PICO BL,150,E,N,A,-,N,NA,NA,NA,NA,NA,NA,NA,NA,NA,N,3,0,1,2,A,-,03,22350,NA,N,D,G,A,A,H,-,A,D,0,NA,Y,NA,NA,Y,NA,A,01,0,1,0,0,0,0,1,0,0,-,-,NA,NA,LOS ANGELES,LOS ANGELES,-118.26658079,34.04038088
8391542,2017,2017-06-26,1942,2017-05-19,0645,37540,0153,5,5,7,1942,0,0,0,A,0,24TL22,5TH ST,HILL ST,0,NA,Y,A,-,N,NA,NA,NA,NA,NA,NA,NA,NA,NA,N,4,0,1,2,A,-,08,22100,B,N,D,C,A,A,H,-,A,A,0,NA,NA,NA,NA,Y,NA,A,01,0,0,1,0,0,0,0,0,0,-,-,NA,NA,LOS ANGELES,LOS ANGELES,-118.25180007,34.04876009
8391543,2017,2017-06-15,1942,2017-05-31,0805,41396,1772,3,5,7,1942,0,0,0,Q,0,9TL59,PLUMMER ST,OAKDALE AV,0,NA,Y,A,-,N,NA,NA,NA,NA,NA,NA,NA,NA,NA,Y,3,0,1,2,A,-,09,21801,A,N,D,C,A,A,H,-,A,A,0,NA,NA,NA,NA,Y,NA,A,01,0,1,0,0,0,0,0,0,0,-,-,NA,NA,LOS ANGELES,LOS ANGELES,-118.56688013,34.24273002
8391545,2017,2017-06-16,1942,2017-05-26,1550,36755,1754,5,5,7,1942,0,0,0,Q,0,16TL28,RESEDA BL,DEVONSHIRE,25,S,N,A,-,N,NA,NA,NA,NA,NA,NA,NA,NA,NA,N,4,0,1,2,A,-,03,22350,NA,F,C,C,A,A,H,-,A,D,0,NA,NA,NA,NA,Y,NA,-,99,0,0,1,0,0,0,0,0,0,-,-,NA,NA,LOS ANGELES,LOS ANGELES,-118.53609,34.25719142
8391546,2017,2017-06-26,1942,2017-05-19,1925,36924,0111,5,5,7,1942,0,0,0,A,0,24T52,N LOS ANGELES ST,ARCADIA,0,NA,Y,A,-,N,NA,NA,NA,NA,NA,NA,NA,NA,NA,Y,4,0,1,2,A,-,12,21453,A,N,D,C,A,A,H,-,A,A,0,NA,NA,NA,NA,Y,NA,A,01,0,0,1,0,0,0,0,0,0,-,-,NA,NA,LOS ANGELES,LOS ANGELES,-118.23919005,34.05528011
8391547,2017,2017-06-16,1942,2017-05-17,0650,40119,1791,3,5,7,1942,0,0,0,Q,0,15TL47,DE SOTO AV,PARTHENIA ST,130,S,N,A,-,N,NA,NA,NA,NA,NA,NA,NA,NA,NA,N,4,0,1,2,A,-,04,21703,NA,N,C,C,A,A,H,-,A,D,0,NA,NA,NA,NA,Y,NA,A,07,0,0,1,0,0,0,0,0,0,-,-,NA,NA,LOS ANGELES,LOS ANGELES,-118.58853938,34.22785346
8391549,2017,2017-06-16,1942,2017-05-19,0805,30452,1788,5,5,7,1942,0,0,0,Q,0,9TL53,NORDHOFF ST,BALBOA BL,30,W,N,A,-,N,NA,NA,NA,NA,NA,NA,NA,NA,NA,N,3,0,1,2,A,-,05,21650,NA,M,B,C,A,A,H,-,A,D,0,NA,NA,NA,NA,Y,NA,A,01,0,1,0,0,0,0,0,0,0,-,-,NA,NA,LOS ANGELES,LOS ANGELES,-118.50260908,34.23572
8391550,2017,2017-06-26,1942,2017-05-20,1445,40275,0147,6,5,7,1942,0,0,0,A,0,24TL24,WALL ST,5TH ST,50,N,N,A,-,N,NA,NA,NA,NA,NA,NA,NA,NA,NA,Y,3,0,1,2,C,-,18,NA,NA,N,B,E,A,A,H,-,A,D,0,NA,NA,NA,NA,Y,NA,-,-,0,1,0,0,0,0,0,0,0,-,-,NA,NA,LOS ANGELES,LOS ANGELES,-118.24569308,34.04500659
8391551,2017,2017-06-16,1942,2017-05-30,1210,30452,1785,2,5,7,1942,0,0,0,Q,0,9T53,NORDHOFF ST,DARBY AV,119,W,N,A,-,N,NA,NA,NA,NA,NA,NA,NA,NA,NA,Y,2,0,1,2,A,-,09,21804,A,N,D,C,A,A,H,-,A,D,0,NA,NA,Y,NA,Y,NA,A,01,1,0,0,0,0,0,0,0,1,-,-,NA,NA,LOS ANGELES,LOS ANGELES,-118.53418304,34.23545
8391553,2017,2017-06-16,1942,2017-05-31,2240,38273,1739,3,5,7,1942,0,0,0,Q,0,9T53,CHATSWORTH ST,GAVIOTA AV,50,W,N,A,-,N,NA,NA,NA,NA,NA,NA,NA,NA,NA,Y,4,0,1,2,A,-,03,22350,NA,F,C,C,A,A,H,-,C,D,0,NA,NA,NA,NA,Y,NA,-,99,0,0,1,0,0,0,0,0,0,-,-,NA,NA,LOS ANGELES,LOS ANGELES,-118.48275517,34.26464243
8391554,2017,2017-06-26,1942,2017-05-23,1605,42132,0127,2,5,7,1942,0,0,0,A,0,1A35,SAN PEDRO ST,1ST ST,0,NA,Y,A,-,N,NA,NA,NA,NA,NA,NA,NA,NA,NA,Y,4,0,1,2,A,-,09,21801,NA,N,D,C,A,A,H,-,A,A,0,NA,NA,Y,NA,Y,NA,C,02,0,0,1,0,0,0,0,0,0,-,-,NA,NA,LOS ANGELES,LOS ANGELES,-118.2409301,34.05040004
8391555,2017,2017-06-15,1942,2017-05-31,1240,35481,1776,3,5,7,1942,0,0,0,Q,0,21TL62,BALBOA BL,PLUMMER ST,0,NA,Y,A,-,N,NA,NA,NA,NA,NA,NA,NA,NA,NA,N,3,0,2,2,A,-,03,22350,NA,N,C,C,A,A,H,-,A,D,0,NA,NA,NA,NA,Y,NA,A,01,0,1,1,0,0,0,0,0,0,-,-,NA,NA,LOS ANGELES,LOS ANGELES,-118.50246009,34.24301011
8391557,2017,2017-06-16,1942,2017-05-23,0400,37541,1752,2,5,7,1942,0,0,0,Q,0,17A1,DE SOTO,LASSEN,0,NA,Y,A,-,N,NA,NA,NA,NA,NA,NA,NA,NA,NA,N,3,0,1,2,A,-,12,21453,A,F,B,B,B,A,H,-,C,A,0,Y,NA,NA,NA,Y,NA,-,99,0,1,0,0,1,0,0,0,0,-,-,NA,NA,LOS ANGELES,LOS ANGELES,-118.58857005,34.24998004
8391558,2017,2017-06-26,1942,2017-05-23,0650,32973,0185,2,5,7,1942,0,0,0,A,0,24TL43,HILL ST,PICO BL,0,NA,Y,A,-,N,NA,NA,NA,NA,NA,NA,NA,NA,NA,Y,4,0,1,2,A,-,12,21453,A,N,D,C,A,A,H,-,A,A,0,NA,NA,NA,NA,Y,NA,A,01,0,0,1,0,0,0,0,0,0,-,-,NA,NA,LOS ANGELES,LOS ANGELES,-118.26216006,34.03765006
8391559,2017,2017-06-15,1942,2017-05-31,1600,38326,1794,3,5,7,1942,0,0,0,Q,0,9TL54,ROSCOE BL,ETIWANDA AV,0,NA,Y,A,-,N,NA,NA,NA,NA,NA,NA,NA,NA,NA,Y,3,0,2,2,A,-,09,21801,A,N,D,C,A,A,H,-,A,A,0,NA,NA,NA,NA,Y,NA,A,01,0,1,1,0,0,0,0,0,0,-,-,NA,NA,LOS ANGELES,LOS ANGELES,-118.53174005,34.220780070000004
8391561,2017,2017-06-26,1942,2017-05-19,0130,30083,0111,5,5,7,1942,0,0,0,A,0,24T32,CESAR E CHAVEZ AV,NORTH SPRING ST,60,W,N,A,-,N,NA,NA,NA,NA,NA,NA,NA,NA,NA,N,3,0,1,2,A,-,11,21954,A,N,G,-,D,A,H,-,C,D,0,Y,NA,NA,NA,Y,NA,N,60,0,1,0,0,1,0,0,0,0,-,-,NA,NA,LOS ANGELES,LOS ANGELES,-118.23976058,34.05832352
8391563,2017,2017-06-16,1942,2017-05-29,2010,38354,1739,1,5,7,1942,0,0,0,Q,0,16T25,HASKELL AV,CHATSWORTH ST,151,N,N,A,-,N,NA,NA,NA,NA,NA,NA,NA,NA,NA,Y,3,0,1,1,A,-,03,22350,NA,N,E,I,A,A,H,-,C,D,0,NA,NA,NA,NA,Y,NA,A,01,0,1,0,0,0,0,0,0,0,-,-,NA,NA,LOS ANGELES,LOS ANGELES,-118.47603585,34.26501363
8391565,2017,2017-06-26,1942,2017-05-24,0930,37540,0152,3,5,7,1942,0,0,0,A,0,24TL27,6TH ST,GRAND AV,100,W,N,B,-,N,NA,NA,NA,NA,NA,NA,NA,NA,NA,N,4,0,1,2,A,-,11,21954,A,N,G,B,E,A,H,-,A,D,0,Y,NA,NA,NA,Y,NA,N,60,0,0,1,0,1,0,0,0,0,-,-,NA,NA,LOS ANGELES,LOS ANGELES,-118.29048816,33.73877254
8391567,2017,2017-06-16,1942,2017-05-25,2300,40248,1754,4,5,7,1942,0,0,0,Q,0,10T35,ETIWANDA AV,DEVONSHIRE,268,S,N,A,-,N,NA,NA,NA,NA,NA,NA,NA,NA,NA,N,3,0,1,2,A,-,00,23123,A,N,C,G,A,A,H,-,C,D,0,NA,Y,NA,NA,Y,NA,A,01,0,1,0,0,0,0,1,0,0,-,-,NA,NA,LOS ANGELES,LOS ANGELES,-118.53189075,34.25657523
8391569,2017,2017-06-26,1942,2017-05-26,1000,40008,0139,5,5,7,1942,0,0,0,A,0,24T41,S ALAMEDA ST,E 1ST ST,200,S,N,A,-,N,NA,NA,NA,NA,NA,NA,NA,NA,NA,N,4,0,1,2,A,-,03,22350,NA,N,C,C,A,A,H,-,A,D,0,NA,NA,NA,NA,Y,NA,A,01,0,0,1,0,0,0,0,0,0,-,-,NA,NA,LOS ANGELES,LOS ANGELES,-118.23812115,34.04844157
8391570,2017,2017-06-21,1942,2017-06-02,1745,39281,1798,5,5,7,1942,0,0,0,Q,0,19TL72,PARTHENIA ST,HASKELL AV,240,W,N,A,-,N,NA,NA,NA,NA,NA,NA,NA,NA,NA,N,4,0,1,2,A,-,21,22106,NA,F,C,C,A,A,H,-,A,D,0,NA,NA,NA,NA,Y,NA,A,07,0,0,1,0,0,0,0,0,0,-,-,NA,NA,LOS ANGELES,LOS ANGELES,-118.47719166,34.22835
8391571,2017,2017-07-07,1942,2017-05-26,1325,40193,1782,5,5,7,1942,0,0,0,Q,0,19TL76,CORBIN AV,BAHAMA ST,0,NA,Y,A,-,N,NA,NA,NA,NA,NA,NA,NA,NA,NA,Y,3,0,4,4,A,-,09,21801,B,N,D,C,A,A,H,-,A,D,0,NA,NA,NA,NA,Y,NA,A,01,0,2,2,0,0,0,0,0,0,-,-,NA,NA,LOS ANGELES,LOS ANGELES,-118.56231011,34.23306007