CASE_ID,ACCIDENT_YEAR,PROC_DATE,JURIS,COLLISION_DATE,COLLISION_TIME,OFFICER_ID,REPORTING_DISTRICT,DAY_OF_WEEK,CHP_SHIFT,POPULATION,CNTY_CITY_LOC,SPECIAL_COND,BEAT_TYPE,CHP_BEAT_TYPE,CITY_DIVISION_LAPD,CHP_BEAT_CLASS,BEAT_NUMBER,PRIMARY_RD,SECONDARY_RD,DISTANCE,DIRECTION,INTERSECTION,WEATHER_1,WEATHER_2,STATE_HWY_IND,CALTRANS_COUNTY,CALTRANS_DISTRICT,STATE_ROUTE,ROUTE_SUFFIX,POSTMILE_PREFIX,POSTMILE,LOCATION_TYPE,RAMP_INTERSECTION,SIDE_OF_HWY,TOW_AWAY,COLLISION_SEVERITY,NUMBER_KILLED,NUMBER_INJURED,PARTY_COUNT,PRIMARY_COLL_FACTOR,PCF_CODE_OF_VIOL,PCF_VIOL_CATEGORY,PCF_VIOLATION,PCF_VIOL_SUBSECTION,HIT_AND_RUN,TYPE_OF_COLLISION,MVIW,PED_ACTION,ROAD_SURFACE,ROAD_COND_1,ROAD_COND_2,LIGHTING,CONTROL_DEVICE,CHP_ROAD_TYPE,PEDESTRIAN_ACCIDENT,BICYCLE_ACCIDENT,MOTORCYCLE_ACCIDENT,TRUCK_ACCIDENT,NOT_PRIVATE_PROPERTY,ALCOHOL_INVOLVED,STWD_VEHTYPE_AT_FAULT,CHP_VEHTYPE_AT_FAULT,COUNT_SEVERE_INJ,COUNT_VISIBLE_INJ,COUNT_COMPLAINT_PAIN,COUNT_PED_KILLED,COUNT_PED_INJURED,COUNT_BICYCLIST_KILLED,COUNT_BICYCLIST_INJURED,COUNT_MC_KILLED,COUNT_MC_INJURED,PRIMARY_RAMP,SECONDARY_RAMP,LATITUDE,LONGITUDE,COUNTY,CITY,POINT_X,POINT_Y
8391815,2017,2018-04-16,1942,2017-05-23,0745,41124,237,2,5,7,1942,0,0,0,NA,0,2A75W2,BEAUDRY AV,RT 110,0,NA,Y,A,-,Y,LA,7,110,-,-,23.201,R,4,S,N,4,0,2,2,A,-,12,21453,A,N,D,C,A,A,H,-,A,A,0,NA,NA,NA,NA,Y,NA,-,-,0,0,2,0,0,0,0,0,0,-,-,NA,NA,LOS ANGELES,LOS ANGELES,-118.25504585,34.05719432
8391819,2017,2017-06-20,1942,2017-05-22,0900,35768,0249,1,5,7,1942,0,0,0,B,0,2A39,6TH ST,LUCAS AV,75,E,N,A,-,N,NA,NA,NA,NA,NA,NA,NA,NA,NA,N,4,0,1,2,A,-,04,21703,NA,N,C,C,A,A,H,-,A,D,0,NA,NA,NA,NA,Y,NA,A,01,0,0,1,0,0,0,0,0,0,-,-,NA,NA,LOS ANGELES,LOS ANGELES,-118.26354839,34.05465898
8391823,2017,2017-06-20,1942,2017-05-23,1750,42803,0295,2,5,7,1942,0,0,0,B,0,2A39,VENICE BL,UNION AV,114,W,N,A,-,N,NA,NA,NA,NA,NA,NA,NA,NA,NA,N,3,0,1,2,A,-,09,21804,A,N,D,G,A,A,H,-,A,D,0,NA,Y,NA,NA,Y,NA,A,01,0,1,0,0,0,0,1,0,0,-,-,NA,NA,LOS ANGELES,LOS ANGELES,-118.27948185,34.0416964
8391844,2017,2017-06-21,1942,2017-05-24,1815,31255,0715,3,5,7,1942,0,0,0,G,0,7TL38,LA BREA AV,ROSEWOOD AV,0,NA,Y,A,-,N,NA,NA,NA,NA,NA,NA,NA,NA,NA,Y,4,0,1,3,A,-,09,21802,A,N,D,C,A,A,H,-,A,A,0,NA,NA,NA,NA,Y,NA,A,01,0,0,1,0,0,0,0,0,0,-,-,NA,NA,LOS ANGELES,LOS ANGELES,-118.34406012,34.08025011
8391847,2017,2017-06-20,1942,2017-05-23,1215,31816,135,2,5,7,1942,0,0,0,M,0,24TL22,3RD ST,SPRING ST,12,E,N,A,-,N,NA,NA,NA,NA,NA,NA,NA,NA,NA,N,4,0,1,2,A,-,21,22106,NA,N,C,C,A,A,H,-,A,A,0,NA,NA,NA,NA,Y,NA,A,01,0,0,1,0,0,0,0,0,0,-,-,NA,NA,LOS ANGELES,LOS ANGELES,-118.2469485,34.05026011
8391848,2017,2017-06-21,1942,2017-05-31,0840,26281,0782,3,5,7,1942,0,0,0,G,0,7MQ56,VENICE BL,GENESEE AV,150,E,N,B,-,N,NA,NA,NA,NA,NA,NA,NA,NA,NA,N,3,0,1,2,A,-,00,21760,B,N,C,G,A,A,H,-,A,D,0,NA,Y,NA,NA,Y,NA,-,NA,0,1,0,0,0,0,1,0,0,-,-,NA,NA,LOS ANGELES,LOS ANGELES,-118.36640785,34.04166909
8391851,2017,2017-06-20,1942,2017-05-24,1840,37705,0152,3,5,7,1942,0,0,0,A,0,24T52,WILSHIRE BL,FLOWER ST,5,E,N,A,-,N,NA,NA,NA,NA,NA,NA,NA,NA,NA,N,4,0,1,2,A,-,09,21804,A,N,D,G,A,A,H,-,A,A,0,NA,Y,NA,NA,Y,NA,L,04,0,0,1,0,0,0,1,0,0,-,-,NA,NA,LOS ANGELES,LOS ANGELES,-118.2581569,34.04933168
8391852,2017,2017-06-21,1942,2017-05-29,1030,38013,0739,1,5,7,1942,0,0,0,G,0,34E1,MUIRFIELD RD,6TH ST,0,NA,Y,A,-,N,NA,NA,NA,NA,NA,NA,NA,NA,NA,Y,3,0,1,2,A,-,12,22450,A,N,A,C,A,A,H,-,A,A,0,NA,NA,NA,NA,Y,NA,A,01,0,1,0,0,0,0,0,0,0,-,-,NA,NA,LOS ANGELES,LOS ANGELES,-118.33005011,34.06397005
8391856,2017,2017-07-11,1942,2017-05-27,1145,39746,0705,6,5,7,1942,0,0,0,G,0,7TL23,FORMOSA,MELROSE AV,0,NA,Y,A,-,N,NA,NA,NA,NA,NA,NA,NA,NA,NA,N,3,0,1,2,A,-,12,21453,A,N,D,C,A,A,H,-,A,A,0,NA,NA,NA,NA,Y,NA,-,-,0,1,0,0,0,0,0,0,0,-,-,NA,NA,LOS ANGELES,LOS ANGELES,-118.3462501,34.08350006
8391860,2017,2017-06-21,1942,2017-05-30,0915,38090,0714,2,5,7,1942,0,0,0,G,0,6TL7,GARDNER ST,OAKWOOD AV,170,N,N,A,-,N,NA,NA,NA,NA,NA,NA,NA,NA,NA,Y,3,0,1,2,A,-,09,21804,A,N,D,C,A,A,H,-,A,D,0,NA,NA,NA,NA,Y,NA,A,07,0,1,0,0,0,0,0,0,0,-,-,NA,NA,LOS ANGELES,LOS ANGELES,-118.35322768,34.07866626
8391862,2017,2017-06-19,1942,2017-05-20,0800,37540,0271,6,5,7,1942,0,0,0,B,0,24TL22,HOOVER ST,JAMES M WOOD BL,0,NA,Y,A,-,N,NA,NA,NA,NA,NA,NA,NA,NA,NA,N,3,0,2,2,A,-,12,21453,A,N,D,C,A,A,H,-,A,A,0,NA,NA,NA,NA,Y,NA,A,07,0,1,1,0,0,0,0,0,0,-,-,NA,NA,LOS ANGELES,LOS ANGELES,-118.28425,34.05586
8391864,2017,2017-06-21,1942,2017-05-14,1715,38466,0724,7,5,7,1942,0,0,0,G,0,7A33,FARMERS MARKET PL,FAIRFAX AV,150,E,N,A,-,N,NA,NA,NA,NA,NA,NA,NA,NA,NA,Y,3,0,3,2,A,-,09,21801,A,N,D,C,A,A,H,-,A,D,0,NA,NA,NA,NA,Y,NA,A,01,0,1,2,0,0,0,0,0,0,-,-,NA,NA,LOS ANGELES,LOS ANGELES,-118.36093565,34.0729951
8391866,2017,2017-06-19,1942,2017-05-16,0740,40592,0281,2,5,7,1942,0,0,0,B,0,24TL29,S HOOVER ST,W PICO BL,0,NA,Y,A,-,N,NA,NA,NA,NA,NA,NA,NA,NA,NA,Y,4,0,2,2,A,-,09,21801,A,N,D,C,A,A,H,-,A,A,0,NA,NA,NA,NA,Y,NA,A,01,0,0,2,0,0,0,0,0,0,-,-,NA,NA,LOS ANGELES,LOS ANGELES,-118.28421009,34.04728001
8391868,2017,2017-06-21,1942,2017-05-16,1620,42049,0721,2,5,7,1942,0,0,0,G,0,0721,3RD ST,EDINBURGH AV,100,E,N,A,-,N,NA,NA,NA,NA,NA,NA,NA,NA,NA,Y,3,0,2,2,A,-,08,22102,NA,N,D,C,A,A,H,-,A,D,0,NA,NA,NA,NA,Y,NA,A,01,0,1,1,0,0,0,0,0,0,-,-,NA,NA,LOS ANGELES,LOS ANGELES,-118.36340389,34.07180023
8391870,2017,2017-06-19,1942,2017-05-17,1105,37952,0292,3,5,7,1942,0,0,0,B,0,24TL26,HOOVER ST,WASHINGTON BL,255,N,N,B,-,N,NA,NA,NA,NA,NA,NA,NA,NA,NA,Y,4,0,2,2,A,-,04,21703,NA,N,C,C,A,A,H,-,A,D,0,NA,NA,NA,NA,Y,NA,A,07,0,0,2,0,0,0,0,0,0,-,-,NA,NA,LOS ANGELES,LOS ANGELES,-118.28412932,34.0405493
8391872,2017,2017-06-21,1942,2017-05-21,1210,34959,0702,7,5,7,1942,0,0,0,G,0,20TL56,MELROSE AV,POINSETTIA PL,103,E,N,A,-,N,NA,NA,NA,NA,NA,NA,NA,NA,NA,Y,3,0,1,2,A,-,04,21703,NA,N,C,C,A,A,H,-,A,D,0,NA,NA,NA,NA,Y,NA,A,01,0,1,0,0,0,0,0,0,0,-,-,NA,NA,LOS ANGELES,LOS ANGELES,-118.34834055,34.08354444
8391874,2017,2017-06-19,1942,2017-05-19,2230,42252,0279,5,5,7,1942,0,0,0,B,0,2A92,OLYMPIC BL,ALBANY ST,6,E,N,-,-,N,NA,NA,NA,NA,NA,NA,NA,NA,NA,N,4,0,1,2,A,-,08,22107,NA,N,-,G,A,A,H,-,C,A,0,NA,Y,NA,NA,Y,NA,A,01,0,0,1,0,0,0,1,0,0,-,-,NA,NA,LOS ANGELES,LOS ANGELES,-118.27112271,34.04781202
8391876,2017,2017-06-21,1942,2017-05-31,0755,26281,0778,3,5,7,1942,0,0,0,G,0,7MQ56,BRONSON AV,VENICE BL,0,NA,Y,B,-,N,NA,NA,NA,NA,NA,NA,NA,NA,NA,N,4,0,1,2,A,-,08,22100,A,N,D,C,A,A,H,-,A,A,0,NA,NA,NA,NA,Y,NA,A,01,0,0,1,0,0,0,0,0,0,-,-,NA,NA,LOS ANGELES,LOS ANGELES,-118.32738008,34.04435003
8391878,2017,2017-06-19,1942,2017-05-19,1450,40606,0231,5,5,7,1942,0,0,0,B,0,2A5,TEMPLE ST,VENDOME ST,0,NA,Y,A,-,N,NA,NA,NA,NA,NA,NA,NA,NA,NA,N,4,0,2,3,A,-,12,21453,A,N,D,C,A,A,H,-,A,A,0,NA,NA,NA,NA,Y,NA,A,01,0,0,2,0,0,0,0,0,0,-,-,NA,NA,LOS ANGELES,LOS ANGELES,-118.28026012,34.07488003
8391880,2017,2017-06-21,1942,2017-05-25,0215,42268,LOS A,4,5,7,1942,0,0,0,NA,0,7A21,WILSHIRE BL,CRENSHAW BL,0,NA,Y,A,-,N,NA,NA,NA,NA,NA,NA,NA,NA,NA,Y,4,0,1,2,A,-,09,21801,A,N,B,C,A,A,H,-,C,A,0,NA,NA,NA,NA,Y,NA,A,01,0,0,1,0,0,0,0,0,0,-,-,NA,NA,LOS ANGELES,LOS ANGELES,-118.31916007,34.0617301
8391882,2017,2017-08-15,1942,2017-05-21,0025,42686,0299,7,5,7,1942,0,0,0,B,0,2A91,WASHINGTON BL,UNION AV,0,NA,Y,A,-,N,NA,NA,NA,NA,NA,NA,NA,NA,NA,Y,4,0,2,2,A,-,12,21453,A,N,D,C,A,A,H,-,C,A,0,NA,NA,NA,NA,Y,NA,-,-,0,0,2,0,0,0,0,0,0,-,-,NA,NA,LOS ANGELES,LOS ANGELES,-118.28116,34.03851008
8391884,2017,2017-07-11,1942,2017-05-28,1445,41278,0722,7,5,7,1942,0,0,0,G,0,7XL69,LA CIENEGA,BEVERLY CONNECTION,0,NA,Y,A,-,N,NA,NA,NA,NA,NA,NA,NA,NA,NA,N,4,0,1,2,A,-,12,21453,A,N,D,C,A,A,H,-,A,A,0,NA,NA,NA,NA,Y,NA,-,-,0,0,1,0,0,0,0,0,0,-,-,NA,NA,LOS ANGELES,LOS ANGELES,-118.37661,34.07606
8391886,2017,2017-06-19,1942,2017-05-25,0925,42630,0501,4,5,7,1942,0,0,0,E,0,5A15,VERMONT AV,186TH ST,15,N,N,A,-,N,NA,NA,NA,NA,NA,NA,NA,NA,NA,N,4,0,3,2,A,-,04,21703,NA,N,B,C,A,A,H,-,A,D,0,NA,NA,NA,NA,Y,NA,A,01,0,0,3,0,0,0,0,0,0,-,-,NA,NA,LOS ANGELES,LOS ANGELES,-118.290538,33.861952
8391888,2017,2017-06-21,1942,2017-05-23,1020,38466,0702,2,5,7,1942,0,0,0,G,0,7A17,WARING AV,STANLEY AV,0,NA,Y,A,-,N,NA,NA,NA,NA,NA,NA,NA,NA,NA,Y,4,0,1,2,A,-,09,21802,A,N,D,C,A,A,H,-,A,A,0,NA,NA,NA,NA,Y,NA,A,07,0,0,1,0,0,0,0,0,0,-,-,NA,NA,LOS ANGELES,LOS ANGELES,-118.35637005,34.08533008
8391890,2017,2017-06-19,1942,2017-05-26,2200,33638,562,5,5,7,1942,0,0,0,NA,0,5A58,9TH ST,PATTON,0,NA,Y,A,-,N,NA,NA,NA,NA,NA,NA,NA,NA,NA,N,4,0,1,2,A,-,21,22106,NA,N,G,B,F,A,H,-,D,D,0,Y,NA,NA,NA,Y,Y,A,01,0,0,1,0,1,0,0,0,0,-,-,NA,NA,LOS ANGELES,LOS ANGELES,-118.30558001,33.73610001
8391892,2017,2017-06-21,1942,2017-05-28,1830,34393,0752,7,5,7,1942,0,0,0,G,0,7X58W4,FAIRFAX AV,WHITWORTH DR,0,NA,Y,A,-,N,NA,NA,NA,NA,NA,NA,NA,NA,NA,N,4,0,2,2,A,-,03,22350,NA,N,C,C,A,A,H,-,A,A,0,NA,NA,NA,NA,Y,NA,A,01,0,0,2,0,0,0,0,0,0,-,-,NA,NA,LOS ANGELES,LOS ANGELES,-118.36496,34.05575006
8391894,2017,2017-06-19,1942,2017-05-26,1730,37654,0562,5,5,7,1942,0,0,0,E,0,5X26,9TH ST,WALKER AV,0,NA,Y,A,-,N,NA,NA,NA,NA,NA,NA,NA,NA,NA,N,4,0,1,2,A,-,09,21804,B,N,D,C,A,A,H,-,A,A,0,NA,NA,NA,NA,Y,NA,A,01,0,0,1,0,0,0,0,0,0,-,-,NA,NA,LOS ANGELES,LOS ANGELES,-118.30339012,33.73609009
8391895,2017,2017-06-20,1942,2017-05-10,1125,42757,1134,3,5,7,1942,0,0,0,K,0,11A89,SAN FERNANDO RD,EDWARD AV,135,E,N,A,-,N,NA,NA,NA,NA,NA,NA,NA,NA,NA,N,2,0,1,2,A,-,07,21658,A,N,B,C,A,A,H,-,A,D,0,NA,NA,Y,NA,Y,NA,A,07,1,0,0,0,0,0,0,0,1,-,-,NA,NA,LOS ANGELES,LOS ANGELES,-118.2427338,34.11022157
8391896,2017,2017-06-21,1942,2017-05-24,1644,42049,NA,3,5,7,1942,0,0,0,NA,0,0774,REDONDO BL,VENICE BL,0,NA,Y,A,-,N,NA,NA,NA,NA,NA,NA,NA,NA,NA,Y,4,0,2,3,A,-,09,21801,A,N,-,C,A,A,-,-,A,D,0,NA,NA,NA,NA,Y,NA,A,01,0,0,2,0,0,0,0,0,0,-,-,NA,NA,LOS ANGELES,LOS ANGELES,-118.35043003,34.04512004
8391898,2017,2017-06-19,1942,2017-05-12,1515,42195,507,5,5,7,1942,0,0,0,NA,0,5X64,227TH ST,DENKER AV,200,E,N,A,-,N,NA,NA,NA,NA,NA,NA,NA,NA,NA,Y,4,0,1,3,A,-,05,21650,NA,N,B,C,A,A,-,-,A,D,0,NA,NA,NA,NA,Y,NA,-,NA,0,0,1,0,0,0,0,0,0,-,-,NA,NA,LOS ANGELES,LOS ANGELES,-118.30307284,33.82015403
8391899,2017,2017-06-20,1942,2017-05-11,1745,31379,0185,4,5,7,1942,0,0,0,A,0,13A41,MAIN ST,12TH ST,135,S,N,A,-,N,NA,NA,NA,NA,NA,NA,NA,NA,NA,N,4,0,1,2,A,-,03,22350,NA,N,C,C,A,A,H,-,A,A,0,NA,NA,NA,NA,Y,NA,A,01,0,0,1,0,0,0,0,0,0,-,-,NA,NA,LOS ANGELES,LOS ANGELES,-118.25959917,34.03728333
8391900,2017,2017-06-21,1942,2017-05-22,0815,41686,0711,1,5,7,1942,0,0,0,G,0,WIL,KINGS RD,OAKWOOD AV,0,NA,Y,A,-,N,NA,NA,NA,NA,NA,NA,NA,NA,NA,N,4,0,1,2,A,-,09,21802,A,N,D,C,A,A,H,-,A,A,0,NA,NA,NA,NA,Y,NA,A,01,0,0,1,0,0,0,0,0,0,-,-,NA,NA,LOS ANGELES,LOS ANGELES,-118.37215007,34.0781501
8391902,2017,2017-06-19,1942,2017-05-14,0110,39123,519,7,5,7,1942,0,0,0,NA,0,5A25,ALAMEDA ST,Q ST,300,N,N,A,-,N,NA,NA,NA,NA,NA,NA,NA,NA,NA,Y,4,0,1,2,A,-,03,22350,NA,N,C,C,A,A,H,-,E,D,0,NA,NA,NA,NA,Y,NA,A,01,0,0,1,0,0,0,0,0,0,-,-,NA,NA,LOS ANGELES,LOS ANGELES,NA,NA
8391903,2017,2017-07-11,1942,2017-05-30,1615,42626,0677,2,5,7,1942,0,0,0,F,0,6A76,SANTA MONICA BL,TAMARIND AV,350,W,N,A,-,N,NA,NA,NA,NA,NA,NA,NA,NA,NA,N,3,0,1,2,A,-,09,21804,A,N,H,G,A,A,H,-,A,D,0,NA,Y,NA,NA,Y,NA,A,01,0,1,0,0,0,0,1,0,0,-,-,NA,NA,LOS ANGELES,LOS ANGELES,-118.32020377,34.09075
8391904,2017,2017-06-21,1942,2017-05-22,0930,37550,0722,1,5,7,1942,0,0,0,G,0,8TL35,CROFT AV,3RD ST,9,N,N,A,-,N,NA,NA,NA,NA,NA,NA,NA,NA,NA,N,4,0,1,2,A,-,21,22106,NA,N,G,B,B,A,H,-,A,A,0,Y,NA,NA,NA,Y,NA,A,07,0,0,1,0,1,0,0,0,0,-,-,NA,NA,LOS ANGELES,LOS ANGELES,-118.37425941,34.07315468
8391906,2017,2017-06-19,1942,2017-05-11,1110,38357,0156,4,5,7,1942,0,0,0,A,0,24TL55,5TH ST,HILL ST,20,W,N,A,-,N,NA,NA,NA,NA,NA,NA,NA,NA,NA,N,4,0,1,2,A,-,07,21658,A,F,B,C,A,A,H,-,A,D,0,NA,NA,NA,NA,Y,NA,-,99,0,0,1,0,0,0,0,0,0,-,-,NA,NA,LOS ANGELES,LOS ANGELES,-118.25185099,34.04879474
8391907,2017,2017-06-20,1942,2017-05-25,1155,41376,0646,4,5,7,1942,0,0,0,F,0,6TL7,CHEROKEE AV,SELMA AV,90,N,N,A,-,N,NA,NA,NA,NA,NA,NA,NA,NA,NA,N,4,0,1,2,A,-,21,22106,NA,N,D,C,A,A,H,-,A,D,0,NA,NA,NA,NA,Y,NA,A,01,0,0,1,0,0,0,0,0,0,-,-,NA,NA,LOS ANGELES,LOS ANGELES,-118.33501131,34.09993684
8391908,2017,2017-06-21,1942,2017-05-30,2350,42660,0734,2,5,7,1942,0,0,0,G,0,7A21,3RD ST,BURNSIDE AV,226,E,N,A,-,N,NA,NA,NA,NA,NA,NA,NA,NA,NA,Y,4,0,1,2,A,-,08,22100,A,N,C,C,A,A,H,-,C,A,0,NA,NA,Y,NA,Y,NA,A,01,0,0,1,0,0,0,0,0,1,-,-,NA,NA,LOS ANGELES,LOS ANGELES,-118.3544565,34.0705522
8391910,2017,2017-06-19,1942,2017-05-09,1700,40042,0146,2,5,7,1942,0,0,0,A,0,24MQ95,LOS ANGELES ST,5TH ST,187,S,N,B,-,N,NA,NA,NA,NA,NA,NA,NA,NA,NA,N,3,0,1,3,A,-,05,21460,A,F,A,G,A,A,H,-,A,A,0,NA,Y,NA,NA,Y,NA,L,04,0,1,0,0,0,0,1,0,0,-,-,NA,NA,LOS ANGELES,LOS ANGELES,-118.247936,34.045635
8391911,2017,2017-06-28,1942,2017-05-31,2045,42638,0669,3,5,7,1942,0,0,0,F,0,6A77,SANTA MONICA BL,NORMANDIE AV,0,NA,Y,A,-,N,NA,NA,NA,NA,NA,NA,NA,NA,NA,Y,4,0,2,2,A,-,12,21453,A,N,D,C,A,A,H,-,C,A,0,NA,NA,NA,NA,Y,NA,-,-,0,0,2,0,0,0,0,0,0,-,-,NA,NA,LOS ANGELES,LOS ANGELES,-118.30049007,34.09083008
8391912,2017,2017-06-21,1942,2017-05-25,1700,39058,0826,4,5,7,1942,0,0,0,H,0,8TL26,SAN VICENTE BL,SALTAIR AV,25,E,N,A,-,N,NA,NA,NA,NA,NA,NA,NA,NA,NA,N,3,0,1,2,A,-,08,22107,NA,N,H,G,A,A,H,-,A,D,0,NA,Y,NA,NA,Y,NA,A,07,0,1,0,0,0,0,1,0,0,-,-,NA,NA,LOS ANGELES,LOS ANGELES,-118.47289989,34.05226602
8391914,2017,2017-06-19,1942,2017-05-09,1720,38171,0195,2,5,7,1942,0,0,0,A,0,24TL56,PICO BL,BROADWAY,50,E,N,A,-,N,NA,NA,NA,NA,NA,NA,NA,NA,NA,Y,4,0,2,3,A,-,07,21658,A,N,B,C,A,A,H,-,A,A,0,NA,NA,NA,NA,Y,NA,A,01,0,0,2,0,0,0,0,0,0,-,-,NA,NA,LOS ANGELES,LOS ANGELES,-118.26101992,34.03702595
8391915,2017,2017-06-20,1942,2017-05-17,1920,41504,1942,3,5,7,1942,0,0,0,NA,0,6A67,HOLLYWOOD BL,WILCOX AV,0,NA,Y,A,-,N,NA,NA,NA,NA,NA,NA,NA,NA,NA,N,4,0,1,2,A,-,09,21801,A,F,-,B,B,A,H,-,A,A,0,Y,NA,NA,NA,Y,NA,-,99,0,0,1,0,1,0,0,0,0,-,-,NA,NA,LOS ANGELES,LOS ANGELES,-118.33105003,34.10159005
8391916,2017,2017-06-21,1942,2017-05-30,1420,39058,0855,2,5,7,1942,0,0,0,H,0,8TL26,PICO BL,BEVERLY GLEN,245,W,N,A,-,N,NA,NA,NA,NA,NA,NA,NA,NA,NA,Y,4,0,1,3,A,-,07,21658,A,N,C,C,A,A,H,-,A,A,0,NA,NA,NA,NA,Y,NA,A,01,0,0,1,0,0,0,0,0,0,-,-,NA,NA,LOS ANGELES,LOS ANGELES,-118.41776234,34.04593581
8391918,2017,2017-06-19,1942,2017-05-14,0955,38503,1839,7,5,7,1942,0,0,0,R,0,12TL41,108TH ST,MONA BL,5,W,N,B,-,N,NA,NA,NA,NA,NA,NA,NA,NA,NA,Y,4,0,5,2,A,-,12,22450,A,F,D,C,A,A,H,-,A,A,0,NA,NA,NA,NA,Y,NA,-,99,0,0,5,0,0,0,0,0,0,-,-,NA,NA,LOS ANGELES,LOS ANGELES,-118.22942613,33.93684269
8391919,2017,2017-06-20,1942,2017-05-31,2030,37511,0669,3,5,7,1942,0,0,0,F,0,7T23,SANTA MONICA BL,OXFORD AV,0,NA,Y,A,-,N,NA,NA,NA,NA,NA,NA,NA,NA,NA,N,4,0,1,2,A,-,09,21801,A,F,D,C,A,A,H,-,A,A,0,NA,NA,NA,NA,Y,NA,A,01,0,0,1,0,0,0,0,0,0,-,-,NA,NA,LOS ANGELES,LOS ANGELES,-118.30780011,34.09077008
8391920,2017,2017-06-21,1942,2017-05-10,0920,38590,0835,3,5,7,1942,0,0,0,H,0,20TL59,VETERAN AV,MISSOURI AV,380,N,N,B,-,N,NA,NA,NA,NA,NA,NA,NA,NA,NA,Y,4,0,1,5,A,-,08,22107,NA,N,B,C,A,A,H,-,A,A,0,NA,NA,NA,NA,Y,NA,A,01,0,0,1,0,0,0,0,0,0,-,-,NA,NA,LOS ANGELES,LOS ANGELES,-118.43886499,34.04743984
8391921,2017,2017-06-23,1942,2017-05-15,1000,41651,0643,1,5,7,1942,0,0,0,F,0,6A77,POINSETTIA PL,HOLLYWOOD BL,175,S,N,A,-,N,NA,NA,NA,NA,NA,NA,NA,NA,NA,N,4,0,1,3,B,-,22,NA,NA,N,A,C,A,A,H,-,A,D,0,NA,NA,NA,NA,Y,NA,-,-,0,0,1,0,0,0,0,0,0,-,-,NA,NA,LOS ANGELES,LOS ANGELES,-118.34788905,34.10114009
8391922,2017,2017-08-17,1942,2017-05-25,0505,36796,773,4,5,7,1942,0,0,0,NA,0,A73,WASHINGTON BL,COCHRAN AV,0,NA,Y,A,-,N,NA,NA,NA,NA,NA,NA,NA,NA,NA,Y,3,0,2,2,A,-,09,21804,A,N,B,C,A,A,H,-,B,D,0,NA,NA,NA,NA,Y,NA,D,22,0,1,1,0,0,0,0,0,0,-,-,NA,NA,LOS ANGELES,LOS ANGELES,-118.35484002,34.04147003
8391923,2017,2017-08-15,1910,2017-02-10,1905,4555,NA,5,5,4,1910,0,0,0,NA,0,005,OLYMPIC BL,S CANON DR,20,W,N,C,-,N,NA,NA,NA,NA,NA,NA,NA,NA,NA,N,4,0,1,2,A,-,04,21703,NA,N,C,C,A,B,H,-,-,D,0,NA,NA,NA,NA,Y,NA,A,01,0,0,1,0,0,0,0,0,0,-,-,34.05891,-118.39735,LOS ANGELES,BEVERLY HILLS,-118.39703586,34.05936212
8391925,2017,2017-06-23,1942,2017-05-30,1330,42444,4206,2,5,7,1942,0,0,0,NA,0,6A31,SUNSET BL,HAYWORTH AV,0,NA,Y,A,-,N,NA,NA,NA,NA,NA,NA,NA,NA,NA,N,4,0,1,2,A,-,04,21703,NA,N,C,C,A,A,-,-,A,A,0,NA,NA,NA,NA,Y,NA,D,22,0,0,1,0,0,0,0,0,0,-,-,NA,NA,LOS ANGELES,LOS ANGELES,-118.36293013,34.09803007
8391926,2017,2017-06-23,1942,2017-05-13,1435,33672,0509,6,5,7,1942,0,0,0,E,0,5A1,LOMITA BL,BELLE PORTE AV,255,W,N,A,-,N,NA,NA,NA,NA,NA,NA,NA,NA,NA,N,4,0,2,3,A,-,03,22350,NA,F,C,C,A,A,H,-,A,D,0,NA,NA,NA,NA,Y,NA,-,99,0,0,2,0,0,0,0,0,0,-,-,NA,NA,LOS ANGELES,LOS ANGELES,-118.30199761,33.79780786
8391929,2017,2017-06-22,1942,2017-06-06,2150,41089,2019,2,5,7,1942,0,0,0,NA,0,20T59,VERMONT AV,1ST ST,0,NA,Y,B,-,N,NA,NA,NA,NA,NA,NA,NA,NA,NA,Y,4,0,1,2,A,-,09,21801,A,F,D,C,A,A,H,-,C,A,0,NA,NA,NA,NA,Y,NA,A,08,0,0,1,0,0,0,0,0,0,-,-,NA,NA,LOS ANGELES,LOS ANGELES,-118.29169,34.07276
8391930,2017,2017-06-26,1942,2017-05-25,0925,36828,0514,4,5,7,1942,0,0,0,E,0,18A41,LOMITA BL,FRIGATE AV,50,E,N,B,-,N,NA,NA,NA,NA,NA,NA,NA,NA,NA,Y,4,0,1,2,A,-,21,22106,NA,N,C,C,A,A,H,-,A,D,0,NA,NA,NA,NA,Y,NA,D,22,0,0,1,0,0,0,0,0,0,-,-,NA,NA,LOS ANGELES,LOS ANGELES,-118.27718604,33.7984882
8391932,2017,2017-08-15,1942,2017-06-05,2030,38963,1472,1,5,7,1942,0,0,0,N,0,1472,PERSHING DR,COBORA DR,50,S,N,A,-,N,NA,NA,NA,NA,NA,NA,NA,NA,NA,N,4,0,1,2,A,-,05,21651,B,N,A,C,A,A,D,-,B,A,0,NA,NA,NA,NA,Y,NA,-,NA,0,0,1,0,0,0,0,0,0,-,-,NA,NA,LOS ANGELES,LOS ANGELES,-118.44540473,33.96063166
8391936,2017,2018-02-01,1942,2017-05-22,0235,40953,2024,1,5,7,1942,0,0,0,NA,0,6A45,S HARVARD BL,6TH ST,140,S,N,A,-,N,NA,NA,NA,NA,NA,NA,NA,NA,NA,N,4,0,2,2,A,-,05,21460,A,N,A,C,A,A,H,-,C,D,0,NA,NA,NA,NA,Y,NA,D,22,0,0,2,0,0,0,0,0,0,-,-,NA,NA,LOS ANGELES,LOS ANGELES,-118.30410565,34.06316607