CASE_ID,ACCIDENT_YEAR,PROC_DATE,JURIS,COLLISION_DATE,COLLISION_TIME,OFFICER_ID,REPORTING_DISTRICT,DAY_OF_WEEK,CHP_SHIFT,POPULATION,CNTY_CITY_LOC,SPECIAL_COND,BEAT_TYPE,CHP_BEAT_TYPE,CITY_DIVISION_LAPD,CHP_BEAT_CLASS,BEAT_NUMBER,PRIMARY_RD,SECONDARY_RD,DISTANCE,DIRECTION,INTERSECTION,WEATHER_1,WEATHER_2,STATE_HWY_IND,CALTRANS_COUNTY,CALTRANS_DISTRICT,STATE_ROUTE,ROUTE_SUFFIX,POSTMILE_PREFIX,POSTMILE,LOCATION_TYPE,RAMP_INTERSECTION,SIDE_OF_HWY,TOW_AWAY,COLLISION_SEVERITY,NUMBER_KILLED,NUMBER_INJURED,PARTY_COUNT,PRIMARY_COLL_FACTOR,PCF_CODE_OF_VIOL,PCF_VIOL_CATEGORY,PCF_VIOLATION,PCF_VIOL_SUBSECTION,HIT_AND_RUN,TYPE_OF_COLLISION,MVIW,PED_ACTION,ROAD_SURFACE,ROAD_COND_1,ROAD_COND_2,LIGHTING,CONTROL_DEVICE,CHP_ROAD_TYPE,PEDESTRIAN_ACCIDENT,BICYCLE_ACCIDENT,MOTORCYCLE_ACCIDENT,TRUCK_ACCIDENT,NOT_PRIVATE_PROPERTY,ALCOHOL_INVOLVED,STWD_VEHTYPE_AT_FAULT,CHP_VEHTYPE_AT_FAULT,COUNT_SEVERE_INJ,COUNT_VISIBLE_INJ,COUNT_COMPLAINT_PAIN,COUNT_PED_KILLED,COUNT_PED_INJURED,COUNT_BICYCLIST_KILLED,COUNT_BICYCLIST_INJURED,COUNT_MC_KILLED,COUNT_MC_INJURED,PRIMARY_RAMP,SECONDARY_RAMP,LATITUDE,LONGITUDE,COUNTY,CITY,POINT_X,POINT_Y
8393249,2017,2017-06-26,1942,2017-05-28,1445,40165,1015,7,5,7,1942,0,0,0,J,0,9TL56,SATICOY ST,LINDLEY AV,120,E,N,A,-,N,NA,NA,NA,NA,NA,NA,NA,NA,NA,N,3,0,3,2,A,-,04,21703,NA,N,C,C,A,A,H,-,A,A,0,NA,NA,Y,NA,Y,NA,C,02,0,1,2,0,0,0,0,0,3,-,-,NA,NA,LOS ANGELES,LOS ANGELES,-118.52694388,34.20839305
8393252,2017,2017-07-11,1900,2017-06-03,1459,600319,2812,6,5,5,1915,0,0,0,NA,0,283T3,CENTRAL AV,EL SEGUNDO BL,5,S,Y,A,-,N,NA,NA,NA,NA,NA,NA,NA,NA,NA,Y,4,0,3,1,A,-,08,22107,NA,N,E,I,A,A,H,-,A,A,0,NA,NA,NA,NA,Y,NA,A,07,0,0,3,0,0,0,0,0,0,-,-,NA,NA,LOS ANGELES,COMPTON,-118.25437,33.91634629
8393253,2017,2017-06-26,1942,2017-05-29,1730,39281,1007,1,5,7,1942,0,0,0,J,0,19TL72,BALBOA BL,KESWICK ST,590,N,N,A,-,N,NA,NA,NA,NA,NA,NA,NA,NA,NA,Y,4,0,1,2,A,-,09,21804,A,N,D,C,A,A,H,-,A,D,0,NA,NA,NA,NA,Y,NA,A,01,0,0,1,0,0,0,0,0,0,-,-,NA,NA,LOS ANGELES,LOS ANGELES,-118.50136,34.2112884
8393256,2017,2017-06-26,1900,2017-06-06,1420,535052,2835,2,5,5,1915,0,0,0,NA,0,283T1,COMPTON BL,OLEANDER AV,100,W,N,A,-,N,NA,NA,NA,NA,NA,NA,NA,NA,NA,N,4,0,1,2,D,-,00,NA,NA,N,G,B,-,A,H,-,A,A,0,Y,NA,NA,NA,Y,NA,-,-,0,0,1,0,1,0,0,0,0,-,-,NA,NA,LOS ANGELES,COMPTON,-118.22907886,33.89593
8393257,2017,2017-06-26,1942,2017-05-30,0635,34561,1035,2,5,7,1942,0,0,0,J,0,9TL59,VANOWEN ST,RESEDA BL,102,E,N,B,-,N,NA,NA,NA,NA,NA,NA,NA,NA,NA,Y,2,0,1,2,A,-,03,22350,NA,N,C,C,A,A,H,-,A,D,0,NA,NA,Y,NA,Y,NA,C,02,1,0,0,0,0,0,0,0,1,-,-,NA,NA,LOS ANGELES,LOS ANGELES,-118.53570328,34.19385
8393261,2017,2017-06-26,1942,2017-05-31,1405,39928,1039,3,5,7,1942,0,0,0,J,0,10EL2,VANOWEN ST,WOODLEY AV,300,E,N,B,-,N,NA,NA,NA,NA,NA,NA,NA,NA,NA,N,4,0,1,2,A,-,00,21703,A,N,C,C,A,A,H,-,A,D,0,NA,NA,NA,NA,Y,NA,A,01,0,0,1,0,0,0,0,0,0,-,-,NA,NA,LOS ANGELES,LOS ANGELES,-118.48266969,34.19391
8393265,2017,2017-06-26,1942,2017-05-31,1255,38326,1035,3,5,7,1942,0,0,0,J,0,9TL54,RESEDA BL,KITTRIDGE ST,105,N,N,A,-,N,NA,NA,NA,NA,NA,NA,NA,NA,NA,Y,3,0,2,4,A,-,21,22106,NA,N,D,C,A,A,H,-,A,D,0,NA,NA,NA,NA,Y,NA,A,01,0,1,1,0,0,0,0,0,0,-,-,NA,NA,LOS ANGELES,LOS ANGELES,-118.53603588,34.19074799
8393269,2017,2017-06-26,1942,2017-05-28,0150,37510,1011,7,5,7,1942,0,0,0,J,0,10A21,TAMPA AV,SHERMAN WY,0,NA,Y,A,-,N,NA,NA,NA,NA,NA,NA,NA,NA,NA,Y,3,0,3,2,A,-,03,22350,NA,N,-,C,A,A,H,-,C,D,0,NA,NA,NA,NA,Y,NA,A,01,0,2,1,0,0,0,0,0,0,-,-,NA,NA,LOS ANGELES,LOS ANGELES,-118.55347012,34.20116006
8393273,2017,2017-06-26,1942,2017-05-26,1740,40093,1008,5,5,7,1942,0,0,0,J,0,10A1,SHERMAN WY,HAYVENHURST AV,0,NA,Y,A,-,N,NA,NA,NA,NA,NA,NA,NA,NA,NA,Y,4,0,3,2,A,-,09,21801,NA,N,A,C,A,A,H,-,A,A,0,NA,NA,NA,NA,Y,NA,A,01,0,0,3,0,0,0,0,0,0,-,-,NA,NA,LOS ANGELES,LOS ANGELES,-118.49241012,34.20123002
8393277,2017,2017-06-26,1942,2017-05-25,1825,34599,1078,4,5,7,1942,0,0,0,J,0,17TL14,MOORPARK ST,HAYVENHURST AV,0,NA,Y,A,-,N,NA,NA,NA,NA,NA,NA,NA,NA,NA,N,4,0,1,2,A,-,04,21703,NA,N,C,C,A,A,H,-,A,A,0,NA,NA,NA,NA,Y,NA,A,07,0,0,1,0,0,0,0,0,0,-,-,NA,NA,LOS ANGELES,LOS ANGELES,-118.49234007,34.15958004
8393279,2017,2017-06-26,1942,2017-04-20,0735,39407,397,4,5,7,1942,0,0,0,NA,0,3A31,VERNON AV,WALTON AV,0,NA,Y,A,-,N,NA,NA,NA,NA,NA,NA,NA,NA,NA,Y,4,0,1,2,A,-,09,21801,A,N,A,C,A,A,H,-,A,D,0,NA,NA,NA,NA,Y,NA,A,01,0,0,1,0,0,0,0,0,0,-,-,NA,NA,LOS ANGELES,LOS ANGELES,-118.29484003,34.00369009
8393285,2017,2017-06-28,1942,2017-06-05,1810,38622,1259,1,5,7,1942,0,0,0,L,0,12X68,FLORENCE AV,CENTRAL AV,450,W,N,A,-,N,NA,NA,NA,NA,NA,NA,NA,NA,NA,N,4,0,1,3,A,-,03,22350,NA,N,C,C,A,A,H,-,A,A,0,NA,NA,NA,NA,Y,NA,-,-,0,0,1,0,0,0,0,0,0,-,-,NA,NA,LOS ANGELES,LOS ANGELES,-118.25794105,33.97474155
8393289,2017,2017-06-28,1942,2017-06-05,1215,40165,1675,1,5,7,1942,0,0,0,P,0,9T156,GLENOAKS BL,PENROSE ST,205,N,N,A,-,N,NA,NA,NA,NA,NA,NA,NA,NA,NA,N,4,0,1,2,A,-,03,22350,NA,N,C,C,A,A,H,-,A,D,0,NA,NA,NA,NA,Y,NA,A,01,0,0,1,0,0,0,0,0,0,-,-,NA,NA,LOS ANGELES,LOS ANGELES,-118.36866576,34.23197314
8393293,2017,2017-06-28,1942,2017-06-08,2245,40690,0701,4,5,7,1942,0,0,0,G,0,NA,MELROSE AV,FAIRFAX AV,0,NA,Y,A,-,N,NA,NA,NA,NA,NA,NA,NA,NA,NA,N,3,0,2,2,A,-,09,21801,A,N,A,C,A,A,H,-,C,A,0,NA,NA,NA,NA,Y,NA,A,01,0,1,1,0,0,0,0,0,0,-,-,NA,NA,LOS ANGELES,LOS ANGELES,-118.36153012,34.08381003
8393309,2017,2017-07-10,1942,2017-06-01,1734,40725,1219,4,5,7,1942,0,0,0,L,0,12X68,FIGUEROA ST,56TH ST,65,N,N,A,-,N,NA,NA,NA,NA,NA,NA,NA,NA,NA,N,4,0,2,2,A,-,03,22350,A,N,C,C,A,A,H,-,A,A,0,NA,NA,NA,NA,Y,NA,A,01,0,0,2,0,0,0,0,0,0,-,-,NA,NA,LOS ANGELES,LOS ANGELES,-118.28268357,33.99163824
8393313,2017,2017-06-28,1942,2017-06-12,1835,41003,0819,1,5,7,1942,0,0,0,H,0,7T23,MAPLETON DR,SUNSET BL,0,NA,Y,A,-,N,NA,NA,NA,NA,NA,NA,NA,NA,NA,N,3,0,1,2,A,-,09,21802,A,N,D,C,A,A,H,-,A,A,0,NA,NA,NA,NA,Y,NA,A,01,0,1,0,0,0,0,0,0,0,-,-,NA,NA,LOS ANGELES,LOS ANGELES,-118.43270012,34.08258009
8393317,2017,2017-06-28,1942,2017-06-07,1410,42726,0739,3,5,7,1942,0,0,0,G,0,20A11,ROSEMONT AV,3RD ST,100,S,N,A,-,N,NA,NA,NA,NA,NA,NA,NA,NA,NA,N,4,0,1,3,A,-,03,22350,NA,N,C,C,A,A,H,-,A,A,0,NA,NA,NA,NA,Y,NA,A,01,0,0,1,0,0,0,0,0,0,-,-,NA,NA,LOS ANGELES,LOS ANGELES,NA,NA
8393321,2017,2017-06-28,1942,2017-06-09,1340,34959,0714,5,5,7,1942,0,0,0,G,0,20TL56,VISTA ST,OAKWOOD AV,0,NA,Y,B,-,N,NA,NA,NA,NA,NA,NA,NA,NA,NA,Y,3,0,2,2,A,-,09,21802,A,N,D,C,A,A,H,-,A,A,0,NA,NA,NA,NA,Y,NA,A,01,0,1,1,0,0,0,0,0,0,-,-,NA,NA,LOS ANGELES,LOS ANGELES,-118.35224002,34.0782201
8393325,2017,2017-06-28,1942,2017-06-03,1230,41034,1837,6,5,7,1942,0,0,0,R,0,NA,COMPTON,112TH ST,0,NA,Y,A,-,N,NA,NA,NA,NA,NA,NA,NA,NA,NA,Y,3,0,1,2,A,-,12,22450,A,F,D,C,A,A,H,-,A,A,0,NA,NA,NA,NA,Y,NA,A,01,0,1,0,0,0,0,0,0,0,-,-,NA,NA,LOS ANGELES,LOS ANGELES,-118.24632008,33.93317011
8393522,2017,2017-06-26,1955,2017-05-29,1302,41872,0095,1,5,6,1955,0,0,0,NA,0,004,GRAND AV,GAREY AV,25,E,N,A,-,N,NA,NA,NA,NA,NA,NA,NA,NA,NA,N,4,0,1,2,A,-,09,21804,A,N,H,G,A,A,H,-,A,A,0,NA,Y,NA,NA,Y,NA,I,11,0,0,1,0,0,0,1,0,0,-,-,NA,NA,LOS ANGELES,POMONA,-117.74985,34.04782
8393525,2017,2018-03-08,1942,2017-06-03,0035,41521,0514,6,5,7,1942,0,0,0,E,0,18T23,PACIFIC COAST HWY,FIGUEROA PL,66,E,N,B,-,Y,LA,7,1,-,-,11.645,I,5,N,Y,4,0,1,2,A,-,12,21453,A,N,D,C,A,A,H,-,C,A,0,NA,NA,NA,NA,Y,NA,D,22,0,0,1,0,0,0,0,0,0,-,-,NA,NA,LOS ANGELES,LOS ANGELES,-118.28275,33.79071875
8393529,2017,2017-06-26,1942,2017-05-16,1325,39897,0559,2,5,7,1942,0,0,0,E,0,5X26,EARLE ST,CANNERY ST,2000,S,N,B,-,N,NA,NA,NA,NA,NA,NA,NA,NA,NA,Y,3,0,1,2,A,-,03,22350,NA,N,C,E,A,A,H,-,A,-,0,NA,NA,NA,NA,Y,NA,D,22,0,1,0,0,0,0,0,0,0,-,-,NA,NA,LOS ANGELES,LOS ANGELES,-118.26176307,33.7363866
8393533,2017,2017-06-23,1942,2017-06-04,1000,41239,1049,7,5,7,1942,0,0,0,J,0,16TL25,VICTORY BL,WOODLEY AV,300,W,N,A,-,N,NA,NA,NA,NA,NA,NA,NA,NA,NA,N,4,0,1,2,A,-,09,21804,A,N,D,C,A,A,H,-,A,D,0,NA,NA,Y,Y,Y,NA,F,26,0,0,1,0,0,0,0,0,1,-,-,NA,NA,LOS ANGELES,LOS ANGELES,-118.48464023,34.18662
8393537,2017,2017-06-26,1942,2017-05-31,0845,38503,0529,3,5,7,1942,0,0,0,E,0,5TL21,E ST,ALAMEDA ST,8,W,N,B,-,N,NA,NA,NA,NA,NA,NA,NA,NA,NA,N,4,0,1,2,A,-,07,21658,A,N,C,C,A,A,H,-,A,A,0,NA,NA,NA,Y,Y,NA,A,01,0,0,1,0,0,0,0,0,0,-,-,NA,NA,LOS ANGELES,LOS ANGELES,-118.24957254,33.77583127
8393545,2017,2017-06-23,1942,2017-05-26,1330,41924,0398,5,5,7,1942,0,0,0,C,0,3T57,FIGUEROA ST,MLK JR BL,0,NA,Y,A,-,N,NA,NA,NA,NA,NA,NA,NA,NA,NA,Y,4,0,1,2,A,-,09,21801,A,N,C,C,A,A,H,-,A,A,0,NA,NA,NA,NA,Y,NA,D,22,0,0,1,0,0,0,0,0,0,-,-,NA,NA,LOS ANGELES,LOS ANGELES,-118.28274,34.01113007
8393561,2017,2017-06-23,1942,2017-05-18,1345,42201,HARBO,4,5,7,1942,0,0,0,NA,0,512,GAFFEY ST,ANAHEIM ST,0,NA,N,A,-,N,NA,NA,NA,NA,NA,NA,NA,NA,NA,N,4,0,2,2,A,-,03,22350,NA,N,B,C,A,A,-,-,A,D,0,NA,NA,NA,NA,Y,Y,-,NA,0,0,2,0,0,0,0,0,0,-,-,NA,NA,LOS ANGELES,LOS ANGELES,-118.29753008,33.78210001
8393564,2017,2017-06-19,1900,2017-04-18,1530,524199,1515,2,5,5,1954,0,0,0,NA,0,151T2,WASHINGTON BL,LINDSEY AV,0,NA,Y,A,-,N,NA,NA,NA,NA,NA,NA,NA,NA,NA,N,4,0,1,3,A,-,09,21801,A,N,D,C,A,A,H,-,A,D,0,NA,NA,NA,NA,Y,NA,A,01,0,0,1,0,0,0,0,0,0,-,-,NA,NA,LOS ANGELES,PICO RIVERA,-118.09296011,33.98093009
8393573,2017,2017-06-23,1942,2017-06-06,0705,39971,0952,2,5,7,1942,0,0,0,I,0,21TL63,VAN NUYS BL,CLARK ST,150,N,N,B,-,N,NA,NA,NA,NA,NA,NA,NA,NA,NA,Y,4,0,1,2,A,-,07,21658,A,N,B,A,A,A,H,-,A,D,0,NA,NA,NA,Y,Y,NA,A,01,0,0,1,0,0,0,0,0,0,-,-,NA,NA,LOS ANGELES,LOS ANGELES,-118.44871,34.16889144
8393577,2017,2017-06-23,1942,2017-05-31,1420,34862,0952,3,5,7,1942,0,0,0,I,0,9A89,SEPULVEDA BL,CLARK ST,100,N,N,B,-,N,NA,NA,NA,NA,NA,NA,NA,NA,NA,Y,4,0,1,2,A,-,03,22350,NA,N,C,C,A,A,H,-,A,D,0,NA,NA,NA,NA,Y,NA,D,22,0,0,1,0,0,0,0,0,0,-,-,NA,NA,LOS ANGELES,LOS ANGELES,-118.46616152,34.16875429
8393581,2017,2017-06-22,1942,2017-06-01,2330,38613,1006,4,5,7,1942,0,0,0,J,0,9T53,STAGG ST,JELLICO AV,14,W,N,A,-,N,NA,NA,NA,NA,NA,NA,NA,NA,NA,N,4,0,3,2,A,-,12,22450,NA,N,D,C,A,A,H,-,C,A,0,NA,NA,NA,NA,Y,NA,A,01,0,0,3,0,0,0,0,0,0,-,-,NA,NA,LOS ANGELES,LOS ANGELES,-118.51748622,34.2120492
8393585,2017,2017-06-23,1942,2017-06-01,0845,41158,1506,4,5,7,1942,0,0,0,O,0,15TL43,SHERMAN WY,VINELAND AV,0,NA,Y,A,-,N,NA,NA,NA,NA,NA,NA,NA,NA,NA,Y,3,0,2,3,A,-,12,21453,A,N,D,C,A,-,H,-,A,A,0,NA,NA,NA,Y,Y,NA,A,07,0,1,1,0,0,0,0,0,0,-,-,NA,NA,LOS ANGELES,LOS ANGELES,-118.37032013,34.20118008
8393589,2017,2017-06-23,1942,2017-06-08,1400,35481,1566,4,5,7,1942,0,0,0,O,0,21TL62,VINELAND AV,MOORPARK ST,35,N,N,A,-,N,NA,NA,NA,NA,NA,NA,NA,NA,NA,N,4,0,1,2,A,-,21,22106,NA,N,C,C,A,A,H,-,A,A,0,NA,NA,NA,NA,Y,NA,H,13,0,0,1,0,0,0,0,0,0,-,-,NA,NA,LOS ANGELES,LOS ANGELES,-118.37032192,34.15045598
8393593,2017,2017-06-22,1942,2017-06-03,1250,33294,1581,6,5,7,1942,0,0,0,O,0,35M51,WHITSETT AV,MOORPARK ST,365,S,N,A,-,N,NA,NA,NA,NA,NA,NA,NA,NA,NA,Y,3,0,1,2,A,-,03,22350,NA,N,C,E,A,A,H,-,A,A,0,NA,NA,NA,Y,Y,NA,F,27,0,1,0,0,0,0,0,0,0,-,-,NA,NA,LOS ANGELES,LOS ANGELES,-118.40524318,34.14936889
8393597,2017,2017-06-22,1942,2017-06-03,1620,36801,1523,6,5,7,1942,0,0,0,O,0,10TL38,BELLAIRE AV,GILMORE ST,260,N,N,A,-,N,NA,NA,NA,NA,NA,NA,NA,NA,NA,N,2,0,1,2,A,-,11,21954,A,N,G,B,E,A,H,-,A,D,0,Y,NA,NA,NA,Y,NA,N,60,1,0,0,0,1,0,0,0,0,-,-,NA,NA,LOS ANGELES,LOS ANGELES,-118.40907061,34.18829279
8393602,2017,2017-07-12,1942,2017-06-02,1600,34599,1018,5,5,7,1942,0,0,0,J,0,17TL14,HASKELL AV,SATICOY ST,210,N,N,A,-,N,NA,NA,NA,NA,NA,NA,NA,NA,NA,N,4,0,3,2,A,-,09,21801,A,N,D,C,A,A,H,-,A,A,0,NA,NA,NA,NA,Y,NA,A,07,0,0,3,0,0,0,0,0,0,-,-,NA,NA,LOS ANGELES,LOS ANGELES,-118.4749272,34.209036
8393603,2017,2017-08-25,1942,2017-06-11,0845,42482,1841,7,5,7,1942,0,0,0,R,0,18A41,104TH ST,FIGUEROA,0,NA,Y,A,-,N,NA,NA,NA,NA,NA,NA,NA,NA,NA,N,3,0,1,2,A,-,12,21453,A,N,A,C,A,A,H,-,A,A,0,NA,NA,NA,NA,Y,NA,-,-,0,1,0,0,0,0,0,0,0,-,-,NA,NA,LOS ANGELES,LOS ANGELES,-118.28263006,33.94232009
8393604,2017,2017-07-14,1942,2017-05-12,1845,39142,0501,5,5,7,1942,0,0,0,E,0,5A58,NORMANDIE AV,186TH ST,300,N,N,A,-,N,NA,NA,NA,NA,NA,NA,NA,NA,NA,N,4,0,1,2,A,-,08,22102,NA,N,C,C,A,A,H,-,A,D,0,NA,NA,NA,NA,Y,NA,A,01,0,0,1,0,0,0,0,0,0,-,-,NA,NA,LOS ANGELES,LOS ANGELES,-118.29956904,33.86282275
8393607,2017,2017-07-12,1942,2017-06-11,1830,41729,1829,7,5,7,1942,0,0,0,R,0,5TL25,103RD ST,CROESUS AV,75,W,N,A,-,N,NA,NA,NA,NA,NA,NA,NA,NA,NA,N,4,0,1,2,A,-,03,22350,NA,F,C,G,A,A,H,-,A,D,0,NA,Y,NA,NA,Y,NA,-,99,0,0,1,0,0,0,1,0,0,-,-,NA,NA,LOS ANGELES,LOS ANGELES,-118.23405679,33.94313
8393608,2017,2017-07-14,1942,2017-05-23,1345,33599,0392,2,5,7,1942,0,0,0,C,0,3TL5,48TH ST,11TH AV,0,NA,Y,A,-,N,NA,NA,NA,NA,NA,NA,NA,NA,NA,N,4,0,1,2,A,-,10,21950,A,F,G,B,B,A,H,-,A,A,0,Y,NA,NA,NA,Y,NA,-,99,0,0,1,0,1,0,0,0,0,-,-,NA,NA,LOS ANGELES,LOS ANGELES,-118.32938007,34.0000001
8393610,2017,2017-07-12,1942,2017-06-07,1310,26319,0923,3,5,7,1942,0,0,0,I,0,19TL74,VANOWEN ST,VAN NUYS BL,150,W,N,A,-,N,NA,NA,NA,NA,NA,NA,NA,NA,NA,N,4,0,1,2,A,-,03,22350,NA,N,C,C,A,A,H,-,A,A,0,NA,NA,NA,NA,Y,NA,A,01,0,0,1,0,0,0,0,0,0,-,-,NA,NA,LOS ANGELES,LOS ANGELES,-118.44923509,34.19391589
8393611,2017,2017-07-12,1942,2017-06-04,0215,39065,0303,7,5,7,1942,0,0,0,C,0,3A31,LA BREA,ADAMS,150,N,N,A,-,N,NA,NA,NA,NA,NA,NA,NA,NA,NA,Y,3,0,1,1,A,-,03,22350,NA,N,A,I,A,A,H,-,C,D,0,NA,NA,NA,NA,Y,NA,A,01,0,1,0,0,0,0,0,0,0,-,-,NA,NA,LOS ANGELES,LOS ANGELES,-118.35068128,34.03286365
8393614,2017,2017-07-12,1942,2017-06-06,1505,35481,0937,2,5,7,1942,0,0,0,I,0,21TL62,VICTORY BL,HAZELTINE AV,105,E,N,A,-,N,NA,NA,NA,NA,NA,NA,NA,NA,NA,Y,4,0,1,2,A,-,03,22350,NA,N,C,C,A,A,H,-,A,D,0,NA,NA,Y,NA,Y,NA,C,02,0,0,1,0,0,0,0,0,1,-,-,NA,NA,LOS ANGELES,LOS ANGELES,-118.4396335,34.1866655
8393615,2017,2017-08-25,1942,2017-06-02,1330,35023,0557,5,5,7,1942,0,0,0,E,0,5X64,1ST ST,PACIFIC AV,48,W,N,A,-,N,NA,NA,NA,NA,NA,NA,NA,NA,NA,N,3,0,2,2,A,-,03,22350,NA,N,C,C,A,A,H,-,A,A,0,NA,NA,NA,NA,Y,NA,A,01,0,1,1,0,0,0,0,0,0,-,-,NA,NA,LOS ANGELES,LOS ANGELES,-118.28804758,33.74332
8393616,2017,2017-07-14,1942,2017-05-16,0550,37901,0521,2,5,7,1942,0,0,0,E,0,5A55,WESTMONT DR,AMELIA AV,14,E,N,A,-,N,NA,NA,NA,NA,NA,NA,NA,NA,NA,N,4,0,1,2,A,-,03,22350,NA,N,C,C,A,A,H,-,A,A,0,NA,NA,NA,NA,Y,NA,A,01,0,0,1,0,0,0,0,0,0,-,-,NA,NA,LOS ANGELES,LOS ANGELES,-118.3023341,33.76342219
8393618,2017,2017-07-12,1942,2017-06-06,0850,33504,0943,2,5,7,1942,0,0,0,I,0,19TL77,HAZELTINE AV,OXNARD ST,160,N,N,B,-,N,NA,NA,NA,NA,NA,NA,NA,NA,NA,N,4,0,1,4,A,-,09,21801,A,N,D,C,A,A,H,-,A,D,0,NA,NA,NA,NA,Y,NA,A,01,0,0,1,0,0,0,0,0,0,-,-,NA,NA,LOS ANGELES,LOS ANGELES,-118.43997,34.17983887
8393619,2017,2017-07-12,1942,2017-06-11,0155,42770,0518,7,5,7,1942,0,0,0,E,0,5A15,AVALON BL,246TH ST,85,N,N,A,-,N,NA,NA,NA,NA,NA,NA,NA,NA,NA,Y,3,0,1,5,A,-,03,22350,NA,N,C,E,A,A,H,-,C,D,0,NA,NA,NA,NA,Y,Y,A,01,0,1,0,0,0,0,0,0,0,-,-,NA,NA,LOS ANGELES,LOS ANGELES,-118.26397265,33.80303311
8393620,2017,2017-07-14,1942,2017-05-25,1700,40661,0393,4,5,7,1942,0,0,0,C,0,3FBL3,CRENSHAW BL,STOCKER ST,15,N,N,A,-,N,NA,NA,NA,NA,NA,NA,NA,NA,NA,N,4,0,1,2,A,-,07,21658,A,N,B,D,A,A,H,-,A,A,0,NA,NA,NA,NA,Y,NA,A,01,0,0,1,0,0,0,0,0,0,-,-,NA,NA,LOS ANGELES,LOS ANGELES,-118.33510103,34.00847113
8393622,2017,2017-07-12,1942,2017-06-08,1210,35481,0998,4,5,7,1942,0,0,0,I,0,21TL62,VENTURA BL,MARY ELLEN AV,0,NA,Y,A,-,N,NA,NA,NA,NA,NA,NA,NA,NA,NA,Y,4,0,1,2,A,-,03,22350,NA,N,C,C,A,A,H,-,A,D,0,NA,NA,NA,NA,Y,NA,A,01,0,0,1,0,0,0,0,0,0,-,-,NA,NA,LOS ANGELES,LOS ANGELES,-118.41978012,34.14612005
8393623,2017,2017-07-12,1942,2017-06-06,0155,42402,0394,2,5,7,1942,0,0,0,C,0,3A1,MARTIN LUTHER KING BL,5TH AV,0,NA,Y,A,-,N,NA,NA,NA,NA,NA,NA,NA,NA,NA,Y,4,0,1,2,A,-,03,22350,NA,N,B,C,A,A,H,-,C,A,0,NA,NA,NA,NA,Y,Y,A,01,0,0,1,0,0,0,0,0,0,-,-,NA,NA,LOS ANGELES,LOS ANGELES,-118.32229,34.01064001
8393624,2017,2017-08-17,1942,2017-05-15,1510,38598,0505,1,5,7,1942,0,0,0,E,0,5X64W4,190TH,VERMONT,0,NA,Y,A,-,N,NA,NA,NA,NA,NA,NA,NA,NA,NA,NA,3,0,1,2,A,-,08,22108,NA,N,D,C,A,A,H,-,A,A,0,NA,NA,NA,NA,Y,NA,-,-,0,1,0,0,0,0,0,0,0,-,-,NA,NA,LOS ANGELES,LOS ANGELES,-118.29054011,33.85883001
8393626,2017,2017-07-12,1942,2017-06-01,1925,40248,1008,4,5,7,1942,0,0,0,J,0,10T35,STRATHERN ST,WOODLEY AV,0,NA,Y,A,-,N,NA,NA,NA,NA,NA,NA,NA,NA,NA,N,4,0,1,2,A,-,05,21650,1,N,D,G,A,A,H,-,A,A,0,NA,Y,NA,NA,Y,NA,L,04,0,0,1,0,0,0,1,0,0,-,-,NA,NA,LOS ANGELES,LOS ANGELES,-118.48368011,34.21567006
8393627,2017,2017-07-12,1942,2017-06-06,2020,41729,0315,2,5,7,1942,0,0,0,C,0,5TL21,ARLINGTON AV,25TH ST,0,NA,Y,A,-,N,NA,NA,NA,NA,NA,NA,NA,NA,NA,N,4,0,1,2,A,-,03,22350,NA,F,C,C,A,A,H,-,C,D,0,NA,NA,NA,NA,Y,NA,-,99,0,0,1,0,0,0,0,0,0,-,-,NA,NA,LOS ANGELES,LOS ANGELES,-118.31769,34.03383
8393628,2017,2017-07-14,1942,2017-05-27,1815,40193,0994,6,5,7,1942,0,0,0,I,0,19TL76,MULHOLLAND DR,BENEDICT CANYON DR,265,W,N,A,-,N,NA,NA,NA,NA,NA,NA,NA,NA,NA,Y,3,0,2,2,A,-,03,22350,NA,N,C,E,A,A,H,-,A,D,0,NA,NA,NA,NA,Y,NA,A,01,0,1,1,0,0,0,0,0,0,-,-,NA,NA,LOS ANGELES,LOS ANGELES,-118.4382356,34.13163457
8393630,2017,2017-07-12,1942,2017-06-05,0815,38857,1027,1,5,7,1942,0,0,0,J,0,21TL65,SHERMAN WAY,BALBOA BL,210,W,N,A,-,N,NA,NA,NA,NA,NA,NA,NA,NA,NA,Y,4,0,1,1,A,-,03,22350,NA,N,E,I,A,A,H,-,A,D,0,NA,NA,NA,NA,Y,NA,A,07,0,0,1,0,0,0,0,0,0,-,-,NA,NA,LOS ANGELES,LOS ANGELES,-118.50181329,34.2012289
8393631,2017,2017-07-12,1942,2017-06-11,1430,41927,1821,7,5,7,1942,0,0,0,R,0,3T57,CENTURY BL,BARING CROSS ST,200,W,N,A,-,N,NA,NA,NA,NA,NA,NA,NA,NA,NA,N,4,0,1,2,A,-,03,22350,NA,N,C,C,A,A,H,-,A,D,0,NA,NA,NA,NA,Y,NA,A,01,0,0,1,0,0,0,0,0,0,-,-,NA,NA,LOS ANGELES,LOS ANGELES,-118.29002813,33.94549509
8393632,2017,2017-07-14,1942,2017-05-28,1600,37304,0916,7,5,7,1942,0,0,0,I,0,21TL64,SHERMAN WAY,WOODMAN AV,0,NA,Y,A,-,N,NA,NA,NA,NA,NA,NA,NA,NA,NA,N,3,0,1,2,A,-,09,21801,A,N,A,C,A,A,H,-,A,A,0,NA,NA,NA,NA,Y,NA,A,01,0,1,0,0,0,0,0,0,0,-,-,NA,NA,LOS ANGELES,LOS ANGELES,-118.43124006,34.20119003