CASE_ID,ACCIDENT_YEAR,PROC_DATE,JURIS,COLLISION_DATE,COLLISION_TIME,OFFICER_ID,REPORTING_DISTRICT,DAY_OF_WEEK,CHP_SHIFT,POPULATION,CNTY_CITY_LOC,SPECIAL_COND,BEAT_TYPE,CHP_BEAT_TYPE,CITY_DIVISION_LAPD,CHP_BEAT_CLASS,BEAT_NUMBER,PRIMARY_RD,SECONDARY_RD,DISTANCE,DIRECTION,INTERSECTION,WEATHER_1,WEATHER_2,STATE_HWY_IND,CALTRANS_COUNTY,CALTRANS_DISTRICT,STATE_ROUTE,ROUTE_SUFFIX,POSTMILE_PREFIX,POSTMILE,LOCATION_TYPE,RAMP_INTERSECTION,SIDE_OF_HWY,TOW_AWAY,COLLISION_SEVERITY,NUMBER_KILLED,NUMBER_INJURED,PARTY_COUNT,PRIMARY_COLL_FACTOR,PCF_CODE_OF_VIOL,PCF_VIOL_CATEGORY,PCF_VIOLATION,PCF_VIOL_SUBSECTION,HIT_AND_RUN,TYPE_OF_COLLISION,MVIW,PED_ACTION,ROAD_SURFACE,ROAD_COND_1,ROAD_COND_2,LIGHTING,CONTROL_DEVICE,CHP_ROAD_TYPE,PEDESTRIAN_ACCIDENT,BICYCLE_ACCIDENT,MOTORCYCLE_ACCIDENT,TRUCK_ACCIDENT,NOT_PRIVATE_PROPERTY,ALCOHOL_INVOLVED,STWD_VEHTYPE_AT_FAULT,CHP_VEHTYPE_AT_FAULT,COUNT_SEVERE_INJ,COUNT_VISIBLE_INJ,COUNT_COMPLAINT_PAIN,COUNT_PED_KILLED,COUNT_PED_INJURED,COUNT_BICYCLIST_KILLED,COUNT_BICYCLIST_INJURED,COUNT_MC_KILLED,COUNT_MC_INJURED,PRIMARY_RAMP,SECONDARY_RAMP,LATITUDE,LONGITUDE,COUNTY,CITY,POINT_X,POINT_Y
8394890,2017,2017-06-27,1942,2017-06-15,1215,41747,1826,4,5,7,1942,0,0,0,R,0,5TL21,CENTURY BL,GRANDEE AV,0,NA,Y,A,-,N,NA,NA,NA,NA,NA,NA,NA,NA,NA,N,3,0,4,3,A,-,12,21457,A,N,D,C,A,A,H,-,A,A,0,NA,NA,NA,NA,Y,NA,A,01,0,2,2,0,0,0,0,0,0,-,-,NA,NA,LOS ANGELES,LOS ANGELES,-118.24347006,33.94574009
8394891,2017,2018-02-03,1942,2017-06-14,2115,40006,1075,3,5,7,1942,0,0,0,J,0,10A99,LINDLEY AV,KILLION ST,13,N,N,A,-,N,NA,NA,NA,NA,NA,NA,NA,NA,NA,N,3,0,1,3,A,-,09,21801,A,F,D,C,A,A,H,-,C,A,0,NA,NA,Y,NA,Y,NA,-,99,0,1,0,0,0,0,0,0,1,-,-,NA,NA,LOS ANGELES,LOS ANGELES,-118.52725,34.17083566
8394892,2017,2017-06-27,1942,2017-05-24,1915,42155,1802,3,5,7,1942,0,0,0,R,0,3T5,MANCHESTER AV,MAIN ST,100,W,-,A,-,N,NA,NA,NA,NA,NA,NA,NA,NA,NA,N,4,0,1,2,A,-,05,21651,A,N,A,C,A,A,H,-,A,A,0,NA,NA,NA,NA,Y,NA,A,07,0,0,1,0,0,0,0,0,0,-,-,NA,NA,LOS ANGELES,LOS ANGELES,-118.27420913,33.96009
8394894,2017,2017-06-27,1942,2017-06-13,1355,36911,1863,2,5,7,1942,0,0,0,R,0,5T25,AVALON BL,120TH ST,0,NA,Y,A,-,N,NA,NA,NA,NA,NA,NA,NA,NA,NA,Y,3,0,1,2,A,-,09,21801,A,F,D,C,A,A,H,-,A,D,0,NA,NA,NA,NA,Y,NA,A,07,0,1,0,0,0,0,0,0,0,-,-,NA,NA,LOS ANGELES,LOS ANGELES,-118.26524004,33.92371011
8394895,2017,2017-06-27,1942,2017-06-07,1750,42746,1757,3,5,7,1942,0,0,0,Q,0,17A74,DEVONSHIRE ST,RUFFNER AV,100,E,N,A,-,N,NA,NA,NA,NA,NA,NA,NA,NA,NA,Y,3,0,1,3,A,-,03,22350,NA,F,C,C,A,A,H,-,A,D,0,NA,NA,NA,NA,Y,NA,A,01,0,1,0,0,0,0,0,0,0,-,-,NA,NA,LOS ANGELES,LOS ANGELES,-118.49654972,34.257474
8394896,2017,2017-06-27,1942,2017-05-29,1050,35936,1842,1,5,7,1942,0,0,0,R,0,18T23,GRAND AV,111TH PL,20,N,N,A,-,N,NA,NA,NA,NA,NA,NA,NA,NA,NA,N,4,0,1,2,A,-,07,21658,A,N,B,C,A,A,H,-,A,A,0,NA,NA,NA,NA,Y,NA,A,01,0,0,1,0,0,0,0,0,0,-,-,NA,NA,LOS ANGELES,LOS ANGELES,-118.28113157,33.93395266
8394898,2017,2017-06-27,1942,2017-06-17,1340,41439,1205,6,5,7,1942,0,0,0,L,0,12T41,NORMANDIE AV,48TH ST,0,NA,Y,A,-,N,NA,NA,NA,NA,NA,NA,NA,NA,NA,Y,3,0,1,2,A,-,00,21720,NA,N,D,C,A,A,H,-,A,D,0,NA,NA,Y,NA,Y,NA,C,03,0,1,0,0,0,0,0,0,1,-,-,NA,NA,LOS ANGELES,LOS ANGELES,-118.30019,34.00008008
8394899,2017,2017-06-27,1942,2017-06-07,2250,40972,1756,3,5,7,1942,0,0,0,Q,0,10T37,BALBOA BL,MAYALL ST,333,S,N,A,-,N,NA,NA,NA,NA,NA,NA,NA,NA,NA,Y,4,0,2,2,A,-,03,22350,NA,N,A,C,A,A,H,-,C,D,0,NA,NA,NA,NA,Y,NA,A,01,0,0,2,0,0,0,0,0,0,-,-,NA,NA,LOS ANGELES,LOS ANGELES,-118.50237431,34.25293658
8394900,2017,2017-06-27,1942,2017-05-30,1745,36911,1836,2,5,7,1942,0,0,0,R,0,5T25,CENTRAL AV,109TH ST,0,NA,Y,A,-,N,NA,NA,NA,NA,NA,NA,NA,NA,NA,Y,3,0,3,2,A,-,09,21801,A,N,D,C,A,A,H,-,A,D,0,NA,NA,NA,NA,Y,NA,A,01,0,1,2,0,0,0,0,0,0,-,-,NA,NA,LOS ANGELES,LOS ANGELES,-118.25421,33.93679008
8394902,2017,2017-06-27,1942,2017-06-17,0000,41056,1239,6,5,7,1942,0,0,0,L,0,12T41,SLAUSON AV,FIGUEROA ST,275,E,N,A,-,N,NA,NA,NA,NA,NA,NA,NA,NA,NA,N,4,0,1,2,A,-,09,21801,A,N,-,C,A,A,H,-,C,A,0,NA,NA,Y,NA,Y,NA,A,01,0,0,1,0,0,0,0,0,1,-,-,NA,NA,LOS ANGELES,LOS ANGELES,-118.28177471,33.98916
8394903,2017,2017-06-27,1942,2017-06-07,0635,33504,1977,3,5,7,1942,0,0,0,NA,0,19TL77,BRANFORD ST,BEACHY AV,450,W,N,A,-,N,NA,NA,NA,NA,NA,NA,NA,NA,NA,Y,4,0,2,5,A,-,08,22107,NA,N,C,E,A,A,H,-,A,D,0,NA,NA,NA,NA,Y,NA,A,01,0,0,2,0,0,0,0,0,0,-,-,NA,NA,LOS ANGELES,LOS ANGELES,-118.42418174,34.23292041
8394904,2017,2017-06-27,1942,2017-05-24,2120,41729,1844,3,5,7,1942,0,0,0,R,0,5TL23,AVALON BL,LANZIT AV,0,NA,Y,A,-,N,NA,NA,NA,NA,NA,NA,NA,NA,NA,N,3,0,1,1,A,-,03,22350,NA,N,H,I,A,A,H,-,C,D,0,NA,NA,Y,NA,Y,NA,C,02,0,1,0,0,0,0,0,0,1,-,-,NA,NA,LOS ANGELES,LOS ANGELES,-118.26520002,33.93251001
8394906,2017,2017-06-27,1942,2017-06-17,1915,40762,1215,6,5,7,1942,0,0,0,L,0,18TL39,55TH ST,BUDLONG AV,222,W,N,A,-,N,NA,NA,NA,NA,NA,NA,NA,NA,NA,Y,3,0,1,3,A,-,05,21650,NA,F,D,E,A,A,H,-,A,D,0,NA,NA,NA,NA,Y,NA,-,99,0,1,0,0,0,0,0,0,0,-,-,NA,NA,LOS ANGELES,LOS ANGELES,-118.29661093,33.99229508
8394907,2017,2017-08-28,1942,2017-06-13,0940,34427,1907,2,5,7,1942,0,0,0,NA,0,19T77,MACLAY ST,GLADSTONE AV,0,NA,Y,A,-,N,NA,NA,NA,NA,NA,NA,NA,NA,NA,Y,4,0,1,2,A,-,12,22450,NA,N,D,C,A,A,H,-,A,A,0,NA,NA,NA,NA,Y,NA,-,-,0,0,1,0,0,0,0,0,0,-,-,NA,NA,LOS ANGELES,LOS ANGELES,-118.41726004,34.30088007
8394910,2017,2017-08-18,1942,2017-06-17,1535,36911,1268,6,5,7,1942,0,0,0,L,0,5T25,SAN PEDRO ST,MANCHESTER AV,60,N,N,A,-,N,NA,NA,NA,NA,NA,NA,NA,NA,NA,Y,4,0,1,2,A,-,03,22350,NA,N,C,C,A,A,H,-,A,D,0,NA,NA,NA,NA,Y,NA,A,01,0,0,1,0,0,0,0,0,0,-,-,NA,NA,LOS ANGELES,LOS ANGELES,-118.26950731,33.96027444
8394911,2017,2017-06-27,1942,2017-06-13,1640,37353,2177,2,5,7,1942,0,0,0,NA,0,10TL36,DE SOTO AV,OXNARD ST,0,NA,Y,A,-,N,NA,NA,NA,NA,NA,NA,NA,NA,NA,N,4,0,3,4,A,-,09,21801,A,N,B,C,A,A,H,-,A,A,0,NA,NA,NA,NA,Y,NA,A,08,0,0,3,0,0,0,0,0,0,-,-,NA,NA,LOS ANGELES,LOS ANGELES,-118.59039011,34.17924011
8394912,2017,2017-06-27,1942,2017-05-22,1440,42645,1834,1,5,7,1942,0,0,0,R,0,18A17,CENTRAL,LANZIT,40,N,N,A,-,N,NA,NA,NA,NA,NA,NA,NA,NA,NA,Y,4,0,1,2,A,-,05,21651,A,N,B,D,A,A,H,-,A,D,0,NA,NA,NA,NA,Y,NA,A,01,0,0,1,0,0,0,0,0,0,-,-,NA,NA,LOS ANGELES,LOS ANGELES,-118.25421,33.9352297
8394914,2017,2017-06-27,1942,2017-06-09,2005,42210,1256,5,5,7,1942,0,0,0,L,0,12A3W3,MAIN,74TH ST,50,N,N,A,-,N,NA,NA,NA,NA,NA,NA,NA,NA,NA,N,4,0,1,2,A,-,08,22107,NA,F,B,C,A,A,H,-,B,D,0,NA,NA,NA,NA,Y,NA,-,99,0,0,1,0,0,0,0,0,0,-,-,NA,NA,LOS ANGELES,LOS ANGELES,-118.27392999999999,33.97310713
8394915,2017,2017-06-27,1942,2017-06-14,1245,34427,0984,3,5,7,1942,0,0,0,I,0,10T35,SEPULVEDA,VENTURA BL,0,NA,N,A,-,N,NA,NA,NA,NA,NA,NA,NA,NA,NA,Y,4,0,1,2,A,-,03,22350,NA,N,E,I,A,A,H,-,A,D,0,NA,NA,NA,NA,Y,NA,A,07,0,0,1,0,0,0,0,0,0,-,-,NA,NA,LOS ANGELES,LOS ANGELES,-118.46620007,34.15383005
8394919,2017,2017-06-27,1942,2017-06-03,0235,27792,1792,6,5,7,1942,0,0,0,Q,0,10T35,CORBIN AV,PARTHENIA ST,75,S,N,B,-,N,NA,NA,NA,NA,NA,NA,NA,NA,NA,Y,4,0,1,1,A,-,05,21650,NA,N,E,I,A,A,H,-,C,A,0,NA,NA,NA,NA,Y,Y,A,01,0,0,1,0,0,0,0,0,0,-,-,NA,NA,LOS ANGELES,LOS ANGELES,-118.56229447,34.22802429
8394923,2017,2017-09-13,1942,2017-06-04,2206,37080,1512,7,5,7,1942,0,0,0,O,0,10T37,SHERMAN WAY,BELLAIRE AV,0,NA,Y,A,-,N,NA,NA,NA,NA,NA,NA,NA,NA,NA,Y,2,0,3,2,A,-,03,22350,NA,N,B,C,A,A,H,-,C,A,0,NA,NA,NA,NA,Y,NA,A,01,1,0,2,0,0,0,0,0,0,-,-,NA,NA,LOS ANGELES,LOS ANGELES,-118.4094301,34.20120012
8394924,2017,2017-06-26,1942,2017-05-11,1105,33956,1822,4,5,7,1942,0,0,0,R,0,18A63,MAIN ST,101ST ST,0,NA,Y,A,-,N,NA,NA,NA,NA,NA,NA,NA,NA,NA,N,4,0,1,2,A,-,09,21802,A,F,B,C,A,A,H,-,A,D,0,NA,NA,NA,NA,Y,NA,-,99,0,0,1,0,0,0,0,0,0,-,-,NA,NA,LOS ANGELES,LOS ANGELES,-118.27388005,33.94466007
8394926,2017,2017-06-27,1942,2017-06-13,0920,25904,1235,2,5,7,1942,0,0,0,L,0,77TH,WESTERN AV,64TH ST,30,S,N,A,-,N,NA,NA,NA,NA,NA,NA,NA,NA,NA,N,4,0,1,2,A,-,21,22106,NA,F,C,D,A,A,H,-,A,D,0,NA,NA,NA,NA,Y,NA,-,99,0,0,1,0,0,0,0,0,0,-,-,NA,NA,LOS ANGELES,LOS ANGELES,-118.308962,33.981301
8394927,2017,2017-06-27,1942,2017-06-16,1405,40193,1728,5,5,7,1942,0,0,0,Q,0,19TL76,RESEDA BL,SAN FERNANDO MISSION BL,40,S,N,A,-,N,NA,NA,NA,NA,NA,NA,NA,NA,NA,Y,4,0,1,4,A,-,08,22103,NA,F,D,C,A,A,H,-,A,A,0,NA,NA,NA,NA,Y,NA,A,01,0,0,1,0,0,0,0,0,0,-,-,NA,NA,LOS ANGELES,LOS ANGELES,-118.5361,34.27164028
8394931,2017,2017-06-27,1942,2017-06-16,1320,38354,1004,5,5,7,1942,0,0,0,J,0,9TL56,KESWICK ST,RESEDA BL,0,NA,Y,A,-,N,NA,NA,NA,NA,NA,NA,NA,NA,NA,Y,3,0,4,2,A,-,01,23152,A,F,D,C,A,A,H,-,A,A,0,NA,NA,NA,NA,Y,Y,A,01,0,1,3,0,0,0,0,0,0,-,-,NA,NA,LOS ANGELES,LOS ANGELES,-118.53606001,34.21021008
8394935,2017,2017-06-27,1942,2017-06-17,1505,41316,0943,6,5,7,1942,0,0,0,I,0,21TL62,CALIFA ST,TYRONE AV,0,NA,Y,A,-,N,NA,NA,NA,NA,NA,NA,NA,NA,NA,Y,4,0,3,2,A,-,12,22450,NA,F,B,C,A,A,H,-,A,A,0,NA,NA,NA,NA,Y,NA,-,99,0,0,3,0,0,0,0,0,0,-,-,NA,NA,LOS ANGELES,LOS ANGELES,-118.44433011,34.17755012
8394939,2017,2017-06-27,1942,2017-06-07,1930,42642,1243,3,5,7,1942,0,0,0,L,0,12A31,69TH ST,WESTERN AV,0,NA,N,A,-,N,NA,NA,NA,NA,NA,NA,NA,NA,NA,Y,4,0,1,2,A,-,12,21455,NA,N,C,C,A,A,H,-,A,A,0,NA,NA,NA,NA,Y,NA,A,07,0,0,1,0,0,0,0,0,0,-,-,NA,NA,LOS ANGELES,LOS ANGELES,-118.30898005,33.97699007
8394943,2017,2017-06-27,1942,2017-06-08,1750,42064,1242,4,5,7,1942,0,0,0,L,0,12L90,62ND ST,HYDE PARK,0,NA,N,A,-,N,NA,NA,NA,NA,NA,NA,NA,NA,NA,N,4,0,1,2,A,-,00,20015,NA,F,B,C,A,A,H,-,A,A,0,NA,NA,NA,NA,Y,NA,-,99,0,0,1,0,0,0,0,0,0,-,-,NA,NA,LOS ANGELES,LOS ANGELES,-118.31927006,33.98366008
8394947,2017,2018-08-22,1942,2017-06-12,1105,41536,1256,1,5,7,1942,0,0,0,L,0,3T5,FLORENCE AV,BROADWAY AV,145,W,N,A,-,N,NA,NA,NA,NA,NA,NA,NA,NA,NA,Y,3,0,2,2,A,-,03,22350,NA,N,F,I,F,A,H,-,A,D,0,Y,NA,NA,NA,Y,NA,A,07,0,2,0,0,1,0,0,0,0,-,-,NA,NA,LOS ANGELES,LOS ANGELES,-118.27880732,33.97466
8394951,2017,2017-06-27,1942,2017-06-18,0120,41917,1256,7,5,7,1942,0,0,0,L,0,5T23,VERMONT AV,75TH ST,11,N,N,A,-,N,NA,NA,NA,NA,NA,NA,NA,NA,NA,Y,4,0,1,6,A,-,03,22350,NA,F,C,C,A,A,H,-,C,D,0,NA,NA,NA,NA,Y,NA,-,99,0,0,1,0,0,0,0,0,0,-,-,NA,NA,LOS ANGELES,LOS ANGELES,NA,NA
8394952,2017,2017-06-26,1920,2017-05-24,0933,12476,NA,3,5,6,1920,0,0,0,NA,0,NA,ROSE AV,LAKEWOOD BL,33,S,N,A,-,N,NA,NA,NA,NA,NA,NA,NA,NA,NA,N,3,0,1,2,A,-,09,21804,A,N,H,G,A,A,H,-,A,A,0,NA,Y,NA,NA,Y,NA,L,04,0,1,0,0,0,0,1,0,0,-,-,NA,NA,LOS ANGELES,DOWNEY,-118.1351319,33.92032714
8394955,2017,2017-06-27,1942,2017-06-15,1330,41729,1211,4,5,7,1942,0,0,0,L,0,5TL25,SLAUSON AV,HILLCREST DR,0,NA,Y,A,-,N,NA,NA,NA,NA,NA,NA,NA,NA,NA,N,3,0,1,2,A,-,12,22450,A,F,D,G,A,A,H,-,A,A,0,NA,Y,NA,NA,Y,NA,-,99,0,1,0,0,0,0,1,0,0,-,-,NA,NA,LOS ANGELES,LOS ANGELES,-118.33670001,33.98898009
8394959,2017,2017-06-27,1942,2017-06-16,1557,31188,1851,5,5,7,1942,0,0,0,R,0,3T57,EL SEGUNDO BL,MENLO AV,0,NA,Y,A,-,N,NA,NA,NA,NA,NA,NA,NA,NA,NA,Y,3,0,2,2,A,-,09,21801,NA,N,D,C,A,A,H,-,A,A,0,NA,NA,NA,NA,Y,NA,A,01,0,1,1,0,0,0,0,0,0,-,-,NA,NA,LOS ANGELES,LOS ANGELES,-118.28938013,33.91642009
8394960,2017,2017-06-26,1920,2017-05-28,1228,10216,NA,7,5,6,1920,0,0,0,NA,0,001,IMPERIAL HWY,BELLFLOWER BL,0,NA,Y,A,-,N,NA,NA,NA,NA,NA,NA,NA,NA,NA,Y,4,0,2,3,A,-,00,21352,A,F,D,C,A,A,D,-,A,A,0,NA,NA,NA,NA,Y,NA,A,01,0,0,2,0,0,0,0,0,0,-,-,NA,NA,LOS ANGELES,DOWNEY,-118.12542004,33.91703003
8394995,2017,2017-06-28,1942,2017-06-12,1615,42330,MISSI,1,5,7,1942,0,0,0,NA,0,19X74,LANGDON AV,ROMAR ST,25,S,N,A,-,N,NA,NA,NA,NA,NA,NA,NA,NA,NA,N,4,0,2,3,A,-,08,22107,NA,M,B,E,A,A,H,-,A,D,0,NA,NA,NA,NA,Y,NA,A,01,0,0,2,0,0,0,0,0,0,-,-,NA,NA,LOS ANGELES,LOS ANGELES,-118.46967,34.25445143
8395031,2017,2017-06-28,1942,2017-06-16,1630,41927,1243,5,5,7,1942,0,0,0,L,0,5T25,VAN NESS AV,SOUTHWEST DR,200,S,N,A,-,N,NA,NA,NA,NA,NA,NA,NA,NA,NA,N,4,0,3,2,A,-,03,22350,NA,F,B,E,A,A,H,-,A,D,0,NA,NA,NA,NA,Y,NA,-,99,0,0,3,0,0,0,0,0,0,-,-,NA,NA,LOS ANGELES,LOS ANGELES,-118.31769731,33.98279151
8395066,2017,2017-07-11,1942,2017-02-08,1900,41462,NHWD1,3,5,7,1942,0,0,0,NA,0,15A33,RIVERSIDE DR,FARMDALE AV,60,W,N,A,-,N,NA,NA,NA,NA,NA,NA,NA,NA,NA,Y,4,0,1,3,A,-,01,23152,A,N,C,C,A,A,H,-,B,D,0,NA,NA,NA,Y,Y,Y,F,26,0,0,1,0,0,0,0,0,0,-,-,NA,NA,LOS ANGELES,LOS ANGELES,-118.38139796,34.15765
8395068,2017,2017-06-30,1967,2017-06-04,1543,139,NA,7,5,2,1967,0,0,0,NA,0,NORTH,ORANGE AV,WILLOW,0,NA,Y,A,-,N,NA,NA,NA,NA,NA,NA,NA,NA,NA,Y,4,0,1,2,A,-,12,21453,A,N,D,C,A,A,H,-,A,A,0,NA,NA,NA,NA,Y,NA,-,-,0,0,1,0,0,0,0,0,0,-,-,NA,NA,LOS ANGELES,SIGNAL HILL,-118.17633012,33.80440003
8395070,2017,2017-06-30,1942,2017-06-13,1340,40542,1752,2,5,7,1942,0,0,0,Q,0,9T54,LASSEN ST,CANOGA AV,0,NA,Y,A,-,N,NA,NA,NA,NA,NA,NA,NA,NA,NA,Y,4,0,1,2,A,-,09,21801,A,N,A,C,A,A,H,-,A,A,0,NA,NA,NA,NA,Y,NA,D,22,0,0,1,0,0,0,0,0,0,-,-,NA,NA,LOS ANGELES,LOS ANGELES,-118.59732003,34.2499901
8395074,2017,2017-07-14,1942,2017-06-12,1700,41274,1705,1,5,7,1942,0,0,0,Q,0,16T24W,SAN FERNANDO RD,SEIRRA HWY,1874,S,N,A,-,N,NA,NA,NA,NA,NA,NA,NA,NA,NA,Y,4,0,1,3,A,-,04,21703,NA,N,C,C,A,A,H,-,A,D,0,NA,NA,NA,NA,Y,NA,A,01,0,0,1,0,0,0,0,0,0,-,-,NA,NA,LOS ANGELES,LOS ANGELES,-118.50408852,34.32789231
8395078,2017,2017-08-01,1942,2017-06-12,0015,41396,1633,1,5,7,1942,0,0,0,P,0,15T45,OSBORNE ST,FOOTHILL BL,76,N,N,A,-,N,NA,NA,NA,NA,NA,NA,NA,NA,NA,Y,4,0,1,2,A,-,03,22350,NA,N,D,C,A,A,H,-,C,A,0,NA,NA,NA,Y,Y,NA,A,01,0,0,1,0,0,0,0,0,0,-,-,NA,NA,LOS ANGELES,LOS ANGELES,-118.39386,34.27357
8395082,2017,2017-06-30,1942,2017-06-07,1835,31114,1961,3,5,7,1942,0,0,0,NA,0,19Z131,NORDHOFF ST,LANGDON AV,0,NA,Y,A,-,N,NA,NA,NA,NA,NA,NA,NA,NA,NA,N,4,0,1,2,A,-,09,21801,A,N,D,C,A,A,H,-,A,A,0,NA,NA,NA,NA,Y,NA,D,22,0,0,1,0,0,0,0,0,0,-,-,NA,NA,LOS ANGELES,LOS ANGELES,-118.46978004,34.23555004
8395086,2017,2017-06-30,1942,2017-06-12,1936,40388,1958,1,5,7,1942,0,0,0,NA,0,15T43,VAN NUYS BL,CANTERBURY AV,0,NA,Y,A,-,N,NA,NA,NA,NA,NA,NA,NA,NA,NA,Y,4,0,1,2,A,-,12,21453,A,N,D,C,A,A,H,-,A,A,0,NA,NA,NA,NA,Y,NA,-,-,0,0,1,0,0,0,0,0,0,-,-,NA,NA,LOS ANGELES,LOS ANGELES,-118.44528005,34.2492101
8395090,2017,2017-06-30,1942,2017-06-13,2355,41861,2169,2,5,7,1942,0,0,0,NA,0,21T65,TOPHAM ST,CORBIN AV,100,W,N,A,-,N,NA,NA,NA,NA,NA,NA,NA,NA,NA,N,4,0,4,2,A,-,03,22350,NA,N,C,C,A,A,H,-,C,A,0,NA,NA,NA,Y,Y,NA,F,26,0,0,4,0,0,0,0,0,0,-,-,NA,NA,LOS ANGELES,LOS ANGELES,-118.56252436,34.18410617
8395091,2017,2017-06-29,1920,2017-05-24,1000,10216,NA,3,5,6,1920,0,0,0,NA,0,005,TELEGRAPH RD,PARAMOUNT BL,0,NA,Y,A,-,N,NA,NA,NA,NA,NA,NA,NA,NA,NA,Y,3,0,1,2,A,-,09,21801,A,N,D,C,A,A,H,-,A,A,0,NA,NA,NA,NA,Y,NA,D,22,0,1,0,0,0,0,0,0,0,-,-,NA,NA,LOS ANGELES,DOWNEY,-118.11578012,33.96707003
8395094,2017,2017-06-30,1942,2017-06-12,1445,41274,2107,1,5,7,1942,0,0,0,NA,0,16T24W,DESOTO AV,ROSCOE BL,360,S,N,A,-,N,NA,NA,NA,NA,NA,NA,NA,NA,NA,Y,4,0,1,4,A,-,09,21801,A,N,D,C,A,A,H,-,A,D,0,NA,NA,NA,NA,Y,NA,D,22,0,0,1,0,0,0,0,0,0,-,-,NA,NA,LOS ANGELES,LOS ANGELES,-118.58849,34.21895242
8395098,2017,2017-06-30,1942,2017-06-13,1535,41316,2173,2,5,7,1942,0,0,0,NA,0,21TL62,LEONORA DR,WOODLAKE AV,0,NA,Y,A,-,N,NA,NA,NA,NA,NA,NA,NA,NA,NA,Y,3,0,2,2,A,-,12,22450,A,N,D,C,A,A,H,-,A,A,0,NA,NA,NA,NA,Y,NA,A,01,0,1,1,0,0,0,0,0,0,-,-,NA,NA,LOS ANGELES,LOS ANGELES,-118.63147014,34.16342009
8395101,2017,2017-07-03,1942,2017-05-06,2110,42449,0497,6,5,7,1942,0,0,0,D,0,4A6,OLYMPIC BL,CAMULOS ST,120,E,N,B,-,N,NA,NA,NA,NA,NA,NA,NA,NA,NA,N,4,0,1,3,A,-,03,22350,NA,F,B,C,A,A,H,-,C,D,0,NA,NA,NA,Y,Y,NA,-,99,0,0,1,0,0,0,0,0,0,-,-,NA,NA,LOS ANGELES,LOS ANGELES,-118.21530109,34.02231542
8395102,2017,2017-07-05,1942,2017-06-13,2115,41396,2157,2,5,7,1942,0,0,0,NA,0,17TL13,VANOWEN ST,MASON AV,160,W,N,A,-,N,NA,NA,NA,NA,NA,NA,NA,NA,NA,Y,3,0,2,2,A,-,09,21804,A,N,D,C,A,A,H,-,C,A,0,NA,NA,NA,NA,Y,NA,D,22,0,1,1,0,0,0,0,0,0,-,-,NA,NA,LOS ANGELES,LOS ANGELES,-118.58022821,34.19378
8395105,2017,2017-06-29,1942,2017-05-25,0730,37540,1124,4,5,7,1942,0,0,0,K,0,24TL25,FLETCHER DR,AVENUE 34,46,S,N,B,-,N,NA,NA,NA,NA,NA,NA,NA,NA,NA,N,4,0,1,2,A,-,08,22107,NA,N,D,G,A,A,H,-,A,D,0,NA,Y,NA,NA,Y,NA,D,22,0,0,1,0,0,0,1,0,0,-,-,NA,NA,LOS ANGELES,LOS ANGELES,-118.24055605,34.11853877
8395114,2017,2017-07-05,1942,2017-06-18,0100,42589,1249,7,5,7,1942,0,0,0,L,0,12A53,FLOWER ST,GAGE AV,0,NA,Y,A,-,N,NA,NA,NA,NA,NA,NA,NA,NA,NA,Y,4,0,1,2,A,-,09,21801,A,N,D,C,A,A,H,-,C,A,0,NA,NA,NA,NA,Y,NA,D,22,0,0,1,0,0,0,0,0,0,-,-,NA,NA,LOS ANGELES,LOS ANGELES,-118.28111004,33.98238005
8395117,2017,2017-06-30,1942,2017-06-04,1035,39010,1147,7,5,7,1942,0,0,0,K,0,24TL28,SAN FERNANDO RD,MACON ST,157,S,N,A,-,N,NA,NA,NA,NA,NA,NA,NA,NA,NA,Y,2,0,2,1,A,-,03,22350,NA,N,E,I,A,A,H,-,A,A,0,NA,NA,NA,NA,Y,NA,D,22,1,1,0,0,0,0,0,0,0,-,-,NA,NA,LOS ANGELES,LOS ANGELES,-118.23520784,34.09992044
8395122,2017,2017-07-10,1942,2017-05-28,1945,42767,1101,7,5,7,1942,0,0,0,K,0,11A71,WESTERN CANYON RD,W OBSERVATORY RD,0,W,N,A,-,N,NA,NA,NA,NA,NA,NA,NA,NA,NA,N,4,0,1,3,A,-,03,22350,A,N,C,E,A,A,H,-,B,D,0,NA,NA,NA,NA,Y,NA,A,01,0,0,1,0,0,0,0,0,0,-,-,NA,NA,LOS ANGELES,LOS ANGELES,-118.30220002,34.12336009
8395126,2017,2017-07-10,1942,2017-05-06,0125,38357,0422,6,5,7,1942,0,0,0,D,0,24T57,DARWIN AV,DALY AV,141,E,N,A,-,N,NA,NA,NA,NA,NA,NA,NA,NA,NA,N,3,0,1,4,A,-,03,22350,NA,F,D,B,F,A,H,-,C,D,0,Y,NA,NA,NA,Y,NA,-,99,0,1,0,0,1,0,0,0,0,-,-,NA,NA,LOS ANGELES,LOS ANGELES,-118.21503555,34.06753089
8395132,2017,2017-06-29,1942,2017-05-28,1130,41672,2011,7,5,7,1942,0,0,0,NA,0,20TL58,BEVERLY BL,SAINT ANDREWS PL,2,N,N,A,-,N,NA,NA,NA,NA,NA,NA,NA,NA,NA,N,3,0,1,2,A,-,05,21650,NA,F,H,G,A,A,H,-,A,A,0,NA,Y,NA,NA,Y,NA,L,04,0,1,0,0,0,0,1,0,0,-,-,NA,NA,LOS ANGELES,LOS ANGELES,-118.31138,34.07623
8395134,2017,2017-07-10,1942,2017-05-26,1445,41139,1128,5,5,7,1942,0,0,0,K,0,11A95,YORK BL,N AVE 63,45,E,N,B,-,N,NA,NA,NA,NA,NA,NA,NA,NA,NA,Y,3,0,1,2,A,-,03,22350,NA,N,C,C,A,A,H,-,A,A,0,NA,NA,NA,NA,Y,NA,A,01,0,1,0,0,0,0,0,0,0,-,-,NA,NA,LOS ANGELES,LOS ANGELES,-118.18249228,34.11478409