CASE_ID,ACCIDENT_YEAR,PROC_DATE,JURIS,COLLISION_DATE,COLLISION_TIME,OFFICER_ID,REPORTING_DISTRICT,DAY_OF_WEEK,CHP_SHIFT,POPULATION,CNTY_CITY_LOC,SPECIAL_COND,BEAT_TYPE,CHP_BEAT_TYPE,CITY_DIVISION_LAPD,CHP_BEAT_CLASS,BEAT_NUMBER,PRIMARY_RD,SECONDARY_RD,DISTANCE,DIRECTION,INTERSECTION,WEATHER_1,WEATHER_2,STATE_HWY_IND,CALTRANS_COUNTY,CALTRANS_DISTRICT,STATE_ROUTE,ROUTE_SUFFIX,POSTMILE_PREFIX,POSTMILE,LOCATION_TYPE,RAMP_INTERSECTION,SIDE_OF_HWY,TOW_AWAY,COLLISION_SEVERITY,NUMBER_KILLED,NUMBER_INJURED,PARTY_COUNT,PRIMARY_COLL_FACTOR,PCF_CODE_OF_VIOL,PCF_VIOL_CATEGORY,PCF_VIOLATION,PCF_VIOL_SUBSECTION,HIT_AND_RUN,TYPE_OF_COLLISION,MVIW,PED_ACTION,ROAD_SURFACE,ROAD_COND_1,ROAD_COND_2,LIGHTING,CONTROL_DEVICE,CHP_ROAD_TYPE,PEDESTRIAN_ACCIDENT,BICYCLE_ACCIDENT,MOTORCYCLE_ACCIDENT,TRUCK_ACCIDENT,NOT_PRIVATE_PROPERTY,ALCOHOL_INVOLVED,STWD_VEHTYPE_AT_FAULT,CHP_VEHTYPE_AT_FAULT,COUNT_SEVERE_INJ,COUNT_VISIBLE_INJ,COUNT_COMPLAINT_PAIN,COUNT_PED_KILLED,COUNT_PED_INJURED,COUNT_BICYCLIST_KILLED,COUNT_BICYCLIST_INJURED,COUNT_MC_KILLED,COUNT_MC_INJURED,PRIMARY_RAMP,SECONDARY_RAMP,LATITUDE,LONGITUDE,COUNTY,CITY,POINT_X,POINT_Y
8397242,2017,2017-06-23,1922,2017-05-25,0843,502,NA,4,5,6,1922,0,0,0,NA,0,002,LOWER AZUSA,COGSWELL,200,W,N,B,-,N,NA,NA,NA,NA,NA,NA,NA,NA,NA,Y,4,0,1,2,A,-,04,21703,NA,N,C,C,A,A,H,-,A,D,0,NA,NA,NA,NA,Y,NA,A,07,0,0,1,0,0,0,0,0,0,-,-,NA,NA,LOS ANGELES,EL MONTE,-118.00715837,34.0880809
8397246,2017,2017-06-23,1900,2017-06-13,1610,525763,0532,2,5,5,1959,0,0,0,NA,0,53T1PM,KELBURN AV,GARVEY AV,159,S,N,A,-,N,NA,NA,NA,NA,NA,NA,NA,NA,NA,Y,4,0,1,2,A,-,09,21804,A,N,D,C,A,A,H,-,A,D,0,NA,NA,NA,NA,Y,NA,A,01,0,0,1,0,0,0,0,0,0,-,-,34.062,-118.09,LOS ANGELES,ROSEMEAD,-118.09465702,34.06220403
8397250,2017,2017-06-30,1900,2017-06-03,0950,600019,0563,6,5,3,1968,0,0,0,NA,0,55T1PM,LEXHAM AV,FAWCETT AV,15,S,N,A,-,N,NA,NA,NA,NA,NA,NA,NA,NA,NA,N,4,0,1,2,A,-,11,21954,A,N,G,B,D,A,H,-,A,D,0,Y,NA,NA,NA,Y,NA,N,60,0,0,1,0,1,0,0,0,0,-,-,34.03858,-118.0475,LOS ANGELES,SOUTH EL MONTE,-118.04741804,34.03863961
8397253,2017,2017-06-30,1900,2017-06-02,0903,443069,972,5,5,4,1979,0,0,0,NA,0,92T1,SANTA MONICA BL,PALM AV,48,W,N,A,-,N,NA,NA,NA,NA,NA,NA,NA,NA,NA,N,4,0,1,2,A,-,04,21703,NA,N,C,C,A,A,H,-,A,D,0,NA,NA,NA,NA,Y,NA,A,07,0,0,1,0,0,0,0,0,0,-,-,NA,NA,LOS ANGELES,WEST HOLLYWOOD,-118.38299048,34.08570466
8397254,2017,2017-06-23,1922,2017-06-06,1533,680,NA,2,5,6,1922,0,0,0,NA,0,NA,LAMBERT AV,CYPRESS AV,0,NA,Y,A,-,N,NA,NA,NA,NA,NA,NA,NA,NA,NA,N,4,0,1,2,A,-,12,22450,A,N,D,C,A,A,H,-,A,D,0,NA,NA,NA,NA,Y,NA,A,01,0,0,1,0,0,0,0,0,0,-,-,34.08379,-118.02666,LOS ANGELES,EL MONTE,-118.02661,34.08376007
8397258,2017,2017-06-23,1922,2017-06-11,1112,598,NA,7,5,6,1922,0,0,0,NA,0,NA,PECK RD,SITKA ST,0,NA,Y,B,-,N,NA,NA,NA,NA,NA,NA,NA,NA,NA,N,4,0,1,2,A,-,09,21802,A,N,D,C,A,A,H,-,A,D,0,NA,NA,NA,NA,Y,NA,A,01,0,0,1,0,0,0,0,0,0,-,-,34.07328,-118.02335,LOS ANGELES,EL MONTE,-118.02347001,34.07330008
8397262,2017,2017-06-23,1922,2017-06-08,2106,684,NA,4,5,6,1922,0,0,0,NA,0,004,MAGNOLIA ST,PARKWAY DR,800,E,N,A,-,N,NA,NA,NA,NA,NA,NA,NA,NA,NA,Y,3,0,1,2,A,-,05,21202,A,F,A,G,A,A,H,-,A,D,0,NA,Y,NA,NA,Y,NA,L,04,0,1,0,0,0,0,1,0,0,-,-,NA,NA,LOS ANGELES,EL MONTE,-118.01174,34.05187
8397266,2017,2017-06-23,1900,2017-06-10,2259,526486,0986,6,5,4,1979,0,0,0,NA,0,91T2,SUNSET BL,DOHENY DR,0,NA,Y,A,-,N,NA,NA,NA,NA,NA,NA,NA,NA,NA,Y,3,0,1,2,A,-,09,21801,A,N,A,J,A,A,H,-,C,A,0,NA,NA,Y,NA,Y,NA,A,01,0,1,0,0,0,0,0,0,1,-,-,NA,NA,LOS ANGELES,WEST HOLLYWOOD,-118.38974,34.09061002
8397268,2017,2017-06-23,1900,2017-06-05,1829,517022,0463,1,5,4,1936,0,0,0,NA,0,46T1PM,LA MIRADA BL,GAGELY DR,308,N,N,A,-,N,NA,NA,NA,NA,NA,NA,NA,NA,NA,N,4,0,1,3,A,-,03,22350,NA,N,C,C,A,A,H,-,A,D,0,NA,NA,NA,NA,Y,NA,A,07,0,0,1,0,0,0,0,0,0,-,-,NA,NA,LOS ANGELES,LA MIRADA,-118.01213,33.91519
8397270,2017,2017-06-23,1900,2017-06-06,2115,531409,0987,2,5,4,1979,0,0,0,NA,0,91T3,SUNSET BL,KINGS RD,160,E,N,A,-,N,NA,NA,NA,NA,NA,NA,NA,NA,NA,N,4,0,1,2,A,-,21,22106,NA,N,B,C,A,A,H,-,C,D,0,NA,NA,NA,NA,Y,NA,A,01,0,0,1,0,0,0,0,0,0,-,-,NA,NA,LOS ANGELES,WEST HOLLYWOOD,-118.3722586,34.0954057
8397274,2017,2017-06-23,1900,2017-06-15,1855,531921,0523,4,5,4,1971,0,0,0,NA,0,52T1PM,BROADWAY,TEMPLE CITY BL,13,W,N,A,-,N,NA,NA,NA,NA,NA,NA,NA,NA,NA,N,3,0,1,3,A,-,10,21950,A,N,G,B,B,A,H,-,B,A,0,Y,NA,NA,NA,Y,NA,A,07,0,1,0,0,1,0,0,0,0,-,-,34.10048,-118.05979,LOS ANGELES,TEMPLE CITY,-118.05966219,34.10047376
8397278,2017,2017-06-23,1900,2017-06-13,0815,525140,0521,2,5,4,1971,0,0,0,NA,0,52T1AM,LAS TUNAS DR,PRIMROSE AV,0,NA,Y,A,-,N,NA,NA,NA,NA,NA,NA,NA,NA,NA,Y,4,0,1,2,A,-,12,21453,A,N,D,C,A,A,H,-,A,A,0,NA,NA,Y,NA,Y,NA,A,01,0,0,1,0,0,0,0,0,1,-,-,34.11032,-118.0623,LOS ANGELES,TEMPLE CITY,-118.0623301,34.10650005
8397281,2017,2017-06-23,1900,2017-06-12,1650,519502,0562,1,5,3,1968,0,0,0,NA,0,55T1PM,DURFEE AV,THIENES AV,0,NA,Y,A,-,N,NA,NA,NA,NA,NA,NA,NA,NA,NA,Y,4,0,2,2,A,-,12,21453,A,N,D,C,A,A,H,-,A,A,0,NA,NA,NA,NA,Y,NA,A,01,0,0,2,0,0,0,0,0,0,-,-,34.0432,-118.033,LOS ANGELES,SOUTH EL MONTE,-118.03299002,34.04319006
8397285,2017,2017-06-23,1900,2017-06-08,1345,527482,0531,4,5,5,1959,0,0,0,NA,0,53AM,TEMPLE CITY BL,LOFTUS DR,60,S,N,A,-,N,NA,NA,NA,NA,NA,NA,NA,NA,NA,Y,4,0,1,2,A,-,03,22350,NA,N,C,C,A,A,H,-,A,D,0,NA,NA,NA,NA,Y,NA,A,01,0,0,1,0,0,0,0,0,0,-,-,34.074,-118.0585,LOS ANGELES,ROSEMEAD,-118.05854469,34.07409555
8397290,2017,2017-06-26,1967,2017-06-12,1840,136,NA,1,5,2,1967,0,0,0,NA,0,SOUTH,CHERRY AV,21ST,297,N,N,A,-,N,NA,NA,NA,NA,NA,NA,NA,NA,NA,N,3,0,1,2,A,-,09,21804,A,N,H,G,A,A,H,-,A,D,0,NA,Y,NA,NA,Y,NA,A,01,0,1,0,0,0,0,1,0,0,-,-,NA,NA,LOS ANGELES,SIGNAL HILL,-118.16775367,33.79613367
8397311,2017,2017-06-26,1938,2017-02-11,1546,218,NA,6,5,4,1938,0,0,0,NA,0,001,BASELINE RD,WHEELER AV,0,NA,Y,B,-,N,NA,NA,NA,NA,NA,NA,NA,NA,NA,Y,4,0,1,2,A,-,08,22100,A,N,D,C,A,A,H,-,A,A,0,NA,NA,NA,NA,Y,NA,A,01,0,0,1,0,0,0,0,0,0,-,-,NA,NA,LOS ANGELES,LA VERNE,-117.77685007,34.1216801
8397315,2017,2017-06-26,1938,2017-02-13,1828,677,NA,1,5,4,1938,0,0,0,NA,0,003,ARROW HWY,WHITE AV,7,E,N,A,-,N,NA,NA,NA,NA,NA,NA,NA,NA,NA,N,3,0,1,2,A,-,11,21456,B,N,G,B,B,A,H,-,C,A,0,Y,NA,NA,NA,Y,NA,N,60,0,1,0,0,1,0,0,0,0,-,-,NA,NA,LOS ANGELES,LA VERNE,-117.76453227,34.09424773
8397317,2017,2017-06-23,1938,2017-03-24,1527,1041,NA,5,5,4,1938,0,0,0,NA,0,NA,BRADFORD ST,FOOTHILL BL,218,N,N,A,-,N,NA,NA,NA,NA,NA,NA,NA,NA,NA,N,4,0,1,2,A,-,08,22107,NA,N,D,C,A,A,H,-,A,D,0,NA,NA,Y,NA,Y,NA,A,01,0,0,1,0,0,0,0,0,1,-,-,NA,NA,LOS ANGELES,LA VERNE,-117.75510755,34.11069334
8397331,2017,2017-06-26,1900,2017-04-14,1615,536345,0977,5,5,4,1979,0,0,0,NA,0,93T1,SANTA MONICA BL,WEST KNOLL DR,0,NA,Y,A,-,N,NA,NA,NA,NA,NA,NA,NA,NA,NA,N,2,0,1,2,A,-,-,NA,NA,N,G,B,E,A,C,D,A,D,0,Y,NA,NA,NA,Y,NA,A,07,1,0,0,0,1,0,0,0,0,-,-,NA,NA,LOS ANGELES,WEST HOLLYWOOD,-118.37707013,34.08914005
8397363,2017,2017-06-26,1942,2017-05-28,0715,41858,2005,7,5,7,1942,0,0,0,NA,0,20T59,OAKWOOD AV,KINGSLEY DR,18,W,N,A,-,N,NA,NA,NA,NA,NA,NA,NA,NA,NA,N,4,0,1,2,A,-,05,21460,A,N,A,C,A,A,H,-,A,A,0,NA,NA,NA,NA,Y,NA,A,01,0,0,1,0,0,0,0,0,0,-,-,NA,NA,LOS ANGELES,LOS ANGELES,-118.30356931,34.07765878
8397364,2017,2017-06-27,1925,2017-06-17,2029,24889,272,6,5,6,1925,0,0,0,NA,0,002,CENTRAL AV,CHEVY CHASE DR,0,NA,Y,A,-,N,NA,NA,NA,NA,NA,NA,NA,NA,NA,Y,4,0,1,3,A,-,12,21453,A,N,D,C,A,A,H,-,A,A,0,NA,NA,NA,NA,Y,NA,A,01,0,0,1,0,0,0,0,0,0,-,-,NA,NA,LOS ANGELES,GLENDALE,-118.25783009,34.13351005
8397366,2017,2018-07-19,1942,2017-06-03,1620,42727,1205,6,5,7,1942,0,0,0,L,0,12A45,51ST PL,NORMANDIE AV,0,NA,Y,A,-,N,NA,NA,NA,NA,NA,NA,NA,NA,NA,N,4,0,1,2,A,-,08,22107,NA,N,B,C,A,A,H,-,A,A,0,NA,NA,NA,NA,Y,NA,A,07,0,0,1,0,0,0,0,0,0,-,-,NA,NA,LOS ANGELES,LOS ANGELES,-118.30017003,33.99595003
8397367,2017,2017-06-26,1942,2017-05-31,1715,41174,2029,3,5,7,1942,0,0,0,NA,0,7X52,COMMONWEALTH AV,4TH ST,0,NA,Y,A,-,N,NA,NA,NA,NA,NA,NA,NA,NA,NA,N,4,0,1,2,A,-,05,21650,NA,N,B,C,A,A,H,-,A,D,0,NA,NA,NA,NA,Y,NA,A,01,0,0,1,0,0,0,0,0,0,-,-,NA,NA,LOS ANGELES,LOS ANGELES,-118.28571005,34.06668004
8397368,2017,2017-06-27,1925,2017-06-01,1101,21601,239,4,5,6,1925,0,0,0,NA,0,004,VERDUGO RD,WILSON AV,0,NA,Y,A,-,N,NA,NA,NA,NA,NA,NA,NA,NA,NA,Y,4,0,2,3,A,-,12,21453,A,N,D,C,A,A,H,-,A,A,0,NA,NA,NA,NA,Y,NA,A,01,0,0,2,0,0,0,0,0,0,-,-,NA,NA,LOS ANGELES,GLENDALE,-118.23556004,34.14806009
8397370,2017,2018-05-30,1942,2017-06-05,1315,27259,0513,1,5,7,1942,0,0,0,E,0,12T41,VERMONT AV,PACIFIC COAST HWY,600,S,N,A,-,N,NA,NA,NA,NA,NA,NA,NA,NA,NA,Y,1,1,0,4,A,-,09,21804,A,N,D,C,A,A,H,-,A,D,0,NA,NA,NA,NA,Y,NA,A,01,0,0,0,0,0,0,0,0,0,-,-,NA,NA,LOS ANGELES,LOS ANGELES,-118.2930815,33.789805
8397372,2017,2017-06-28,1925,2017-06-17,0904,14912,131,6,5,6,1925,0,0,0,NA,0,NA,100TH AV,ORANGEDALE AV,14,E,N,B,-,N,NA,NA,NA,NA,NA,NA,NA,NA,NA,N,4,0,1,2,A,-,21,22106,NA,N,G,B,-,A,H,-,A,A,0,Y,NA,NA,NA,Y,NA,A,07,0,0,1,0,1,0,0,0,0,-,-,NA,NA,LOS ANGELES,GLENDALE,NA,NA
8397376,2017,2017-06-28,1925,2017-06-06,1220,21995,230,2,5,6,1925,0,0,0,NA,0,004,LOUISE ST,DORAN ST,180,S,N,A,-,N,NA,NA,NA,NA,NA,NA,NA,NA,NA,N,4,0,1,2,A,-,08,22107,NA,M,G,B,-,A,H,-,A,D,0,Y,NA,NA,NA,Y,NA,A,08,0,0,1,0,1,0,0,0,0,-,-,NA,NA,LOS ANGELES,GLENDALE,-118.25267661,34.15418637
8397380,2017,2017-06-28,1925,2017-06-01,1550,24111,212,4,5,6,1925,0,0,0,NA,0,001,GLENOAKS BL,HIGHLAND AV,0,NA,Y,A,-,N,NA,NA,NA,NA,NA,NA,NA,NA,NA,N,3,0,1,2,A,-,10,21950,A,N,G,-,B,A,H,-,A,A,0,Y,NA,NA,NA,Y,NA,A,01,0,1,0,0,1,0,0,0,0,-,-,NA,NA,LOS ANGELES,GLENDALE,-118.27487009,34.16078006
8397384,2017,2017-06-28,1925,2017-06-17,1234,22416,266,6,5,6,1925,0,0,0,NA,0,002,PACIFIC AV,ELK AV,0,NA,Y,A,-,N,NA,NA,NA,NA,NA,NA,NA,NA,NA,Y,3,0,2,2,A,-,09,21802,A,N,D,C,A,A,H,-,A,A,0,NA,NA,NA,NA,Y,NA,A,07,0,1,1,0,0,0,0,0,0,-,-,NA,NA,LOS ANGELES,GLENDALE,-118.26441009,34.14164012
8397391,2017,2017-06-27,1942,2017-05-09,2105,39022,1425,2,5,7,1942,0,0,0,N,0,6T7,BARRINGTON AV,NATIONAL BL,225,S,N,A,-,N,NA,NA,NA,NA,NA,NA,NA,NA,NA,N,2,0,1,2,A,-,11,21954,A,F,G,B,D,A,H,-,C,D,0,Y,NA,NA,NA,Y,NA,-,99,1,0,0,0,1,0,0,0,0,-,-,NA,NA,LOS ANGELES,LOS ANGELES,-118.43824381,34.02214376
8397395,2017,2017-06-27,1942,2017-05-26,1300,40452,1409,5,5,7,1942,0,0,0,N,0,14TL52,ROBERTSON BL,NATIONAL BL,10,N,N,A,-,N,NA,NA,NA,NA,NA,NA,NA,NA,NA,N,4,0,1,2,A,-,10,21950,A,F,G,B,B,A,H,-,A,D,0,Y,NA,NA,NA,Y,NA,-,99,0,0,1,0,1,0,0,0,0,-,-,NA,NA,LOS ANGELES,LOS ANGELES,-118.39090501,34.03126443
8397399,2017,2017-06-27,1942,2017-05-27,1420,36553,1441,6,5,7,1942,0,0,0,N,0,14TL49,WASHINGTON BL,OCEAN AV,200,E,N,A,-,N,NA,NA,NA,NA,NA,NA,NA,NA,NA,N,4,0,1,2,A,-,03,22350,NA,F,C,C,A,A,H,-,A,A,0,NA,NA,NA,NA,Y,NA,-,99,0,0,1,0,0,0,0,0,0,-,-,NA,NA,LOS ANGELES,LOS ANGELES,-118.46055131,33.98292793
8397403,2017,2017-06-27,1942,2017-05-24,1235,40773,1401,3,5,7,1942,0,0,0,N,0,14TL49,OCEAN PARK BL,BUNDY DR,0,NA,Y,A,-,N,NA,NA,NA,NA,NA,NA,NA,NA,NA,N,4,0,1,2,A,-,09,21804,A,N,D,G,A,A,H,-,A,A,0,NA,Y,NA,NA,Y,NA,L,04,0,0,1,0,0,0,1,0,0,-,-,NA,NA,LOS ANGELES,LOS ANGELES,-118.44632001,34.02447006
8397407,2017,2017-06-27,1942,2017-05-31,1715,41672,1412,3,5,7,1942,0,0,0,N,0,20TL58,MAIN ST,BROOKS AV,0,NA,Y,B,-,N,NA,NA,NA,NA,NA,NA,NA,NA,NA,Y,3,0,2,2,A,-,03,22350,NA,F,C,C,A,A,H,-,A,D,0,NA,NA,NA,NA,Y,Y,A,07,0,2,0,0,0,0,0,0,0,-,-,NA,NA,LOS ANGELES,LOS ANGELES,-118.47413007,33.9923101
8397411,2017,2017-06-26,1942,2017-05-26,1835,41003,2041,5,5,7,1942,0,0,0,NA,0,20T59,8TH ST,NORTON AV,0,NA,Y,A,-,N,NA,NA,NA,NA,NA,NA,NA,NA,NA,Y,2,0,1,2,A,-,00,22101,B,N,D,C,A,A,H,-,A,A,0,NA,NA,Y,NA,Y,NA,C,02,1,0,0,0,0,0,0,0,1,-,-,NA,NA,LOS ANGELES,LOS ANGELES,-118.31842006,34.05834005
8397414,2017,2017-06-28,1942,2017-06-07,0740,33599,0378,3,5,7,1942,0,0,0,C,0,3TL5,VERMONT AV,KING BL,0,NA,Y,B,-,N,NA,NA,NA,NA,NA,NA,NA,NA,NA,N,3,0,3,3,A,-,09,21801,A,N,A,C,E,A,H,-,A,A,0,Y,NA,NA,NA,Y,NA,A,01,0,1,2,0,1,0,0,0,0,-,-,NA,NA,LOS ANGELES,LOS ANGELES,-118.29153,34.01087
8397415,2017,2017-06-26,1942,2017-05-06,2345,40806,2034,6,5,7,1942,0,0,0,NA,0,20A1,7TH ST,IROLO AV,0,NA,Y,C,-,N,NA,NA,NA,NA,NA,NA,NA,NA,NA,N,3,0,1,2,A,-,10,21950,A,N,G,B,B,B,H,-,C,A,0,Y,NA,NA,NA,Y,NA,A,08,0,1,0,0,1,0,0,0,0,-,-,NA,NA,LOS ANGELES,LOS ANGELES,-118.30090001,34.0597401
8397419,2017,2017-08-15,1942,2017-05-23,1615,31255,0829,2,5,7,1942,0,0,0,H,0,7TL38,BEVERLY GLEN BL,WILSHIRE BL,0,NA,Y,A,-,N,NA,NA,NA,NA,NA,NA,NA,NA,NA,Y,2,0,1,4,A,-,09,21801,A,N,D,C,A,A,H,-,A,A,0,NA,NA,Y,NA,Y,NA,A,01,1,0,0,0,0,0,0,0,1,-,-,NA,NA,LOS ANGELES,LOS ANGELES,-118.42886006,34.06690011
8397421,2017,2018-07-20,1910,2017-05-30,1100,03633,NA,2,5,4,1910,0,0,0,NA,0,005,CHARLEVILLE BL,CAMDEN DR,0,NA,Y,A,-,N,NA,NA,NA,NA,NA,NA,NA,NA,NA,N,4,0,1,2,A,-,11,21954,A,N,G,B,B,A,H,-,A,D,0,Y,NA,NA,NA,Y,NA,N,60,0,0,1,0,1,0,0,0,0,-,-,34,-118,LOS ANGELES,BEVERLY HILLS,-118.40240004,34.06500001
8397423,2017,2017-06-27,1942,2017-05-18,1045,38090,0732,4,5,7,1942,0,0,0,G,0,6TL7,5TH ST,CRESCENT HEIGHTS,0,NA,Y,A,-,N,NA,NA,NA,NA,NA,NA,NA,NA,NA,Y,4,0,2,2,A,-,09,21802,A,N,D,C,A,A,H,-,A,A,0,NA,NA,NA,NA,Y,NA,A,07,0,0,2,0,0,0,0,0,0,-,-,NA,NA,LOS ANGELES,LOS ANGELES,-118.36455013,34.06775003
8397427,2017,2017-06-27,1942,2017-05-28,1120,42675,07,7,5,7,1942,0,0,0,G,0,7A33-W,LA BREA AV,WILSHIRE AV,249,N,N,A,-,N,NA,NA,NA,NA,NA,NA,NA,NA,NA,N,4,0,1,2,A,-,03,22350,NA,N,C,C,A,A,H,-,A,D,0,NA,NA,NA,NA,Y,NA,A,01,0,0,1,0,0,0,0,0,0,-,-,NA,NA,LOS ANGELES,LOS ANGELES,-118.34402,34.06287063
8397429,2017,2018-03-19,1942,2017-05-25,0047,42402,0313,4,5,7,1942,0,0,0,C,0,3A15,CRENSHAW BL,RT 10,0,NA,Y,A,-,Y,LA,7,10,-,R,11.218,R,4,E,N,3,0,2,3,A,-,03,22350,NA,N,-,C,A,A,H,-,C,A,0,NA,NA,Y,NA,Y,NA,C,02,0,1,1,0,0,0,0,0,2,-,-,NA,NA,LOS ANGELES,LOS ANGELES,-118.33682505,34.03481764
8397431,2017,2017-06-27,1942,2017-05-30,1115,42672,705,2,5,7,1942,0,0,0,NA,0,7A1-W2,LA BREA AV,WILLOUGHBY AV,4,S,N,A,-,N,NA,NA,NA,NA,NA,NA,NA,NA,NA,N,3,0,1,2,A,-,10,21950,A,N,G,B,B,A,H,-,A,A,0,Y,NA,NA,NA,Y,NA,A,07,0,1,0,0,1,0,0,0,0,-,-,NA,NA,LOS ANGELES,LOS ANGELES,-118.34406,34.08708903
8397435,2017,2017-06-27,1942,2017-05-11,2210,42782,0701,4,5,7,1942,0,0,0,G,0,7A17,MELROSE AV,N KILKEA DR,0,NA,Y,A,-,N,NA,NA,NA,NA,NA,NA,NA,NA,NA,N,2,0,1,2,A,-,11,21954,A,N,G,B,E,A,H,-,C,D,0,Y,NA,NA,NA,Y,NA,N,60,1,0,0,0,1,0,0,0,0,-,-,NA,NA,LOS ANGELES,LOS ANGELES,-118.36695009,34.08373012
8397437,2017,2018-07-20,1900,2017-05-25,1300,462141,2112,4,5,5,1943,0,0,0,NA,0,212T4,LONG BEACH BL,SANBORN AV,0,NA,Y,A,-,N,NA,NA,NA,NA,NA,NA,NA,NA,NA,N,4,0,1,2,A,-,09,21801,A,N,D,C,A,A,H,-,A,A,0,NA,NA,NA,NA,Y,NA,A,01,0,0,1,0,0,0,0,0,0,-,-,NA,NA,LOS ANGELES,LYNWOOD,-118.21104009,33.92849006
8397439,2017,2017-06-27,1942,2017-05-30,2305,39624,0743,2,5,7,1942,0,0,0,G,0,14TL47,OLYMPIC BL,CURSON AV,0,NA,Y,A,-,N,NA,NA,NA,NA,NA,NA,NA,NA,NA,Y,2,0,2,2,A,-,09,21801,A,N,D,C,A,A,H,-,C,A,0,NA,NA,Y,NA,Y,NA,A,01,1,1,0,0,0,0,0,0,1,-,-,NA,NA,LOS ANGELES,LOS ANGELES,-118.35714009,34.05747006
8397488,2017,2017-06-30,1969,2017-05-22,1851,10141,PATRO,1,5,5,1969,0,0,0,NA,0,0A1,FIRESTONE BL,SANTA FE AV,108,E,N,A,-,N,NA,NA,NA,NA,NA,NA,NA,NA,NA,Y,4,0,1,2,A,-,08,22107,NA,N,A,C,A,A,H,-,A,A,0,NA,NA,NA,NA,Y,NA,A,01,0,0,1,0,0,0,0,0,0,-,-,NA,NA,LOS ANGELES,SOUTH GATE,-118.2244824,33.9560382
8397509,2017,2017-07-07,1925,2017-06-17,0717,24112,131,6,5,6,1925,0,0,0,NA,0,005,VERDUGO BL,VERDUGO BL 1929,20,W,N,A,-,N,NA,NA,NA,NA,NA,NA,NA,NA,NA,Y,4,0,1,2,A,-,09,21801,NA,N,D,G,A,A,H,-,A,A,0,NA,Y,NA,NA,Y,NA,-,-,0,0,1,0,0,0,1,0,0,-,-,NA,NA,LOS ANGELES,GLENDALE,NA,NA
8397554,2017,2017-09-06,1969,2017-05-03,2157,20226,TRAFF,3,5,5,1969,0,0,0,NA,0,003,CALIFORNIA AV,TWEEDY BL,0,NA,Y,A,-,N,NA,NA,NA,NA,NA,NA,NA,NA,NA,Y,4,0,1,2,-,-,-,NA,NA,N,D,C,A,A,H,-,C,A,0,NA,NA,NA,NA,Y,NA,-,-,0,0,1,0,0,0,0,0,0,-,-,NA,NA,LOS ANGELES,SOUTH GATE,-118.20754006,33.94440003
8397582,2017,2017-06-27,1969,2017-05-31,2313,10165,PATRO,3,5,5,1969,0,0,0,NA,0,001,SOUTHERN AV,ALAMEDA ST,0,NA,Y,A,-,N,NA,NA,NA,NA,NA,NA,NA,NA,NA,N,3,0,1,2,A,-,09,21804,A,M,D,G,A,A,H,-,D,D,0,NA,Y,NA,NA,Y,NA,L,04,0,1,0,0,0,0,1,0,0,-,-,NA,NA,LOS ANGELES,SOUTH GATE,-118.22964004,33.95331002
8397586,2017,2017-06-27,1969,2017-05-30,1510,10211,PATRO,2,5,5,1969,0,0,0,NA,0,004,WRIGHT RD,PENDLETON AV,0,NA,Y,A,-,N,NA,NA,NA,NA,NA,NA,NA,NA,NA,N,3,0,1,2,A,-,06,21755,A,N,D,C,A,A,H,-,A,D,0,NA,NA,Y,NA,Y,NA,C,02,0,1,0,0,0,0,0,0,1,-,-,NA,NA,LOS ANGELES,SOUTH GATE,-118.18074004,33.93214008
8397590,2017,2018-03-20,1969,2017-05-26,1418,10203,PATRO,5,5,5,1969,0,0,0,NA,0,004,WRIGHT RD,IMPERIAL HWY,3,S,N,B,-,N,NA,NA,NA,NA,NA,NA,NA,NA,NA,N,3,0,1,2,A,-,08,22107,NA,N,G,G,A,A,H,-,A,A,0,NA,Y,NA,NA,Y,NA,A,01,0,1,0,0,0,0,1,0,0,-,-,NA,NA,LOS ANGELES,SOUTH GATE,-118.18084,33.93095
8397594,2017,2017-06-27,1969,2017-05-21,0818,10050,NA,7,5,5,1969,0,0,0,NA,0,0A3,SAN CARLOS ST,TENAYA AV,253,N,N,A,-,N,NA,NA,NA,NA,NA,NA,NA,NA,NA,Y,4,0,1,2,A,-,08,22107,NA,N,F,E,A,A,H,-,A,D,0,NA,NA,NA,NA,Y,NA,A,01,0,0,1,0,0,0,0,0,0,-,-,NA,NA,LOS ANGELES,SOUTH GATE,-118.20589239,33.93954079
8397598,2017,2017-06-27,1969,2017-05-24,1625,10195,TRAFF,3,5,5,1969,0,0,0,NA,0,004,FIRESTONE BL,BURKE AV,0,NA,Y,A,-,N,NA,NA,NA,NA,NA,NA,NA,NA,NA,N,4,0,1,3,A,-,03,22350,NA,N,C,C,A,A,H,-,A,D,0,NA,NA,NA,NA,Y,NA,A,01,0,0,1,0,0,0,0,0,0,-,-,NA,NA,LOS ANGELES,SOUTH GATE,-118.18597008,33.95215004
8397602,2017,2017-07-20,1969,2017-06-02,2048,10195,TRAFF,5,5,5,1969,0,0,0,NA,0,005,FIRESTONE BL,GARFIELD AV,150,W,N,A,-,N,NA,NA,NA,NA,NA,NA,NA,NA,NA,N,4,0,1,2,A,-,03,22350,NA,F,C,C,A,A,H,-,C,D,0,NA,NA,NA,NA,Y,NA,-,99,0,0,1,0,0,0,0,0,0,-,-,NA,NA,LOS ANGELES,SOUTH GATE,-118.16573848,33.94914896