CASE_ID,ACCIDENT_YEAR,PROC_DATE,JURIS,COLLISION_DATE,COLLISION_TIME,OFFICER_ID,REPORTING_DISTRICT,DAY_OF_WEEK,CHP_SHIFT,POPULATION,CNTY_CITY_LOC,SPECIAL_COND,BEAT_TYPE,CHP_BEAT_TYPE,CITY_DIVISION_LAPD,CHP_BEAT_CLASS,BEAT_NUMBER,PRIMARY_RD,SECONDARY_RD,DISTANCE,DIRECTION,INTERSECTION,WEATHER_1,WEATHER_2,STATE_HWY_IND,CALTRANS_COUNTY,CALTRANS_DISTRICT,STATE_ROUTE,ROUTE_SUFFIX,POSTMILE_PREFIX,POSTMILE,LOCATION_TYPE,RAMP_INTERSECTION,SIDE_OF_HWY,TOW_AWAY,COLLISION_SEVERITY,NUMBER_KILLED,NUMBER_INJURED,PARTY_COUNT,PRIMARY_COLL_FACTOR,PCF_CODE_OF_VIOL,PCF_VIOL_CATEGORY,PCF_VIOLATION,PCF_VIOL_SUBSECTION,HIT_AND_RUN,TYPE_OF_COLLISION,MVIW,PED_ACTION,ROAD_SURFACE,ROAD_COND_1,ROAD_COND_2,LIGHTING,CONTROL_DEVICE,CHP_ROAD_TYPE,PEDESTRIAN_ACCIDENT,BICYCLE_ACCIDENT,MOTORCYCLE_ACCIDENT,TRUCK_ACCIDENT,NOT_PRIVATE_PROPERTY,ALCOHOL_INVOLVED,STWD_VEHTYPE_AT_FAULT,CHP_VEHTYPE_AT_FAULT,COUNT_SEVERE_INJ,COUNT_VISIBLE_INJ,COUNT_COMPLAINT_PAIN,COUNT_PED_KILLED,COUNT_PED_INJURED,COUNT_BICYCLIST_KILLED,COUNT_BICYCLIST_INJURED,COUNT_MC_KILLED,COUNT_MC_INJURED,PRIMARY_RAMP,SECONDARY_RAMP,LATITUDE,LONGITUDE,COUNTY,CITY,POINT_X,POINT_Y
8400349,2017,2017-07-06,1900,2017-05-30,1345,279901,2925,2,5,5,1990,0,0,0,NA,0,292K1,INDIAN CREEK RD,RUSTY PUMP RD,500,N,N,A,-,N,NA,NA,NA,NA,NA,NA,NA,NA,NA,Y,4,0,1,3,B,-,22,NA,NA,N,D,E,A,A,H,-,A,D,0,NA,NA,Y,NA,Y,NA,A,07,0,0,1,0,0,0,0,0,1,-,-,NA,NA,LOS ANGELES,DIAMOND BAR,-117.80327827,33.98446452
8400366,2017,2018-07-20,1909,2017-05-30,2257,479,NORTH,2,5,4,1909,0,0,0,NA,0,NORTH,EASTERN AV,WATCHER ST,0,NA,Y,A,-,N,NA,NA,NA,NA,NA,NA,NA,NA,NA,Y,4,0,1,2,A,-,12,21453,A,M,D,C,A,A,H,-,C,A,0,NA,NA,NA,NA,Y,NA,-,NA,0,0,1,0,0,0,0,0,0,-,-,NA,NA,LOS ANGELES,BELL GARDENS,-118.16331,33.97838005
8400367,2017,2017-07-17,1942,2017-06-16,2120,39633,2134,5,5,7,1942,0,0,0,NA,0,21A5,TOPANGA CANYON BL,COHASSET ST,0,NA,Y,A,-,N,NA,NA,NA,NA,NA,NA,NA,NA,NA,Y,4,0,1,2,A,-,12,22450,A,F,D,C,A,A,H,-,C,D,0,NA,NA,NA,NA,Y,NA,A,07,0,0,1,0,0,0,0,0,0,-,-,NA,NA,LOS ANGELES,LOS ANGELES,-118.60596001,34.20646011
8400374,2017,2018-07-19,1942,2017-05-23,1620,41124,285,2,5,7,1942,0,0,0,NA,0,2A72W2,12TH ST,BONNIE BRAE ST,0,NA,Y,A,-,N,NA,NA,NA,NA,NA,NA,NA,NA,NA,N,3,0,2,3,A,-,08,22107,NA,F,G,B,B,A,H,-,A,D,0,Y,NA,NA,NA,Y,NA,-,99,0,1,1,0,2,0,0,0,0,-,-,NA,NA,LOS ANGELES,LOS ANGELES,-118.27938,34.04772
8400387,2017,2017-07-17,1942,2017-06-17,1715,41948,1532,6,5,7,1942,0,0,0,O,0,15EL4,LAUREL CANYON BL,BURBANK BL,0,NA,Y,A,-,N,NA,NA,NA,NA,NA,NA,NA,NA,NA,N,4,0,1,2,A,-,05,21650,1,F,C,G,A,A,H,-,A,A,0,NA,Y,NA,NA,Y,NA,L,04,0,0,1,0,0,0,1,0,0,-,-,NA,NA,LOS ANGELES,LOS ANGELES,-118.39651012,34.17213008
8400410,2017,2017-07-24,1925,2017-06-21,2129,25918,2,3,5,6,1925,0,0,0,NA,0,218,PACIFIC AV,SALEM ST,64,N,N,A,-,N,NA,NA,NA,NA,NA,NA,NA,NA,NA,Y,3,0,1,2,A,-,03,22350,A,N,C,C,A,A,H,-,C,A,0,NA,NA,NA,NA,Y,NA,A,01,0,1,0,0,0,0,0,0,0,-,-,NA,NA,LOS ANGELES,GLENDALE,-118.26452373,34.14908549
8400437,2017,2017-08-14,1910,2017-05-16,1140,03438,NA,2,5,4,1910,0,0,0,NA,0,006,NORTH SANTA MONICA BL,HILLCREST DR,45,E,N,A,-,N,NA,NA,NA,NA,NA,NA,NA,NA,NA,N,4,0,1,4,A,-,03,22350,NA,N,C,C,A,A,H,-,A,D,0,NA,NA,NA,NA,Y,NA,A,01,0,0,1,0,0,0,0,0,0,-,-,NA,NA,LOS ANGELES,BEVERLY HILLS,-118.3944062,34.07800917
8400445,2017,2018-03-21,1900,2017-05-17,0148,603018,1122,3,5,6,1992,0,0,0,NA,0,112T1,SIERRA HWY,MILLING ST,0,NA,Y,A,-,N,NA,NA,NA,NA,NA,NA,NA,NA,NA,N,3,0,1,2,A,-,09,21804,A,N,G,B,B,A,H,-,A,A,0,Y,NA,NA,NA,Y,NA,A,NA,0,1,0,0,1,0,0,0,0,-,-,NA,NA,LOS ANGELES,LANCASTER,-118.13664007,34.69656007
8400473,2017,2017-07-06,1900,2017-06-17,1605,524146,2714,6,5,4,1974,0,0,0,NA,0,291K1,VALLEY BL,PIERRE RD,197,W,N,A,-,N,NA,NA,NA,NA,NA,NA,NA,NA,NA,Y,4,0,1,3,A,-,08,22100,A,N,E,I,A,A,H,-,A,D,0,NA,NA,NA,NA,Y,NA,A,08,0,0,1,0,0,0,0,0,0,-,-,NA,NA,LOS ANGELES,WALNUT,-117.85026024,34.01544708
8400477,2017,2017-07-06,1900,2017-06-22,1626,449712,2923,4,5,5,1990,0,0,0,NA,0,292K3P,DIAMOND BAR BL,CLEAR CREEK CANYON DR,8,S,N,A,-,N,NA,NA,NA,NA,NA,NA,NA,NA,NA,N,4,0,1,2,A,-,10,21950,A,N,H,B,B,A,H,-,A,A,0,Y,NA,NA,NA,Y,NA,A,01,0,0,1,0,1,0,0,0,0,-,-,NA,NA,LOS ANGELES,DIAMOND BAR,-117.80978151,34.00348028
8400482,2017,2017-07-07,1900,2017-06-14,0028,602401,1121,3,5,6,1992,0,0,0,NA,0,112T2,AVENUE H-12,GADSDEN,90,E,N,A,-,N,NA,NA,NA,NA,NA,NA,NA,NA,NA,Y,3,0,1,3,A,-,01,23152,F,N,C,E,A,A,H,-,C,D,0,NA,NA,NA,NA,Y,Y,A,01,0,1,0,0,0,0,0,0,0,-,-,NA,NA,LOS ANGELES,LANCASTER,-118.14594138,34.70762914
8400483,2017,2017-07-06,1900,2017-06-15,0625,281409,2917,4,5,4,1974,0,0,0,NA,0,291K2D,AMAR RD,LEMON AV,0,NA,Y,A,-,N,NA,NA,NA,NA,NA,NA,NA,NA,NA,Y,4,0,3,3,A,-,12,21453,A,N,D,C,A,A,H,-,A,A,0,NA,NA,NA,NA,Y,NA,A,01,0,0,3,0,0,0,0,0,0,-,-,NA,NA,LOS ANGELES,WALNUT,-117.87495001,34.03544007
8400486,2017,2017-07-07,1900,2017-06-15,0315,602401,1132,4,5,6,1992,0,0,0,NA,0,112T2,AVENUE K,DIVISION ST,287,W,N,A,-,N,NA,NA,NA,NA,NA,NA,NA,NA,NA,Y,3,0,2,2,A,-,01,23152,A,N,A,C,A,A,H,-,C,D,0,NA,NA,NA,NA,Y,Y,A,01,0,1,1,0,0,0,0,0,0,-,-,NA,NA,LOS ANGELES,LANCASTER,-118.13112254,34.67499
8400490,2017,2017-07-07,1900,2017-06-24,1030,546182,1123,6,5,6,1992,0,0,0,NA,0,112T2,AVENUE J-4,FIG AV,15,W,N,A,-,N,NA,NA,NA,NA,NA,NA,NA,NA,NA,Y,2,0,2,3,D,-,00,NA,NA,F,G,B,D,A,H,-,A,A,0,Y,NA,NA,NA,Y,NA,-,-,1,0,1,0,2,0,0,0,0,-,-,NA,NA,LOS ANGELES,LANCASTER,-118.14203978,34.68578916
8400493,2017,2017-07-06,1925,2017-06-19,0811,21057,116,1,5,6,1925,0,0,0,NA,0,005,BOSTON AV,HONOLULU AV,23,N,N,A,-,N,NA,NA,NA,NA,NA,NA,NA,NA,NA,Y,3,0,1,1,A,-,08,22107,NA,N,E,I,A,A,H,-,A,A,0,NA,NA,NA,NA,Y,NA,A,01,0,1,0,0,0,0,0,0,0,-,-,NA,NA,LOS ANGELES,GLENDALE,-118.26189531,34.22867296
8400494,2017,2017-07-07,1900,2017-06-24,2255,527056,1128,6,5,6,1992,0,0,0,NA,0,111TF,AVENUE G,70TH ST WEST,0,NA,Y,A,-,N,NA,NA,NA,NA,NA,NA,NA,NA,NA,Y,3,0,6,2,A,-,01,23152,A,N,D,C,A,A,H,-,D,A,0,NA,NA,NA,NA,Y,Y,A,07,0,2,4,0,0,0,0,0,0,-,-,NA,NA,LOS ANGELES,LANCASTER,-118.2549001,34.73299012
8400497,2017,2017-07-06,1925,2017-06-22,0925,21016,207,4,5,6,1925,0,0,0,NA,0,001,WESTERN AV,VICTORY BL,0,NA,Y,A,-,N,NA,NA,NA,NA,NA,NA,NA,NA,NA,N,4,0,1,2,A,-,10,21950,A,N,G,B,B,A,H,-,A,A,0,Y,NA,NA,NA,Y,NA,A,NA,0,0,1,0,1,0,0,0,0,-,-,NA,NA,LOS ANGELES,GLENDALE,-118.30020007,34.16114007
8400501,2017,2017-08-15,1925,2017-06-20,1432,25295,218,2,5,6,1925,0,0,0,NA,0,002,PACIFIC AV,WILSON AV,0,S,N,A,-,N,NA,NA,NA,NA,NA,NA,NA,NA,NA,Y,3,0,2,2,A,-,12,21453,A,N,D,C,A,A,H,-,A,A,0,NA,NA,NA,NA,Y,NA,-,-,0,1,1,0,0,0,0,0,0,-,-,NA,NA,LOS ANGELES,GLENDALE,-118.26450007,34.14801012
8400506,2017,2017-07-07,1925,2017-06-22,1824,24819,3,4,5,6,1925,0,0,0,NA,0,246,CHEVY CHASE DR,WINDSOR RD,0,NA,Y,A,-,N,NA,NA,NA,NA,NA,NA,NA,NA,NA,Y,4,0,1,3,A,-,12,22450,NA,N,D,C,A,A,H,-,A,A,0,NA,NA,NA,NA,Y,NA,A,01,0,0,1,0,0,0,0,0,0,-,-,NA,NA,LOS ANGELES,GLENDALE,-118.23958004,34.13713003
8400510,2017,2017-07-07,1925,2017-06-12,1724,21995,146,1,5,6,1925,0,0,0,NA,0,005,VERDUGO BL,PARK PL,106,E,N,A,-,N,NA,NA,NA,NA,NA,NA,NA,NA,NA,N,4,0,1,2,A,-,09,21804,A,N,D,C,A,A,H,-,A,D,0,NA,NA,NA,NA,Y,NA,A,01,0,0,1,0,0,0,0,0,0,-,-,NA,NA,LOS ANGELES,GLENDALE,-118.22283179,34.20472177
8400518,2017,2017-07-07,1910,2017-06-06,1409,03209,NA,2,5,4,1910,0,0,0,NA,0,004,WILSHIRE BL,TRENTON DR,73,W,N,B,-,N,NA,NA,NA,NA,NA,NA,NA,NA,NA,Y,4,0,1,2,A,-,03,22350,NA,N,C,C,A,A,H,-,A,A,0,NA,NA,NA,NA,Y,NA,A,01,0,0,1,0,0,0,0,0,0,-,-,34.06714,-118.41335,LOS ANGELES,BEVERLY HILLS,-118.41329053,34.06707472
8400521,2017,2017-07-06,1900,2017-06-09,0819,546182,1127,5,5,6,1992,0,0,0,NA,0,112T2,20TH ST W,LANCASTER BL,0,NA,Y,A,-,N,NA,NA,NA,NA,NA,NA,NA,NA,NA,Y,3,0,4,2,D,-,00,NA,NA,N,D,C,A,A,H,-,A,A,0,NA,NA,NA,NA,Y,NA,-,-,0,3,1,0,0,0,0,0,0,-,-,NA,NA,LOS ANGELES,LANCASTER,-118.16582,34.69674001
8400522,2017,2017-07-07,1910,2017-06-13,1906,04169,NA,2,5,4,1910,0,0,0,NA,0,005,WILSHIRE BL,N CRESCENT DR,0,NA,Y,A,-,N,NA,NA,NA,NA,NA,NA,NA,NA,NA,N,4,0,1,2,A,-,08,22100,A,N,D,C,A,A,H,-,B,A,0,NA,NA,NA,NA,Y,NA,A,01,0,0,1,0,0,0,0,0,0,-,-,34.0671,-118.3958,LOS ANGELES,BEVERLY HILLS,-118.39576008,34.06705004
8400525,2017,2017-07-31,1900,2017-06-09,1645,518611,1137,5,5,6,1992,0,0,0,NA,0,112T2P,30TH ST E,AVE L,1194,N,N,A,-,N,NA,NA,NA,NA,NA,NA,NA,NA,NA,Y,2,0,3,2,A,-,09,21801,A,N,D,C,A,A,H,-,A,D,0,NA,NA,NA,NA,Y,NA,A,07,1,1,1,0,0,0,0,0,0,-,-,NA,NA,LOS ANGELES,LANCASTER,-118.07678368,34.66398343
8400526,2017,2017-07-07,1910,2017-06-07,1450,03494,NA,3,5,4,1910,0,0,0,NA,0,007,CRESCENT DR,DAYTON WY,30,N,N,A,-,N,NA,NA,NA,NA,NA,NA,NA,NA,NA,N,4,0,1,2,A,-,03,22350,NA,N,C,C,A,A,H,-,A,A,0,NA,NA,NA,NA,Y,NA,A,01,0,0,1,0,0,0,0,0,0,-,-,NA,NA,LOS ANGELES,BEVERLY HILLS,-118.39860215,34.069984
8400529,2017,2017-08-29,1900,2017-06-10,1831,602458,1122,6,5,6,1992,0,0,0,NA,0,NA,PILLSBURY ST,CEDAR AV,0,NA,Y,A,-,N,NA,NA,NA,NA,NA,NA,NA,NA,NA,N,3,0,1,2,A,-,12,22450,A,N,G,B,B,A,H,-,A,D,0,Y,NA,NA,NA,Y,NA,A,01,0,1,0,0,1,0,0,0,0,-,-,NA,NA,LOS ANGELES,LANCASTER,-118.13837003,34.69073005
8400530,2017,2017-07-07,1910,2017-06-25,1305,03494,NA,7,5,4,1910,0,0,0,NA,0,005,SOUTH SANTA MONICA BL,BEDFORD DR,0,NA,Y,A,-,N,NA,NA,NA,NA,NA,NA,NA,NA,NA,Y,3,0,2,2,A,-,12,21453,A,N,D,C,A,A,H,-,A,A,0,NA,NA,NA,NA,Y,NA,A,01,0,1,1,0,0,0,0,0,0,-,-,NA,NA,LOS ANGELES,BEVERLY HILLS,-118.40636005,34.06924001
8400533,2017,2017-07-06,1900,2017-06-05,1348,510509,1123,1,5,6,1992,0,0,0,NA,0,111T1,10TH ST W,AVENUE K,375,N,N,A,-,N,NA,NA,NA,NA,NA,NA,NA,NA,NA,N,3,0,1,2,A,-,09,21804,A,N,B,G,A,A,H,-,A,D,0,NA,Y,NA,NA,Y,NA,A,01,0,1,0,0,0,0,1,0,0,-,-,NA,NA,LOS ANGELES,LANCASTER,-118.14788,34.67589819
8400534,2017,2017-11-16,1910,2017-06-17,1557,03209,NA,6,5,4,1910,0,0,0,NA,0,006,SUNSET BL,REXFORD DR,0,NA,Y,A,-,N,NA,NA,NA,NA,NA,NA,NA,NA,NA,Y,3,0,2,2,A,-,12,21453,A,N,D,C,A,A,H,-,A,A,0,NA,NA,NA,NA,Y,NA,A,01,0,1,1,0,0,0,0,0,0,-,-,34.08304,-118.41008,LOS ANGELES,BEVERLY HILLS,-118.41017,34.08318
8400537,2017,2017-07-06,1900,2017-06-06,1223,602458,1122,2,5,6,1992,0,0,0,NA,0,111T1,ELM AV,NEWGROVE ST,0,NA,Y,A,-,N,NA,NA,NA,NA,NA,NA,NA,NA,NA,Y,4,0,1,3,A,-,09,21801,A,N,D,C,A,A,H,-,A,D,0,NA,NA,NA,NA,Y,NA,A,01,0,0,1,0,0,0,0,0,0,-,-,NA,NA,LOS ANGELES,LANCASTER,-118.14148,34.6942
8400538,2017,2017-07-07,1900,2017-06-08,1253,510509,1137,4,5,6,1992,0,0,0,NA,0,111T1,30TH ST WEST,AVENUE K-4,0,NA,Y,A,-,N,NA,NA,NA,NA,NA,NA,NA,NA,NA,Y,4,0,1,1,A,-,03,22350,NA,N,E,I,A,A,H,-,A,D,0,NA,NA,NA,NA,Y,NA,A,01,0,0,1,0,0,0,0,0,0,-,-,NA,NA,LOS ANGELES,LANCASTER,-118.18357003,34.67115009
8400541,2017,2017-09-06,1900,2017-06-07,1440,510509,1126,3,5,6,1992,0,0,0,NA,0,111T1,15TH ST WEST,AVENUE K-8,0,NA,Y,A,-,N,NA,NA,NA,NA,NA,NA,NA,NA,NA,Y,3,0,1,2,A,-,12,21453,A,N,B,C,A,A,H,-,A,A,0,NA,NA,NA,NA,Y,NA,A,01,0,1,0,0,0,0,0,0,0,-,-,NA,NA,LOS ANGELES,LANCASTER,-118.15677001,34.66763011
8400545,2017,2017-07-06,1900,2017-06-07,1007,602458,1125,3,5,6,1992,0,0,0,NA,0,111T1,12TH ST WEST,LUMBER ST,102,N,N,A,-,N,NA,NA,NA,NA,NA,NA,NA,NA,NA,Y,4,0,1,2,A,-,03,22350,NA,F,C,E,A,A,H,-,A,D,0,NA,NA,NA,NA,Y,NA,A,01,0,0,1,0,0,0,0,0,0,-,-,NA,NA,LOS ANGELES,LANCASTER,-118.15138,34.69569968
8400549,2017,2017-07-06,1900,2017-06-14,0027,602401,1121,3,5,6,1992,0,0,0,NA,0,112T2,AVENUE H-12,GADSDEN AV,368,E,N,A,-,N,NA,NA,NA,NA,NA,NA,NA,NA,NA,N,3,0,1,2,A,-,01,23152,F,N,B,E,A,A,H,-,C,D,0,NA,NA,NA,NA,Y,Y,A,01,0,1,0,0,0,0,0,0,0,-,-,NA,NA,LOS ANGELES,LANCASTER,-118.14502987,34.70770966
8400645,2017,2017-07-06,1972,2017-05-15,0917,17616,NA,1,5,6,1972,0,0,0,NA,0,NA,190TH,PRAIRIE,30,E,N,B,-,N,NA,NA,NA,NA,NA,NA,NA,NA,NA,N,4,0,1,2,A,-,21,22106,NA,N,-,C,A,A,H,-,A,A,0,NA,NA,NA,NA,Y,NA,A,NA,0,0,1,0,0,0,0,0,0,-,-,NA,NA,LOS ANGELES,TORRANCE,-118.34377137,33.85829
8400649,2017,2017-07-06,1972,2017-05-18,2003,20050,NA,4,5,6,1972,0,0,0,NA,0,NA,190TH ST,INGLEWOOD AV,20,W,N,A,-,N,NA,NA,NA,NA,NA,NA,NA,NA,NA,N,3,0,3,2,A,-,03,22350,NA,N,C,C,A,A,H,-,B,A,0,NA,NA,NA,NA,Y,NA,A,NA,0,1,2,0,0,0,0,0,0,-,-,NA,NA,LOS ANGELES,TORRANCE,-118.36149575,33.85829
8400653,2017,2017-07-06,1972,2017-05-25,2145,19999,NA,4,5,6,1972,0,0,0,NA,0,NA,MADRONA AV,CIVIC CENTER DR,0,NA,Y,A,-,N,NA,NA,NA,NA,NA,NA,NA,NA,NA,Y,2,0,1,2,A,-,09,21802,A,N,A,C,A,A,H,-,C,D,0,NA,NA,Y,NA,Y,NA,A,NA,1,0,0,0,0,0,0,0,1,-,-,NA,NA,LOS ANGELES,TORRANCE,-118.34484011,33.84034012
8400673,2017,2017-07-06,1972,2017-05-23,1055,14197,NA,2,5,6,1972,0,0,0,NA,0,NA,TORRANCE BL,WESTERN AV,745,W,N,A,-,N,NA,NA,NA,NA,NA,NA,NA,NA,NA,Y,4,0,1,1,A,-,08,22107,NA,N,E,I,A,A,H,-,A,A,0,NA,NA,NA,NA,Y,NA,D,NA,0,0,1,0,0,0,0,0,0,-,-,NA,NA,LOS ANGELES,TORRANCE,-118.31167249,33.8377325
8400677,2017,2017-07-06,1972,2017-05-22,1555,15531,NA,1,5,6,1972,0,0,0,NA,0,NA,CRENSHAW,190TH,20,S,N,A,-,N,NA,NA,NA,NA,NA,NA,NA,NA,NA,N,4,0,1,2,A,-,03,22350,NA,N,C,C,A,A,H,-,A,B,0,NA,NA,NA,NA,Y,NA,A,NA,0,0,1,0,0,0,0,0,0,-,-,NA,NA,LOS ANGELES,TORRANCE,-118.32803719,33.8582718
8400681,2017,2017-07-06,1972,2017-05-19,1831,20050,NA,5,5,6,1972,0,0,0,NA,0,NA,CABRILLO AV,238TH,185,S,N,A,-,N,NA,NA,NA,NA,NA,NA,NA,NA,NA,Y,4,0,1,2,A,-,08,22107,NA,N,C,E,A,A,H,-,A,D,0,NA,NA,NA,NA,Y,NA,A,NA,0,0,1,0,0,0,0,0,0,-,-,NA,NA,LOS ANGELES,TORRANCE,-118.31452682,33.80786272
8400685,2017,2017-07-06,1972,2017-05-17,0523,19157,NA,3,5,6,1972,0,0,0,NA,0,NA,VAN NESS AV,186TH ST,75,N,N,A,-,N,NA,NA,NA,NA,NA,NA,NA,NA,NA,Y,3,0,1,2,A,-,-,NA,NA,N,C,E,A,A,H,-,B,D,0,NA,NA,NA,NA,Y,NA,A,NA,0,1,0,0,0,0,0,0,0,-,-,NA,NA,LOS ANGELES,TORRANCE,-118.31781,33.8626057
8400693,2017,2017-07-06,1972,2017-05-18,2155,20050,NA,4,5,6,1972,0,0,0,NA,0,NA,CRENSHAW BL,237TH ST,35,N,N,A,-,N,NA,NA,NA,NA,NA,NA,NA,NA,NA,Y,4,0,1,3,A,-,01,23152,A,N,A,B,E,A,D,E,C,A,0,Y,NA,NA,NA,Y,Y,A,NA,0,0,1,0,1,0,0,0,0,-,-,NA,NA,LOS ANGELES,TORRANCE,-118.32802751,33.80994579
8400697,2017,2017-07-06,1972,2017-05-13,1755,18509,NA,6,5,6,1972,0,0,0,NA,0,NA,LOMITA,CRENSHAW,1100,W,N,A,-,N,NA,NA,NA,NA,NA,NA,NA,NA,NA,Y,4,0,1,2,A,-,09,21804,A,N,B,C,A,A,H,-,A,A,0,NA,NA,NA,NA,Y,NA,A,NA,0,0,1,0,0,0,0,0,0,-,-,NA,NA,LOS ANGELES,TORRANCE,-118.3311787,33.80731378
8400701,2017,2017-07-06,1972,2017-05-15,1156,16610,NA,1,5,6,1972,0,0,0,NA,0,NA,ANZA AV,238TH ST,102,N,N,B,-,N,NA,NA,NA,NA,NA,NA,NA,NA,NA,N,2,0,1,1,C,-,18,NA,NA,N,H,A,A,A,H,-,A,D,0,NA,NA,NA,NA,Y,NA,-,-,1,0,0,0,0,0,0,0,0,-,-,NA,NA,LOS ANGELES,TORRANCE,-118.35794509,33.81043974
8400705,2017,2017-07-06,1972,2017-05-31,1011,19086,NA,3,5,6,1972,0,0,0,NA,0,NA,ANZA,LEE,0,NA,Y,A,-,N,NA,NA,NA,NA,NA,NA,NA,NA,NA,Y,4,0,1,2,A,-,09,21802,A,N,D,C,A,A,H,-,A,D,0,NA,NA,NA,NA,Y,NA,A,NA,0,0,1,0,0,0,0,0,0,-,-,NA,NA,LOS ANGELES,TORRANCE,-118.36255005,33.83601012
8400709,2017,2017-07-06,1972,2017-05-06,1336,18450,NA,6,5,6,1972,0,0,0,NA,0,NA,164TH ST,ARDATH AV,75,W,N,B,-,N,NA,NA,NA,NA,NA,NA,NA,NA,NA,Y,3,0,6,2,A,-,03,22350,NA,N,C,I,A,A,H,-,A,D,0,NA,NA,NA,NA,Y,NA,A,NA,0,1,5,0,0,0,0,0,0,-,-,NA,NA,LOS ANGELES,TORRANCE,-118.32413663,33.88194
8400713,2017,2017-07-06,1972,2017-05-07,1657,19007,NA,7,5,6,1972,0,0,0,NA,0,NA,DEL AMO,CRENSHAW,300,E,N,C,-,N,NA,NA,NA,NA,NA,NA,NA,NA,NA,Y,4,0,1,2,A,-,04,21703,NA,N,C,C,A,D,H,-,A,D,0,NA,NA,NA,NA,Y,NA,A,NA,0,0,1,0,0,0,0,0,0,-,-,NA,NA,LOS ANGELES,TORRANCE,-118.32790089,33.84689
8400791,2017,2017-07-10,1924,2017-04-20,1036,116230,G34,4,5,5,1924,0,0,0,NA,0,0G4,REDONDO BEACH BL,DENKER AV,0,NA,Y,A,-,N,NA,NA,NA,NA,NA,NA,NA,NA,NA,N,4,0,1,2,A,-,10,21950,A,N,G,B,B,A,H,-,A,A,0,Y,NA,NA,NA,Y,NA,A,01,0,0,1,0,1,0,0,0,0,-,-,33.88993,-118.30477,LOS ANGELES,GARDENA,-118.30471012,33.88995008
8400832,2017,2017-07-25,1941,2017-06-17,0904,5955,NA,6,5,7,1941,0,0,0,NA,0,NA,WOODRUFF,CONANT,0,NA,Y,A,-,N,NA,NA,NA,NA,NA,NA,NA,NA,NA,Y,4,0,1,2,A,-,12,21453,A,N,D,C,A,A,H,-,A,A,0,NA,NA,NA,NA,Y,NA,A,NA,0,0,1,0,0,0,0,0,0,-,-,NA,NA,LOS ANGELES,LONG BEACH,-118.11658003,33.82503004
8400876,2017,2017-07-25,1941,2017-06-16,2043,6253,NA,5,5,7,1941,0,0,0,NA,0,NA,ORANGE AV,67TH ST,5,N,N,A,-,N,NA,NA,NA,NA,NA,NA,NA,NA,NA,Y,3,0,5,2,A,-,12,21453,A,N,A,C,A,A,H,-,C,A,0,NA,NA,NA,NA,Y,NA,A,NA,0,2,3,0,0,0,0,0,0,-,-,NA,NA,LOS ANGELES,LONG BEACH,-118.17741047,33.87643371
8400883,2017,2017-07-10,1972,2017-06-03,1622,19767,NA,6,5,6,1972,0,0,0,NA,0,NA,TORRANCE BL,WESTERN AV,40,W,N,A,-,N,NA,NA,NA,NA,NA,NA,NA,NA,NA,N,4,0,4,3,A,-,03,22350,NA,M,C,C,A,A,H,-,A,D,0,NA,NA,NA,NA,Y,NA,-,NA,0,0,4,0,0,0,0,0,0,-,-,NA,NA,LOS ANGELES,TORRANCE,-118.30943952,33.8382343
8400884,2017,2017-07-10,1942,2017-06-22,2220,41911,0376,4,5,7,1942,0,0,0,C,0,12T41,WESTERN AV,MIDDLETON PL,30,S,N,A,-,N,NA,NA,NA,NA,NA,NA,NA,NA,NA,Y,3,0,3,2,A,-,01,23152,A,N,A,C,A,A,H,-,C,A,0,NA,NA,NA,NA,Y,Y,A,01,0,1,2,0,0,0,0,0,0,-,-,NA,NA,LOS ANGELES,LOS ANGELES,-118.30891,34.01543772
8400887,2017,2017-07-10,1972,2017-06-08,1627,19767,NA,4,5,6,1972,0,0,0,NA,0,NA,ARTESIA BL,AINSWORTH AV,344,W,N,A,-,N,NA,NA,NA,NA,NA,NA,NA,NA,NA,Y,4,0,1,2,A,-,03,22350,NA,N,C,C,A,A,H,-,A,D,0,NA,NA,NA,NA,Y,NA,A,NA,0,0,1,0,0,0,0,0,0,-,-,NA,NA,LOS ANGELES,TORRANCE,-118.34070111,33.87278
8400888,2017,2017-07-10,1942,2017-06-18,1500,41859,0376,7,5,7,1942,0,0,0,C,0,12T4,MARTIN LUTHER KING BL,DENKER AV,150,E,N,A,-,N,NA,NA,NA,NA,NA,NA,NA,NA,NA,N,4,0,1,2,A,-,03,22350,NA,F,C,C,A,A,H,-,A,D,0,NA,NA,NA,NA,Y,NA,-,99,0,0,1,0,0,0,0,0,0,-,-,NA,NA,LOS ANGELES,LOS ANGELES,-118.304056,34.01085
8400891,2017,2017-07-10,1972,2017-06-08,1603,19767,NA,4,5,6,1972,0,0,0,NA,0,NA,PRAIRIE AV,190TH ST,528,S,N,A,-,N,NA,NA,NA,NA,NA,NA,NA,NA,NA,N,4,0,1,2,A,-,08,22107,NA,N,B,C,A,A,H,-,A,D,0,NA,NA,NA,NA,Y,NA,A,NA,0,0,1,0,0,0,0,0,0,-,-,NA,NA,LOS ANGELES,TORRANCE,-118.34386194,33.85684191
8400892,2017,2017-07-13,1942,2017-06-22,2200,42718,0363,4,5,7,1942,0,0,0,C,0,3A99,SANTA ROSALIA DR,STOCKER ST,1000,N,N,A,-,N,NA,NA,NA,NA,NA,NA,NA,NA,NA,N,4,0,1,2,A,-,08,22102,NA,N,-,C,A,A,H,-,C,D,0,NA,NA,NA,NA,Y,NA,A,01,0,0,1,0,0,0,0,0,0,-,-,NA,NA,LOS ANGELES,LOS ANGELES,-118.33908836,34.0093177