CASE_ID,ACCIDENT_YEAR,PROC_DATE,JURIS,COLLISION_DATE,COLLISION_TIME,OFFICER_ID,REPORTING_DISTRICT,DAY_OF_WEEK,CHP_SHIFT,POPULATION,CNTY_CITY_LOC,SPECIAL_COND,BEAT_TYPE,CHP_BEAT_TYPE,CITY_DIVISION_LAPD,CHP_BEAT_CLASS,BEAT_NUMBER,PRIMARY_RD,SECONDARY_RD,DISTANCE,DIRECTION,INTERSECTION,WEATHER_1,WEATHER_2,STATE_HWY_IND,CALTRANS_COUNTY,CALTRANS_DISTRICT,STATE_ROUTE,ROUTE_SUFFIX,POSTMILE_PREFIX,POSTMILE,LOCATION_TYPE,RAMP_INTERSECTION,SIDE_OF_HWY,TOW_AWAY,COLLISION_SEVERITY,NUMBER_KILLED,NUMBER_INJURED,PARTY_COUNT,PRIMARY_COLL_FACTOR,PCF_CODE_OF_VIOL,PCF_VIOL_CATEGORY,PCF_VIOLATION,PCF_VIOL_SUBSECTION,HIT_AND_RUN,TYPE_OF_COLLISION,MVIW,PED_ACTION,ROAD_SURFACE,ROAD_COND_1,ROAD_COND_2,LIGHTING,CONTROL_DEVICE,CHP_ROAD_TYPE,PEDESTRIAN_ACCIDENT,BICYCLE_ACCIDENT,MOTORCYCLE_ACCIDENT,TRUCK_ACCIDENT,NOT_PRIVATE_PROPERTY,ALCOHOL_INVOLVED,STWD_VEHTYPE_AT_FAULT,CHP_VEHTYPE_AT_FAULT,COUNT_SEVERE_INJ,COUNT_VISIBLE_INJ,COUNT_COMPLAINT_PAIN,COUNT_PED_KILLED,COUNT_PED_INJURED,COUNT_BICYCLIST_KILLED,COUNT_BICYCLIST_INJURED,COUNT_MC_KILLED,COUNT_MC_INJURED,PRIMARY_RAMP,SECONDARY_RAMP,LATITUDE,LONGITUDE,COUNTY,CITY,POINT_X,POINT_Y
8402425,2017,2017-07-17,1942,2017-06-24,0230,41666,06,6,5,7,1942,0,0,0,F,0,6A45,CAHUENGA BL,SELMA AV,60,N,N,A,-,N,NA,NA,NA,NA,NA,NA,NA,NA,NA,N,3,0,1,2,A,-,11,21954,A,F,A,B,D,A,H,-,C,A,0,Y,NA,NA,NA,Y,NA,N,60,0,1,0,0,1,0,0,0,0,-,-,NA,NA,LOS ANGELES,LOS ANGELES,-118.32952768,34.09993455
8402428,2017,2017-07-17,1941,2017-06-29,1215,11003,NA,4,5,7,1941,0,0,0,NA,0,NA,ATLANTIC AV,7TH ST,0,NA,Y,A,-,N,NA,NA,NA,NA,NA,NA,NA,NA,NA,Y,4,0,1,3,A,-,12,21453,A,F,A,C,A,A,H,-,A,A,0,NA,NA,NA,NA,Y,NA,A,NA,0,0,1,0,0,0,0,0,0,-,-,NA,NA,LOS ANGELES,LONG BEACH,-118.18505004,33.77534005
8402429,2017,2017-07-17,1942,2017-06-27,2130,40602,0526,2,5,7,1942,0,0,0,E,0,5A58,G ST,LAGOON AV,10,W,N,A,-,N,NA,NA,NA,NA,NA,NA,NA,NA,NA,Y,4,0,1,2,A,-,03,22350,NA,N,D,C,A,A,H,-,C,A,0,NA,NA,NA,NA,Y,Y,A,01,0,0,1,0,0,0,0,0,0,-,-,NA,NA,LOS ANGELES,LOS ANGELES,-118.26760279,33.77822839
8402433,2017,2017-07-17,1942,2017-06-30,1115,42630,0511,5,5,7,1942,0,0,0,E,0,5A15,256TH ST,PRESIDENT AV,0,NA,Y,A,-,N,NA,NA,NA,NA,NA,NA,NA,NA,NA,Y,4,0,1,2,A,-,12,22450,A,N,B,C,A,A,H,-,A,A,0,NA,NA,NA,NA,Y,NA,A,01,0,0,1,0,0,0,0,0,0,-,-,NA,NA,LOS ANGELES,LOS ANGELES,-118.30431012,33.79148005
8402437,2017,2017-07-17,1942,2017-06-30,2020,41649,0529,5,5,7,1942,0,0,0,E,0,5A15,ALAMEDA ST,ANAHEIM ST,5,S,N,A,-,N,NA,NA,NA,NA,NA,NA,NA,NA,NA,N,4,0,1,2,A,-,05,21650,1,N,D,G,A,A,H,-,C,A,0,NA,Y,NA,NA,Y,NA,L,04,0,0,1,0,0,0,1,0,0,-,-,NA,NA,LOS ANGELES,LOS ANGELES,-118.24522787,33.78091797
8402441,2017,2017-07-17,1942,2017-06-22,1705,41729,0311,4,5,7,1942,0,0,0,C,0,5TL25,LA CIENEGA BL,BODEN ST,0,NA,Y,A,-,N,NA,NA,NA,NA,NA,NA,NA,NA,NA,N,4,0,1,2,A,-,05,21651,A,F,D,C,A,A,H,-,A,A,0,NA,NA,NA,NA,Y,NA,-,99,0,0,1,0,0,0,0,0,0,-,-,NA,NA,LOS ANGELES,LOS ANGELES,-118.3720101,34.02822002
8402445,2017,2018-03-21,1942,2017-06-26,1000,25904,1871,1,5,7,1942,0,0,0,R,0,25MQ16,BROADWAY,IMPERIAL HWY,180,S,N,A,-,N,NA,NA,NA,NA,NA,NA,NA,NA,NA,N,4,0,1,2,A,-,03,22350,NA,F,D,C,A,A,H,-,A,D,0,NA,NA,NA,NA,Y,NA,-,99,0,0,1,0,0,0,0,0,0,-,-,NA,NA,LOS ANGELES,LOS ANGELES,-118.27838997,33.9305198
8402449,2017,2017-07-17,1942,2017-06-26,1635,39656,1881,1,5,7,1942,0,0,0,R,0,18A1,VERMONT AV,REDONDO BEACH,650,S,N,A,-,N,NA,NA,NA,NA,NA,NA,NA,NA,NA,N,3,0,1,2,A,-,09,21804,A,F,G,G,A,A,H,-,A,D,0,NA,Y,NA,NA,Y,NA,-,99,0,1,0,0,0,0,1,0,0,-,-,NA,NA,LOS ANGELES,LOS ANGELES,-118.29163157,33.89069853
8402453,2017,2017-07-27,1942,2017-06-24,1310,42551,1801,6,5,7,1942,0,0,0,R,0,18X48,92ND ST,VERMONT AV,0,NA,Y,A,-,N,NA,NA,NA,NA,NA,NA,NA,NA,NA,Y,4,0,2,2,A,-,12,21453,A,N,D,C,A,A,-,-,A,A,0,NA,NA,NA,NA,Y,NA,-,-,0,0,2,0,0,0,0,0,0,-,-,NA,NA,LOS ANGELES,LOS ANGELES,-118.29157013,33.95278008
8402457,2017,2017-07-17,1942,2017-06-29,1440,31288,1881,4,5,7,1942,0,0,0,R,0,5TL21,REDONDO BEACH BL,WEST FIGUEROA,55,W,N,A,-,N,NA,NA,NA,NA,NA,NA,NA,NA,NA,N,4,0,1,2,A,-,04,21703,NA,F,C,C,A,A,H,-,A,D,0,NA,NA,NA,NA,Y,NA,-,99,0,0,1,0,0,0,0,0,0,-,-,NA,NA,LOS ANGELES,LOS ANGELES,-118.28323072,33.89271377
8402461,2017,2017-07-17,1942,2017-06-23,0040,41761,1862,5,5,7,1942,0,0,0,R,0,18A63,SOUTH FIGUEROA ST,WEST 119TH ST,0,NA,Y,A,-,N,NA,NA,NA,NA,NA,NA,NA,NA,NA,N,4,0,1,2,A,-,03,22350,NA,F,B,G,A,A,H,-,C,A,0,NA,Y,NA,NA,Y,NA,-,99,0,0,1,0,0,0,1,0,0,-,-,NA,NA,LOS ANGELES,LOS ANGELES,-118.28261003,33.92493012
8402469,2017,2017-07-17,1942,2017-06-27,2056,41159,1805,2,5,7,1942,0,0,0,R,0,18X4,92ND ST,AVALON,30,W,N,A,-,N,NA,NA,NA,NA,NA,NA,NA,NA,NA,NA,4,0,1,3,A,-,03,22350,NA,F,C,C,A,A,H,-,C,A,0,NA,NA,NA,NA,Y,NA,-,99,0,0,1,0,0,0,0,0,0,-,-,NA,NA,LOS ANGELES,LOS ANGELES,-118.26525873,33.95289
8402473,2017,2017-07-17,1942,2017-06-25,1920,41923,557,7,5,7,1942,0,0,0,NA,0,5T25,GAFFEY ST,2ND ST,17,S,N,A,-,N,NA,NA,NA,NA,NA,NA,NA,NA,NA,Y,2,0,7,7,A,-,01,23152,A,N,E,I,F,A,H,-,A,D,0,Y,NA,NA,NA,Y,Y,A,01,1,6,0,0,6,0,0,0,0,-,-,NA,NA,LOS ANGELES,LOS ANGELES,-118.29232095,33.74238338
8402477,2017,2017-07-17,1942,2017-06-29,0830,41859,1268,4,5,7,1942,0,0,0,L,0,18T23,WEST MANCHESTER AV,SOUTH SAN PEDRO ST,0,NA,Y,A,-,N,NA,NA,NA,NA,NA,NA,NA,NA,NA,Y,3,0,2,2,A,-,00,21453,NA,N,D,C,A,A,H,-,A,A,0,NA,NA,NA,NA,Y,NA,A,01,0,2,0,0,0,0,0,0,0,-,-,NA,NA,LOS ANGELES,LOS ANGELES,-118.26950003,33.960110040000004
8402479,2017,2017-07-17,1941,2017-06-13,1340,5569,NA,2,5,7,1941,0,0,0,NA,0,NA,CALIFORNIA PL,SAN ANTONIO,25,NA,N,A,-,N,NA,NA,NA,NA,NA,NA,NA,NA,NA,N,4,0,1,5,A,-,08,22107,NA,N,B,E,A,A,H,-,A,D,0,NA,NA,NA,NA,Y,NA,A,NA,0,0,1,0,0,0,0,0,0,-,-,NA,NA,LOS ANGELES,LONG BEACH,-118.18296,33.83801008
8402481,2017,2017-07-28,1942,2017-07-03,1500,39281,2185,1,5,7,1942,0,0,0,NA,0,19TL72,TOPANGA CYN BL,AVENUE SAN LUIS,0,NA,Y,A,-,N,NA,NA,NA,NA,NA,NA,NA,NA,NA,Y,3,0,2,2,A,-,09,21801,A,N,D,C,A,A,H,-,A,D,0,NA,NA,NA,NA,Y,NA,A,01,0,1,1,0,0,0,0,0,0,-,-,NA,NA,LOS ANGELES,LOS ANGELES,-118.60585006,34.16598006
8402482,2017,2017-07-27,1942,2017-07-03,1620,42601,1211,1,5,7,1942,0,0,0,L,0,12A69,SLAUSON AV,BRYNHURST AV,0,NA,Y,A,-,N,NA,NA,NA,NA,NA,NA,NA,NA,NA,N,4,0,1,2,A,-,03,22350,NA,F,C,C,A,A,H,-,A,D,0,NA,NA,NA,NA,Y,NA,-,99,0,0,1,0,0,0,0,0,0,-,-,NA,NA,LOS ANGELES,LOS ANGELES,-118.33331001,33.989
8402485,2017,2017-07-19,1942,2017-07-04,1045,36257,2173,2,5,7,1942,0,0,0,NA,0,16TL23,WOODLAKE AV,VENTURA BL,0,NA,Y,A,-,N,NA,NA,NA,NA,NA,NA,NA,NA,NA,Y,3,0,2,2,A,-,12,21453,A,N,D,C,A,A,H,-,A,A,0,NA,NA,NA,NA,Y,NA,A,01,0,2,0,0,0,0,0,0,0,-,-,NA,NA,LOS ANGELES,LOS ANGELES,-118.63082006,34.16264003
8402486,2017,2017-07-31,1942,2017-07-03,1255,37880,1265,1,5,7,1942,0,0,0,L,0,12A57,VERMONT AV,MANCHESTER AV,110,S,N,A,-,N,NA,NA,NA,NA,NA,NA,NA,NA,NA,Y,4,0,1,3,A,-,04,21703,NA,N,C,C,A,A,H,-,A,A,0,NA,NA,NA,NA,Y,NA,A,07,0,0,1,0,0,0,0,0,0,-,-,NA,NA,LOS ANGELES,LOS ANGELES,-118.29189471,33.95975411
8402489,2017,2017-07-19,1942,2017-07-04,2255,38850,2126,2,5,7,1942,0,0,0,NA,0,19T75,CANOGA AV,ROSCOE BL,176,N,N,A,-,N,NA,NA,NA,NA,NA,NA,NA,NA,NA,Y,3,0,1,1,A,-,08,22107,NA,N,E,I,A,A,H,-,C,D,0,NA,NA,NA,NA,Y,NA,A,01,0,1,0,0,0,0,0,0,0,-,-,NA,NA,LOS ANGELES,LOS ANGELES,-118.59752,34.22028282
8402490,2017,2017-07-31,1942,2017-07-05,0115,41639,1241,3,5,7,1942,0,0,0,L,0,12A51,WEST BL,64TH ST,60,S,N,A,-,N,NA,NA,NA,NA,NA,NA,NA,NA,NA,N,3,0,1,2,A,-,11,21955,NA,N,G,B,D,A,H,-,C,D,0,Y,NA,NA,NA,Y,NA,N,60,0,1,0,0,1,0,0,0,0,-,-,NA,NA,LOS ANGELES,LOS ANGELES,-118.33518214,33.981605450000004
8402493,2017,2017-07-31,1942,2017-07-03,1410,40165,1698,1,5,7,1942,0,0,0,P,0,9TL56,SAN FERNANDO RD,SANCOLA AV,75,S,N,A,-,N,NA,NA,NA,NA,NA,NA,NA,NA,NA,N,4,0,1,2,A,-,21,22106,NA,N,B,C,A,A,H,-,A,D,0,NA,NA,NA,NA,Y,NA,A,08,0,0,1,0,0,0,0,0,0,-,-,NA,NA,LOS ANGELES,LOS ANGELES,-118.35403963,34.20943847
8402497,2017,2017-07-20,1942,2017-07-06,0915,33504,1676,4,5,7,1942,0,0,0,P,0,19TL77,GLENOAKS BL,ROSCOE BL E,259,N,N,A,-,N,NA,NA,NA,NA,NA,NA,NA,NA,NA,Y,4,0,1,1,C,-,18,NA,NA,N,E,I,A,A,H,-,A,D,0,NA,NA,NA,NA,Y,NA,-,-,0,0,1,0,0,0,0,0,0,-,-,NA,NA,LOS ANGELES,LOS ANGELES,-118.35978732,34.22295839
8402501,2017,2017-07-19,1942,2017-07-04,0830,39258,1049,2,5,7,1942,0,0,0,J,0,10TL37,VICTORY BL,DENSMORE AV,35,E,N,A,-,N,NA,NA,NA,NA,NA,NA,NA,NA,NA,N,2,0,1,2,A,-,11,21955,NA,N,G,B,E,A,H,-,A,A,0,Y,NA,NA,NA,Y,NA,N,60,1,0,0,0,1,0,0,0,0,-,-,NA,NA,LOS ANGELES,LOS ANGELES,-118.47730453,34.18664711
8402505,2017,2017-07-20,1942,2017-07-01,1650,34599,1065,6,5,7,1942,0,0,0,J,0,17T14,NEWCASTLE AV,MAGNOLIA BL,786,N,N,A,-,N,NA,NA,NA,NA,NA,NA,NA,NA,NA,N,2,0,1,2,A,-,09,21801,A,N,A,C,A,A,H,-,A,D,0,NA,NA,Y,NA,Y,NA,A,07,1,0,0,0,0,0,0,0,1,-,-,NA,NA,LOS ANGELES,LOS ANGELES,-118.52439037,34.16752604
8402509,2017,2017-07-20,1942,2017-07-02,2015,41861,1025,7,5,7,1942,0,0,0,J,0,10T37,LINDLEY AV,VANOWEN ST,0,NA,Y,A,-,N,NA,NA,NA,NA,NA,NA,NA,NA,NA,Y,3,0,1,2,A,-,09,21801,A,N,A,C,A,A,H,-,C,A,0,NA,NA,NA,NA,Y,NA,A,01,0,1,0,0,0,0,0,0,0,-,-,NA,NA,LOS ANGELES,LOS ANGELES,-118.52729,34.19387004
8402513,2017,2017-07-20,1942,2017-07-02,0127,40157,0315,7,5,7,1942,0,0,0,C,0,20T59,WESTERN AV,24TH ST,269,S,N,A,-,N,NA,NA,NA,NA,NA,NA,NA,NA,NA,Y,3,0,2,2,A,-,01,23152,A,N,C,C,A,A,G,-,C,D,0,NA,NA,NA,NA,Y,Y,A,01,0,1,1,0,0,0,0,0,0,-,-,NA,NA,LOS ANGELES,LOS ANGELES,-118.308978,34.033986
8402517,2017,2017-07-19,1942,2017-07-08,0105,41179,0749,6,5,7,1942,0,0,0,G,0,7T23,CRENSHAW BL,OLYMPIC BL,0,NA,Y,A,-,N,NA,NA,NA,NA,NA,NA,NA,NA,NA,Y,2,0,1,2,A,-,01,23152,A,N,H,G,A,A,H,-,C,A,0,NA,Y,NA,NA,Y,Y,A,07,1,0,0,0,0,0,1,0,0,-,-,NA,NA,LOS ANGELES,LOS ANGELES,-118.3230001,34.05466002
8402521,2017,2017-07-20,1942,2017-07-03,0046,42801,0701,1,5,7,1942,0,0,0,G,0,8A29,MELROSE AV,EDINBURGH,100,W,N,A,-,N,NA,NA,NA,NA,NA,NA,NA,NA,NA,Y,4,0,1,2,A,-,01,23152,A,N,C,E,A,A,H,-,C,D,0,NA,NA,NA,NA,Y,Y,A,01,0,0,1,0,0,0,0,0,0,-,-,NA,NA,LOS ANGELES,LOS ANGELES,-118.36406962,34.08377695
8402525,2017,2017-07-20,1942,2017-07-06,1311,41043,0776,4,5,7,1942,0,0,0,G,0,7X58,PICO BL,WEST BL,50,W,N,A,-,N,NA,NA,NA,NA,NA,NA,NA,NA,NA,Y,3,0,3,2,A,-,03,22350,NA,F,C,C,A,A,H,-,A,A,0,NA,NA,NA,NA,Y,NA,A,01,0,2,1,0,0,0,0,0,0,-,-,NA,NA,LOS ANGELES,LOS ANGELES,-118.33392299,34.04851996
8402529,2017,2018-06-19,1942,2017-07-02,2334,42580,532,7,5,7,1942,0,0,0,NA,0,5A25,PCH,RONAN AV,30,W,N,A,-,Y,LA,7,1,-,-,11.1,H,-,S,N,4,0,1,2,A,-,03,22350,NA,F,C,C,A,A,H,-,C,A,0,NA,NA,NA,NA,Y,NA,A,01,0,0,1,0,0,0,0,0,0,-,-,NA,NA,LOS ANGELES,LOS ANGELES,-118.2731915,33.790584870000004
8402533,2017,2018-06-19,1942,2017-07-01,2130,26529,0515,6,5,7,1942,0,0,0,E,0,5A12,PACIFIC COAST HWY,BAYVIEW AV,135,W,N,A,-,Y,LA,7,1,-,-,10.99,H,-,N,Y,3,0,1,2,A,-,01,23152,A,F,G,B,E,A,H,-,C,D,0,Y,NA,NA,NA,Y,Y,A,07,0,1,0,0,1,0,0,0,0,-,-,NA,NA,LOS ANGELES,LOS ANGELES,-118.27127698,33.79079999
8402537,2017,2017-07-19,1942,2017-07-01,0345,40415,1235,6,5,7,1942,0,0,0,L,0,12T41,SLAUSON AV,NORMANDIE AV,0,NA,Y,A,-,N,NA,NA,NA,NA,NA,NA,NA,NA,NA,Y,2,0,1,2,A,-,12,21453,A,N,D,C,A,A,H,-,C,A,0,NA,NA,Y,NA,Y,NA,C,02,1,0,0,0,0,0,0,0,1,-,-,NA,NA,LOS ANGELES,LOS ANGELES,-118.30019011,33.98914002
8402541,2017,2017-07-20,1942,2017-07-08,1945,42858,1267,6,5,7,1942,0,0,0,L,0,18A97,WALL ST,MANCHESTER,5,S,N,A,-,N,NA,NA,NA,NA,NA,NA,NA,NA,NA,N,4,0,1,2,A,-,01,23152,A,F,B,G,A,A,H,-,A,A,0,NA,Y,NA,NA,Y,Y,A,01,0,0,1,0,0,0,1,0,0,-,-,NA,NA,LOS ANGELES,LOS ANGELES,-118.27169,33.96008629
8402545,2017,2017-07-20,1942,2017-07-04,1500,41923,1266,2,5,7,1942,0,0,0,L,0,12T73,80TH ST,FIGUEROA ST,100,W,N,A,-,N,NA,NA,NA,NA,NA,NA,NA,NA,NA,N,4,0,1,2,A,-,09,21804,A,N,D,G,A,A,H,-,A,D,0,NA,Y,NA,NA,Y,NA,L,04,0,0,1,0,0,0,1,0,0,-,-,NA,NA,LOS ANGELES,LOS ANGELES,-118.28272,33.9669
8402549,2017,2017-07-19,1942,2017-07-03,1000,41536,1213,1,5,7,1942,0,0,0,L,0,18T23,SLAUSON AV,MANHATTAN PL,0,NA,Y,A,-,N,NA,NA,NA,NA,NA,NA,NA,NA,NA,N,4,0,2,2,A,-,09,21802,A,F,D,C,A,A,H,-,A,D,0,NA,NA,NA,NA,Y,NA,-,99,0,0,2,0,0,0,0,0,0,-,-,NA,NA,LOS ANGELES,LOS ANGELES,-118.31018009,33.98914006
8402553,2017,2017-07-25,1942,2017-07-01,1135,32305,1251,6,5,7,1942,0,0,0,L,0,12A53,CRENSHAW BL,FLORENCE,35,S,N,A,-,N,NA,NA,NA,NA,NA,NA,NA,NA,NA,NA,3,0,1,2,A,-,08,22107,NA,F,C,C,A,A,H,-,A,D,0,NA,NA,NA,NA,Y,NA,-,99,0,1,0,0,0,0,0,0,0,-,-,NA,NA,LOS ANGELES,LOS ANGELES,-118.33088782,33.97444402
8402557,2017,2017-07-19,1942,2017-07-03,2050,42495,1235,1,5,7,1942,0,0,0,L,0,12A73,NORMANDIE AV,SLAUSON AV,78,N,N,A,-,N,NA,NA,NA,NA,NA,NA,NA,NA,NA,Y,4,0,1,3,A,-,05,21650,NA,N,A,C,A,A,H,-,C,A,0,NA,NA,NA,NA,Y,NA,A,08,0,0,1,0,0,0,0,0,0,-,-,NA,NA,LOS ANGELES,LOS ANGELES,-118.300192,33.9893539
8402563,2017,2017-07-12,1942,2017-01-09,0955,31542,0111,1,5,7,1942,0,0,0,A,0,24T22,NORTH MAIN ST,S ARCADIA ST,0,NA,Y,A,-,N,NA,NA,NA,NA,NA,NA,NA,NA,NA,Y,4,0,1,2,A,-,12,21453,A,N,D,C,A,B,H,-,A,A,0,NA,NA,NA,NA,Y,NA,A,07,0,0,1,0,0,0,0,0,0,-,-,NA,NA,LOS ANGELES,LOS ANGELES,-118.24005014,34.05581007
8402564,2017,2017-07-12,1942,2017-05-26,0800,39010,1333,5,5,7,1942,0,0,0,M,0,24TL28,29TH ST,MAPLE AV,31,W,N,A,-,N,NA,NA,NA,NA,NA,NA,NA,NA,NA,Y,4,0,3,2,A,-,09,21802,A,N,D,C,A,A,H,-,A,A,0,NA,NA,NA,NA,Y,NA,A,01,0,0,3,0,0,0,0,0,0,-,-,NA,NA,LOS ANGELES,LOS ANGELES,-118.26702974,34.02113054
8402565,2017,2017-07-14,1942,2017-06-09,1550,34426,1132,5,5,7,1942,0,0,0,K,0,24T51,LOS FELIZ BL,NELLA VISTA AV,110,W,N,A,-,N,NA,NA,NA,NA,NA,NA,NA,NA,NA,N,4,0,1,2,A,-,07,21658,A,N,B,C,A,A,H,-,A,D,0,NA,NA,Y,NA,Y,NA,D,22,0,0,1,0,0,0,0,0,1,-,-,NA,NA,LOS ANGELES,LOS ANGELES,-118.28345322,34.11262157
8402567,2017,2017-07-13,1916,2017-03-02,1610,2771,E48C1,4,5,4,1916,0,0,0,NA,0,EAST,BADILLO ST,GRAND AV,400,E,N,A,-,N,NA,NA,NA,NA,NA,NA,NA,NA,NA,Y,4,0,1,2,A,-,03,22350,NA,N,C,C,A,A,H,-,A,A,0,NA,NA,NA,NA,Y,NA,A,01,0,0,1,0,0,0,0,0,0,-,-,NA,NA,LOS ANGELES,COVINA,-117.87130208,34.08626
8402568,2017,2017-07-12,1942,2017-05-27,1440,34968,1373,6,5,7,1942,0,0,0,M,0,13A63,SLAUSON AV,CENTRAL AV,0,W,N,A,-,N,NA,NA,NA,NA,NA,NA,NA,NA,NA,N,3,0,1,2,A,-,11,21955,NA,N,A,B,E,A,H,-,A,D,0,Y,NA,NA,NA,Y,Y,N,60,0,1,0,0,1,0,0,0,0,-,-,NA,NA,LOS ANGELES,LOS ANGELES,-118.25646009,33.98934006
8402569,2017,2017-07-14,1942,2017-06-07,0540,42728,0135,3,5,7,1942,0,0,0,A,0,1A1,LOS ANGELES ST,4TH ST,0,NA,Y,A,-,N,NA,NA,NA,NA,NA,NA,NA,NA,NA,Y,4,0,1,2,A,-,12,21453,A,N,D,C,A,A,H,-,A,A,0,NA,NA,NA,NA,Y,NA,D,22,0,0,1,0,0,0,0,0,0,-,-,NA,NA,LOS ANGELES,LOS ANGELES,-118.2462,34.04727
8402570,2017,2017-07-20,1942,2017-05-29,0010,37618,0291,1,5,7,1942,0,0,0,B,0,20A53,ALVARADO ST,PICO BL,0,NA,Y,A,-,N,NA,NA,NA,NA,NA,NA,NA,NA,NA,Y,4,0,2,3,A,-,09,21801,A,N,D,C,A,A,H,-,C,A,0,NA,NA,NA,NA,Y,NA,A,01,0,0,2,0,0,0,0,0,0,-,-,NA,NA,LOS ANGELES,LOS ANGELES,-118.2826801,34.04726011
8402571,2017,2017-07-13,1916,2017-03-14,1128,2235,E52C1,2,5,4,1916,0,0,0,NA,0,00E,ARROW HWY,GRAND AV,0,NA,N,A,-,N,NA,NA,NA,NA,NA,NA,NA,NA,NA,N,4,0,1,3,A,-,08,22107,NA,N,B,C,A,A,H,-,A,D,0,NA,NA,NA,NA,Y,NA,A,01,0,0,1,0,0,0,0,0,0,-,-,34.10616,-117.87251,LOS ANGELES,COVINA,-117.87269001,34.10614005
8402572,2017,2017-07-12,1942,2017-05-26,0905,40514,1323,5,5,7,1942,0,0,0,M,0,13XL3,CENTRAL AV,24TH ST,0,NA,Y,A,-,N,NA,NA,NA,NA,NA,NA,NA,NA,NA,N,4,0,1,2,A,-,09,21801,A,N,D,C,A,A,H,-,A,D,0,NA,NA,NA,NA,Y,NA,A,01,0,0,1,0,0,0,0,0,0,-,-,NA,NA,LOS ANGELES,LOS ANGELES,-118.25412004,34.02055002
8402573,2017,2018-04-10,1942,2017-06-10,1725,39103,161,6,5,7,1942,0,0,0,P,0,1A84-W,JAMES M WOOD,GEORGIA AV,0,NA,Y,A,-,Y,LA,7,110,-,-,22.3,H,-,N,Y,4,0,2,2,A,-,12,21453,A,N,D,C,A,A,H,-,A,A,0,NA,NA,Y,NA,Y,NA,-,-,0,0,2,0,0,0,0,0,1,-,-,NA,NA,LOS ANGELES,LOS ANGELES,-118.26611316,34.04813087
8402575,2017,2017-07-13,1942,2017-02-24,1850,42465,1132,5,5,7,1942,0,0,0,K,0,11A71,GLENDALE BL,VERMONT AV,285,W,N,A,-,N,NA,NA,NA,NA,NA,NA,NA,NA,NA,Y,4,0,2,2,A,-,09,21801,A,N,A,C,A,A,H,-,C,A,0,NA,NA,NA,NA,Y,NA,A,01,0,0,2,0,0,0,0,0,0,-,-,NA,NA,LOS ANGELES,LOS ANGELES,NA,NA
8402576,2017,2017-07-12,1942,2017-05-25,1730,40138,1367,4,5,7,1942,0,0,0,M,0,13X62,LONG BEACH,VERNON,0,NA,Y,A,-,N,NA,NA,NA,NA,NA,NA,NA,NA,NA,N,4,0,1,2,A,-,11,21956,A,N,G,B,B,A,H,-,A,A,0,Y,NA,NA,NA,Y,NA,N,60,0,0,1,0,1,0,0,0,0,-,-,NA,NA,LOS ANGELES,LOS ANGELES,-118.24334006,34.00393003
8402578,2017,2017-07-24,1942,2017-07-03,1930,41861,1622,1,5,7,1942,0,0,0,P,0,19T73,SAN FERNANDO RD,WEIDNER ST,0,NA,Y,A,-,N,NA,NA,NA,NA,NA,NA,NA,NA,NA,Y,4,0,3,3,A,-,01,23152,A,N,B,C,A,A,H,-,A,D,0,NA,NA,NA,NA,Y,Y,D,22,0,0,3,0,0,0,0,0,0,-,-,NA,NA,LOS ANGELES,LOS ANGELES,-118.42684012,34.27054002
8402579,2017,2017-07-13,1948,2017-04-24,1407,398,1948,1,5,5,1948,0,0,0,NA,0,001,GARVEY AV,MARGUERITA AV,318,E,N,A,-,N,NA,NA,NA,NA,NA,NA,NA,NA,NA,Y,3,0,1,2,A,-,08,22107,NA,N,D,C,A,A,H,-,A,D,0,NA,NA,Y,NA,Y,NA,A,08,0,1,0,0,0,0,0,0,1,-,-,NA,NA,LOS ANGELES,MONTEREY PARK,-118.13680244,34.06252
8402580,2017,2017-07-12,1942,2017-05-28,0700,37952,1353,7,5,7,1942,0,0,0,M,0,24TL26,VERNON AV,CENTRAL AV,0,NA,Y,A,-,N,NA,NA,NA,NA,NA,NA,NA,NA,NA,Y,3,0,3,2,A,-,09,21801,A,N,A,C,A,A,H,-,A,A,0,NA,NA,NA,NA,Y,NA,A,01,0,2,1,0,0,0,0,0,0,-,-,NA,NA,LOS ANGELES,LOS ANGELES,-118.25649004,34.00393001
8402581,2017,2017-07-28,1942,2017-06-15,2100,39759,0442,4,5,7,1942,0,0,0,D,0,24T60,POMEROY AV,CLEMENT ST,131,W,N,A,-,N,NA,NA,NA,NA,NA,NA,NA,NA,NA,Y,4,0,2,4,C,-,18,NA,NA,N,C,E,A,A,H,-,C,D,0,NA,NA,NA,NA,Y,NA,-,-,0,0,2,0,0,0,0,0,0,-,-,NA,NA,LOS ANGELES,LOS ANGELES,-118.21218968,34.05713086
8402584,2017,2017-07-12,1942,2017-05-28,1025,36238,1331,7,5,7,1942,0,0,0,M,0,24TL41,MAIN ST,JEFFERSON BL,0,NA,Y,A,-,N,NA,NA,NA,NA,NA,NA,NA,NA,NA,Y,3,0,3,2,A,-,09,21801,A,N,D,C,A,A,H,-,A,A,0,NA,NA,NA,NA,Y,NA,A,01,0,1,2,0,0,0,0,0,0,-,-,NA,NA,LOS ANGELES,LOS ANGELES,-118.27262004,34.01864001