CASE_ID,ACCIDENT_YEAR,PROC_DATE,JURIS,COLLISION_DATE,COLLISION_TIME,OFFICER_ID,REPORTING_DISTRICT,DAY_OF_WEEK,CHP_SHIFT,POPULATION,CNTY_CITY_LOC,SPECIAL_COND,BEAT_TYPE,CHP_BEAT_TYPE,CITY_DIVISION_LAPD,CHP_BEAT_CLASS,BEAT_NUMBER,PRIMARY_RD,SECONDARY_RD,DISTANCE,DIRECTION,INTERSECTION,WEATHER_1,WEATHER_2,STATE_HWY_IND,CALTRANS_COUNTY,CALTRANS_DISTRICT,STATE_ROUTE,ROUTE_SUFFIX,POSTMILE_PREFIX,POSTMILE,LOCATION_TYPE,RAMP_INTERSECTION,SIDE_OF_HWY,TOW_AWAY,COLLISION_SEVERITY,NUMBER_KILLED,NUMBER_INJURED,PARTY_COUNT,PRIMARY_COLL_FACTOR,PCF_CODE_OF_VIOL,PCF_VIOL_CATEGORY,PCF_VIOLATION,PCF_VIOL_SUBSECTION,HIT_AND_RUN,TYPE_OF_COLLISION,MVIW,PED_ACTION,ROAD_SURFACE,ROAD_COND_1,ROAD_COND_2,LIGHTING,CONTROL_DEVICE,CHP_ROAD_TYPE,PEDESTRIAN_ACCIDENT,BICYCLE_ACCIDENT,MOTORCYCLE_ACCIDENT,TRUCK_ACCIDENT,NOT_PRIVATE_PROPERTY,ALCOHOL_INVOLVED,STWD_VEHTYPE_AT_FAULT,CHP_VEHTYPE_AT_FAULT,COUNT_SEVERE_INJ,COUNT_VISIBLE_INJ,COUNT_COMPLAINT_PAIN,COUNT_PED_KILLED,COUNT_PED_INJURED,COUNT_BICYCLIST_KILLED,COUNT_BICYCLIST_INJURED,COUNT_MC_KILLED,COUNT_MC_INJURED,PRIMARY_RAMP,SECONDARY_RAMP,LATITUDE,LONGITUDE,COUNTY,CITY,POINT_X,POINT_Y
8405699,2017,2017-07-11,1942,2017-06-26,2350,40832,1208,1,5,7,1942,0,0,0,L,0,12XL7,HOOVER,45TH ST,0,NA,Y,A,-,N,NA,NA,NA,NA,NA,NA,NA,NA,NA,Y,2,0,1,2,A,-,08,22107,NA,N,A,C,A,-,H,-,C,D,0,NA,NA,Y,NA,Y,NA,A,01,1,0,0,0,0,0,0,0,1,-,-,NA,NA,LOS ANGELES,LOS ANGELES,-118.28716007,34.00271001
8405702,2017,2017-07-11,1956,2017-06-01,1809,1272,42,4,5,5,1956,0,0,0,NA,0,003,ARTESIA BL,CARVER,75,E,N,A,-,N,NA,NA,NA,NA,NA,NA,NA,NA,NA,Y,4,0,1,2,A,-,03,22350,NA,N,C,C,A,A,G,-,A,D,0,NA,NA,NA,NA,Y,NA,A,07,0,0,1,0,0,0,0,0,0,-,-,NA,NA,LOS ANGELES,REDONDO BEACH,-118.38410341,33.8727868
8405703,2017,2017-08-22,1942,2017-06-24,2103,42854,1208,6,5,7,1942,0,0,0,L,0,12A69,MENLO AV,47TH ST,100,N,N,A,-,N,NA,NA,NA,NA,NA,NA,NA,NA,NA,N,4,0,1,2,A,-,03,22350,NA,F,C,C,A,A,H,-,C,D,0,NA,NA,NA,NA,Y,NA,-,99,0,0,1,0,0,0,0,0,0,-,-,NA,NA,LOS ANGELES,LOS ANGELES,-118.28966,34.00082426
8405706,2017,2017-07-11,1956,2017-06-04,2151,1327,71,7,5,5,1956,0,0,0,NA,0,002,TORRANCE BL,CATALINA AV,0,NA,Y,A,-,N,NA,NA,NA,NA,NA,NA,NA,NA,NA,N,4,0,1,2,A,-,12,21453,A,N,D,G,A,A,H,-,C,A,0,NA,Y,NA,NA,Y,Y,L,04,0,0,1,0,0,0,1,0,0,-,-,NA,NA,LOS ANGELES,REDONDO BEACH,-118.38798005,33.83829004
8405707,2017,2017-07-11,1942,2017-06-17,0420,42296,1293,6,5,7,1942,0,0,0,L,0,12A3,CENTURY BL,S WESTERN AV,0,NA,Y,A,-,N,NA,NA,NA,NA,NA,NA,NA,NA,NA,Y,4,0,1,2,A,-,12,21453,A,N,D,C,A,A,H,-,C,A,0,NA,NA,NA,NA,Y,NA,A,01,0,0,1,0,0,0,0,0,0,-,-,NA,NA,LOS ANGELES,LOS ANGELES,-118.30903014,33.94545005
8405710,2017,2017-07-11,1956,2017-06-12,0715,1329,1956,1,5,5,1956,0,0,0,NA,0,005,INGLEWOOD AV,RUHLAND AV,0,NA,Y,A,-,N,NA,NA,NA,NA,NA,NA,NA,NA,NA,N,4,0,1,2,A,-,05,21650,NA,N,A,G,A,A,H,-,A,A,0,NA,Y,NA,NA,Y,NA,-,-,0,0,1,0,0,0,1,0,0,-,-,NA,NA,LOS ANGELES,REDONDO BEACH,-118.36132001,33.87569
8405711,2017,2017-08-22,1942,2017-06-24,1530,40786,1283,6,5,7,1942,0,0,0,L,0,3A99,S DENKER AV,W 95TH ST,0,NA,Y,A,-,N,NA,NA,NA,NA,NA,NA,NA,NA,NA,Y,4,0,1,2,A,-,09,21801,A,N,B,C,A,A,H,-,A,A,0,NA,NA,NA,NA,Y,NA,A,01,0,0,1,0,0,0,0,0,0,-,-,NA,NA,LOS ANGELES,LOS ANGELES,-118.30467012,33.94953006
8405714,2017,2017-07-11,1956,2017-06-13,1654,1224,NA,2,5,5,1956,0,0,0,NA,0,NA,AVIATION BL,MANHATTAN BEACH BL,0,NA,Y,A,-,N,NA,NA,NA,NA,NA,NA,NA,NA,NA,Y,4,0,1,2,A,-,03,22350,NA,N,C,C,A,A,H,-,A,A,0,NA,NA,NA,NA,Y,NA,A,01,0,0,1,0,0,0,0,0,0,-,-,NA,NA,LOS ANGELES,REDONDO BEACH,-118.37866005,33.88742008
8405718,2017,2017-07-11,1956,2017-06-21,0835,1183,06,3,5,5,1956,0,0,0,NA,0,001,PALOS VERDES BL,AVE E,0,NA,Y,A,B,N,NA,NA,NA,NA,NA,NA,NA,NA,NA,Y,4,0,1,2,A,-,08,22107,NA,N,D,C,A,A,H,-,A,D,0,NA,NA,NA,NA,Y,NA,A,01,0,0,1,0,0,0,0,0,0,-,-,NA,NA,LOS ANGELES,REDONDO BEACH,-118.38128009,33.82117012
8405719,2017,2017-07-11,1942,2017-06-23,1705,37697,1266,5,5,7,1942,0,0,0,L,0,18X48,HOOVER ST,80TH ST,0,NA,Y,A,-,N,NA,NA,NA,NA,NA,NA,NA,NA,NA,N,4,0,1,2,A,-,09,21802,A,N,D,C,A,A,H,-,A,D,0,NA,NA,NA,NA,Y,NA,A,01,0,0,1,0,0,0,0,0,0,-,-,NA,NA,LOS ANGELES,LOS ANGELES,-118.28712011,33.96671006
8405723,2017,2017-07-11,1942,2017-06-29,0015,35393,314,4,5,7,1942,0,0,0,NA,0,3T5,10TH AV,ADAMS BL,200,N,N,A,-,N,NA,NA,NA,NA,NA,NA,NA,NA,NA,Y,3,0,1,3,A,-,01,23152,A,N,A,E,A,A,H,-,C,D,0,NA,NA,NA,NA,Y,Y,A,01,0,1,0,0,0,0,0,0,0,-,-,NA,NA,LOS ANGELES,LOS ANGELES,-118.32839,34.03315615
8405726,2017,2017-07-11,1956,2017-06-24,0417,1279,663,6,5,5,1956,0,0,0,NA,0,6LI5,MANHATTAN BEACH BL,DOW AV,21,E,N,A,-,N,NA,NA,NA,NA,NA,NA,NA,NA,NA,Y,4,0,1,1,A,-,08,22107,NA,N,F,J,A,A,H,-,C,A,0,NA,NA,NA,NA,Y,Y,A,07,0,0,1,0,0,0,0,0,0,-,-,NA,NA,LOS ANGELES,REDONDO BEACH,-118.36643094,33.88744
8405727,2017,2017-07-11,1942,2017-06-27,2205,41521,0394,2,5,7,1942,0,0,0,C,0,18T23,ARLINGTON AV,KING BL,0,NA,Y,A,-,N,NA,NA,NA,NA,NA,NA,NA,NA,NA,Y,3,0,5,2,A,-,09,21801,A,N,D,C,A,A,H,-,C,A,0,NA,NA,NA,NA,Y,NA,A,07,0,2,3,0,0,0,0,0,0,-,-,NA,NA,LOS ANGELES,LOS ANGELES,-118.31825,34.01082
8405730,2017,2017-08-15,1956,2017-06-25,0810,1329,66,7,5,5,1956,0,0,0,NA,0,004,INGLEWOOD AV,W 153RD ST,0,NA,Y,A,-,N,NA,NA,NA,NA,NA,NA,NA,NA,NA,N,4,0,1,2,A,-,08,22107,NA,N,D,C,A,A,H,-,A,A,0,NA,NA,NA,NA,Y,NA,A,07,0,0,1,0,0,0,0,0,0,-,-,NA,NA,LOS ANGELES,REDONDO BEACH,-118.36134013,33.89263009
8405731,2017,2017-07-11,1942,2017-06-28,0001,42210,0329,3,5,7,1942,0,0,0,C,0,12A3W3,30TH ST,SHRINE PL,0,NA,Y,A,-,N,NA,NA,NA,NA,NA,NA,NA,NA,NA,N,4,0,1,2,A,-,21,22106,NA,F,H,C,A,A,H,-,C,A,0,NA,NA,NA,NA,Y,NA,-,99,0,0,1,0,0,0,0,0,0,-,-,NA,NA,LOS ANGELES,LOS ANGELES,-118.27969009,34.02580006
8405735,2017,2017-07-11,1942,2017-06-27,1645,41536,0341,2,5,7,1942,0,0,0,C,0,18T23,RODEO RD,LA CIENEGA BL,0,NA,Y,A,-,N,NA,NA,NA,NA,NA,NA,NA,NA,NA,Y,4,0,2,2,A,-,09,21801,A,N,D,C,A,A,H,-,A,A,0,NA,NA,NA,NA,Y,NA,A,01,0,0,2,0,0,0,0,0,0,-,-,NA,NA,LOS ANGELES,LOS ANGELES,-118.37236002,34.02170002
8405738,2017,2017-07-11,1956,2017-06-14,1210,1257,48,3,5,5,1956,0,0,0,NA,0,004,GRANT AV,PERKINS LN,261,W,N,A,-,N,NA,NA,NA,NA,NA,NA,NA,NA,NA,Y,4,0,1,4,A,-,03,22350,NA,N,C,C,A,A,H,-,A,D,0,NA,NA,NA,NA,Y,NA,A,01,0,0,1,0,0,0,0,0,0,-,-,NA,NA,LOS ANGELES,REDONDO BEACH,-118.36306818,33.86903009
8405739,2017,2017-07-11,1942,2017-06-24,2050,41258,0361,6,5,7,1942,0,0,0,C,0,3G25W6,MARTIN LUTHER KING JR BL,MARLTON AV,10,W,N,A,-,N,NA,NA,NA,NA,NA,NA,NA,NA,NA,Y,3,0,3,2,A,-,03,22350,NA,N,C,C,A,A,H,-,C,A,0,NA,NA,NA,NA,Y,NA,A,01,0,1,2,0,0,0,0,0,0,-,-,NA,NA,LOS ANGELES,LOS ANGELES,-118.33776182,34.01238707
8405742,2017,2017-07-11,1956,2017-06-15,0812,1257,54,4,5,5,1956,0,0,0,NA,0,005,INGLEWOOD AV,ARTESIA BL,0,NA,Y,A,-,N,NA,NA,NA,NA,NA,NA,NA,NA,NA,Y,4,0,1,1,A,-,01,23152,B,N,A,I,A,A,H,-,A,A,0,NA,NA,NA,NA,Y,Y,A,01,0,0,1,0,0,0,0,0,0,-,-,NA,NA,LOS ANGELES,REDONDO BEACH,-118.3613,33.87292007
8405743,2017,2017-07-11,1942,2017-06-22,1725,40911,0325,4,5,7,1942,0,0,0,C,0,NA,S VERMONT AV,28TH ST,20,N,N,A,-,N,NA,NA,NA,NA,NA,NA,NA,NA,NA,N,4,0,1,2,A,-,09,21804,A,N,D,G,A,A,H,-,A,D,0,NA,Y,NA,NA,Y,NA,A,01,0,0,1,0,0,0,1,0,0,-,-,NA,NA,LOS ANGELES,LOS ANGELES,-118.29155,34.02965485
8405745,2017,2017-07-10,1925,2017-06-24,1423,22598,5,6,5,6,1925,0,0,0,NA,0,137,CANADA BL,GLORIETTA AV,0,NA,Y,A,-,N,NA,NA,NA,NA,NA,NA,NA,NA,NA,Y,4,0,1,2,A,-,03,22350,NA,N,C,C,A,A,H,-,A,A,0,NA,NA,Y,NA,Y,NA,A,01,0,0,1,0,0,0,0,0,1,-,-,34.18705,-118.22907,LOS ANGELES,GLENDALE,-118.2291,34.1870201
8405746,2017,2017-07-11,1956,2017-06-16,0908,1234,30,5,5,5,1956,0,0,0,NA,0,002,190TH ST,MARIA AV,480,E,N,A,-,N,NA,NA,NA,NA,NA,NA,NA,NA,NA,N,4,0,1,2,A,-,03,22350,NA,N,C,C,A,A,H,-,A,D,0,NA,NA,NA,NA,Y,NA,A,07,0,0,1,0,0,0,0,0,0,-,-,NA,NA,LOS ANGELES,REDONDO BEACH,-118.387113,33.855406
8405747,2017,2017-07-11,1942,2017-06-14,1150,37931,0313,3,5,7,1942,0,0,0,C,0,25H21,CRENSHAW,ADAMS BL,30,N,N,A,-,N,NA,NA,NA,NA,NA,NA,NA,NA,NA,N,4,0,1,2,A,-,03,22350,NA,N,C,C,A,A,H,-,A,D,0,NA,NA,NA,NA,Y,NA,-,NA,0,0,1,0,0,0,0,0,0,-,-,NA,NA,LOS ANGELES,LOS ANGELES,-118.334991,34.03266075
8405749,2017,2017-07-10,1925,2017-06-24,1535,25307,276,6,5,6,1925,0,0,0,NA,0,002,CENTRAL AV,PALMER AV,0,NA,Y,A,-,N,NA,NA,NA,NA,NA,NA,NA,NA,NA,Y,3,0,5,2,A,-,09,21801,A,N,D,C,A,A,H,-,A,D,0,NA,NA,NA,NA,Y,NA,A,01,0,3,2,0,0,0,0,0,0,-,-,NA,NA,LOS ANGELES,GLENDALE,-118.25782006,34.1322601
8405750,2017,2017-07-11,1956,2017-06-17,2345,1339,39,6,5,5,1956,0,0,0,NA,0,003,190TH ST,FLAGLER LN,13,E,N,A,-,N,NA,NA,NA,NA,NA,NA,NA,NA,NA,N,4,0,1,2,A,-,09,21802,A,N,D,C,A,A,H,-,C,A,0,NA,NA,NA,NA,Y,NA,A,01,0,0,1,0,0,0,0,0,0,-,-,NA,NA,LOS ANGELES,REDONDO BEACH,-118.37893747,33.85832646
8405753,2017,2017-07-10,1925,2017-06-28,2219,22249,277,3,5,6,1925,0,0,0,NA,0,002,SAN FERNANDO RD,CENTRAL AV,0,NA,Y,A,-,N,NA,NA,NA,NA,NA,NA,NA,NA,NA,Y,4,0,3,2,A,-,07,21658,A,N,B,C,A,A,H,-,C,A,0,NA,NA,NA,NA,Y,NA,A,01,0,0,3,0,0,0,0,0,0,-,-,NA,NA,LOS ANGELES,GLENDALE,-118.25794006,34.12679002
8405757,2017,2017-07-10,1925,2017-06-26,2240,24822,276,1,5,6,1925,0,0,0,NA,0,002,LOS FELIZ RD,BRAND BL,0,NA,Y,A,-,N,NA,NA,NA,NA,NA,NA,NA,NA,NA,Y,4,0,1,2,A,-,12,21453,A,N,D,C,A,A,H,-,C,A,0,NA,NA,NA,NA,Y,NA,A,01,0,0,1,0,0,0,0,0,0,-,-,NA,NA,LOS ANGELES,GLENDALE,-118.25497011,34.12869009
8405764,2017,2017-07-19,1942,2017-06-22,1345,40353,1969,4,5,7,1942,0,0,0,NA,0,9T54,TERRA BELLA ST,SHARP AV,22,E,N,A,-,N,NA,NA,NA,NA,NA,NA,NA,NA,NA,Y,4,0,1,2,A,-,03,22350,NA,N,C,C,A,A,H,-,A,D,0,NA,NA,NA,NA,Y,NA,D,22,0,0,1,0,0,0,0,0,0,-,-,NA,NA,LOS ANGELES,LOS ANGELES,-118.42906147,34.25043577
8405768,2017,2017-08-02,1942,2017-06-12,1730,38696,1993,1,5,7,1942,0,0,0,NA,0,19A1,ROSCOE,NOBLE,250,E,N,A,-,N,NA,NA,NA,NA,NA,NA,NA,NA,NA,N,4,0,1,2,A,-,09,21801,A,N,D,C,A,A,H,-,A,D,0,NA,NA,NA,NA,Y,NA,D,22,0,0,1,0,0,0,0,0,0,-,-,NA,NA,LOS ANGELES,LOS ANGELES,-118.46102449,34.22146
8405772,2017,2017-07-19,1942,2017-06-09,1420,42191,1916,5,5,7,1942,0,0,0,NA,0,19A1,RAVEN ST,BORDEN AV,1000,E,N,A,-,N,NA,NA,NA,NA,NA,NA,NA,NA,NA,N,4,0,1,2,A,-,13,22500,H,N,C,C,A,A,H,-,A,D,0,NA,NA,NA,NA,Y,NA,D,22,0,0,1,0,0,0,0,0,0,-,-,NA,NA,LOS ANGELES,LOS ANGELES,-118.4382976,34.30745051
8405776,2017,2018-04-11,1942,2017-06-05,1435,42561,1935,1,5,7,1942,0,0,0,NA,0,19X4,SEPULVEDA BL,RT 405 / RT 72,0,NA,Y,A,-,Y,LA,7,405,-,-,47.613,R,4,N,N,4,0,1,2,A,-,12,21453,A,N,D,C,A,A,H,-,A,A,0,NA,NA,NA,NA,Y,NA,-,-,0,0,1,0,0,0,0,0,0,-,NF,NA,NA,LOS ANGELES,LOS ANGELES,-118.47038624,34.27688993
8405780,2017,2017-08-15,1942,2017-07-06,0005,39410,2162,4,5,7,1942,0,0,0,NA,0,9553W3,FALLBROOK AV,OXNARD ST,424,S,N,A,-,N,NA,NA,NA,NA,NA,NA,NA,NA,NA,N,4,0,1,2,A,-,01,23152,A,N,C,C,A,A,H,-,C,D,0,NA,NA,NA,NA,Y,Y,D,22,0,0,1,0,0,0,0,0,0,-,-,NA,NA,LOS ANGELES,LOS ANGELES,-118.62334,34.17804688
8405784,2017,2017-07-19,1942,2017-06-30,2040,36466,1936,5,5,7,1942,0,0,0,NA,0,19A43,RINALDI ST,LAUREL CANYON BL,0,NA,Y,A,-,N,NA,NA,NA,NA,NA,NA,NA,NA,NA,Y,4,0,1,3,A,-,12,21453,A,F,D,C,A,A,H,-,C,A,0,NA,NA,NA,NA,Y,NA,A,01,0,0,1,0,0,0,0,0,0,-,-,NA,NA,LOS ANGELES,LOS ANGELES,-118.4545301,34.27985011
8405804,2017,2017-07-19,1942,2017-06-29,0820,41807,1641,4,5,7,1942,0,0,0,P,0,16A81,LAUREL CANYON BL,TERRA BELLA ST,0,NA,Y,A,-,N,NA,NA,NA,NA,NA,NA,NA,NA,NA,NA,4,0,2,3,A,-,12,21453,A,N,A,C,A,A,H,-,A,A,0,NA,NA,NA,NA,Y,NA,A,07,0,0,2,0,0,0,0,0,0,-,-,NA,NA,LOS ANGELES,LOS ANGELES,-118.42580003,34.25283005
8405808,2017,2017-07-19,1942,2017-06-30,1810,41368,0984,5,5,7,1942,0,0,0,I,0,17A35,BALBOA BL,SAN FERNANDO RD,600,S,N,A,-,N,NA,NA,NA,NA,NA,NA,NA,NA,NA,N,4,0,1,3,A,-,21,22106,NA,N,C,C,A,A,H,-,C,D,0,NA,NA,NA,NA,Y,NA,D,22,0,0,1,0,0,0,0,0,0,-,-,NA,NA,LOS ANGELES,LOS ANGELES,-118.497256,34.31843038
8405812,2017,2017-07-19,1942,2017-06-26,1740,38135,0901,1,5,7,1942,0,0,0,I,0,9X16,SEPULVEDA BL,RAYMER ST,20,N,N,A,-,N,NA,NA,NA,NA,NA,NA,NA,NA,NA,N,4,0,3,2,A,-,03,22350,A,N,C,C,A,A,H,-,A,A,0,NA,NA,NA,NA,Y,Y,A,01,0,0,3,0,0,0,0,0,0,-,-,NA,NA,LOS ANGELES,LOS ANGELES,-118.46616668,34.21424479
8405820,2017,2018-03-08,1941,2017-06-28,1340,6185,NA,3,5,7,1941,0,0,0,NA,0,NA,PACIFIC COAST HWY,HARBOR AV,30,E,N,A,-,Y,LA,7,1,-,-,7.48,H,-,N,Y,3,0,2,2,C,-,18,NA,NA,N,C,C,A,A,H,-,A,D,0,NA,NA,NA,NA,Y,NA,-,-,0,2,0,0,0,0,0,0,0,-,-,NA,NA,LOS ANGELES,LONG BEACH,-118.21037671,33.78990543
8405835,2017,2017-07-11,1942,2017-06-25,0845,22640,1273,7,5,7,1942,0,0,0,L,0,SL67,CIMARRON AV,92ND ST,15,W,N,A,-,N,NA,NA,NA,NA,NA,NA,NA,NA,NA,Y,4,0,1,3,A,-,03,22350,NA,N,C,E,A,A,H,-,A,D,0,NA,NA,NA,NA,Y,NA,A,01,0,0,1,0,0,0,0,0,0,-,-,NA,NA,LOS ANGELES,LOS ANGELES,-118.31558,33.95272
8405846,2017,2017-07-21,1900,2017-06-22,1555,546182,1124,4,5,6,1992,0,0,0,NA,0,112T2,AVE M,10TH ST WEST,300,E,N,A,-,N,NA,NA,NA,NA,NA,NA,NA,NA,NA,Y,4,0,1,3,A,-,03,22350,NA,N,C,C,A,A,H,-,A,A,0,NA,NA,NA,NA,Y,NA,D,22,0,0,1,0,0,0,0,0,0,-,-,NA,NA,LOS ANGELES,LANCASTER,-118.14668465,34.64581
8405849,2017,2017-07-24,1965,2017-07-01,1549,3553,0B1F,6,5,5,1965,0,0,0,NA,0,B001,PICO BL,OCEAN AVE,0,NA,Y,B,-,N,NA,NA,NA,NA,NA,NA,NA,NA,NA,N,3,0,1,2,D,-,00,NA,NA,N,D,C,A,A,H,-,A,A,0,NA,NA,Y,NA,Y,NA,-,-,0,1,0,0,0,0,0,0,1,-,-,NA,NA,LOS ANGELES,SANTA MONICA,-118.4903301,34.00750008
8405854,2017,2017-07-21,1922,2017-06-27,0730,576,NA,2,5,6,1922,0,0,0,NA,0,NA,ARDEN DR,ESTO AV,0,NA,Y,A,-,N,NA,NA,NA,NA,NA,NA,NA,NA,NA,Y,4,0,1,4,A,-,21,22106,NA,N,D,C,A,A,H,-,A,A,0,NA,NA,NA,NA,Y,NA,D,22,0,0,1,0,0,0,0,0,0,-,-,NA,NA,LOS ANGELES,EL MONTE,-118.04660007,34.07432003
8405862,2017,2017-07-25,1922,2017-07-04,1421,633,NA,2,5,6,1922,0,0,0,NA,0,NA,WHISTLER AV,FERRIS RD,300,S,N,A,-,N,NA,NA,NA,NA,NA,NA,NA,NA,NA,Y,4,0,1,3,A,-,08,22107,NA,N,B,C,A,A,H,-,A,D,0,NA,NA,NA,NA,Y,NA,D,22,0,0,1,0,0,0,0,0,0,-,-,34.06967,-118.01829,LOS ANGELES,EL MONTE,-118.01730972,34.07035059
8405866,2017,2017-07-21,1920,2017-06-16,1306,12609,NA,5,5,6,1920,0,0,0,NA,0,001,IMPERIAL HWY,ADENMOOR AV,10,W,N,A,-,N,NA,NA,NA,NA,NA,NA,NA,NA,NA,Y,4,0,3,2,A,-,09,21801,A,M,D,C,A,A,H,-,A,D,0,NA,NA,NA,NA,Y,NA,A,01,0,0,3,0,0,0,0,0,0,-,-,NA,NA,LOS ANGELES,DOWNEY,-118.12373289,33.91703
8405886,2017,2017-07-21,1920,2017-06-22,0805,13286,1920,4,5,6,1920,0,0,0,NA,0,006,LAKEWOOD BL,DONOVAN ST,0,NA,Y,A,-,N,NA,NA,NA,NA,NA,NA,NA,NA,NA,Y,4,0,1,2,A,-,09,21801,A,N,F,C,A,A,H,-,A,A,0,NA,NA,NA,NA,Y,NA,D,22,0,0,1,0,0,0,0,0,0,-,-,NA,NA,LOS ANGELES,DOWNEY,-118.13538003,33.92047001
8405889,2017,2017-07-25,1900,2017-06-02,2155,510509,1122,5,5,6,1992,0,0,0,NA,0,111T1,LANCASTER BL,BEECH AV,0,NA,Y,A,-,N,NA,NA,NA,NA,NA,NA,NA,NA,NA,Y,4,0,2,2,A,-,09,21801,A,N,B,C,A,A,H,-,C,A,0,NA,NA,NA,NA,Y,NA,D,22,0,0,2,0,0,0,0,0,0,-,-,NA,NA,LOS ANGELES,LANCASTER,-118.13829008,34.69830003
8405891,2017,2017-07-21,1909,2017-06-26,1440,560,1909,1,5,4,1909,0,0,0,NA,0,EAST,FLORENCE AV,SCOUT AV,308,W,N,A,-,N,NA,NA,NA,NA,NA,NA,NA,NA,NA,Y,4,0,4,5,A,-,03,22350,NA,N,C,C,A,A,H,-,A,A,0,NA,NA,NA,NA,Y,NA,A,01,0,0,4,0,0,0,0,0,0,-,-,NA,NA,LOS ANGELES,BELL GARDENS,-118.14647605,33.96203941
8405894,2017,2017-08-01,1920,2017-05-26,2050,13118,NA,5,5,6,1920,0,0,0,NA,0,001,WOODRUFF AV,BELCHER ST,200,S,N,A,-,N,NA,NA,NA,NA,NA,NA,NA,NA,NA,Y,3,0,2,3,A,-,08,22107,NA,N,C,E,A,A,H,-,C,D,0,NA,NA,NA,NA,Y,NA,A,01,0,1,1,0,0,0,0,0,0,-,-,NA,NA,LOS ANGELES,DOWNEY,-118.11688,33.91133
8405913,2017,2017-07-21,1900,2017-06-25,1700,532239,1123,7,5,6,1992,0,0,0,NA,0,112T2,10TH ST WEST,AVE J-4,0,NA,Y,A,-,N,NA,NA,NA,NA,NA,NA,NA,NA,NA,Y,4,0,2,2,A,-,09,21801,A,N,D,C,A,A,H,-,A,A,0,NA,NA,NA,NA,Y,NA,D,22,0,0,2,0,0,0,0,0,0,-,-,NA,NA,LOS ANGELES,LANCASTER,-118.14800009,34.68578008
8405922,2017,2017-08-23,1942,2017-07-04,1310,39281,1921,2,5,7,1942,0,0,0,NA,0,19TL72,ENCINITAS AV,ROXFORD ST,0,S,N,A,-,N,NA,NA,NA,NA,NA,NA,NA,NA,NA,N,4,0,1,2,A,-,08,22107,NA,N,B,C,A,A,H,-,A,D,0,NA,NA,NA,NA,Y,NA,A,07,0,0,1,0,0,0,0,0,0,-,-,NA,NA,LOS ANGELES,LOS ANGELES,-118.47886008,34.3038301
8405926,2017,2017-08-23,1942,2017-07-04,1745,40193,1994,2,5,7,1942,0,0,0,NA,0,19TL76,ROSCOE BL,TOBIAS AV,0,NA,Y,A,-,N,NA,NA,NA,NA,NA,NA,NA,NA,NA,Y,3,0,4,3,A,-,09,21801,A,N,D,C,A,A,H,-,A,A,0,NA,NA,NA,NA,Y,NA,A,07,0,2,2,0,0,0,0,0,0,-,-,NA,NA,LOS ANGELES,LOS ANGELES,-118.45169003,34.22152006
8405930,2017,2017-08-23,1942,2017-07-05,1140,41553,1063,3,5,7,1942,0,0,0,J,0,19T76,CREBS AV,VENTURA BL,0,NA,Y,A,-,N,NA,NA,NA,NA,NA,NA,NA,NA,NA,Y,4,0,1,2,A,-,12,21453,A,N,D,C,A,A,H,-,A,A,0,NA,NA,NA,NA,Y,NA,A,08,0,0,1,0,0,0,0,0,0,-,-,NA,NA,LOS ANGELES,LOS ANGELES,-118.54277004,34.17151006
8405934,2017,2017-08-23,1942,2017-07-03,1014,42469,2142,1,5,7,1942,0,0,0,NA,0,21A97,VANOWEN ST,BERQUIST AV,412,W,N,A,-,N,NA,NA,NA,NA,NA,NA,NA,NA,NA,Y,4,0,1,2,A,-,08,22107,NA,N,B,E,A,A,H,-,A,D,0,NA,NA,NA,NA,Y,NA,A,01,0,0,1,0,0,0,0,0,0,-,-,NA,NA,LOS ANGELES,LOS ANGELES,-118.6358788,34.19359257
8405938,2017,2017-08-23,1942,2017-07-04,0530,35410,2187,2,5,7,1942,0,0,0,NA,0,21A97,VENTURA BL,CANOGA AV,150,E,N,A,-,N,NA,NA,NA,NA,NA,NA,NA,NA,NA,Y,4,0,1,1,A,-,03,22350,NA,N,C,I,A,A,H,-,A,D,0,NA,NA,NA,NA,Y,NA,A,01,0,0,1,0,0,0,0,0,0,-,-,NA,NA,LOS ANGELES,LOS ANGELES,-118.59696021,34.16775862
8405942,2017,2017-08-23,1942,2017-07-04,1940,41861,2145,2,5,7,1942,0,0,0,NA,0,19T75,SHOUP AV,SCHOOLCRAFT ST,0,NA,Y,A,-,N,NA,NA,NA,NA,NA,NA,NA,NA,NA,Y,4,0,2,2,A,-,08,22107,NA,N,D,C,A,A,H,-,A,D,0,NA,NA,NA,NA,Y,NA,A,01,0,0,2,0,0,0,0,0,0,-,-,NA,NA,LOS ANGELES,LOS ANGELES,-118.61463011,34.19647002
8405946,2017,2017-08-23,1942,2017-07-03,1725,39473,1566,1,5,7,1942,0,0,0,O,0,17TL13,VINELAND AV,RIVERSIDE DR,0,NA,Y,A,-,N,NA,NA,NA,NA,NA,NA,NA,NA,NA,Y,3,0,2,2,A,-,09,21801,A,N,D,C,A,A,H,-,A,A,0,NA,NA,Y,NA,Y,NA,A,07,0,2,0,0,0,0,0,0,2,-,-,NA,NA,LOS ANGELES,LOS ANGELES,-118.37033007,34.15241004
8405965,2017,2017-07-19,1942,2017-07-03,1435,37353,2147,1,5,7,1942,0,0,0,NA,0,10TL36,SHERMAN WAY,LURLINE AV,50,W,-,A,-,N,NA,NA,NA,NA,NA,NA,NA,NA,NA,N,4,0,2,2,A,-,03,22350,NA,F,C,C,A,A,H,-,A,D,0,NA,NA,NA,NA,Y,NA,-,99,0,0,2,0,0,0,0,0,0,-,-,NA,NA,LOS ANGELES,LOS ANGELES,-118.58430508,34.20111076