CASE_ID,ACCIDENT_YEAR,PROC_DATE,JURIS,COLLISION_DATE,COLLISION_TIME,OFFICER_ID,REPORTING_DISTRICT,DAY_OF_WEEK,CHP_SHIFT,POPULATION,CNTY_CITY_LOC,SPECIAL_COND,BEAT_TYPE,CHP_BEAT_TYPE,CITY_DIVISION_LAPD,CHP_BEAT_CLASS,BEAT_NUMBER,PRIMARY_RD,SECONDARY_RD,DISTANCE,DIRECTION,INTERSECTION,WEATHER_1,WEATHER_2,STATE_HWY_IND,CALTRANS_COUNTY,CALTRANS_DISTRICT,STATE_ROUTE,ROUTE_SUFFIX,POSTMILE_PREFIX,POSTMILE,LOCATION_TYPE,RAMP_INTERSECTION,SIDE_OF_HWY,TOW_AWAY,COLLISION_SEVERITY,NUMBER_KILLED,NUMBER_INJURED,PARTY_COUNT,PRIMARY_COLL_FACTOR,PCF_CODE_OF_VIOL,PCF_VIOL_CATEGORY,PCF_VIOLATION,PCF_VIOL_SUBSECTION,HIT_AND_RUN,TYPE_OF_COLLISION,MVIW,PED_ACTION,ROAD_SURFACE,ROAD_COND_1,ROAD_COND_2,LIGHTING,CONTROL_DEVICE,CHP_ROAD_TYPE,PEDESTRIAN_ACCIDENT,BICYCLE_ACCIDENT,MOTORCYCLE_ACCIDENT,TRUCK_ACCIDENT,NOT_PRIVATE_PROPERTY,ALCOHOL_INVOLVED,STWD_VEHTYPE_AT_FAULT,CHP_VEHTYPE_AT_FAULT,COUNT_SEVERE_INJ,COUNT_VISIBLE_INJ,COUNT_COMPLAINT_PAIN,COUNT_PED_KILLED,COUNT_PED_INJURED,COUNT_BICYCLIST_KILLED,COUNT_BICYCLIST_INJURED,COUNT_MC_KILLED,COUNT_MC_INJURED,PRIMARY_RAMP,SECONDARY_RAMP,LATITUDE,LONGITUDE,COUNTY,CITY,POINT_X,POINT_Y
8406785,2017,2017-08-25,1942,2017-06-15,1340,37398,1354,4,5,7,1942,0,0,0,M,0,24TL23,43RD ST,SAN PEDRO,200,W,N,A,-,N,NA,NA,NA,NA,NA,NA,NA,NA,NA,N,4,0,1,2,A,-,04,21703,NA,N,G,B,E,A,H,-,A,D,0,Y,NA,NA,NA,Y,NA,-,-,0,0,1,0,1,0,0,0,0,-,-,NA,NA,LOS ANGELES,LOS ANGELES,-118.27209761,34.00568762
8406787,2017,2017-08-23,1942,2017-06-09,1010,40514,1303,5,5,7,1942,0,0,0,M,0,13A43,PICO,SAN JULIAN,100,W,N,A,-,N,NA,NA,NA,NA,NA,NA,NA,NA,NA,Y,3,0,1,2,A,-,08,22107,NA,N,A,E,A,A,H,-,A,D,0,NA,NA,Y,NA,Y,NA,-,-,0,1,0,0,0,0,0,0,1,-,-,NA,NA,LOS ANGELES,LOS ANGELES,-118.25541372,34.03356257
8406789,2017,2017-07-28,1942,2017-06-10,1720,40057,1383,6,5,7,1942,0,0,0,M,0,13A93,SLAUSON AV,BROADWAY,200,W,N,A,-,N,NA,NA,NA,NA,NA,NA,NA,NA,NA,NA,3,0,4,2,A,-,09,21801,A,N,D,C,A,A,H,-,A,A,0,NA,NA,NA,NA,Y,NA,A,01,0,1,3,0,0,0,0,0,0,-,-,NA,NA,LOS ANGELES,LOS ANGELES,-118.27895835,33.98917
8406793,2017,2017-07-28,1942,2017-06-09,2325,41144,1364,5,5,7,1942,0,0,0,M,0,NA,48TH ST,HOOPER AV,75,W,N,A,-,N,NA,NA,NA,NA,NA,NA,NA,NA,NA,N,3,0,1,2,A,-,11,21954,A,N,A,B,D,A,H,-,C,D,0,Y,NA,NA,NA,Y,Y,-,NA,0,1,0,0,1,0,0,0,0,-,-,NA,NA,LOS ANGELES,LOS ANGELES,-118.25214,34.00019
8406797,2017,2017-07-28,1942,2017-06-15,1835,34426,1375,4,5,7,1942,0,0,0,M,0,24TL51,HOOPER AV,57TH ST,80,N,N,A,-,N,NA,NA,NA,NA,NA,NA,NA,NA,NA,N,4,0,1,2,A,-,11,21954,A,N,G,B,D,A,H,-,A,D,0,Y,NA,NA,NA,Y,NA,N,60,0,0,1,0,1,0,0,0,0,-,-,NA,NA,LOS ANGELES,LOS ANGELES,-118.25213,33.9913294
8406799,2017,2017-07-17,1942,2017-06-09,1046,40275,1353,5,5,7,1942,0,0,0,M,0,24TL24,CENTRAL AV,VERNON AV,32,S,N,A,-,N,NA,NA,NA,NA,NA,NA,NA,NA,NA,Y,4,0,1,2,A,-,01,23152,A,M,C,C,A,A,H,-,A,D,0,NA,NA,NA,NA,Y,Y,A,01,0,0,1,0,0,0,0,0,0,-,-,NA,NA,LOS ANGELES,LOS ANGELES,-118.25649,34.00384224
8406800,2017,2017-07-19,1905,2017-05-27,1851,1163,422,6,5,4,1905,0,0,0,NA,0,003,EAST FOOTHILL BL,N DALTON AVE,0,NA,Y,A,-,N,NA,NA,NA,NA,NA,NA,NA,NA,NA,N,4,0,1,2,A,-,11,21950,B,N,D,G,A,A,H,-,A,D,0,NA,Y,NA,NA,Y,NA,L,04,0,0,1,0,0,0,1,0,0,-,-,34.13333,-117.90487,LOS ANGELES,AZUSA,-117.90493007,34.13359004
8406847,2017,2017-07-28,1942,2017-06-10,2105,40138,1391,6,5,7,1942,0,0,0,M,0,13X62,BROADWAY,67TH ST,0,NA,Y,A,-,N,NA,NA,NA,NA,NA,NA,NA,NA,NA,Y,3,0,1,2,A,-,17,24250,NA,N,D,C,A,A,H,-,C,D,0,NA,NA,Y,NA,Y,NA,C,02,0,1,0,0,0,0,0,0,1,-,-,NA,NA,LOS ANGELES,LOS ANGELES,-118.2783,33.979
8406871,2017,2017-07-19,1976,2017-06-30,0856,883,NA,5,5,3,1964,0,0,0,NA,0,001,SLAUSON AV,SORENSEN AV,299,E,N,B,-,N,NA,NA,NA,NA,NA,NA,NA,NA,NA,Y,4,0,1,2,A,-,03,22350,NA,N,C,C,A,A,H,-,A,D,0,NA,NA,NA,NA,Y,NA,A,01,0,0,1,0,0,0,0,0,0,-,-,NA,NA,LOS ANGELES,SANTA FE SPRINGS,-118.05955948,33.96317795
8406884,2017,2017-07-25,1942,2017-07-07,1330,30452,1513,5,5,7,1942,0,0,0,O,0,9TL53,WHITSETT AV,SHERMAN WAY,197,N,N,A,-,N,NA,NA,NA,NA,NA,NA,NA,NA,NA,Y,4,0,1,2,A,-,05,21460,A,N,D,C,A,A,H,-,A,A,0,NA,NA,NA,NA,Y,NA,A,01,0,0,1,0,0,0,0,0,0,-,-,NA,NA,LOS ANGELES,LOS ANGELES,-118.40505059,34.20173777
8406901,2017,2017-07-25,1900,2017-04-30,1700,411371,1264,7,5,3,1991,0,0,0,NA,0,121T2,OAK GROVE DR,BERKSHIRE PL,735,N,N,A,-,N,NA,NA,NA,NA,NA,NA,NA,NA,NA,Y,3,0,1,2,A,-,08,22107,NA,N,C,E,A,A,H,-,A,D,0,NA,NA,NA,NA,Y,NA,A,01,0,1,0,0,0,0,0,0,0,-,-,NA,NA,LOS ANGELES,LA CANADA-FLINTRIDGE,-118.17835,34.19120978
8406915,2017,2017-07-21,1941,2017-06-28,0915,5407,NA,3,5,7,1941,0,0,0,NA,0,NA,MASSACHUSETTS ST,XIMENO AV,330,W,N,A,-,N,NA,NA,NA,NA,NA,NA,NA,NA,NA,N,3,0,1,2,A,-,08,22103,NA,N,A,G,A,A,H,-,A,D,0,NA,Y,NA,NA,Y,NA,I,11,0,1,0,0,0,0,1,0,0,-,-,NA,NA,LOS ANGELES,LONG BEACH,-118.14266355,33.76897
8406917,2017,2017-07-19,1900,2017-06-30,1655,612130,0456,5,5,6,1949,0,0,0,NA,0,45K1P,ALONDRA BL,BLOOMFIELD AV,345,W,N,A,-,N,NA,NA,NA,NA,NA,NA,NA,NA,NA,Y,4,0,2,2,A,-,09,21801,A,N,D,C,A,A,H,-,A,D,0,NA,NA,NA,NA,Y,NA,D,22,0,0,2,0,0,0,0,0,0,-,-,NA,NA,LOS ANGELES,NORWALK,-118.06531428,33.88779
8406919,2017,2017-07-25,1942,2017-07-07,1600,34599,2158,5,5,7,1942,0,0,0,NA,0,17TL14,DE SOTO AV,ERWIN ST,0,NA,Y,A,-,N,NA,NA,NA,NA,NA,NA,NA,NA,NA,N,3,0,1,2,A,-,12,21453,A,F,D,C,A,A,H,-,A,A,0,NA,NA,NA,NA,Y,NA,D,22,0,1,0,0,0,0,0,0,0,-,-,NA,NA,LOS ANGELES,LOS ANGELES,-118.59027003,34.18265007
8406929,2017,2017-07-28,1900,2017-01-26,2010,536332,0451,4,5,6,1949,0,0,0,NA,0,43T1,FIRESTONE BL,ELMCROFT AV,860,E,N,A,-,N,NA,NA,NA,NA,NA,NA,NA,NA,NA,N,2,0,1,2,A,-,11,21954,A,N,G,B,E,A,H,-,C,D,0,Y,NA,NA,NA,Y,NA,-,-,1,0,0,0,1,0,0,0,0,-,-,NA,NA,LOS ANGELES,NORWALK,-118.09626,33.92087
8406931,2017,2017-07-21,1942,2017-06-23,1540,41553,0937,5,5,7,1942,0,0,0,I,0,15T44,VICTORY BL,MATILIJA AV,53,E,N,A,-,N,NA,NA,NA,NA,NA,NA,NA,NA,NA,Y,4,0,5,4,A,-,03,22350,NA,N,C,C,A,A,H,-,A,A,0,NA,NA,NA,NA,Y,Y,A,01,0,0,5,0,0,0,0,0,0,-,-,NA,NA,LOS ANGELES,LOS ANGELES,-118.43328507,34.18667
8406935,2017,2017-07-21,1942,2017-06-23,1040,38687,0926,5,5,7,1942,0,0,0,I,0,19TL73,VANOWEN ST,VAN NUYS BL,150,E,N,A,-,N,NA,NA,NA,NA,NA,NA,NA,NA,NA,N,3,0,2,2,A,-,03,22350,NA,N,C,C,A,A,H,-,A,D,0,NA,NA,NA,NA,Y,NA,D,22,0,1,1,0,0,0,0,0,0,-,-,NA,NA,LOS ANGELES,LOS ANGELES,-118.44824494,34.19391728
8406937,2017,2017-07-19,1900,2017-06-26,0705,272611,0459,1,5,6,1949,0,0,0,NA,0,43T1D,ROSECRANS AV,PONTLAVEY AV,48,E,N,A,-,N,NA,NA,NA,NA,NA,NA,NA,NA,NA,Y,4,0,1,2,A,-,04,21703,NA,N,C,C,A,A,H,-,A,D,0,NA,NA,Y,NA,Y,NA,C,02,0,0,1,0,0,0,0,0,1,-,-,NA,NA,LOS ANGELES,NORWALK,-118.04909218,33.90234186
8406939,2017,2018-04-24,1942,2017-06-26,1835,38326,0981,1,5,7,1942,0,0,0,I,0,9TL54,SEPULVEDA BL,GREENLEAF ST,20,N,N,A,-,Y,LA,7,405,-,-,38.933,R,4,N,N,4,0,1,2,A,-,03,22350,NA,N,C,C,A,A,H,-,A,A,0,NA,NA,NA,NA,Y,NA,D,22,0,0,1,0,0,0,0,0,0,-,-,NA,NA,LOS ANGELES,LOS ANGELES,-118.46790095,34.15293695
8406941,2017,2017-07-19,1900,2017-06-23,2025,541589,0467,5,5,4,1936,0,0,0,NA,0,0PM,BEACH BL,ROSECRANS AV,152,N,N,A,-,N,NA,NA,NA,NA,NA,NA,NA,NA,NA,Y,4,0,2,4,A,-,03,22350,NA,M,A,C,A,A,H,-,C,A,0,NA,NA,NA,NA,Y,NA,A,01,0,0,2,0,0,0,0,0,0,-,-,NA,NA,LOS ANGELES,LA MIRADA,-117.98715222,33.89663654
8406943,2017,2017-07-21,1942,2017-06-27,2120,32828,0941,2,5,7,1942,0,0,0,I,0,35T40,BURBANK BL,SEPULVEDA BL,25,W,N,A,-,N,NA,NA,NA,NA,NA,NA,NA,NA,NA,N,3,0,1,2,A,-,12,21453,A,N,D,G,A,A,H,-,C,A,0,NA,Y,NA,NA,Y,NA,D,22,0,1,0,0,0,0,1,0,0,-,-,NA,NA,LOS ANGELES,LOS ANGELES,-118.46623249,34.17208901
8406947,2017,2017-07-25,1942,2017-07-01,1020,38356,0938,6,5,7,1942,0,0,0,I,0,10TL39,FULTON AV,OXNARD ST,0,NA,Y,A,-,N,NA,NA,NA,NA,NA,NA,NA,NA,NA,Y,3,0,2,3,A,-,12,21453,A,N,D,C,A,A,H,-,A,A,0,NA,NA,NA,NA,Y,NA,A,01,0,1,1,0,0,0,0,0,0,-,-,NA,NA,LOS ANGELES,LOS ANGELES,-118.42251001,34.17940005
8406955,2017,2017-07-25,1942,2017-06-19,1515,41342,0914,1,5,7,1942,0,0,0,I,0,9A5,100TH AV,GAULT ST,0,NA,Y,A,-,N,NA,NA,NA,NA,NA,NA,NA,NA,NA,N,4,0,1,2,A,-,04,21703,NA,N,C,C,A,A,H,-,A,-,0,NA,NA,NA,NA,Y,NA,D,22,0,0,1,0,0,0,0,0,0,-,-,NA,NA,LOS ANGELES,LOS ANGELES,NA,NA
8406959,2017,2017-07-25,1942,2017-06-16,1605,42347,0981,5,5,7,1942,0,0,0,I,0,9A19,VENTURA BL,SEPULVEDA BL,55,W,N,A,-,N,NA,NA,NA,NA,NA,NA,NA,NA,NA,N,4,0,1,2,A,-,04,21703,NA,N,C,C,A,A,H,-,A,A,0,NA,NA,NA,NA,Y,NA,D,22,0,0,1,0,0,0,0,0,0,-,-,NA,NA,LOS ANGELES,LOS ANGELES,-118.46637853,34.15385705
8406962,2017,2018-04-24,1941,2017-06-27,1923,6052,NA,2,5,7,1941,0,0,0,NA,0,901,7TH ST,MARGO AV,0,NA,Y,A,-,Y,LA,7,22,-,-,0.631,I,5,E,Y,2,0,1,2,A,-,08,22107,NA,N,D,C,A,A,H,-,B,A,0,NA,NA,Y,NA,Y,NA,A,NA,1,0,0,0,0,0,0,0,1,-,-,NA,NA,LOS ANGELES,LONG BEACH,-118.11185645,33.77506427
8406996,2017,2018-05-08,1975,2017-07-08,0925,344,NA,6,5,6,1975,0,0,0,NA,0,005,AZUSA AV,AUTUMN DR,0,NA,Y,A,-,N,NA,NA,NA,NA,NA,NA,NA,NA,NA,Y,3,0,1,2,A,-,09,21801,A,M,E,I,A,A,H,-,A,D,0,NA,NA,NA,NA,Y,NA,-,NA,0,1,0,0,0,0,0,0,0,-,-,NA,NA,LOS ANGELES,WEST COVINA,-117.91015002,34.04434002
8407000,2017,2018-05-08,1975,2017-07-05,1552,446,NA,3,5,6,1975,0,0,0,NA,0,002,AZUSA AV,BADILLO ST,100,S,N,A,-,N,NA,NA,NA,NA,NA,NA,NA,NA,NA,N,4,0,1,2,A,-,03,22350,NA,N,C,C,A,A,H,-,A,A,0,NA,NA,NA,NA,Y,NA,-,NA,0,0,1,0,0,0,0,0,0,-,-,NA,NA,LOS ANGELES,WEST COVINA,-117.90771797,34.08618586
8407006,2017,2018-03-21,1942,2017-06-16,2320,39967,2081,5,5,7,1942,0,0,0,NA,0,7A22,SAINT ANDREWS PL,VENICE BL,0,NA,Y,A,-,N,NA,NA,NA,NA,NA,NA,NA,NA,NA,N,3,0,1,2,A,-,11,21461,5,F,G,B,B,A,H,-,C,D,0,Y,NA,NA,NA,Y,NA,-,99,0,1,0,0,1,0,0,0,0,-,-,NA,NA,LOS ANGELES,LOS ANGELES,-118.31160004,34.04357009
8407008,2017,2018-05-08,1975,2017-07-16,0709,395,27,7,5,6,1975,0,0,0,NA,0,001,AZUSA AV,WORKMAN AV,7,E,N,A,-,N,NA,NA,NA,NA,NA,NA,NA,NA,NA,Y,4,0,2,2,A,-,12,21453,A,N,-,C,A,A,H,-,A,A,0,NA,NA,NA,NA,Y,NA,A,01,0,0,2,0,0,0,0,0,0,-,-,NA,NA,LOS ANGELES,WEST COVINA,-117.90781,34.07548
8407009,2017,2018-04-16,1942,2017-06-26,1025,38980,1503,1,5,7,1942,0,0,0,O,0,15TL43,RT 170,SHERMAN WY,20,S,N,A,-,Y,LA,7,170,-,R,18.082,R,1,N,N,4,0,2,2,A,-,04,21703,NA,N,C,C,A,A,H,-,A,D,0,NA,NA,NA,NA,Y,NA,A,01,0,0,2,0,0,0,0,0,0,-,-,NA,NA,LOS ANGELES,LOS ANGELES,-118.40294056,34.19847216
8407010,2017,2018-04-16,1972,2017-06-03,1335,18450,NA,6,5,6,1972,0,0,0,NA,0,NA,HAWTHORNE BL,186TH ST,1500,N,N,A,-,Y,LA,7,107,-,-,4.022,H,-,N,Y,4,0,1,2,A,-,03,22350,NA,N,C,C,A,A,H,-,A,D,0,NA,NA,NA,NA,Y,Y,A,01,0,0,1,0,0,0,0,0,0,-,-,NA,NA,LOS ANGELES,TORRANCE,-118.3524587,33.8630665
8407013,2017,2018-04-24,1942,2017-06-14,1917,40068,2146,3,5,7,1942,0,0,0,NA,0,G32,TOPANGA CANYON,GAULT RD,133,N,N,A,-,Y,LA,7,27,-,-,14.44,H,-,N,N,3,0,1,1,A,-,03,22350,NA,N,H,A,A,A,H,-,A,D,0,NA,NA,Y,NA,Y,NA,C,02,0,1,0,0,0,0,0,0,1,-,-,NA,NA,LOS ANGELES,LOS ANGELES,-118.60585823,34.19947354
8407020,2017,2018-05-11,1900,2017-07-16,1703,535053,1014,7,5,3,1995,0,0,0,NA,0,101T3,RT 1,CORRAL CANYON RD,1584,S,N,A,-,Y,LA,7,1,-,-,50.08,H,-,N,NA,4,0,1,2,A,-,07,21658,A,N,G,C,A,A,H,-,A,D,0,NA,NA,Y,NA,Y,NA,A,01,0,0,1,0,0,0,0,0,0,-,-,34.03339,-118.73755,LOS ANGELES,MALIBU,-118.73760938,34.03354363
8407021,2017,2018-03-21,1942,2017-05-30,1230,32973,1309,2,5,7,1942,0,0,0,M,0,24TL43,ELWOOD ST,OLYMPIC BL,45,S,N,A,-,N,NA,NA,NA,NA,NA,NA,NA,NA,NA,Y,3,0,5,1,A,-,03,22350,NA,N,E,I,A,A,H,-,A,D,0,NA,NA,NA,NA,Y,NA,A,01,0,4,1,0,0,0,0,0,0,-,-,NA,NA,LOS ANGELES,LOS ANGELES,-118.23587711,34.02662673
8407022,2017,2018-06-22,1942,2017-07-09,1035,40717,0317,7,5,7,1942,0,0,0,C,0,3A15,MORMANDIE BL,RT 10,50,S,N,A,-,Y,LA,7,10,-,R,13.196,R,4,E,N,3,0,1,2,A,-,12,21453,A,N,D,G,A,A,H,-,A,A,0,NA,Y,NA,NA,Y,NA,L,04,0,1,0,0,0,0,1,0,0,-,-,NA,NA,LOS ANGELES,LOS ANGELES,-118.30246865,34.03697585
8407025,2017,2018-03-21,1942,2017-06-23,2200,40421,1309,5,5,7,1942,0,0,0,M,0,4A6,WASHINGTON BL,SANTA FE AV,100,W,N,A,-,N,NA,NA,NA,NA,NA,NA,NA,NA,NA,Y,3,0,1,2,A,-,07,21658,A,M,B,E,A,A,H,-,C,D,0,NA,NA,NA,NA,Y,NA,A,07,0,1,0,0,0,0,0,0,0,-,-,NA,NA,LOS ANGELES,LOS ANGELES,-118.23072933,34.01895825
8407028,2017,2018-05-11,1900,2017-07-26,2110,552036,1017,3,5,3,1995,0,0,0,NA,0,101T2,RT 1,LAS FLORES CANYON RD,3168,S,N,A,-,Y,LA,7,1,-,-,43.52,H,-,N,Y,3,0,3,3,A,-,08,22107,NA,N,B,C,A,A,H,-,C,D,0,NA,NA,NA,NA,Y,NA,A,01,0,2,1,0,0,0,0,0,0,-,-,34.03806,-118.62451,LOS ANGELES,MALIBU,-118.62570891,34.03776567
8407029,2017,2018-03-08,1942,2017-06-07,2105,34332,1132,3,5,7,1942,0,0,0,K,0,24T33,GLENDALE BL,GOLDEN STATE FWY,0,NA,Y,B,-,Y,LA,7,5,-,-,23.573,R,4,N,Y,4,0,1,1,A,-,08,22107,NA,N,E,I,A,A,H,-,C,A,0,NA,NA,NA,NA,Y,NA,A,07,0,0,1,0,0,0,0,0,0,-,NF,NA,NA,LOS ANGELES,LOS ANGELES,-118.26447077,34.11150073
8407030,2017,2018-05-08,1942,2017-07-12,2100,42244,1522,3,5,7,1942,0,0,0,O,0,15A28,COLDWATER CANYON,VOSE ST,30,N,N,A,-,N,NA,NA,NA,NA,NA,NA,NA,NA,NA,N,4,0,3,2,A,-,04,21703,NA,F,C,C,A,A,H,-,C,-,0,NA,NA,NA,NA,Y,NA,-,99,0,0,3,0,0,0,0,0,0,-,-,NA,NA,LOS ANGELES,LOS ANGELES,-118.41381,34.19853229
8407032,2017,2018-05-11,1900,2017-07-30,0658,525862,1015,7,5,3,1995,0,0,0,NA,0,101D,RT 1,CROSS CREEK RD,476,S,N,A,-,Y,LA,7,1,-,-,47,H,-,N,Y,3,0,4,2,A,-,01,23153,A,F,A,D,A,A,H,-,A,D,0,NA,NA,NA,NA,Y,Y,A,01,0,2,2,0,0,0,0,0,0,-,-,34.0355,-118.6794,LOS ANGELES,MALIBU,-118.68399322,34.03455132
8407122,2017,2018-05-14,1900,2017-07-05,0123,602403,1017,3,5,3,1995,0,0,0,NA,0,101A,RT 1,LAS FLORES CANYON RD,50,N,N,A,-,Y,LA,7,1,-,-,43.52,H,-,S,Y,3,0,2,4,A,-,03,22350,NA,N,C,E,A,A,H,-,C,D,0,NA,NA,NA,NA,Y,NA,A,01,0,2,0,0,0,0,0,0,0,-,-,34.03714,-118.63424,LOS ANGELES,MALIBU,-118.6256877,34.03768585
8407123,2017,2018-03-22,1942,2017-06-05,1510,34426,1317,1,5,7,1942,0,0,0,M,0,24T51,15TH ST,LONG BEACH AV,0,NA,Y,A,-,N,NA,NA,NA,NA,NA,NA,NA,NA,NA,N,4,0,2,2,A,-,09,21802,A,N,D,C,A,A,H,-,A,A,0,NA,NA,NA,NA,Y,NA,-,-,0,0,2,0,0,0,0,0,0,-,-,NA,NA,LOS ANGELES,LOS ANGELES,-118.24190005,34.02424006
8407126,2017,2018-04-10,1900,2017-06-25,2123,507732,1018,7,5,3,1995,0,0,0,NA,0,101T2,RT 1,TOPANGA BEACH RD,130,N,N,A,-,Y,LA,7,1,-,-,41.12,H,-,S,Y,4,0,3,2,A,-,09,21804,A,N,D,C,A,A,H,-,C,D,0,NA,NA,NA,NA,Y,NA,A,01,0,0,3,0,0,0,0,0,0,-,-,34.03882,-118.5859,LOS ANGELES,MALIBU,-118.58529217,34.03872426
8407130,2017,2018-05-11,1900,2017-07-04,1145,602354,1015,2,5,3,1995,0,0,0,NA,0,101T1,RT 1,CROSS CREEK RD,500,S,N,A,-,Y,LA,7,1,-,-,47,H,-,S,Y,3,0,4,3,A,-,03,22350,NA,N,C,C,A,A,H,-,A,D,0,NA,NA,NA,NA,Y,NA,A,01,0,1,3,0,0,0,0,0,0,-,-,34.03449,-118.68255,LOS ANGELES,MALIBU,-118.68398917,34.03445131
8407134,2017,2018-04-23,1900,2017-07-03,2355,238852,1018,1,5,3,1995,0,0,0,NA,0,101,RT 1,TUNA CANYON RD,1056,S,N,A,-,Y,LA,7,1,-,-,41.16,H,-,S,N,3,0,1,2,A,-,11,21954,A,N,G,B,D,A,H,-,C,D,0,Y,NA,NA,NA,Y,Y,N,60,0,1,0,0,1,0,0,0,0,-,-,NA,NA,LOS ANGELES,MALIBU,-118.58600137,34.0388375
8407142,2017,2018-05-11,1900,2017-07-04,2230,516547,1014,2,5,3,1995,0,0,0,NA,0,101A,RT 1,PUERLO CANYON RD,1584,S,N,A,-,Y,LA,7,1,-,-,49.01,H,-,S,Y,4,0,1,2,A,-,09,21801,A,N,C,C,A,A,-,-,D,D,0,NA,NA,NA,NA,Y,NA,A,01,0,0,1,0,0,0,0,0,0,-,-,34.03401,-118.71854,LOS ANGELES,MALIBU,-118.71881582,34.03389549
8407152,2017,2018-03-20,1900,2017-06-15,0310,5306,631,4,5,6,1985,0,0,0,NA,0,61T1,SIERRA HWY,SIERRA CROSS AV,680,S,N,A,-,N,NA,NA,NA,NA,NA,NA,NA,NA,NA,Y,3,0,1,1,A,-,01,23152,A,N,E,I,A,A,H,-,C,D,0,NA,NA,NA,NA,Y,Y,A,01,0,1,0,0,0,0,0,0,0,-,-,NA,NA,LOS ANGELES,SANTA CLARITA,-118.44640081,34.42768506
8407171,2017,2018-03-26,1900,2017-06-23,1230,520746,0453,5,5,6,1949,0,0,0,NA,0,43T1,ROSECRANS AV,FLATBUSH AV,0,NA,Y,A,-,Y,LA,7,605,-,R,7.133,R,4,S,Y,4,0,1,2,A,-,08,22107,NA,N,D,C,A,A,H,-,A,A,0,NA,NA,NA,NA,Y,NA,A,01,0,0,1,0,0,0,0,0,0,-,-,NA,NA,LOS ANGELES,NORWALK,-118.10525341,33.9066374
8407180,2017,2018-04-11,1900,2017-05-29,1159,454552,1262,1,5,3,1991,0,0,0,NA,0,121T1,RT 2,SALISBURY CT,51,S,N,A,-,Y,LA,7,2,-,-,24.541,I,5,W,Y,3,0,1,2,A,-,12,22450,A,N,D,C,A,A,H,-,A,A,0,NA,NA,NA,NA,Y,Y,A,01,0,1,0,0,0,0,0,0,0,-,-,NA,NA,LOS ANGELES,LA CANADA-FLINTRIDGE,-118.20023648,34.20780329
8407181,2017,2018-03-22,1942,2017-06-09,0001,42241,NA,5,5,7,1942,0,0,0,NA,0,11A51,HYPERION AV,SUNSET BL,0,NA,Y,A,-,N,NA,NA,NA,NA,NA,NA,NA,NA,NA,N,3,0,3,2,D,-,00,NA,NA,N,D,C,A,A,H,-,C,D,0,NA,NA,NA,NA,Y,NA,-,-,0,1,2,0,0,0,0,0,0,-,-,NA,NA,LOS ANGELES,LOS ANGELES,-118.27965005,34.09168002
8407194,2017,2018-03-21,1905,2017-07-07,0356,1164,NA,5,5,4,1905,0,0,0,NA,0,NA,N SAN GABRIEL AV,E 9TH ST,420,S,N,A,-,N,NA,NA,NA,NA,NA,NA,NA,NA,NA,Y,4,0,2,2,A,-,08,22100,B,N,B,C,A,A,H,-,C,A,0,NA,NA,NA,NA,Y,NA,A,01,0,0,2,0,0,0,0,0,0,-,-,34.13727,-117.90863,LOS ANGELES,AZUSA,-117.90879,34.13605859
8407198,2017,2018-07-20,1905,2017-05-26,2147,1164,812,5,5,4,1905,0,0,0,NA,0,002,SAN GABRIEL CANYON RD,CYPRESS CT,0,NA,Y,A,-,N,NA,NA,NA,NA,NA,NA,NA,NA,NA,N,4,0,1,3,A,-,00,24400,B,N,D,C,A,A,H,-,C,A,0,NA,NA,NA,NA,Y,NA,A,01,0,0,1,0,0,0,0,0,0,-,-,34.15264,-117.91044,LOS ANGELES,AZUSA,-117.91045001,34.15263002
8407226,2017,2017-07-20,1900,2017-06-24,0053,540314,0454,6,5,6,1949,0,0,0,NA,0,43T1,IMPERIAL HWY,NORWALK BL,65,W,N,A,-,N,NA,NA,NA,NA,NA,NA,NA,NA,NA,Y,4,0,1,2,A,-,04,21703,NA,N,C,C,A,A,H,-,C,A,0,NA,NA,NA,NA,Y,NA,A,01,0,0,1,0,0,0,0,0,0,-,-,NA,NA,LOS ANGELES,NORWALK,-118.07291378,33.91719
8407230,2017,2017-07-20,1900,2017-06-23,2145,489533,0451,5,5,6,1949,0,0,0,NA,0,45T1,WOODS AV,FIRESTONE BL,0,NA,Y,A,-,N,NA,NA,NA,NA,NA,NA,NA,NA,NA,N,4,0,1,2,A,-,10,21950,A,M,G,B,B,A,H,-,C,A,0,Y,NA,NA,NA,Y,NA,-,99,0,0,1,0,1,0,0,0,0,-,-,NA,NA,LOS ANGELES,NORWALK,-118.08483001,33.9142501
8407234,2017,2017-07-20,1900,2017-06-27,1730,260305,0451,2,5,6,1949,0,0,0,NA,0,43T1 P,IMPERIAL HWY,WOODS AV,87,E,N,A,-,N,NA,NA,NA,NA,NA,NA,NA,NA,NA,N,4,0,1,3,A,-,03,22350,NA,N,C,C,A,A,H,-,A,A,0,NA,NA,NA,NA,Y,NA,A,07,0,0,1,0,0,0,0,0,0,-,-,NA,NA,LOS ANGELES,NORWALK,-118.08369394,33.9170955