CASE_ID,ACCIDENT_YEAR,PROC_DATE,JURIS,COLLISION_DATE,COLLISION_TIME,OFFICER_ID,REPORTING_DISTRICT,DAY_OF_WEEK,CHP_SHIFT,POPULATION,CNTY_CITY_LOC,SPECIAL_COND,BEAT_TYPE,CHP_BEAT_TYPE,CITY_DIVISION_LAPD,CHP_BEAT_CLASS,BEAT_NUMBER,PRIMARY_RD,SECONDARY_RD,DISTANCE,DIRECTION,INTERSECTION,WEATHER_1,WEATHER_2,STATE_HWY_IND,CALTRANS_COUNTY,CALTRANS_DISTRICT,STATE_ROUTE,ROUTE_SUFFIX,POSTMILE_PREFIX,POSTMILE,LOCATION_TYPE,RAMP_INTERSECTION,SIDE_OF_HWY,TOW_AWAY,COLLISION_SEVERITY,NUMBER_KILLED,NUMBER_INJURED,PARTY_COUNT,PRIMARY_COLL_FACTOR,PCF_CODE_OF_VIOL,PCF_VIOL_CATEGORY,PCF_VIOLATION,PCF_VIOL_SUBSECTION,HIT_AND_RUN,TYPE_OF_COLLISION,MVIW,PED_ACTION,ROAD_SURFACE,ROAD_COND_1,ROAD_COND_2,LIGHTING,CONTROL_DEVICE,CHP_ROAD_TYPE,PEDESTRIAN_ACCIDENT,BICYCLE_ACCIDENT,MOTORCYCLE_ACCIDENT,TRUCK_ACCIDENT,NOT_PRIVATE_PROPERTY,ALCOHOL_INVOLVED,STWD_VEHTYPE_AT_FAULT,CHP_VEHTYPE_AT_FAULT,COUNT_SEVERE_INJ,COUNT_VISIBLE_INJ,COUNT_COMPLAINT_PAIN,COUNT_PED_KILLED,COUNT_PED_INJURED,COUNT_BICYCLIST_KILLED,COUNT_BICYCLIST_INJURED,COUNT_MC_KILLED,COUNT_MC_INJURED,PRIMARY_RAMP,SECONDARY_RAMP,LATITUDE,LONGITUDE,COUNTY,CITY,POINT_X,POINT_Y
8407389,2017,2017-07-25,1905,2017-06-21,0716,1162,421,3,5,4,1905,0,0,0,NA,0,002,W FOOTHILL BL,DALTON AV,0,NA,Y,A,-,N,NA,NA,NA,NA,NA,NA,NA,NA,NA,N,4,0,1,2,A,-,09,21802,B,N,D,C,A,A,H,-,A,A,0,NA,NA,NA,NA,Y,NA,A,01,0,0,1,0,0,0,0,0,0,-,-,34.13322,-117.91033,LOS ANGELES,AZUSA,-117.90493007,34.13359004
8407393,2017,2017-07-25,1905,2017-06-19,0659,1089,222,1,5,4,1905,0,0,0,NA,0,063,N PASADENA AV,4TH ST,0,NA,Y,A,-,N,NA,NA,NA,NA,NA,NA,NA,NA,NA,Y,4,0,2,2,A,-,09,21802,A,N,D,C,A,A,H,-,A,A,0,NA,NA,NA,NA,Y,NA,A,01,0,0,2,0,0,0,0,0,0,-,-,34.12801,-117.90248,LOS ANGELES,AZUSA,-117.90249006,34.12800001
8407397,2017,2017-07-25,1905,2017-06-17,1607,1162,311,6,5,4,1905,0,0,0,NA,0,002,N SAN GABRIEL AV,5TH ST,0,NA,Y,A,-,N,NA,NA,NA,NA,NA,NA,NA,NA,NA,Y,4,0,1,2,A,-,08,22100,B,N,D,C,A,A,H,-,A,A,0,NA,NA,NA,NA,Y,NA,A,08,0,0,1,0,0,0,0,0,0,-,-,34.12992,-117.90868,LOS ANGELES,AZUSA,-117.90884011,34.12985002
8407401,2017,2017-07-25,1905,2017-06-05,1826,2019,111,1,5,4,1905,0,0,0,NA,0,062,AZUSA AV,1ST ST,0,NA,Y,A,-,N,NA,NA,NA,NA,NA,NA,NA,NA,NA,Y,4,0,2,2,A,-,12,21453,A,N,D,C,A,A,H,-,A,A,0,NA,NA,NA,NA,Y,NA,A,01,0,0,2,0,0,0,0,0,0,-,-,NA,NA,LOS ANGELES,AZUSA,-117.90770003,34.12161008
8407405,2017,2017-07-25,1976,2017-06-16,1535,339,NA,5,5,3,1964,0,0,0,NA,0,NA,ALONDRA BL,FREEWAY DR,25,E,N,A,-,N,NA,NA,NA,NA,NA,NA,NA,NA,NA,N,4,0,1,2,D,-,00,NA,NA,N,C,C,A,A,H,-,A,A,0,NA,NA,NA,NA,Y,NA,-,-,0,0,1,0,0,0,0,0,0,-,-,NA,NA,LOS ANGELES,SANTA FE SPRINGS,-118.03368078,33.88793172
8407409,2017,2017-07-25,1976,2017-06-16,1403,883,NA,5,5,3,1964,0,0,0,NA,0,002,TELEGRAPH RD,PAINTER AV,310,E,N,A,-,N,NA,NA,NA,NA,NA,NA,NA,NA,NA,Y,4,0,3,3,A,-,07,21658,A,N,C,C,A,A,H,-,A,D,0,NA,NA,NA,NA,Y,NA,A,01,0,0,3,0,0,0,0,0,0,-,-,NA,NA,LOS ANGELES,SANTA FE SPRINGS,-118.05038027,33.94195
8407413,2017,2017-07-25,1976,2017-06-19,1616,391,NA,1,5,3,1964,0,0,0,NA,0,NA,TELEGRAPH RD,CARMENITA RD,10,E,N,A,-,N,NA,NA,NA,NA,NA,NA,NA,NA,NA,N,4,0,1,2,A,-,07,21658,A,N,B,C,A,A,H,-,A,D,0,NA,NA,Y,NA,Y,NA,A,01,0,0,1,0,0,0,0,0,1,-,-,NA,NA,LOS ANGELES,SANTA FE SPRINGS,-118.04655395,33.94042325
8407417,2017,2017-07-25,1976,2017-06-20,1615,597,NA,2,5,3,1964,0,0,0,NA,0,NA,TELEGRAPH RD,LAUREL AV,308,E,N,A,-,N,NA,NA,NA,NA,NA,NA,NA,NA,NA,Y,3,0,2,2,A,-,17,21461,A,N,D,C,A,A,H,-,A,A,0,NA,NA,NA,NA,Y,NA,A,01,0,2,0,0,0,0,0,0,0,-,-,NA,NA,LOS ANGELES,SANTA FE SPRINGS,-118.04793229,33.94118672
8407421,2017,2017-07-25,1976,2017-06-22,1830,241,NA,4,5,3,1964,0,0,0,NA,0,002,PIONEER BL,LIGHT POLE  C497,30,S,N,A,-,N,NA,NA,NA,NA,NA,NA,NA,NA,NA,Y,4,0,3,2,A,-,03,22350,NA,N,C,C,A,A,H,-,A,D,0,NA,NA,NA,NA,Y,NA,A,01,0,0,3,0,0,0,0,0,0,-,-,NA,NA,LOS ANGELES,SANTA FE SPRINGS,NA,NA
8407425,2017,2017-07-25,1976,2017-06-23,0635,883,NA,5,5,3,1964,0,0,0,NA,0,001,SLAUSON AV,SANTA FE SPRINGS RD,488,W,N,B,-,N,NA,NA,NA,NA,NA,NA,NA,NA,NA,Y,3,0,1,3,A,-,09,21804,A,N,D,C,A,A,H,-,A,D,0,NA,NA,NA,NA,Y,NA,A,01,0,1,0,0,0,0,0,0,0,-,-,NA,NA,LOS ANGELES,SANTA FE SPRINGS,-118.05212636,33.95966834
8407429,2017,2017-07-25,1976,2017-06-23,1344,883,NA,5,5,3,1964,0,0,0,NA,0,001,WASHINGTON BL,BOER AV,87,W,N,A,-,N,NA,NA,NA,NA,NA,NA,NA,NA,NA,N,4,0,1,3,A,-,03,22350,NA,N,C,C,A,A,H,-,A,A,0,NA,NA,NA,NA,Y,NA,A,08,0,0,1,0,0,0,0,0,0,-,-,NA,NA,LOS ANGELES,SANTA FE SPRINGS,-118.07201492,33.97206665
8407433,2017,2017-07-25,1976,2017-06-24,1308,219,NA,6,5,3,1964,0,0,0,NA,0,002,SHOEMAKER AV,FLORENCE AV,0,NA,Y,A,-,N,NA,NA,NA,NA,NA,NA,NA,NA,NA,Y,2,0,3,3,A,-,12,21453,A,N,D,C,A,A,H,-,A,A,0,NA,NA,NA,NA,Y,NA,A,01,1,0,2,0,0,0,0,0,0,-,-,NA,NA,LOS ANGELES,SANTA FE SPRINGS,-118.05523001,33.93527002
8407437,2017,2017-07-25,1976,2017-06-29,1738,494,NA,4,5,3,1964,0,0,0,NA,0,001,LOS NIETOS RD,SANTA FE SPRINGS RD,15,E,N,A,-,N,NA,NA,NA,NA,NA,NA,NA,NA,NA,Y,4,0,1,2,A,-,03,22350,NA,N,C,C,A,A,H,-,A,A,0,NA,NA,NA,NA,Y,NA,A,08,0,0,1,0,0,0,0,0,0,-,-,NA,NA,LOS ANGELES,SANTA FE SPRINGS,-118.06002175,33.94963402
8407522,2017,2017-07-19,1907,2017-06-22,0632,211,1,4,5,4,1907,0,0,0,NA,0,NA,CALIFORNIA AV,BECK AV,63,N,N,A,-,N,NA,NA,NA,NA,NA,NA,NA,NA,NA,Y,3,0,1,1,A,-,08,22107,NA,N,E,I,A,A,H,-,A,D,0,NA,NA,NA,NA,Y,NA,A,01,0,1,0,0,0,0,0,0,0,-,-,33.97373,-118.2028,LOS ANGELES,BELL,-118.20287335,33.97390425
8407526,2017,2017-07-19,1907,2017-06-23,1445,220,1,5,5,4,1907,0,0,0,NA,0,NA,GAGE AV,FLORA AV,0,NA,Y,A,-,N,NA,NA,NA,NA,NA,NA,NA,NA,NA,N,3,0,1,2,A,-,09,21802,A,F,D,C,A,A,H,-,A,A,0,NA,NA,Y,NA,Y,NA,A,01,0,1,0,0,0,0,0,0,1,-,-,33.9787,-118.19053,LOS ANGELES,BELL,-118.19051009,33.97840002
8407530,2017,2017-07-19,1907,2017-06-25,0131,233,2,7,5,4,1907,0,0,0,NA,0,NA,WALKER AV,BECK AV,316,S,N,A,-,N,NA,NA,NA,NA,NA,NA,NA,NA,NA,N,4,0,1,4,A,-,01,23152,A,N,B,C,A,A,H,-,C,D,0,NA,NA,NA,NA,Y,Y,A,01,0,0,1,0,0,0,0,0,0,-,-,33.97052,-118.17406,LOS ANGELES,BELL,-118.17383876,33.96983012
8407561,2017,2017-07-26,1975,2017-05-30,1741,377,NA,2,5,6,1975,0,0,0,NA,0,001,BADILLO AV,VINCENT AV,75,W,N,A,-,N,NA,NA,NA,NA,NA,NA,NA,NA,NA,N,4,0,1,3,A,-,03,22350,NA,M,C,C,A,A,H,-,A,A,0,NA,NA,NA,NA,Y,NA,A,01,0,0,1,0,0,0,0,0,0,-,-,NA,NA,LOS ANGELES,WEST COVINA,-117.92574706,34.08658458
8407634,2017,2017-07-19,1976,2017-07-07,1127,488,NA,5,5,5,1976,0,0,0,NA,0,NA,MAR VISTA ST,MICHIGAN AV,0,NA,Y,A,-,N,NA,NA,NA,NA,NA,NA,NA,NA,NA,N,4,0,1,2,A,-,09,21801,A,N,A,C,A,A,H,-,A,A,0,NA,NA,NA,NA,Y,NA,A,07,0,0,1,0,0,0,0,0,0,-,-,NA,NA,LOS ANGELES,WHITTIER,-118.01945001,33.96857002
8407650,2017,2017-07-19,1928,2017-07-07,1930,314,515,5,5,5,1928,0,0,0,NA,0,503,EL SEGUNDO BL,WASHINGTON AV,0,NA,Y,A,-,N,NA,NA,NA,NA,NA,NA,NA,NA,NA,Y,4,0,1,3,A,-,01,23152,A,N,D,C,A,A,H,-,A,A,0,NA,Y,NA,NA,Y,Y,-,-,0,0,1,0,0,0,1,0,0,-,-,33.91642,-118.34955,LOS ANGELES,HAWTHORNE,-118.34957002,33.91642006
8407651,2017,2017-07-19,1928,2017-06-13,0847,376,507,2,5,5,1928,0,0,0,NA,0,502,120TH ST,CRENSHAW BL,482,E,N,A,-,N,NA,NA,NA,NA,NA,NA,NA,NA,NA,Y,2,0,1,2,A,-,09,21804,A,N,D,C,A,A,H,-,A,A,0,NA,NA,NA,NA,Y,NA,A,01,1,0,0,0,0,0,0,0,0,-,-,33.92371,-118.32647,LOS ANGELES,HAWTHORNE,-118.3249242,33.92373
8407654,2017,2017-07-19,1928,2017-07-05,0742,324,522,3,5,5,1928,0,0,0,NA,0,503,MARINE AV,PRAIRIE AV,0,NA,Y,A,-,N,NA,NA,NA,NA,NA,NA,NA,NA,NA,N,4,0,1,2,A,-,17,21663,NA,N,H,G,A,A,H,-,A,A,0,NA,Y,NA,NA,Y,NA,L,04,0,0,1,0,0,0,1,0,0,-,-,33.89463,-118.34387,LOS ANGELES,HAWTHORNE,-118.34384001,33.89465009
8407658,2017,2017-07-19,1925,2017-07-03,1235,21057,217,1,5,6,1925,0,0,0,NA,0,002,SAN FERNANDO RD,CALIFORNIA AV,0,NA,Y,A,-,N,NA,NA,NA,NA,NA,NA,NA,NA,NA,Y,3,0,2,2,A,-,12,21453,A,N,D,C,A,A,H,-,A,A,0,NA,NA,NA,NA,Y,NA,A,01,0,1,1,0,0,0,0,0,0,-,-,NA,NA,LOS ANGELES,GLENDALE,-118.27343,34.14990008
8407659,2017,2017-07-19,1925,2017-06-28,1410,25295,261,3,5,6,1925,0,0,0,NA,0,002,BROADWAY,BRAND BL,0,NA,Y,A,-,N,NA,NA,NA,NA,NA,NA,NA,NA,NA,N,3,0,1,3,A,-,03,22350,NA,N,C,C,A,A,H,-,A,A,0,NA,NA,NA,NA,Y,NA,A,01,0,1,0,0,0,0,0,0,0,-,-,NA,NA,LOS ANGELES,GLENDALE,-118.25509007,34.14625012
8407662,2017,2017-07-19,1925,2017-07-01,1436,13002,224,6,5,6,1925,0,0,0,NA,0,002,BROADWAY,COLUMBUS AV,60,E,N,A,-,N,NA,NA,NA,NA,NA,NA,NA,NA,NA,Y,4,0,3,2,A,-,03,22350,NA,N,C,C,A,A,H,-,A,D,0,NA,NA,NA,NA,Y,NA,A,01,0,0,3,0,0,0,0,0,0,-,-,NA,NA,LOS ANGELES,GLENDALE,-118.26113212,34.14685725
8407663,2017,2017-07-19,1931,2017-06-19,2144,5281,1931,1,5,5,1931,0,0,0,NA,0,004,CALIFORNIA ST,SALT LAKE AV,2,W,N,A,-,N,NA,NA,NA,NA,NA,NA,NA,NA,NA,N,3,0,1,2,A,-,09,21801,A,N,D,G,A,A,H,-,C,D,0,NA,Y,NA,NA,Y,NA,A,01,0,1,0,0,0,0,1,0,0,-,-,NA,NA,LOS ANGELES,HUNTINGTON PARK,-118.20205653,33.97005072
8407666,2017,2017-07-20,1925,2017-07-05,1906,21601,149,3,5,6,1925,0,0,0,NA,0,001,GRANDVIEW AV,GLENOAKS BL,0,NA,Y,A,-,N,NA,NA,NA,NA,NA,NA,NA,NA,NA,Y,4,0,1,2,A,-,09,21801,NA,N,A,C,A,A,H,-,A,A,0,NA,NA,NA,NA,Y,NA,A,01,0,0,1,0,0,0,0,0,0,-,-,NA,NA,LOS ANGELES,GLENDALE,-118.28139005,34.16497007
8407667,2017,2017-07-19,1931,2017-06-15,0450,5307,1931,4,5,5,1931,0,0,0,NA,0,001,SLAUSON AV,PACIFIC BL,10,W,N,A,-,N,NA,NA,NA,NA,NA,NA,NA,NA,NA,N,4,0,2,4,A,-,12,21453,A,N,D,C,A,A,H,-,B,A,0,NA,NA,NA,NA,Y,NA,A,01,0,0,2,0,0,0,0,0,0,-,-,NA,NA,LOS ANGELES,HUNTINGTON PARK,-118.22524292,33.9892
8407670,2017,2017-07-20,1925,2017-07-09,1717,13002,159,7,5,6,1925,0,0,0,NA,0,004,GLENDALE AV,GLENOAKS BL,0,NA,Y,A,-,N,NA,NA,NA,NA,NA,NA,NA,NA,NA,Y,3,0,3,2,A,-,09,21800,D,N,D,C,A,A,H,-,A,B,0,NA,NA,NA,NA,Y,NA,-,NA,0,1,2,0,0,0,0,0,0,-,-,NA,NA,LOS ANGELES,GLENDALE,-118.23996009,34.15885007
8407671,2017,2017-07-19,1931,2017-06-21,1740,5315,1931,3,5,5,1931,0,0,0,NA,0,002,GAGE AV,SALT LAKE AV,238,W,N,A,-,N,NA,NA,NA,NA,NA,NA,NA,NA,NA,N,4,0,1,2,A,-,11,21955,NA,N,G,B,D,A,H,-,A,A,0,Y,NA,NA,NA,Y,Y,N,60,0,0,1,0,1,0,0,0,0,-,-,NA,NA,LOS ANGELES,HUNTINGTON PARK,-118.20435,33.97986
8407674,2017,2017-07-19,1931,2017-07-03,0407,5316,1931,1,5,5,1931,0,0,0,NA,0,004,GAGE AV,STATE ST,138,E,N,A,-,N,NA,NA,NA,NA,NA,NA,NA,NA,NA,N,4,0,1,3,A,-,-,NA,NA,N,C,E,A,A,H,-,C,A,0,NA,NA,NA,NA,Y,NA,A,01,0,0,1,0,0,0,0,0,0,-,-,NA,NA,LOS ANGELES,HUNTINGTON PARK,-118.21210826,33.98069011
8407675,2017,2017-07-19,1931,2017-06-28,1908,5315,1931,3,5,5,1931,0,0,0,NA,0,002,MILES AV,GAGE AV,4,N,N,A,-,N,NA,NA,NA,NA,NA,NA,NA,NA,NA,N,3,0,1,2,A,-,10,21950,A,N,G,B,B,A,H,-,A,A,0,Y,NA,NA,NA,Y,NA,A,01,0,1,0,0,1,0,0,0,0,-,-,NA,NA,LOS ANGELES,HUNTINGTON PARK,-118.21915027,33.98163097
8407678,2017,2017-07-20,1931,2017-07-08,1540,5317,NA,6,5,5,1931,0,0,0,NA,0,004,SALT LAKE AV,HOPE ST,15,S,N,A,-,N,NA,NA,NA,NA,NA,NA,NA,NA,NA,N,3,0,3,3,A,-,09,21802,A,N,A,C,A,A,H,-,A,D,0,NA,NA,NA,NA,Y,NA,A,07,0,1,2,0,0,0,0,0,0,-,-,NA,NA,LOS ANGELES,HUNTINGTON PARK,-118.19991707,33.96733935
8407687,2017,2017-07-31,1900,2017-06-21,0950,443069,0987,3,5,4,1979,0,0,0,NA,0,92T1,SUNSET BL,QUEENS RD,42,W,N,A,-,N,NA,NA,NA,NA,NA,NA,NA,NA,NA,N,3,0,1,2,A,-,17,22517,NA,N,B,C,A,A,H,-,A,D,0,NA,NA,NA,Y,Y,NA,A,01,0,1,0,0,0,0,0,0,0,-,-,NA,NA,LOS ANGELES,WEST HOLLYWOOD,-118.37488404,34.09473109
8407689,2017,2017-07-27,1942,2017-07-03,0950,34420,1759,1,5,7,1942,0,0,0,Q,0,35M38,LASSON ST,HASKELL AV,0,NA,Y,A,-,N,NA,NA,NA,NA,NA,NA,NA,NA,NA,Y,3,0,4,3,A,-,12,21453,A,N,D,C,A,A,H,-,A,A,0,NA,NA,NA,NA,Y,NA,D,22,0,3,1,0,0,0,0,0,0,-,-,NA,NA,LOS ANGELES,LOS ANGELES,-118.47617009,34.25010004
8407691,2017,2017-08-01,1900,2017-06-26,1753,546266,0973,1,5,4,1979,0,0,0,NA,0,93T1P,SANTA MONICA BL,FORMOSA AV,0,NA,Y,A,-,N,NA,NA,NA,NA,NA,NA,NA,NA,NA,N,3,0,1,3,A,-,03,22350,NA,M,C,C,A,A,H,-,A,A,0,NA,NA,NA,NA,Y,NA,D,22,0,1,0,0,0,0,0,0,0,-,-,NA,NA,LOS ANGELES,WEST HOLLYWOOD,-118.34625008,34.09071005
8407693,2017,2017-07-26,1942,2017-06-06,1240,38552,1756,2,5,7,1942,0,0,0,Q,0,17X24,DEVONSHIRE ST,LOUISE,300,E,N,A,-,N,NA,NA,NA,NA,NA,NA,NA,NA,NA,NA,3,0,1,2,A,-,03,22350,NA,N,C,E,A,A,H,-,A,D,0,NA,NA,NA,Y,Y,NA,A,01,0,1,0,0,0,0,0,0,0,-,-,NA,NA,LOS ANGELES,LOS ANGELES,-118.51007903,34.25756
8407697,2017,2017-08-15,1942,2017-07-02,2305,38850,1753,7,5,7,1942,0,0,0,Q,0,19T25,DEVONSHIRE ST,MASON AV,0,NA,Y,A,-,N,NA,NA,NA,NA,NA,NA,NA,NA,NA,Y,3,0,3,3,A,-,12,21453,A,N,D,C,A,A,H,-,C,A,0,NA,NA,NA,NA,Y,NA,-,-,0,1,2,0,0,0,0,0,0,-,-,NA,NA,LOS ANGELES,LOS ANGELES,-118.57984007,34.25726003
8407715,2017,2017-07-25,1900,2017-05-23,1100,546587,0333,2,5,4,1939,0,0,0,NA,0,35T1,INGLEWOOD AV,170TH ST,0,NA,Y,A,-,N,NA,NA,NA,NA,NA,NA,NA,NA,NA,NA,4,0,3,3,A,-,03,22350,NA,N,D,C,A,A,H,-,A,D,0,NA,NA,NA,NA,Y,NA,A,01,0,0,3,0,0,0,0,0,0,-,-,NA,NA,LOS ANGELES,LAWNDALE,-118.36132004,33.87662008
8407718,2017,2017-07-26,1942,2017-07-08,0820,27792,1995,6,5,7,1942,0,0,0,NA,0,10TL35,VAN NUYS BL,LANARK ST,17,N,N,A,-,N,NA,NA,NA,NA,NA,NA,NA,NA,NA,N,4,0,1,2,B,-,22,NA,NA,N,D,G,A,A,H,-,A,-,0,NA,Y,NA,NA,Y,NA,L,04,0,0,1,0,0,0,1,0,0,-,-,NA,NA,LOS ANGELES,LOS ANGELES,-118.44876,34.21800663
8407720,2017,2017-07-26,1969,2017-06-17,1832,10100,PATRO,6,5,5,1969,0,0,0,NA,0,002,LIBERTY BL,VICTORIA AV,0,NA,Y,A,-,N,NA,NA,NA,NA,NA,NA,NA,NA,NA,N,3,0,1,2,D,-,00,NA,NA,N,G,B,B,A,H,-,A,A,0,Y,NA,NA,NA,Y,NA,-,-,0,1,0,0,1,0,0,0,0,-,-,NA,NA,LOS ANGELES,SOUTH GATE,-118.20902,33.96047008
8407722,2017,2017-07-26,1942,2017-07-01,1850,38613,1793,6,5,7,1942,0,0,0,Q,0,10T35,BRYANT ST,BECKFORD AV,110,W,N,A,-,N,NA,NA,NA,NA,NA,NA,NA,NA,NA,N,4,0,1,2,A,-,11,21954,A,N,G,B,D,A,H,-,A,D,0,Y,NA,NA,NA,Y,NA,N,60,0,0,1,0,1,0,0,0,0,-,-,NA,NA,LOS ANGELES,LOS ANGELES,-118.55171328,34.22723
8407731,2017,2017-07-25,1900,2017-07-05,1730,519502,0561,3,5,3,1968,0,0,0,NA,0,55T1PM,RUSH ST,MERCED AV,0,NA,Y,A,-,N,NA,NA,NA,NA,NA,NA,NA,NA,NA,Y,4,0,1,2,A,-,09,21801,A,N,D,C,A,A,H,-,A,A,0,NA,NA,NA,NA,Y,NA,D,22,0,0,1,0,0,0,0,0,0,-,-,34.0518,-118.0513,LOS ANGELES,SOUTH EL MONTE,-118.05129006,34.05186007
8407735,2017,2017-07-25,1900,2017-07-02,0832,524687,0541,7,5,3,1921,0,0,0,NA,0,58T1AM,CENTRAL AV,HIGHLAND AV,390,W,N,A,-,N,NA,NA,NA,NA,NA,NA,NA,NA,NA,N,4,0,1,2,A,-,11,21954,A,N,G,B,D,A,H,-,A,D,0,Y,NA,NA,NA,Y,NA,N,60,0,0,1,0,1,0,0,0,0,-,-,34.13595,-117.96924,LOS ANGELES,DUARTE,-117.96790586,34.13604916
8407736,2017,2017-07-26,1969,2017-06-14,2322,10212,PATRO,3,5,5,1969,0,0,0,NA,0,0A1,LONG BEACH BL,SOUTHERN AV,0,NA,Y,A,-,N,NA,NA,NA,NA,NA,NA,NA,NA,NA,Y,2,0,3,2,A,-,12,21453,A,N,D,C,A,A,H,-,A,A,0,NA,NA,NA,Y,Y,NA,F,25,1,0,2,0,0,0,0,0,0,-,-,NA,NA,LOS ANGELES,SOUTH GATE,-118.21834,33.9523601
8407743,2017,2017-07-26,1900,2017-06-13,1236,522518,0560,2,5,3,1968,0,0,0,NA,0,55T1AM,ROSEMEAD BL,FERN ST,0,NA,Y,A,-,N,NA,NA,164,NA,NA,NA,NA,NA,NA,N,4,0,2,2,A,-,09,21802,A,N,D,C,A,A,H,-,A,A,0,NA,NA,NA,NA,Y,NA,A,08,0,0,2,0,0,0,0,0,0,-,-,34.0591,-118.0644,LOS ANGELES,SOUTH EL MONTE,-118.06444386,34.05910248
8407750,2017,2017-07-24,1900,2017-07-01,1238,443069,0974,6,5,4,1979,0,0,0,NA,0,92T1,FOUNTAIN AV,LAUREL AV,72,W,N,A,-,N,NA,NA,NA,NA,NA,NA,NA,NA,NA,N,4,0,2,3,A,-,04,21703,NA,N,C,C,A,A,H,-,A,D,0,NA,NA,NA,Y,Y,NA,A,01,0,0,2,0,0,0,0,0,0,-,-,NA,NA,LOS ANGELES,WEST HOLLYWOOD,-118.36470736,34.09440842
8407754,2017,2017-07-27,1900,2017-06-30,1350,443069,0973,5,5,4,1979,0,0,0,NA,0,92T1,LA BREA AV,FOUNTAIN AV,112,S,N,A,-,N,NA,NA,NA,NA,NA,NA,NA,NA,NA,N,4,0,3,2,A,-,04,21703,NA,N,C,C,A,A,H,-,A,A,0,NA,NA,NA,NA,Y,NA,A,01,0,0,3,0,0,0,0,0,0,-,-,NA,NA,LOS ANGELES,WEST HOLLYWOOD,-118.3441,34.09406282
8407761,2017,2017-07-20,1931,2017-07-05,0230,5308,1931,3,5,5,1931,0,0,0,NA,0,004,FLORENCE AV,STATE ST,43,W,N,A,-,N,NA,NA,NA,NA,NA,NA,NA,NA,NA,N,4,0,1,3,A,-,03,22350,NA,F,C,C,A,A,H,-,C,A,0,NA,NA,NA,NA,Y,NA,A,01,0,0,1,0,0,0,0,0,0,-,-,NA,NA,LOS ANGELES,HUNTINGTON PARK,-118.20967086,33.9725715
8407762,2017,2017-07-19,1942,2017-07-07,0635,30452,1994,5,5,7,1942,0,0,0,NA,0,9TL53,WILLIS AV,ROSCOE BL,125,S,N,A,-,N,NA,NA,NA,NA,NA,NA,NA,NA,NA,N,3,0,1,2,A,-,21,22106,NA,N,H,C,A,A,H,-,A,D,0,NA,NA,NA,NA,Y,NA,A,07,0,1,0,0,0,0,0,0,0,-,-,NA,NA,LOS ANGELES,LOS ANGELES,-118.45532422,34.22114717
8407763,2017,2017-11-09,1942,2017-07-04,2300,37949,1211,2,5,7,1942,0,0,0,L,0,12X32,52ND ST,WEST BL,0,NA,Y,A,-,N,NA,NA,NA,NA,NA,NA,NA,NA,NA,Y,4,0,1,2,A,-,12,22450,NA,F,D,C,A,A,H,-,C,D,0,NA,NA,NA,NA,Y,NA,A,01,0,0,1,0,0,0,0,0,0,-,-,NA,NA,LOS ANGELES,LOS ANGELES,-118.33554006,33.99492001
8407765,2017,2017-07-20,1925,2017-07-07,0858,16899,159,5,5,6,1925,0,0,0,NA,0,004,GLENOAKS BL,HARVEY DR,0,NA,Y,A,-,N,NA,NA,NA,NA,NA,NA,NA,NA,NA,Y,4,0,1,3,A,-,12,21453,A,N,D,E,A,A,H,-,A,A,0,NA,NA,NA,NA,Y,NA,A,NA,0,0,1,0,0,0,0,0,0,-,-,NA,NA,LOS ANGELES,GLENDALE,-118.22607006,34.15257006
8407766,2017,2017-07-19,1942,2017-07-02,2225,41239,1972,7,5,7,1942,0,0,0,NA,0,27T61,NORDHOFF ST,NOBLE AV,0,NA,Y,A,-,N,NA,NA,NA,NA,NA,NA,NA,NA,NA,Y,4,0,3,5,A,-,08,22107,NA,N,B,C,A,A,H,-,C,A,0,NA,NA,NA,NA,Y,NA,A,08,0,0,3,0,0,0,0,0,0,-,-,NA,NA,LOS ANGELES,LOS ANGELES,-118.46097004,34.2354801
8407767,2017,2017-11-09,1942,2017-07-02,1655,32305,1255,7,5,7,1942,0,0,0,L,0,12A53,DENKER AV,78TH AVE,0,NA,Y,A,-,N,NA,NA,NA,NA,NA,NA,NA,NA,NA,N,4,0,1,2,A,-,12,22450,A,F,D,C,A,A,H,-,A,D,0,NA,NA,NA,NA,Y,NA,-,99,0,0,1,0,0,0,0,0,0,-,-,NA,NA,LOS ANGELES,LOS ANGELES,-118.30464006,33.96907012
8407769,2017,2017-07-20,1925,2017-07-07,1411,19364,251,5,5,6,1925,0,0,0,NA,0,003,COLORADO ST,GLENDALE AV,150,W,N,A,-,N,NA,NA,NA,NA,NA,NA,NA,NA,NA,N,4,0,1,2,A,-,07,21658,A,N,B,C,A,A,H,-,A,D,0,NA,NA,NA,NA,Y,NA,A,01,0,0,1,0,0,0,0,0,0,-,-,NA,NA,LOS ANGELES,GLENDALE,-118.24976462,34.14265084
8407770,2017,2017-07-19,1942,2017-07-09,0655,38273,2129,7,5,7,1942,0,0,0,NA,0,21TL61,WINNETKA AV,ROSCOE BL,39,S,N,A,-,N,NA,NA,NA,NA,NA,NA,NA,NA,NA,Y,4,0,1,2,A,-,04,21703,NA,N,C,C,A,A,H,-,A,A,0,NA,NA,NA,NA,Y,NA,A,01,0,0,1,0,0,0,0,0,0,-,-,NA,NA,LOS ANGELES,LOS ANGELES,-118.57104843,34.22014302