CASE_ID,ACCIDENT_YEAR,PROC_DATE,JURIS,COLLISION_DATE,COLLISION_TIME,OFFICER_ID,REPORTING_DISTRICT,DAY_OF_WEEK,CHP_SHIFT,POPULATION,CNTY_CITY_LOC,SPECIAL_COND,BEAT_TYPE,CHP_BEAT_TYPE,CITY_DIVISION_LAPD,CHP_BEAT_CLASS,BEAT_NUMBER,PRIMARY_RD,SECONDARY_RD,DISTANCE,DIRECTION,INTERSECTION,WEATHER_1,WEATHER_2,STATE_HWY_IND,CALTRANS_COUNTY,CALTRANS_DISTRICT,STATE_ROUTE,ROUTE_SUFFIX,POSTMILE_PREFIX,POSTMILE,LOCATION_TYPE,RAMP_INTERSECTION,SIDE_OF_HWY,TOW_AWAY,COLLISION_SEVERITY,NUMBER_KILLED,NUMBER_INJURED,PARTY_COUNT,PRIMARY_COLL_FACTOR,PCF_CODE_OF_VIOL,PCF_VIOL_CATEGORY,PCF_VIOLATION,PCF_VIOL_SUBSECTION,HIT_AND_RUN,TYPE_OF_COLLISION,MVIW,PED_ACTION,ROAD_SURFACE,ROAD_COND_1,ROAD_COND_2,LIGHTING,CONTROL_DEVICE,CHP_ROAD_TYPE,PEDESTRIAN_ACCIDENT,BICYCLE_ACCIDENT,MOTORCYCLE_ACCIDENT,TRUCK_ACCIDENT,NOT_PRIVATE_PROPERTY,ALCOHOL_INVOLVED,STWD_VEHTYPE_AT_FAULT,CHP_VEHTYPE_AT_FAULT,COUNT_SEVERE_INJ,COUNT_VISIBLE_INJ,COUNT_COMPLAINT_PAIN,COUNT_PED_KILLED,COUNT_PED_INJURED,COUNT_BICYCLIST_KILLED,COUNT_BICYCLIST_INJURED,COUNT_MC_KILLED,COUNT_MC_INJURED,PRIMARY_RAMP,SECONDARY_RAMP,LATITUDE,LONGITUDE,COUNTY,CITY,POINT_X,POINT_Y
8415339,2018,2018-07-30,1942,2018-06-27,1900,38025,0363,3,5,7,1942,0,0,0,C,0,3A63,MARTIN LUTHER KING JR BL,CRENSHAW BL,300,W,N,A,-,NA,NA,NA,NA,NA,NA,NA,NA,NA,NA,N,4,0,1,2,A,-,21,22106,NA,N,C,C,A,A,H,-,A,D,0,NA,NA,NA,NA,Y,NA,A,01,0,0,1,0,0,0,0,0,0,-,-,NA,NA,LOS ANGELES,LOS ANGELES,-118.3359832763672,34.011314392089844
8415343,2018,2020-05-22,1942,2018-07-01,1625,37560,0361,7,5,7,1942,0,0,0,C,0,25T22,LA BREA AV,COLISEUM ST,1120,S,N,A,-,N,NA,NA,NA,NA,NA,NA,NA,NA,NA,Y,1,1,0,4,A,-,03,22350,NA,F,G,B,E,A,H,-,A,D,0,Y,NA,NA,NA,Y,NA,A,01,0,0,0,1,0,0,0,0,0,-,-,NA,NA,LOS ANGELES,LOS ANGELES,-118.35561370849608,34.0152473449707
8415351,2018,2018-08-02,1942,2018-07-15,0920,S5393,1863,7,5,7,1942,0,0,0,R,0,18A63,AVALON BL,120TH ST,0,NA,Y,A,-,N,NA,NA,NA,NA,NA,NA,NA,NA,NA,Y,4,0,1,2,A,-,09,21801,A,N,A,C,A,A,H,-,A,A,0,NA,NA,NA,NA,Y,NA,D,22,0,0,1,0,0,0,0,0,0,-,-,NA,NA,LOS ANGELES,LOS ANGELES,-118.26524353027344,33.923709869384766
8415359,2018,2018-08-02,1942,2018-07-01,1510,40008,0453,7,5,7,1942,0,0,0,D,0,4A53,N STATE ST,STATE ST,35,W,N,A,-,N,NA,NA,NA,NA,NA,NA,NA,NA,NA,N,4,0,1,2,A,-,08,22107,NA,N,B,C,A,A,H,-,A,D,0,NA,NA,NA,NA,Y,Y,D,22,0,0,1,0,0,0,0,0,0,-,-,NA,NA,LOS ANGELES,LOS ANGELES,-118.21743774414064,34.046539306640625
8415361,2017,2017-09-29,1934,2017-09-02,1723,742,1934,6,5,1,1934,0,0,0,NA,0,001,ARROW HWY,ELTON ST,46,E,N,A,-,N,NA,NA,NA,NA,NA,NA,NA,NA,NA,Y,2,0,2,2,A,-,08,22107,NA,N,C,E,A,A,H,-,A,D,0,NA,NA,NA,NA,Y,NA,A,01,2,0,0,0,0,0,0,0,0,-,-,NA,NA,LOS ANGELES,IRWINDALE,-117.95051842,34.10703271
8415365,2017,2017-09-28,1934,2017-09-13,1833,782,1934,3,5,1,1934,0,0,0,NA,0,001,FOOTHILL BL,IRWINDALE AV,0,NA,Y,A,-,N,NA,NA,NA,NA,NA,NA,NA,NA,NA,Y,4,0,2,5,A,-,12,21453,A,N,H,C,A,A,H,-,A,A,0,NA,NA,NA,NA,Y,NA,A,01,0,0,2,0,0,0,0,0,0,-,-,NA,NA,LOS ANGELES,IRWINDALE,-117.93357011,34.13370003
8415373,2017,2017-09-29,1900,2017-09-13,0755,442391,0459,3,5,6,1949,0,0,0,NA,0,45T1,CARMENITA RD,LOWES RD,0,NA,Y,A,-,N,NA,NA,NA,NA,NA,NA,NA,NA,NA,Y,4,0,2,2,A,-,09,21801,A,N,D,C,A,A,H,-,A,A,0,NA,NA,NA,NA,Y,NA,D,22,0,0,2,0,0,0,0,0,0,-,-,NA,NA,LOS ANGELES,NORWALK,-118.046622,33.896202
8415374,2017,2017-10-03,1942,2017-08-28,1540,37966,0643,1,5,7,1942,0,0,0,F,0,6TL2,HOLLYWOOD BL,VISTA ST,75,W,N,A,-,N,NA,NA,NA,NA,NA,NA,NA,NA,NA,Y,3,0,3,4,A,-,03,22350,NA,N,C,C,A,A,H,-,A,D,0,NA,NA,NA,NA,Y,NA,A,01,0,1,2,0,0,0,0,0,0,-,-,NA,NA,LOS ANGELES,LOS ANGELES,-118.35213728,34.10163
8415377,2017,2018-06-25,1900,2017-08-26,1608,549925,0452,6,5,6,1949,0,0,0,NA,0,43T1/P,ROSECRANS AV,RT 5,0,NA,Y,A,-,Y,LA,7,5,-,-,3.291,R,4,N,N,4,0,1,2,D,-,00,NA,NA,N,D,C,A,A,H,-,A,A,0,NA,NA,NA,NA,Y,NA,-,-,0,0,1,0,0,0,0,0,0,-,NO,NA,NA,LOS ANGELES,NORWALK,-118.05922839,33.90071036
8415378,2017,2017-10-03,1942,2017-08-19,1825,40774,646,6,5,7,1942,0,0,0,NA,0,6FB23,VINE ST,SUNSET,100,N,N,A,-,N,NA,NA,NA,NA,NA,NA,NA,NA,NA,N,3,0,1,3,A,-,09,21804,NA,N,C,G,A,A,H,-,A,D,0,NA,Y,NA,NA,Y,NA,A,01,0,1,0,0,0,0,1,0,0,-,-,NA,NA,LOS ANGELES,LOS ANGELES,-118.32663783,34.09828419
8415381,2017,2017-10-09,1900,2017-09-08,1755,549925,0454,5,5,6,1949,0,0,0,NA,0,43T1/P,NORWALK BL,GETTYSBURG DR,55,N,N,A,-,N,NA,NA,NA,NA,NA,NA,NA,NA,NA,N,4,0,1,2,A,-,09,21801,A,N,D,C,A,A,H,-,A,D,0,NA,NA,NA,NA,Y,NA,A,01,0,0,1,0,0,0,0,0,0,-,-,NA,NA,LOS ANGELES,NORWALK,-118.07238,33.9185458
8415382,2017,2017-10-03,1942,2017-08-30,0655,26281,0666,3,5,7,1942,0,0,0,F,0,7MQ56,VINE ST,SUNSET BL,0,NA,Y,A,-,N,NA,NA,NA,NA,NA,NA,NA,NA,NA,Y,4,0,2,2,A,-,09,21801,A,N,B,C,A,A,H,-,A,A,0,NA,NA,NA,NA,Y,NA,A,01,0,0,2,0,0,0,0,0,0,-,-,NA,NA,LOS ANGELES,LOS ANGELES,-118.32663012,34.09801011
8415383,2018,2018-02-14,1942,2018-01-14,1910,40643,0407,7,5,7,1942,0,0,0,D,0,4A3,MONTEREY RD,N HUNTINGTON DR,13,N,N,A,-,N,NA,NA,NA,NA,NA,NA,NA,NA,NA,N,3,0,1,2,A,-,01,23152,A,N,G,B,B,A,H,-,C,A,0,Y,NA,NA,NA,Y,Y,D,22,0,1,0,0,1,0,0,0,0,-,-,NA,NA,LOS ANGELES,LOS ANGELES,-118.1875,34.08625411987305
8415386,2017,2017-10-03,1942,2017-08-29,0845,39058,0668,2,5,7,1942,0,0,0,F,0,14TL49,LA MIRADA AV,N WILTON PL,0,NA,Y,A,-,N,NA,NA,NA,NA,NA,NA,NA,NA,NA,N,4,0,1,3,A,-,09,21802,A,N,D,C,A,A,H,-,A,A,0,NA,NA,NA,NA,Y,NA,A,01,0,0,1,0,0,0,0,0,0,-,-,NA,NA,LOS ANGELES,LOS ANGELES,-118.31360012,34.09377002
8415390,2017,2017-10-03,1942,2017-08-31,2103,37575,669,4,5,7,1942,0,0,0,NA,0,7T23,LA MIRADA AV,SERRANO AV,0,NA,Y,A,-,N,NA,NA,NA,NA,NA,NA,NA,NA,NA,Y,4,0,1,2,A,-,12,22450,A,F,D,C,A,A,H,-,C,A,0,NA,NA,NA,NA,Y,NA,A,01,0,0,1,0,0,0,0,0,0,-,-,NA,NA,LOS ANGELES,LOS ANGELES,-118.30681003,34.09391002
8415394,2017,2017-10-03,1942,2017-08-26,1820,39624,711,6,5,7,1942,0,0,0,NA,0,7T23,BEVERLY BL,LAUREL AV,0,NA,Y,A,-,N,NA,NA,NA,NA,NA,NA,NA,NA,NA,N,3,0,1,2,A,-,05,21650,NA,N,H,G,A,A,H,-,A,A,0,NA,Y,NA,NA,Y,NA,L,04,0,1,0,0,0,0,1,0,0,-,-,NA,NA,LOS ANGELES,LOS ANGELES,-118.36478003,34.07609004
8415398,2017,2017-10-03,1942,2017-08-19,1910,41003,0762,6,5,7,1942,0,0,0,G,0,6T7,SATURN ST,S LA CIENEGA BL,0,NA,Y,A,-,N,NA,NA,NA,NA,NA,NA,NA,NA,NA,Y,3,0,1,2,A,-,09,21802,A,N,D,C,A,A,H,-,D,A,0,NA,NA,Y,NA,Y,NA,A,01,0,1,0,0,0,0,0,0,1,-,-,NA,NA,LOS ANGELES,LOS ANGELES,-118.37616002,34.05154007
8415399,2018,2018-02-14,1942,2018-01-19,0950,36460,0181,5,5,7,1942,0,0,0,A,0,1A61,LA LIVE WY,12TH ST,45,N,N,B,-,N,NA,NA,NA,NA,NA,NA,NA,NA,NA,N,4,0,1,2,A,-,03,22350,NA,F,G,C,F,A,H,-,A,D,0,Y,NA,NA,NA,Y,NA,M,96,0,0,1,0,1,0,0,0,0,-,-,NA,NA,LOS ANGELES,LOS ANGELES,-118.2707977294922,34.043968200683594
8415402,2017,2017-10-03,1942,2017-08-25,1230,38590,0733,5,5,7,1942,0,0,0,G,0,6TL4,CUSRON AV,6TH ST,175,S,N,A,-,N,NA,NA,NA,NA,NA,NA,NA,NA,NA,N,4,0,1,2,A,-,09,21804,A,N,D,C,A,A,H,-,A,D,0,NA,NA,NA,NA,Y,NA,A,01,0,0,1,0,0,0,0,0,0,-,-,NA,NA,LOS ANGELES,LOS ANGELES,-118.35461,34.06438223
8415407,2018,2018-08-10,1942,2018-01-26,1600,39123,0515,5,5,7,1942,0,0,0,E,0,5A12,PACIFIC COAST HWY,GULF AV,0,NA,Y,A,-,Y,LA,7,1,-,-,11.145,I,5,N,N,3,0,1,2,A,-,10,21950,A,N,A,B,B,A,H,-,A,D,0,Y,NA,NA,NA,Y,NA,D,22,0,1,0,0,1,0,0,0,0,-,-,NA,NA,LOS ANGELES,LOS ANGELES,-118.27398681640624,33.79065704345703
8415411,2017,2018-03-15,1942,2017-01-16,1500,1942,0529,1,5,7,1942,0,0,0,E,0,5XLY,ANAHEIM ST,SAMPSON AV,40,S,N,A,-,N,NA,NA,NA,NA,NA,NA,NA,NA,NA,Y,4,0,1,2,A,-,03,22350,NA,N,C,C,A,A,H,-,A,D,0,NA,NA,NA,NA,Y,NA,A,01,0,0,1,0,0,0,0,0,0,-,-,NA,NA,LOS ANGELES,LOS ANGELES,-118.23354103,33.78171214
8415414,2018,2018-07-23,1900,2018-06-18,0648,546525,2624,1,5,6,1950,0,0,0,NA,0,262T1,50TH ST EAST,AVENUE M,0,NA,Y,A,-,N,NA,NA,NA,NA,NA,NA,NA,NA,NA,N,4,0,1,3,A,-,12,22450,A,N,D,C,A,A,H,-,A,A,0,NA,NA,NA,NA,Y,NA,A,01,0,0,1,0,0,0,0,0,0,-,-,NA,NA,LOS ANGELES,PALMDALE,-118.0408935546875,34.646018981933594
8415415,2018,2018-02-20,1942,2018-01-12,1120,40690,2063,5,5,7,1942,0,0,0,NA,0,20A53,S WESTERN AV,HARRINGTON AV,0,NA,Y,A,-,N,NA,NA,NA,NA,NA,NA,NA,NA,NA,Y,3,0,2,2,A,-,03,22350,NA,N,C,C,A,A,H,-,A,D,0,NA,NA,NA,Y,Y,NA,F,86,0,1,1,0,0,0,0,0,0,-,-,NA,NA,LOS ANGELES,LOS ANGELES,-118.30905151367188,34.04991912841797
8415418,2018,2018-07-23,1900,2018-06-16,1345,546525,2612,6,5,6,1950,0,0,0,NA,0,262T1,RANCHO VISTA BL,30TH ST WEST,1109,W,N,A,-,N,NA,NA,NA,NA,NA,NA,NA,NA,NA,Y,4,0,1,2,A,-,09,21804,A,N,D,C,A,A,H,-,A,A,0,NA,NA,NA,NA,Y,NA,A,01,0,0,1,0,0,0,0,0,0,-,-,NA,NA,LOS ANGELES,PALMDALE,-118.18659973144533,34.60261154174805
8415419,2018,2018-02-14,1942,2018-01-02,1400,31465,2088,2,5,7,1942,0,0,0,NA,0,34MQ11,VENICE BL,MENLO AV,108,W,N,A,-,N,NA,NA,NA,NA,NA,NA,NA,NA,NA,Y,3,0,2,2,A,-,08,22102,NA,N,D,C,A,A,H,-,A,D,0,NA,NA,NA,NA,Y,NA,A,01,0,1,1,0,0,0,0,0,0,-,-,NA,NA,LOS ANGELES,LOS ANGELES,-118.29078674316406,34.04425811767578
8415426,2018,2018-07-23,1900,2018-06-13,0735,527381,2603,3,5,6,1950,0,0,0,NA,0,263T1,PEARBLOSSOM HWY,30TH ST EAST,0,NA,Y,A,-,N,NA,NA,NA,NA,NA,NA,NA,NA,NA,Y,4,0,1,2,A,-,03,22350,NA,N,C,C,A,A,H,-,A,A,0,NA,NA,NA,NA,Y,NA,A,01,0,0,1,0,0,0,0,0,0,-,-,34.323001861572266,-118.42546081542967,LOS ANGELES,PALMDALE,-118.07347106933594,34.54174041748047
8415427,2018,2018-08-09,1942,2018-01-25,2005,39523,0519,4,5,7,1942,0,0,0,E,0,5Z6,PACIFIC COAST HWY,OST,2,E,N,A,-,Y,LA,7,1,-,-,8.7,H,-,N,Y,4,0,1,2,A,-,07,21658,A,M,B,B,A,A,H,-,C,D,0,NA,NA,NA,NA,Y,NA,A,01,0,0,1,0,0,0,0,0,0,-,-,NA,NA,LOS ANGELES,LOS ANGELES,-118.23167419433594,33.791786193847656
8415435,2018,2018-03-01,1942,2018-01-27,0125,37966,2091,6,5,7,1942,0,0,0,NA,0,6TL7,S WESTERN AV,20TH ST,132,S,N,A,-,N,NA,NA,NA,NA,NA,NA,NA,NA,NA,Y,2,0,2,2,A,-,01,23152,A,N,A,C,A,A,H,-,C,D,0,NA,NA,NA,Y,Y,Y,A,07,1,0,1,0,0,0,0,0,0,-,-,NA,NA,LOS ANGELES,LOS ANGELES,-118.3090362548828,34.03847122192383
8415442,2017,2017-08-10,1900,2017-05-24,1600,615102,1122,3,5,6,1992,0,0,0,NA,0,112T2,AVENUE J,FIG AV,0,NA,Y,A,-,N,NA,NA,NA,NA,NA,NA,NA,NA,NA,N,4,0,1,2,A,-,03,22350,NA,N,C,-,A,A,H,-,A,A,0,NA,NA,NA,NA,Y,NA,A,01,0,0,1,0,0,0,0,0,0,-,-,NA,NA,LOS ANGELES,LANCASTER,-118.14201008,34.68945002
8415533,2017,2017-08-11,1975,2017-06-20,1657,679,NA,2,5,6,1975,0,0,0,NA,0,004,GLENDORA AV,VINE ALY,0,NA,Y,A,-,N,NA,NA,NA,NA,NA,NA,NA,NA,NA,Y,4,0,1,3,A,-,00,21453,NA,N,D,C,A,A,H,-,A,A,0,NA,NA,NA,NA,Y,NA,-,NA,0,0,1,0,0,0,0,0,0,-,-,NA,NA,LOS ANGELES,WEST COVINA,-117.93591013,34.05789011
8415610,2017,2017-07-21,1942,2017-07-01,1445,42473,FTHL,6,5,7,1942,0,0,0,NA,0,16A35,WEIDNER ST,BRADLEY AV,100,E,N,A,-,N,NA,NA,NA,NA,NA,NA,NA,NA,NA,N,4,0,1,2,A,-,03,22350,NA,M,A,E,A,A,H,-,A,D,0,NA,NA,NA,NA,Y,NA,-,99,0,0,1,0,0,0,0,0,0,-,-,NA,NA,LOS ANGELES,LOS ANGELES,-118.42306191,34.27384115
8415654,2017,2018-05-08,1928,2017-07-08,1852,395,505,6,5,5,1928,0,0,0,NA,0,502,IMPERIAL HWY,OXFORD,4,W,N,A,-,N,NA,NA,NA,NA,NA,NA,NA,NA,NA,N,4,0,1,2,A,-,08,22107,NA,N,D,C,A,A,H,-,A,D,0,NA,NA,NA,NA,Y,NA,A,01,0,0,1,0,0,0,0,0,0,-,-,NA,NA,LOS ANGELES,HAWTHORNE,-118.34615316,33.93096
8415658,2017,2017-07-21,1928,2017-07-08,1609,382,520,6,5,5,1928,0,0,0,NA,0,503,CERISE AV,ROSECRANS AV,200,N,N,A,-,N,NA,NA,NA,NA,NA,NA,NA,NA,NA,N,4,0,2,2,A,-,03,22350,NA,N,C,C,A,A,H,-,A,D,0,NA,NA,NA,NA,Y,NA,A,01,0,0,2,0,0,0,0,0,0,-,-,33.90188,-118.33299,LOS ANGELES,HAWTHORNE,-118.33304,33.90247854
8415669,2017,2017-07-20,1900,2017-04-13,1310,476846,348,4,5,3,1903,0,0,0,NA,0,134,166TH ST,CLARKDALE AV,0,NA,Y,A,-,N,NA,NA,NA,NA,NA,NA,NA,NA,NA,Y,4,0,1,2,A,-,09,21801,A,N,D,C,A,A,H,-,A,D,0,NA,NA,NA,NA,Y,NA,A,01,0,0,1,0,0,0,0,0,0,-,-,NA,NA,LOS ANGELES,ARTESIA,-118.07974009,33.88038005
8415682,2017,2017-07-25,1942,2017-07-10,0740,41497,1099,1,5,7,1942,0,0,0,J,0,16T23,SEPULVEDA BL,SHERMAN OAKS AV,0,NA,Y,A,-,N,NA,NA,NA,NA,NA,NA,NA,NA,NA,Y,2,0,3,3,A,-,09,21801,A,N,D,C,A,A,H,-,A,D,0,NA,NA,NA,NA,Y,NA,A,01,2,0,1,0,0,0,0,0,0,-,-,NA,NA,LOS ANGELES,LOS ANGELES,-118.47174002,34.14685001
8415686,2017,2017-09-11,1942,2017-07-09,0130,42738,1971,7,5,7,1942,0,0,0,NA,0,19A7,SEPULVEDA,NORDHOFF,0,NA,Y,A,-,N,NA,NA,NA,NA,NA,NA,NA,NA,NA,Y,4,0,2,2,A,-,12,22450,A,F,D,C,A,A,H,-,E,B,0,NA,NA,NA,NA,Y,NA,A,01,0,0,2,0,0,0,0,0,0,-,-,NA,NA,LOS ANGELES,LOS ANGELES,-118.46771002,34.23553009
8415690,2017,2017-07-25,1942,2017-07-06,1845,38701,RD198,4,5,7,1942,0,0,0,NA,0,19A75,NORDHOFF ST,WOODMAN AV,0,NA,N,A,-,N,NA,NA,NA,NA,NA,NA,NA,NA,NA,Y,4,0,2,2,A,-,08,22107,NA,M,-,C,A,A,H,-,B,-,0,NA,NA,NA,NA,Y,NA,A,01,0,0,2,0,0,0,0,0,0,-,-,NA,NA,LOS ANGELES,LOS ANGELES,-118.44044002,34.23534008
8415694,2017,2017-07-25,1942,2017-07-11,1600,30830,0963,2,5,7,1942,0,0,0,I,0,16TL26,VAN NUYS BL,ADDISON ST,300,S,N,A,-,N,NA,NA,NA,NA,NA,NA,NA,NA,NA,N,4,0,3,3,A,-,03,22350,NA,F,C,C,A,A,H,-,A,D,0,NA,NA,NA,NA,Y,NA,A,01,0,0,3,0,0,0,0,0,0,-,-,NA,NA,LOS ANGELES,LOS ANGELES,-118.4487,34.16039721
8415698,2017,2017-07-25,1942,2017-07-10,1240,38996,1783,1,5,7,1942,0,0,0,Q,0,10TL34,NORDHOFF ST,TAMPA AV,280,E,N,A,-,N,NA,NA,NA,NA,NA,NA,NA,NA,NA,Y,3,0,7,6,A,-,03,22350,NA,N,C,E,A,A,H,-,A,D,0,NA,NA,NA,NA,Y,NA,A,01,0,4,3,0,0,0,0,0,0,-,-,NA,NA,LOS ANGELES,LOS ANGELES,-118.55263552,34.23545
8415705,2017,2017-08-29,1906,2017-05-09,0745,4422,NA,2,5,5,1906,0,0,0,NA,0,002,MERCED AV,OHIO ST,0,NA,Y,B,-,N,NA,NA,NA,NA,NA,NA,NA,NA,NA,N,3,0,1,2,A,-,05,21202,A,F,D,G,A,A,H,-,A,D,0,NA,Y,NA,NA,Y,NA,L,04,0,1,0,0,0,0,1,0,0,-,-,NA,NA,LOS ANGELES,BALDWIN PARK,-117.97360013,34.0956701
8415738,2017,2017-12-18,1900,2017-11-06,1632,51622,0462,1,5,4,1936,0,0,0,NA,0,46K4,ROSECRANS AV,GANDESA RD,0,NA,Y,A,-,N,NA,NA,NA,NA,NA,NA,NA,NA,NA,Y,4,0,1,2,A,-,09,21801,A,N,D,C,A,A,H,-,A,D,0,NA,NA,NA,NA,Y,NA,A,01,0,0,1,0,0,0,0,0,0,-,-,NA,NA,LOS ANGELES,LA MIRADA,-118.01860999,33.90005009
8415748,2017,2017-07-25,1942,2017-05-28,1655,41706,1822,7,5,7,1942,0,0,0,R,0,3TL57,CENTURY BL,BROADWAY,220,W,N,A,-,N,NA,NA,NA,NA,NA,NA,NA,NA,NA,Y,4,0,1,2,A,-,09,21801,A,N,B,C,A,A,H,-,A,D,0,NA,NA,NA,NA,Y,NA,A,01,0,0,1,0,0,0,0,0,0,-,-,NA,NA,LOS ANGELES,LOS ANGELES,-118.27911396,33.94555
8415752,2017,2017-08-22,1942,2017-05-19,1500,32416,437,5,5,7,1942,0,0,0,NA,0,4A53,MULTNOMAH ST,GATESIDE DR,700,E,N,A,-,N,NA,NA,NA,NA,NA,NA,NA,NA,NA,N,3,0,1,2,A,-,11,21954,A,N,D,B,E,A,H,-,A,D,0,Y,NA,NA,NA,Y,NA,-,NA,0,1,0,0,1,0,0,0,0,-,-,NA,NA,LOS ANGELES,LOS ANGELES,-118.18750484,34.07023649
8415756,2017,2017-07-25,1942,2017-05-17,1720,40099,0453,3,5,7,1942,0,0,0,D,0,24T54,BOYLE AV,PENNSYLVANIA AV,6,S,N,A,-,N,NA,NA,NA,NA,NA,NA,NA,NA,NA,Y,4,0,1,3,A,-,12,22450,A,F,D,C,A,A,H,-,A,A,0,NA,NA,NA,NA,Y,NA,-,99,0,0,1,0,0,0,0,0,0,-,-,NA,NA,LOS ANGELES,LOS ANGELES,-118.21923931,34.04863549
8415781,2017,2018-06-18,1941,2017-12-07,1929,10677,NA,4,5,7,1941,0,0,0,NA,0,NA,WALNUT AV,PACIFIC COAST HWY,77,N,N,A,-,Y,LA,7,1,-,-,5.261,I,6,N,Y,4,0,1,3,A,-,03,22350,NA,N,C,C,A,A,H,-,C,A,0,NA,NA,NA,NA,Y,NA,A,NA,0,0,1,0,0,0,0,0,0,-,-,NA,NA,LOS ANGELES,LONG BEACH,-118.17191315,33.78991731
8415841,2018,2018-09-19,1942,2018-06-13,0820,41370,1462,3,5,7,1942,0,0,0,N,0,NA,CULVER BL,NICHOLSON ST,615,E,N,A,-,N,NA,NA,NA,NA,NA,NA,NA,NA,NA,Y,4,0,1,3,A,-,00,21651,2,N,B,C,A,A,H,-,A,D,0,NA,NA,NA,NA,Y,NA,A,01,0,0,1,0,0,0,0,0,0,-,-,NA,NA,LOS ANGELES,LOS ANGELES,-118.4435577392578,33.96296691894531
8415844,2018,2018-07-25,1941,2018-04-22,0252,10846,NA,7,5,7,1941,0,0,0,NA,0,NA,CHERRY AV,53RD ST,0,NA,Y,A,-,N,NA,NA,NA,NA,NA,NA,NA,NA,NA,NA,3,0,1,1,A,-,03,22350,NA,N,B,I,A,A,H,-,C,D,0,NA,NA,NA,NA,Y,NA,A,NA,0,1,0,0,0,0,0,0,0,-,-,NA,NA,LOS ANGELES,LONG BEACH,-118.16766,33.85264
8415845,2018,2018-10-22,1955,2018-07-30,2351,40348,35,1,5,6,1955,0,0,0,NA,0,002,GAREY AV,MCKINLEY AV,0,NA,Y,A,-,N,NA,NA,NA,NA,NA,NA,NA,NA,NA,Y,3,0,1,2,A,-,12,21453,A,N,D,C,A,-,H,-,C,A,0,NA,NA,NA,NA,Y,NA,J,48,0,1,0,0,0,0,0,0,0,-,-,NA,NA,LOS ANGELES,POMONA,-117.75225830078124,34.07429885864258
8415858,2017,2018-02-12,1947,2017-10-27,1925,1404,NA,5,5,5,1947,0,0,0,NA,0,00C,N MONTEBELLO BL,BEVERLY BL,10,S,N,A,-,N,NA,NA,NA,NA,NA,NA,NA,NA,NA,Y,4,0,1,3,A,-,03,22350,NA,N,C,C,A,A,H,-,C,A,0,NA,NA,NA,NA,Y,NA,A,01,0,0,1,0,0,0,0,0,0,-,-,34.01719,-118.10593,LOS ANGELES,MONTEBELLO,-118.10597196,34.01714263
8415859,2017,2018-01-11,1947,2017-10-13,1354,1357,NA,5,5,5,1947,0,0,0,NA,0,00D,N MONTEBELLO BL,OLYMPIC BL,75,N,N,A,-,N,NA,NA,NA,NA,NA,NA,NA,NA,NA,N,4,0,1,2,A,-,03,22350,NA,N,C,C,A,A,D,-,A,A,0,NA,NA,NA,NA,Y,NA,A,01,0,0,1,0,0,0,0,0,0,-,-,34.00643,-118.10918,LOS ANGELES,MONTEBELLO,-118.10915238,34.00660998
8415860,2017,2018-01-11,1947,2017-10-04,1010,1363,NA,3,5,5,1947,0,0,0,NA,0,00E,WHITTIER BL,MAPLE AV,0,NA,Y,A,-,N,NA,NA,NA,NA,NA,NA,NA,NA,NA,N,4,0,1,2,A,-,12,21453,A,N,D,C,A,A,H,-,A,A,0,NA,NA,NA,NA,Y,NA,A,01,0,0,1,0,0,0,0,0,0,-,-,34.01184,-118.1166,LOS ANGELES,MONTEBELLO,-118.11664004,34.011790070000004
8415862,2017,2018-01-11,1947,2017-10-31,0718,1417,NA,2,5,5,1947,0,0,0,NA,0,00B,WHITTIER BL,WILCOX AV,0,NA,Y,B,-,N,NA,NA,NA,NA,NA,NA,NA,NA,NA,Y,4,0,1,2,A,-,09,21801,A,N,D,C,A,A,H,-,A,A,0,NA,NA,NA,NA,Y,NA,A,08,0,0,1,0,0,0,0,0,0,-,-,34.01363,-118.12504,LOS ANGELES,MONTEBELLO,-118.1250901,34.01357011
8415863,2017,2018-01-11,1947,2017-10-22,2123,1349,NA,7,5,5,1947,0,0,0,NA,0,00B,BEVERLY BL,MONTEBELLO BL,0,NA,Y,A,-,N,NA,NA,NA,NA,NA,NA,NA,NA,NA,Y,4,0,1,2,A,-,09,21801,A,N,A,C,A,-,H,-,-,A,0,NA,NA,NA,NA,Y,NA,A,01,0,0,1,0,0,0,0,0,0,-,-,NA,NA,LOS ANGELES,MONTEBELLO,-118.10597003,34.01717011
8415864,2017,2018-01-11,1947,2017-10-20,1520,1288,NA,5,5,5,1947,0,0,0,NA,0,00E,WEST WASHINGTON BL,S MAPLE AV,0,NA,Y,A,-,N,NA,NA,NA,NA,NA,NA,NA,NA,NA,NA,4,0,1,2,A,-,12,21453,A,N,D,C,A,A,H,-,A,A,0,NA,NA,NA,NA,Y,NA,A,08,0,0,1,0,0,0,0,0,0,-,-,NA,NA,LOS ANGELES,MONTEBELLO,-118.12372008,33.99693009
8415866,2017,2018-01-11,1947,2017-10-23,0131,1402,NA,1,5,5,1947,0,0,0,NA,0,00D,S GREENWOOD AV,ELM ST,215,S,N,A,-,N,NA,NA,NA,NA,NA,NA,NA,NA,NA,Y,3,0,1,3,A,-,08,22107,NA,N,B,E,A,A,H,-,C,D,0,NA,NA,NA,NA,Y,NA,A,01,0,1,0,0,0,0,0,0,0,-,-,33.98682,-118.12426,LOS ANGELES,MONTEBELLO,-118.12449303,33.98635736