CASE_ID,ACCIDENT_YEAR,PROC_DATE,JURIS,COLLISION_DATE,COLLISION_TIME,OFFICER_ID,REPORTING_DISTRICT,DAY_OF_WEEK,CHP_SHIFT,POPULATION,CNTY_CITY_LOC,SPECIAL_COND,BEAT_TYPE,CHP_BEAT_TYPE,CITY_DIVISION_LAPD,CHP_BEAT_CLASS,BEAT_NUMBER,PRIMARY_RD,SECONDARY_RD,DISTANCE,DIRECTION,INTERSECTION,WEATHER_1,WEATHER_2,STATE_HWY_IND,CALTRANS_COUNTY,CALTRANS_DISTRICT,STATE_ROUTE,ROUTE_SUFFIX,POSTMILE_PREFIX,POSTMILE,LOCATION_TYPE,RAMP_INTERSECTION,SIDE_OF_HWY,TOW_AWAY,COLLISION_SEVERITY,NUMBER_KILLED,NUMBER_INJURED,PARTY_COUNT,PRIMARY_COLL_FACTOR,PCF_CODE_OF_VIOL,PCF_VIOL_CATEGORY,PCF_VIOLATION,PCF_VIOL_SUBSECTION,HIT_AND_RUN,TYPE_OF_COLLISION,MVIW,PED_ACTION,ROAD_SURFACE,ROAD_COND_1,ROAD_COND_2,LIGHTING,CONTROL_DEVICE,CHP_ROAD_TYPE,PEDESTRIAN_ACCIDENT,BICYCLE_ACCIDENT,MOTORCYCLE_ACCIDENT,TRUCK_ACCIDENT,NOT_PRIVATE_PROPERTY,ALCOHOL_INVOLVED,STWD_VEHTYPE_AT_FAULT,CHP_VEHTYPE_AT_FAULT,COUNT_SEVERE_INJ,COUNT_VISIBLE_INJ,COUNT_COMPLAINT_PAIN,COUNT_PED_KILLED,COUNT_PED_INJURED,COUNT_BICYCLIST_KILLED,COUNT_BICYCLIST_INJURED,COUNT_MC_KILLED,COUNT_MC_INJURED,PRIMARY_RAMP,SECONDARY_RAMP,LATITUDE,LONGITUDE,COUNTY,CITY,POINT_X,POINT_Y
8416950,2017,2017-08-03,1900,2017-07-22,0230,478978,2920,6,5,5,1990,0,0,0,NA,0,292K1,DIAMOND BAR BL,SUNSET CROSSING RD,45,N,N,A,-,N,NA,NA,NA,NA,NA,NA,NA,NA,NA,Y,4,0,1,3,A,-,03,22350,NA,N,C,C,A,A,H,-,C,A,0,NA,NA,NA,NA,Y,NA,A,07,0,0,1,0,0,0,0,0,0,-,-,NA,NA,LOS ANGELES,DIAMOND BAR,-117.81058519,34.0287046
8416951,2017,2017-08-04,1901,2017-07-24,1932,291,6,1,5,5,1901,0,0,0,NA,0,001,COMMONWEALTH AV,5TH ST,12,W,N,A,-,N,NA,NA,NA,NA,NA,NA,NA,NA,NA,Y,4,0,1,2,A,-,09,21802,A,N,D,C,A,A,H,-,B,A,0,NA,NA,NA,NA,Y,NA,A,01,0,0,1,0,0,0,0,0,0,-,-,NA,NA,LOS ANGELES,ALHAMBRA,-118.13010456,34.089614
8417041,2017,2017-07-28,1942,2017-06-17,1124,42843,0506,6,5,7,1942,0,0,0,E,0,5A1,CARSON ST,NORMANDIE AV,25,W,N,A,-,N,NA,NA,NA,NA,NA,NA,NA,NA,NA,Y,4,0,1,2,A,-,09,21801,A,N,A,C,A,A,H,-,A,A,0,NA,NA,NA,NA,Y,NA,A,01,0,0,1,0,0,0,0,0,0,-,-,NA,NA,LOS ANGELES,LOS ANGELES,-118.29966213,33.83154821
8417045,2017,2017-07-28,1942,2017-06-29,0510,42620,315,4,5,7,1942,0,0,0,NA,0,399,WESTERN AV,ADAMS BL,100,N,N,A,-,N,NA,NA,NA,NA,NA,NA,NA,NA,NA,Y,2,0,3,3,A,-,12,21453,A,F,A,C,A,A,H,-,C,A,0,NA,NA,NA,NA,Y,NA,-,99,2,1,0,0,0,0,0,0,0,-,-,NA,NA,LOS ANGELES,LOS ANGELES,-118.30898,34.03297426
8417047,2017,2017-08-07,1942,2017-07-06,2120,42699,0513,4,5,7,1942,0,0,0,E,0,5A1,NORMANDIE AV,252ND ST,78,S,N,A,-,N,NA,NA,NA,NA,NA,NA,NA,NA,NA,N,3,0,1,2,A,-,11,21955,NA,N,G,B,D,A,H,-,C,A,0,Y,NA,NA,NA,Y,NA,N,60,0,1,0,0,1,0,0,0,0,-,-,NA,NA,LOS ANGELES,LOS ANGELES,-118.29749236,33.79554617
8417051,2017,2017-08-24,1942,2017-07-08,0210,42580,5A1,6,5,7,1942,0,0,0,NA,0,501,WESTERN AV,185TH ST,80,S,N,A,-,N,NA,NA,NA,NA,NA,NA,NA,NA,NA,Y,3,0,2,2,A,-,03,22350,NA,N,C,C,A,A,H,-,C,D,0,NA,NA,NA,NA,Y,NA,A,01,0,1,1,0,0,0,0,0,0,-,-,NA,NA,LOS ANGELES,LOS ANGELES,-118.309166,33.863024
8417053,2017,2017-07-28,1942,2017-06-30,0910,38302,0361,5,5,7,1942,0,0,0,C,0,25MQ19,LA BREA AV,RODEO,100,S,N,B,-,N,NA,NA,NA,NA,NA,NA,NA,NA,NA,N,4,0,1,2,A,-,09,21804,A,F,B,C,A,A,H,-,A,D,0,NA,NA,NA,NA,Y,NA,-,99,0,0,1,0,0,0,0,0,0,-,-,NA,NA,LOS ANGELES,LOS ANGELES,-118.35560734,34.02125574
8417055,2017,2017-08-07,1942,2017-07-08,1830,42634,0514,6,5,7,1942,0,0,0,E,0,5A25,PACIFIC COAST HWY,FIGUEROA ST,0,NA,Y,A,-,N,NA,NA,NA,NA,NA,NA,NA,NA,NA,Y,3,0,1,2,A,-,09,21801,A,N,D,C,A,A,H,-,A,A,0,NA,NA,NA,NA,Y,NA,A,01,0,1,0,0,0,0,0,0,0,-,-,NA,NA,LOS ANGELES,LOS ANGELES,-118.2811201,33.79046001
8417059,2017,2017-08-24,1942,2017-07-10,1130,41115,0563,1,5,7,1942,0,0,0,E,0,5X12,ALMA ST,9TH ST,15,S,N,A,-,N,NA,NA,NA,NA,NA,NA,NA,NA,NA,N,4,0,1,2,A,-,03,22350,NA,N,B,C,A,A,H,-,A,A,0,NA,NA,NA,NA,Y,NA,A,01,0,0,1,0,0,0,0,0,0,-,-,NA,NA,LOS ANGELES,LOS ANGELES,-118.29899,33.73603886
8417063,2017,2017-08-07,1942,2017-07-12,1600,39142,0506,3,5,7,1942,0,0,0,E,0,5A1,WESTERN AV,213TH ST,112,N,N,A,-,N,NA,NA,NA,NA,NA,NA,NA,NA,NA,N,4,0,3,3,A,-,03,22350,A,N,C,C,A,A,H,-,A,D,0,NA,NA,NA,NA,Y,NA,A,07,0,0,3,0,0,0,0,0,0,-,-,NA,NA,LOS ANGELES,LOS ANGELES,-118.30904,33.835765
8417064,2017,2017-07-31,1965,2017-07-16,1550,3865,0B1K,7,5,5,1965,0,0,0,NA,0,B001,4TH ST,SANTA MONICA BL,17,N,N,A,-,N,NA,NA,NA,NA,NA,NA,NA,NA,NA,N,4,0,1,3,A,-,03,22350,NA,F,C,C,A,A,H,-,A,A,0,NA,NA,NA,NA,Y,NA,A,01,0,0,1,0,0,0,0,0,0,-,-,37.0077,-121.0186,LOS ANGELES,SANTA MONICA,-118.49522933,34.0164632
8417068,2017,2017-07-31,1965,2017-07-18,1655,3158,0B3C,2,5,5,1965,0,0,0,NA,0,B003,20TH ST,EXPO LINE,0,NA,Y,A,-,N,NA,NA,NA,NA,NA,NA,NA,NA,NA,N,3,0,1,2,A,-,12,21453,A,N,D,G,A,A,H,-,A,A,0,NA,Y,NA,NA,Y,NA,L,04,0,1,0,0,0,0,1,0,0,-,-,NA,NA,LOS ANGELES,SANTA MONICA,NA,NA
8417071,2017,2017-08-07,1942,2017-07-13,1030,41115,1942,4,5,7,1942,0,0,0,NA,0,5X26,WILMINGTON BL,R ST,20,S,N,A,-,N,NA,NA,NA,NA,NA,NA,NA,NA,NA,N,4,0,1,2,A,-,04,21703,NA,N,C,C,A,A,H,-,A,A,0,NA,NA,NA,NA,Y,NA,A,01,0,0,1,0,0,0,0,0,0,-,-,NA,NA,LOS ANGELES,LOS ANGELES,-118.27525751,33.79690519
8417072,2017,2017-07-31,1965,2017-07-13,1010,3178,B4B,4,5,5,1965,0,0,0,NA,0,B004,GEORGINA AV,10TH ST,0,NA,Y,A,-,N,NA,NA,NA,NA,NA,NA,NA,NA,NA,Y,3,0,2,2,A,-,09,21802,A,N,D,D,A,A,H,-,A,A,0,NA,NA,NA,NA,Y,NA,A,01,0,1,1,0,0,0,0,0,0,-,-,37.02575,-121.02866,LOS ANGELES,SANTA MONICA,-118.50521006,34.03447001
8417075,2017,2017-08-07,1942,2017-07-14,0650,42902,0509,5,5,7,1942,0,0,0,E,0,5A15,252ND ST,WESTERN AV,16,E,N,A,-,N,NA,NA,NA,NA,NA,NA,NA,NA,NA,Y,4,0,1,2,A,-,09,21801,A,N,D,C,A,A,H,-,A,A,0,NA,NA,NA,NA,Y,NA,A,01,0,0,1,0,0,0,0,0,0,-,-,NA,NA,LOS ANGELES,LOS ANGELES,-118.30760744,33.79579
8417076,2017,2017-07-31,1965,2017-07-19,0426,3843,0B1C,3,5,5,1965,0,0,0,NA,0,B001,OLYMPIC BL,4TH ST,12,E,N,A,-,N,NA,NA,NA,NA,NA,NA,NA,NA,NA,Y,4,0,1,1,A,-,03,22350,NA,N,E,I,A,A,H,-,C,A,0,NA,NA,NA,NA,Y,NA,A,01,0,0,1,0,0,0,0,0,0,-,-,37.00408,-121.01429,LOS ANGELES,SANTA MONICA,-118.48999839,34.01206976
8417079,2017,2017-08-07,1942,2017-07-14,1210,26747,0518,5,5,7,1942,0,0,0,E,0,5Z3,248TH ST,AVALON BL,0,NA,N,A,-,N,NA,NA,NA,NA,NA,NA,NA,NA,NA,N,4,0,1,2,A,-,09,21802,A,N,D,D,A,A,H,-,A,D,0,NA,NA,NA,NA,Y,NA,A,07,0,0,1,0,0,0,0,0,0,-,-,NA,NA,LOS ANGELES,LOS ANGELES,-118.26396013,33.80100011
8417080,2017,2017-07-31,1965,2017-07-17,2040,3455,0B3A,1,5,5,1965,0,0,0,NA,0,B003,PICO BL,10TH ST,6,S,N,A,-,N,NA,NA,NA,NA,NA,NA,NA,NA,NA,N,4,0,1,2,A,-,10,21950,A,N,G,B,B,A,H,-,C,D,0,Y,NA,NA,NA,Y,Y,A,01,0,0,1,0,1,0,0,0,0,-,-,NA,NA,LOS ANGELES,SANTA MONICA,-118.48115694,34.01323153
8417083,2017,2017-08-07,1942,2017-07-16,1150,4153L,0514,7,5,7,1942,0,0,0,E,0,5TL21,FIGUEROA ST,DENNI ST,0,NA,Y,A,-,N,NA,NA,NA,NA,NA,NA,NA,NA,NA,N,4,0,3,2,A,-,09,21802,A,N,D,C,A,A,H,-,A,A,0,NA,NA,NA,NA,Y,NA,A,07,0,0,3,0,0,0,0,0,0,-,-,NA,NA,LOS ANGELES,LOS ANGELES,-118.28048006,33.78415005
8417087,2017,2017-08-07,1942,2017-07-08,0450,41649,0501,6,5,7,1942,0,0,0,E,0,5A1,HARBORGATE WY,190TH ST,525,S,N,A,-,N,NA,NA,NA,NA,NA,NA,NA,NA,NA,Y,2,0,1,2,A,-,09,21801,A,N,D,C,A,A,H,-,C,D,0,NA,NA,Y,NA,Y,NA,A,01,1,0,0,0,0,0,0,0,1,-,-,NA,NA,LOS ANGELES,LOS ANGELES,-118.30349,33.85693015
8417091,2017,2017-08-07,1942,2017-07-18,2115,42324,1842,2,5,7,1942,0,0,0,R,0,18T23,BROADWAY ST,115TH ST,68,N,N,A,-,N,NA,NA,NA,NA,NA,NA,NA,NA,NA,N,2,0,1,2,A,-,11,21954,A,N,G,B,D,A,H,-,C,D,0,Y,NA,NA,NA,Y,NA,N,60,1,0,0,0,1,0,0,0,0,-,-,NA,NA,LOS ANGELES,LOS ANGELES,-118.27835393,33.93025542
8417093,2017,2017-07-31,1965,2017-06-10,1152,3934,0B4B,6,5,5,1965,0,0,0,NA,0,B004,SAN VICENTE BL,WOODACRES RD,0,NA,Y,A,-,N,NA,NA,NA,NA,NA,NA,NA,NA,NA,N,3,0,1,2,A,-,09,21802,A,N,H,G,A,A,H,-,A,A,0,NA,Y,NA,NA,Y,NA,A,07,0,1,0,0,0,0,1,0,0,-,-,37.03106,-121.02727,LOS ANGELES,SANTA MONICA,-118.50404,34.03980005
8417095,2017,2017-08-07,1942,2017-07-11,1950,42338,1842,2,5,7,1942,0,0,0,R,0,12T41,FIGUEROA ST,107TH ST,139,S,N,A,-,N,NA,NA,NA,NA,NA,NA,NA,NA,NA,N,2,0,1,2,A,-,09,21804,A,N,D,G,A,A,H,-,B,D,0,NA,Y,NA,NA,Y,NA,L,04,1,0,0,0,0,0,1,0,0,-,-,NA,NA,LOS ANGELES,LOS ANGELES,-118.28261,33.93879878
8417099,2017,2017-08-07,1942,2017-07-18,1100,42155,1802,2,5,7,1942,0,0,0,R,0,18T23,88TH ST,FIGUEROA,17,E,N,A,-,N,NA,NA,NA,NA,NA,NA,NA,NA,NA,Y,4,0,1,1,A,-,03,22350,NA,N,E,I,A,A,H,-,A,D,0,NA,NA,Y,NA,Y,NA,C,06,0,0,1,0,0,0,0,0,1,-,-,NA,NA,LOS ANGELES,LOS ANGELES,-118.28266406,33.95737093
8417107,2017,2019-04-09,1942,2017-07-13,1630,36023,0527,4,5,7,1942,0,0,0,E,0,3T57,FRIES AV,HERMOSA ST,412,N,N,A,-,N,NA,NA,NA,NA,NA,NA,NA,NA,NA,Y,1,1,0,1,A,-,03,22350,NA,N,E,I,A,A,A,-,A,D,0,NA,NA,NA,NA,Y,NA,A,07,0,0,0,0,0,0,0,0,0,-,-,NA,NA,LOS ANGELES,LOS ANGELES,-118.26415387,33.75989115
8417109,2017,2017-07-31,1942,2017-06-23,1110,38427,1025,5,5,7,1942,0,0,0,J,0,10X98,SHERMAN WY,LINDLEY AV,0,NA,Y,A,-,N,NA,NA,NA,NA,NA,NA,NA,NA,NA,N,4,0,1,2,A,-,09,21801,A,N,D,C,A,A,H,-,A,D,0,NA,NA,NA,NA,Y,NA,A,01,0,0,1,0,0,0,0,0,0,-,-,NA,NA,LOS ANGELES,LOS ANGELES,-118.52730003,34.20108009
8417113,2017,2017-10-19,1942,2017-06-15,1320,35616,1065,4,5,7,1942,0,0,0,J,0,10A99,VENTURA BL,ZELZAH AV,0,NA,Y,A,-,N,NA,NA,NA,NA,NA,NA,NA,NA,NA,Y,3,0,2,2,A,-,04,21703,NA,N,C,C,A,A,H,-,A,-,0,NA,NA,NA,NA,Y,NA,A,01,0,2,0,0,0,0,0,0,0,-,-,NA,NA,LOS ANGELES,LOS ANGELES,-118.52282001,34.16383012
8417117,2017,2017-07-31,1942,2017-06-15,1835,42775,1012,4,5,7,1942,0,0,0,J,0,10A26,BAIRD AV,SATICOY ST,138,S,N,A,-,N,NA,NA,NA,NA,NA,NA,NA,NA,NA,N,4,0,2,2,A,-,09,21804,A,N,D,C,A,A,H,-,A,-,0,NA,NA,NA,NA,Y,NA,A,01,0,0,2,0,0,0,0,0,0,-,-,NA,NA,LOS ANGELES,LOS ANGELES,-118.5372228,34.20798172
8417136,2017,2017-08-01,1965,2017-07-16,1700,3869,0B3A,7,5,5,1965,0,0,0,NA,0,B003,WILSHIRE BL,10TH ST,0,NA,Y,A,-,N,NA,NA,NA,NA,NA,NA,NA,NA,NA,N,3,0,1,2,A,-,10,21950,A,N,G,B,B,A,H,-,A,D,0,Y,NA,NA,NA,Y,NA,A,01,0,1,0,0,1,0,0,0,0,-,-,37.01498,-121.01584,LOS ANGELES,SANTA MONICA,-118.49264009,34.02372005
8417203,2017,2017-07-31,1941,2017-07-16,0343,10802,NA,7,5,7,1941,0,0,0,NA,0,NA,REDONDO AV,REDONDO AV 1012,0,NA,-,A,-,N,NA,NA,NA,NA,NA,NA,NA,NA,NA,Y,3,0,1,4,A,-,08,22107,NA,N,B,E,A,A,H,-,C,D,0,NA,NA,NA,NA,Y,NA,A,NA,0,1,0,0,0,0,0,0,0,-,-,NA,NA,LOS ANGELES,LONG BEACH,-118.152422,33.779271
8417249,2017,2017-07-31,1941,2017-07-16,2006,10539,NA,7,5,7,1941,0,0,0,NA,0,NA,49TH ST,DAISY AV,0,NA,Y,A,-,N,NA,NA,NA,NA,NA,NA,NA,NA,NA,Y,4,0,2,2,A,-,12,22450,A,N,D,C,A,A,H,-,B,A,0,NA,NA,NA,NA,Y,NA,A,NA,0,0,2,0,0,0,0,0,0,-,-,NA,NA,LOS ANGELES,LONG BEACH,-118.19918002,33.84482011
8417323,2017,2017-07-31,1909,2017-07-20,1851,567,1909,4,5,4,1909,0,0,0,NA,0,001,CECILIA ST,GARFIELD AV,166,E,N,A,-,N,NA,NA,NA,NA,NA,NA,NA,NA,NA,Y,4,0,1,2,A,-,08,22107,NA,N,D,C,A,A,H,-,A,D,0,NA,NA,NA,NA,Y,NA,A,01,0,0,1,0,0,0,0,0,0,-,-,NA,NA,LOS ANGELES,BELL GARDENS,-118.15966022,33.95646981
8417327,2017,2017-07-31,1909,2017-07-17,1733,577,1909,1,5,4,1909,0,0,0,NA,0,SOUTH,GARFIELD AV,CLARA ST,14,N,N,A,-,N,NA,NA,NA,NA,NA,NA,NA,NA,NA,Y,4,0,2,2,A,-,12,21453,A,N,D,C,A,A,H,-,A,A,0,NA,NA,NA,NA,Y,NA,A,01,0,0,2,0,0,0,0,0,0,-,-,NA,NA,LOS ANGELES,BELL GARDENS,-118.15401828,33.96203784
8417331,2017,2017-07-31,1909,2017-07-15,1608,563,1909,6,5,4,1909,0,0,0,NA,0,SOUTH,FLORENCE AV,EASTERN AV,0,NA,Y,A,-,N,NA,NA,NA,NA,NA,NA,NA,NA,NA,N,4,0,1,2,A,-,10,21950,A,N,D,B,B,A,A,-,A,A,0,Y,NA,NA,NA,Y,NA,A,01,0,0,1,0,1,0,0,0,0,-,-,NA,NA,LOS ANGELES,BELL GARDENS,-118.16486012,33.96786008
8417335,2017,2017-07-31,1909,2017-07-17,0805,570,1909,1,5,4,1909,0,0,0,NA,0,NORTH,FLORENCE AV,GARFIELD AV,24,W,N,A,-,N,NA,NA,NA,NA,NA,NA,NA,NA,NA,Y,3,0,1,3,A,-,03,22350,NA,N,C,C,A,A,H,-,A,A,0,NA,NA,NA,NA,Y,NA,A,01,0,1,0,0,0,0,0,0,0,-,-,NA,NA,LOS ANGELES,BELL GARDENS,-118.15175997,33.96537283
8417363,2017,2017-10-09,1900,2017-07-05,0330,527062,0645,3,5,6,1985,0,0,0,NA,0,62T1,NEWHALL RANCH RD,COPPER HILL DR,0,NA,Y,A,-,N,NA,NA,NA,NA,NA,NA,NA,NA,NA,Y,3,0,1,2,A,-,12,21453,A,N,D,C,A,A,H,-,C,A,0,NA,NA,NA,NA,Y,NA,-,NA,0,1,0,0,0,0,0,0,0,-,-,NA,NA,LOS ANGELES,SANTA CLARITA,-118.57558013,34.44296005
8417379,2017,2017-08-23,1900,2017-07-03,0740,523421,0642,1,5,6,1985,0,0,0,NA,0,64T1,COPPER HILL DR,SAN FRANCISQUITO CANYON RD,100,E,N,A,-,N,NA,NA,NA,NA,NA,NA,NA,NA,NA,Y,4,0,1,2,A,-,21,22106,NA,N,C,C,A,A,H,-,A,D,0,NA,NA,NA,NA,Y,NA,D,22,0,0,1,0,0,0,0,0,0,-,-,NA,NA,LOS ANGELES,SANTA CLARITA,-118.54245331,34.46144649
8417389,2017,2017-08-22,1941,2017-07-17,1415,5502,NA,1,5,7,1941,0,0,0,NA,0,NA,ATLANTIC,ANAHEIM,0,NA,-,A,-,N,NA,NA,NA,NA,NA,NA,NA,NA,NA,Y,3,0,6,2,A,-,03,22350,NA,N,C,E,A,A,H,-,A,A,0,NA,NA,NA,NA,Y,NA,D,NA,0,4,2,0,0,0,0,0,0,-,-,NA,NA,LOS ANGELES,LONG BEACH,-118.18504008,33.78261005
8417406,2017,2017-08-23,1900,2017-07-21,1350,532239,1126,5,5,6,1992,0,0,0,NA,0,111T1,10TH ST WEST,AVENUE L-4,227,N,N,A,-,N,NA,NA,NA,NA,NA,NA,NA,NA,NA,N,4,0,1,2,A,-,03,22350,NA,N,C,C,A,A,H,-,A,D,0,NA,NA,NA,NA,Y,NA,I,11,0,0,1,0,0,0,0,0,0,-,-,NA,NA,LOS ANGELES,LANCASTER,-118.14771064,34.65729237
8417414,2017,2018-05-23,1900,2017-07-18,0003,602401,1135,2,5,6,1992,0,0,0,NA,0,112T2,20TH ST EAST,LANCASTER BL,0,NA,Y,A,-,N,NA,NA,NA,NA,NA,NA,NA,NA,NA,Y,1,1,1,2,A,-,12,21453,A,F,D,C,A,A,H,-,C,A,0,NA,NA,NA,NA,Y,NA,A,01,0,0,1,0,0,0,0,0,0,-,-,NA,NA,LOS ANGELES,LANCASTER,-118.09482014,34.69690002
8417426,2017,2017-08-23,1900,2017-07-05,2235,602401,1122,3,5,6,1992,0,0,0,NA,0,112T2,PILLSBURY ST,BEECH AV,119,W,N,A,-,N,NA,NA,NA,NA,NA,NA,NA,NA,NA,Y,3,0,1,3,A,-,08,22107,NA,N,C,E,A,A,H,-,C,D,0,NA,NA,NA,NA,Y,NA,A,01,0,1,0,0,0,0,0,0,0,-,-,NA,NA,LOS ANGELES,LANCASTER,-118.13751145,34.69082616
8417427,2017,2017-08-03,1900,2017-06-23,1810,507777,2313,5,5,5,1919,0,0,0,NA,0,230T,DEL AMO BL,MAPES AV,160,W,N,A,-,N,NA,NA,NA,NA,NA,NA,NA,NA,NA,Y,4,0,1,2,A,-,04,21703,NA,N,C,C,A,A,H,-,A,A,0,NA,NA,NA,NA,Y,NA,D,22,0,0,1,0,0,0,0,0,0,-,-,NA,NA,LOS ANGELES,CERRITOS,-118.08955557,33.84600712
8417430,2017,2017-08-23,1900,2017-07-16,1210,523421,0640,7,5,6,1985,0,0,0,NA,0,64T1,BOUQUET CANYON RD,SECO CANYON RD,40,S,N,A,-,N,NA,NA,NA,NA,NA,NA,NA,NA,NA,Y,3,0,2,3,A,-,03,22350,NA,N,C,C,A,A,H,-,A,D,0,NA,NA,NA,NA,Y,NA,D,22,0,1,1,0,0,0,0,0,0,-,-,NA,NA,LOS ANGELES,SANTA CLARITA,-118.53157656,34.43316792
8417433,2017,2017-08-03,1909,2017-07-08,1451,389,1909,6,5,4,1909,0,0,0,NA,0,00N,AJAX AV,FLORENCE AV,0,NA,Y,A,-,N,NA,NA,NA,NA,NA,NA,NA,NA,NA,N,4,0,1,3,A,-,03,22350,NA,N,C,C,A,A,H,-,A,A,0,NA,NA,NA,NA,Y,NA,D,22,0,0,1,0,0,0,0,0,0,-,-,NA,NA,LOS ANGELES,BELL GARDENS,-118.16329001,33.96764005
8417434,2017,2017-08-23,1900,2017-07-14,0815,613777,0621,5,5,6,1985,0,0,0,NA,0,066,TOURNEY RD,WAYNE MILL PL,0,NA,Y,A,-,N,NA,NA,NA,NA,NA,NA,NA,NA,NA,Y,4,0,1,2,A,-,09,21802,A,N,D,C,A,A,H,-,A,A,0,NA,NA,NA,NA,Y,NA,D,22,0,0,1,0,0,0,0,0,0,-,-,NA,NA,LOS ANGELES,SANTA CLARITA,-118.57984009,34.4226701
8417437,2017,2017-08-17,1909,2017-07-19,2045,507,NA,3,5,4,1909,0,0,0,NA,0,NA,EASTERN AV,CLARA ST,0,NA,Y,A,-,N,NA,NA,NA,NA,NA,NA,NA,NA,NA,N,3,0,1,2,A,-,09,21453,C,N,D,C,A,A,H,-,C,A,0,NA,NA,Y,NA,Y,NA,D,22,0,1,0,0,0,0,0,0,1,-,-,NA,NA,LOS ANGELES,BELL GARDENS,-118.16545013,33.96318002
8417442,2017,2017-09-11,1941,2017-07-15,1525,11014,NA,6,5,7,1941,0,0,0,NA,0,NA,EAST 6TH ST,LONG BEACH BL,0,NA,Y,A,-,N,NA,NA,NA,NA,NA,NA,NA,NA,NA,Y,4,0,1,3,A,-,12,21453,A,N,D,C,A,A,H,-,A,A,0,NA,NA,NA,NA,Y,NA,A,NA,0,0,1,0,0,0,0,0,0,-,-,NA,NA,LOS ANGELES,LONG BEACH,-118.18949006,33.77415007
8417450,2017,2017-07-31,1941,2017-07-14,1103,5966,NA,5,5,7,1941,0,0,0,NA,0,NA,ATLANTIC,MARKET,0,NA,Y,A,-,N,NA,NA,NA,NA,NA,NA,NA,NA,NA,N,4,0,1,2,A,-,05,21202,A,N,D,G,A,A,H,-,A,A,0,NA,Y,NA,NA,Y,NA,L,NA,0,0,1,0,0,0,1,0,0,-,-,NA,NA,LOS ANGELES,LONG BEACH,-118.18500007,33.85434007
8417454,2017,2017-07-31,1941,2017-07-17,1825,10842,NA,1,5,7,1941,0,0,0,NA,0,NA,7TH ST,WALNUT AV,0,NA,Y,A,-,N,NA,NA,NA,NA,NA,NA,NA,NA,NA,N,4,0,1,2,A,-,10,21952,NA,N,G,B,B,A,H,-,A,A,0,Y,NA,NA,NA,Y,NA,A,NA,0,0,1,0,1,0,0,0,0,-,-,NA,NA,LOS ANGELES,LONG BEACH,-118.17203004,33.77535012
8417490,2017,2017-08-17,1941,2017-07-10,1416,5617,NA,1,5,7,1941,0,0,0,NA,0,NA,LONG BEACH BL,20TH ST,0,NA,Y,A,-,N,NA,NA,NA,NA,NA,NA,NA,NA,NA,Y,4,0,1,3,A,-,12,21453,A,N,D,-,A,A,H,-,A,A,0,NA,NA,NA,NA,Y,NA,A,NA,0,0,1,0,0,0,0,0,0,-,-,NA,NA,LOS ANGELES,LONG BEACH,-118.18947006,33.79350002
8417494,2017,2017-07-31,1941,2017-07-15,1730,6265,NA,6,5,7,1941,0,0,0,NA,0,NA,PARK AV,7TH ST,100,N,N,A,-,N,NA,NA,NA,NA,NA,NA,NA,NA,NA,Y,3,0,2,2,A,-,08,22107,NA,N,A,C,A,A,H,-,A,D,0,NA,NA,Y,NA,Y,NA,C,NA,0,2,0,0,0,0,0,0,0,-,-,NA,NA,LOS ANGELES,LONG BEACH,-118.13769335,33.77556102
8417498,2017,2017-07-31,1941,2017-07-18,1834,5868,NA,2,5,7,1941,0,0,0,NA,0,NA,ARTESIA BL,BUTLER AV,0,NA,Y,A,-,N,NA,NA,NA,NA,NA,NA,NA,NA,NA,Y,4,0,1,2,A,-,12,21453,A,N,D,C,A,A,H,-,A,A,0,NA,NA,NA,NA,Y,NA,A,NA,0,0,1,0,0,0,0,0,0,-,-,NA,NA,LOS ANGELES,LONG BEACH,-118.19697011,33.87424003
8417502,2017,2017-07-31,1941,2017-07-18,1930,5970,NA,2,5,7,1941,0,0,0,NA,0,NA,SPRING ST,ATLANTIC AV,13,W,N,A,-,N,NA,NA,NA,NA,NA,NA,NA,NA,NA,N,3,0,1,2,A,-,00,21651,1,N,H,G,A,A,H,-,A,A,0,NA,Y,NA,NA,Y,NA,L,NA,0,1,0,0,0,0,1,0,0,-,-,NA,NA,LOS ANGELES,LONG BEACH,-118.18507271,33.81169
8417506,2017,2017-07-31,1941,2017-07-18,2105,11012,NA,2,5,7,1941,0,0,0,NA,0,NA,7TH ST,SAINT LOUIS AV,8,W,N,A,-,N,NA,NA,NA,NA,NA,NA,NA,NA,NA,N,4,0,1,2,A,-,11,21956,A,N,G,B,E,A,H,-,C,D,0,Y,NA,NA,NA,Y,NA,A,NA,0,0,1,0,1,0,0,0,0,-,-,NA,NA,LOS ANGELES,LONG BEACH,-118.16669627,33.77535
8417510,2017,2018-06-19,1941,2017-07-15,2215,11003,NA,6,5,7,1941,0,0,0,NA,0,NA,PACIFIC COAST HWY,CLARK AV,32,W,N,A,-,Y,LA,7,1,-,-,2.88,H,-,S,N,2,0,1,2,A,-,11,21956,A,N,G,B,E,A,H,-,C,A,0,Y,NA,NA,NA,Y,NA,N,NA,1,0,0,0,1,0,0,0,0,-,-,NA,NA,LOS ANGELES,LONG BEACH,-118.13428247,33.78389096
8417514,2017,2017-07-31,1941,2017-07-15,1606,10311,NA,6,5,7,1941,0,0,0,NA,0,NA,ANAHEIM ST,DAISY AV,0,NA,Y,A,-,N,NA,NA,NA,NA,NA,NA,NA,NA,NA,Y,4,0,1,2,A,-,09,21801,A,N,B,C,A,A,H,-,A,A,0,NA,NA,NA,NA,Y,NA,A,NA,0,0,1,0,0,0,0,0,0,-,-,NA,NA,LOS ANGELES,LONG BEACH,-118.19937008,33.7826101