CASE_ID,ACCIDENT_YEAR,PROC_DATE,JURIS,COLLISION_DATE,COLLISION_TIME,OFFICER_ID,REPORTING_DISTRICT,DAY_OF_WEEK,CHP_SHIFT,POPULATION,CNTY_CITY_LOC,SPECIAL_COND,BEAT_TYPE,CHP_BEAT_TYPE,CITY_DIVISION_LAPD,CHP_BEAT_CLASS,BEAT_NUMBER,PRIMARY_RD,SECONDARY_RD,DISTANCE,DIRECTION,INTERSECTION,WEATHER_1,WEATHER_2,STATE_HWY_IND,CALTRANS_COUNTY,CALTRANS_DISTRICT,STATE_ROUTE,ROUTE_SUFFIX,POSTMILE_PREFIX,POSTMILE,LOCATION_TYPE,RAMP_INTERSECTION,SIDE_OF_HWY,TOW_AWAY,COLLISION_SEVERITY,NUMBER_KILLED,NUMBER_INJURED,PARTY_COUNT,PRIMARY_COLL_FACTOR,PCF_CODE_OF_VIOL,PCF_VIOL_CATEGORY,PCF_VIOLATION,PCF_VIOL_SUBSECTION,HIT_AND_RUN,TYPE_OF_COLLISION,MVIW,PED_ACTION,ROAD_SURFACE,ROAD_COND_1,ROAD_COND_2,LIGHTING,CONTROL_DEVICE,CHP_ROAD_TYPE,PEDESTRIAN_ACCIDENT,BICYCLE_ACCIDENT,MOTORCYCLE_ACCIDENT,TRUCK_ACCIDENT,NOT_PRIVATE_PROPERTY,ALCOHOL_INVOLVED,STWD_VEHTYPE_AT_FAULT,CHP_VEHTYPE_AT_FAULT,COUNT_SEVERE_INJ,COUNT_VISIBLE_INJ,COUNT_COMPLAINT_PAIN,COUNT_PED_KILLED,COUNT_PED_INJURED,COUNT_BICYCLIST_KILLED,COUNT_BICYCLIST_INJURED,COUNT_MC_KILLED,COUNT_MC_INJURED,PRIMARY_RAMP,SECONDARY_RAMP,LATITUDE,LONGITUDE,COUNTY,CITY,POINT_X,POINT_Y
8417519,2017,2017-07-28,1941,2017-07-12,1904,6170,NA,3,5,7,1941,0,0,0,NA,0,NA,WILLOW ST,EARL AV,212,E,N,A,-,N,NA,NA,NA,NA,NA,NA,NA,NA,NA,N,4,0,1,3,A,-,04,21703,NA,N,C,C,A,A,H,-,A,D,0,NA,NA,NA,NA,Y,NA,A,NA,0,0,1,0,0,0,0,0,0,-,-,NA,NA,LOS ANGELES,LONG BEACH,-118.19095358,33.80433
8417523,2017,2017-08-02,1900,2017-06-07,1416,517840,2607,3,5,6,1950,0,0,0,NA,0,264T1,AVENUE S,SPRINGFIELD ST,0,NA,Y,A,-,N,NA,NA,NA,NA,NA,NA,NA,NA,NA,N,3,0,1,2,A,-,11,21954,A,N,G,B,D,A,H,-,A,D,0,Y,NA,NA,NA,Y,NA,N,60,0,1,0,0,1,0,0,0,0,-,-,NA,NA,LOS ANGELES,PALMDALE,-118.05641012,34.5581001
8417527,2017,2017-09-29,1942,2017-06-09,1000,42103,1684,5,5,7,1942,0,0,0,P,0,16A81,LAUREL CANYON BL,ROSCOE BL,350,N,N,A,-,N,NA,NA,NA,NA,NA,NA,NA,NA,NA,Y,4,0,1,2,A,-,09,21804,A,N,D,C,A,A,H,-,A,D,0,NA,NA,NA,NA,Y,NA,A,01,0,0,1,0,0,0,0,0,0,-,-,NA,NA,LOS ANGELES,LOS ANGELES,-118.39647282,34.22260946
8417531,2017,2017-08-02,1942,2017-06-24,0250,41561,1665,6,5,7,1942,0,0,0,P,0,16A11,WENTWORTH ST,SHELDON ST,300,E,N,A,-,N,NA,NA,NA,NA,NA,NA,NA,NA,NA,Y,3,0,1,1,A,-,03,22350,NA,N,E,I,A,A,H,-,C,D,0,NA,NA,NA,NA,Y,NA,A,01,0,1,0,0,0,0,0,0,0,-,-,NA,NA,LOS ANGELES,LOS ANGELES,-118.37951278,34.2504311
8417534,2017,2017-08-07,1900,2017-06-20,2150,546525,2607,2,5,6,1950,0,0,0,NA,0,264T1,AVENUE R,40TH ST E,0,NA,Y,A,-,N,NA,NA,NA,NA,NA,NA,NA,NA,NA,Y,4,0,1,2,A,-,04,21703,NA,M,C,C,A,A,H,-,C,A,0,NA,NA,NA,NA,Y,NA,A,01,0,0,1,0,0,0,0,0,0,-,-,NA,NA,LOS ANGELES,PALMDALE,-118.05822012,34.57321003
8417535,2017,2017-08-02,1942,2017-06-25,1235,42103,1612,7,5,7,1942,0,0,0,P,0,16A81,MAGEE AV,LOUVRE ST,0,NA,Y,A,-,N,NA,NA,NA,NA,NA,NA,NA,NA,NA,Y,3,0,1,2,A,-,03,22350,NA,N,C,C,A,A,H,-,A,D,0,NA,NA,NA,NA,Y,NA,A,08,0,1,0,0,0,0,0,0,0,-,-,NA,NA,LOS ANGELES,LOS ANGELES,-118.41438001,34.27788011
8417538,2017,2017-08-02,1900,2017-06-27,2130,546525,2619,2,5,6,1950,0,0,0,NA,0,264T1,RANCHO VISTA BL,5TH ST WEST,280,E,N,A,-,N,NA,NA,NA,NA,NA,NA,NA,NA,NA,Y,3,0,1,2,A,-,08,22107,NA,N,B,C,A,A,H,-,C,A,0,NA,NA,Y,NA,Y,NA,C,02,0,1,0,0,0,0,0,0,1,-,-,NA,NA,LOS ANGELES,PALMDALE,-118.21876,34.62608
8417539,2017,2017-10-04,1942,2017-06-28,1630,42835,1658,3,5,7,1942,0,0,0,P,0,16A23,TUJUNGA CANYON BL,HAINES CANYON AV,0,NA,Y,A,-,N,NA,NA,NA,NA,NA,NA,NA,NA,NA,N,3,0,1,2,A,-,12,22450,A,N,B,C,A,A,H,-,A,D,0,NA,NA,NA,NA,Y,NA,A,01,0,1,0,0,0,0,0,0,0,-,-,NA,NA,LOS ANGELES,LOS ANGELES,-118.27942008,34.2497001
8417542,2017,2017-08-01,1900,2017-06-23,0306,519552,2621,5,5,6,1950,0,0,0,NA,0,263T1,AVENUE P,25TH ST E,373,W,N,A,-,N,NA,NA,NA,NA,NA,NA,NA,NA,NA,Y,4,0,1,1,A,-,01,23152,A,N,E,I,A,A,H,-,C,D,0,NA,NA,NA,NA,Y,Y,A,07,0,0,1,0,0,0,0,0,0,-,-,NA,NA,LOS ANGELES,PALMDALE,-118.08662667,34.60233
8417543,2017,2017-08-02,1942,2017-06-19,1730,38246,1982,1,5,7,1942,0,0,0,NA,0,19X84,SEPULVEDA BL,PARTHENIA PL,0,NA,Y,A,-,N,NA,NA,NA,NA,NA,NA,NA,NA,NA,Y,3,0,2,2,A,-,09,21801,A,N,D,C,A,A,H,-,A,D,0,NA,NA,NA,NA,Y,NA,A,01,0,1,1,0,0,0,0,0,0,-,-,NA,NA,LOS ANGELES,LOS ANGELES,-118.46747009,34.231550060000004
8417546,2017,2017-08-02,1900,2017-06-25,1632,517840,2610,7,5,6,1950,0,0,0,NA,0,263T1,AVENUE R,LASKER AV,0,NA,Y,A,-,N,NA,NA,NA,NA,NA,NA,NA,NA,NA,Y,3,0,4,2,A,-,01,23152,A,N,C,C,A,A,H,-,A,D,0,NA,NA,NA,NA,Y,NA,A,01,0,1,3,0,0,0,0,0,0,-,-,NA,NA,LOS ANGELES,PALMDALE,-118.10122011,34.57265007
8417547,2017,2017-08-02,1942,2017-06-21,2105,42561,1962,3,5,7,1942,0,0,0,NA,0,19A79,PLUMMER ST,NOBLE AV,0,NA,Y,A,-,N,NA,NA,NA,NA,NA,NA,NA,NA,NA,Y,4,0,3,2,A,-,03,22350,NA,N,C,C,A,A,H,-,C,A,0,NA,NA,NA,NA,Y,NA,A,01,0,0,3,0,0,0,0,0,0,-,-,NA,NA,LOS ANGELES,LOS ANGELES,-118.46096002,34.24274002
8417551,2017,2017-08-11,1942,2017-06-21,1355,34796,1969,3,5,7,1942,0,0,0,NA,0,19A75,TERRA BELLA,ARLETA AV,0,NA,Y,A,-,N,NA,NA,NA,NA,NA,NA,NA,NA,NA,N,4,0,2,2,A,-,12,21453,A,N,D,C,A,A,H,-,A,A,0,NA,NA,NA,NA,Y,NA,-,-,0,0,2,0,0,0,0,0,0,-,-,NA,NA,LOS ANGELES,LOS ANGELES,-118.43241002,34.24804012
8417555,2017,2017-08-02,1942,2017-06-19,1845,40028,1984,1,5,7,1942,0,0,0,NA,0,19X4,ROSCOE BL,KESTER AV,0,NA,Y,A,-,N,NA,NA,NA,NA,NA,NA,NA,NA,NA,N,3,0,1,2,A,-,09,21802,A,N,D,C,A,A,H,-,A,D,0,NA,NA,NA,NA,Y,NA,A,01,0,1,0,0,0,0,0,0,0,-,-,NA,NA,LOS ANGELES,LOS ANGELES,-118.45746012,34.22148003
8417559,2017,2017-08-02,1961,2017-06-28,2245,42192,1918,3,5,3,1961,0,0,0,NA,0,19U4,FOOTHILL BL,SUNNY PALMS LN,10,N,N,A,-,N,NA,NA,NA,NA,NA,NA,NA,NA,NA,Y,4,0,2,2,A,-,08,22107,NA,N,D,C,A,A,H,-,C,D,0,NA,NA,NA,NA,Y,NA,A,01,0,0,2,0,0,0,0,0,0,-,-,NA,NA,LOS ANGELES,SAN FERNANDO,-118.42762258,34.30510003
8417563,2017,2017-08-02,1942,2017-06-24,2250,33223,1583,6,5,7,1942,0,0,0,O,0,15A85,LAUREL CANYON BL,MOORPARK ST,370,S,N,A,-,N,NA,NA,NA,NA,NA,NA,NA,NA,NA,N,4,0,3,3,A,-,03,22350,NA,N,C,C,A,A,H,-,C,A,0,NA,NA,NA,NA,Y,NA,A,01,0,0,3,0,0,0,0,0,0,-,-,NA,NA,LOS ANGELES,LOS ANGELES,-118.39647527,34.14936524
8417583,2017,2017-08-02,1941,2017-06-22,1649,10045,NA,4,5,7,1941,0,0,0,NA,0,NA,LOS COYOTES DIAGONAL,WARDLOW RD,0,NA,Y,A,-,N,NA,NA,NA,NA,NA,NA,NA,NA,NA,N,4,0,1,2,A,-,03,22350,NA,N,C,C,A,A,H,-,A,A,0,NA,NA,NA,NA,Y,NA,A,NA,0,0,1,0,0,0,0,0,0,-,-,NA,NA,LOS ANGELES,LONG BEACH,-118.10986013,33.81874007
8417670,2017,2017-09-06,1942,2017-06-19,1015,42012,1966,1,5,7,1942,0,0,0,NA,0,16A35,TERRA BELLA,WOODMAN AV,10,E,N,A,-,N,NA,NA,NA,NA,NA,NA,NA,NA,NA,N,3,0,1,2,A,-,10,21950,A,N,G,B,-,A,H,-,A,A,0,Y,NA,NA,NA,Y,NA,A,01,0,1,0,0,1,0,0,0,0,-,-,NA,NA,LOS ANGELES,LOS ANGELES,-118.44350486,34.23994779
8417683,2017,2017-08-01,1900,2017-07-16,1251,525744,1137,7,5,6,1992,0,0,0,NA,0,111T1,20TH ST E,AVENUE K,50,N,N,A,-,N,NA,NA,NA,NA,NA,NA,NA,NA,NA,N,4,0,4,2,A,-,03,22350,NA,N,C,C,A,A,C,-,A,A,0,NA,NA,NA,NA,Y,NA,A,NA,0,0,4,0,0,0,0,0,0,-,-,NA,NA,LOS ANGELES,LANCASTER,-118.0949081,34.67542708
8417687,2017,2017-08-01,1900,2017-07-18,1345,510509,1134,2,5,6,1992,0,0,0,NA,0,111T4,AVENUE K,7TH ST E,8,W,N,A,-,N,NA,NA,NA,NA,NA,NA,NA,NA,NA,Y,4,0,2,3,A,-,03,22350,NA,N,C,C,A,A,H,-,A,D,0,NA,NA,NA,NA,Y,NA,A,01,0,0,2,0,0,0,0,0,0,-,-,NA,NA,LOS ANGELES,LANCASTER,-118.11793655,34.67500023
8417691,2017,2017-08-01,1900,2017-07-18,1230,532239,1137,2,5,6,1992,0,0,0,NA,0,112T1,CHALLENGER WY,AVENUE K,0,NA,Y,A,-,N,NA,NA,NA,NA,NA,NA,NA,NA,NA,Y,4,0,1,2,A,-,12,21453,A,N,D,C,A,A,H,-,A,A,0,NA,NA,NA,NA,Y,NA,A,01,0,0,1,0,0,0,0,0,0,-,-,NA,NA,LOS ANGELES,LANCASTER,-118.11239,34.675
8417694,2017,2017-08-03,1900,2017-06-09,2230,238943,2316,5,5,5,1919,0,0,0,NA,0,230T,183RD ST,CASANDRA AV,0,NA,Y,A,-,N,NA,NA,NA,NA,NA,NA,NA,NA,NA,Y,3,0,1,1,A,-,03,22350,NA,N,E,I,A,A,H,-,C,D,0,NA,NA,NA,NA,Y,NA,A,07,0,1,0,0,0,0,0,0,0,-,-,NA,NA,LOS ANGELES,CERRITOS,-118.06814,33.86589007
8417695,2017,2017-08-01,1900,2017-07-12,0832,546182,1127,3,5,6,1992,0,0,0,NA,0,112T2,AVENUE K,30TH ST WEST,1,E,N,A,-,N,NA,NA,NA,NA,NA,NA,NA,NA,NA,Y,3,0,2,2,D,-,00,NA,NA,N,D,C,A,A,H,-,A,A,0,NA,NA,NA,NA,Y,NA,-,-,0,1,1,0,0,0,0,0,0,-,-,NA,NA,LOS ANGELES,LANCASTER,-118.18358668,34.67488
8417698,2017,2017-08-03,1900,2017-06-23,1319,236600,2319,5,5,5,1919,0,0,0,NA,0,230TD,CARMINITA RD,ALONDRA BL,300,S,N,A,-,N,NA,NA,NA,NA,NA,NA,NA,NA,NA,N,3,0,1,2,B,-,22,NA,NA,N,D,G,A,A,H,-,A,D,0,NA,Y,NA,NA,Y,NA,L,04,0,1,0,0,0,0,1,0,0,-,-,NA,NA,LOS ANGELES,CERRITOS,-118.04662609,33.8869977
8417699,2017,2017-08-01,1900,2017-07-05,1929,602458,1127,3,5,6,1992,0,0,0,NA,0,111T2,AVENUE J,30TH ST WEST,0,NA,Y,A,-,N,NA,NA,NA,NA,NA,NA,NA,NA,NA,Y,4,0,7,3,A,-,12,21453,A,N,D,C,A,A,H,-,A,A,0,NA,NA,NA,NA,Y,NA,A,01,0,0,7,0,0,0,0,0,0,-,-,NA,NA,LOS ANGELES,LANCASTER,-118.18383009,34.68937006
8417702,2017,2017-08-03,1900,2017-06-21,1748,514681,0629,3,5,6,1985,0,0,0,NA,0,62T1,LYONS AV,ATWOOD BL,0,NA,Y,A,-,N,NA,NA,NA,NA,NA,NA,NA,NA,NA,Y,3,0,1,2,A,-,09,21801,A,N,D,C,A,A,H,-,A,D,0,NA,NA,Y,NA,Y,NA,A,07,0,1,0,0,0,0,0,0,1,-,-,NA,NA,LOS ANGELES,SANTA CLARITA,-118.55414002,34.37905
8417706,2017,2017-08-03,1900,2017-06-30,1450,618139,0641,5,5,6,1985,0,0,0,NA,0,64T1,HASKELL CANYON RD,COPPERHILL RD,0,NA,Y,A,-,N,NA,NA,NA,NA,NA,NA,NA,NA,NA,Y,3,0,5,2,A,-,09,21801,A,N,D,C,A,A,H,-,A,A,0,NA,NA,NA,NA,Y,NA,A,01,0,1,4,0,0,0,0,0,0,-,-,NA,NA,LOS ANGELES,SANTA CLARITA,-118.51175003,34.45973005
8417707,2017,2017-08-01,1900,2017-07-01,1159,602458,1125,6,5,6,1992,0,0,0,NA,0,111T1,AVENUE I,15TH ST WEST,264,W,N,A,-,N,NA,NA,NA,NA,NA,NA,NA,NA,NA,Y,4,0,2,2,A,-,03,22350,NA,N,D,C,A,A,H,-,A,A,0,NA,NA,NA,NA,Y,NA,A,07,0,0,2,0,0,0,0,0,0,-,-,NA,NA,LOS ANGELES,LANCASTER,-118.157878,34.70419027
8417710,2017,2017-10-30,1900,2017-06-26,1900,236600,2314,1,5,5,1919,0,0,0,NA,0,230TD,DEL AMO BL,BLOOMFIELD AV,250,E,N,A,-,N,NA,NA,NA,NA,NA,NA,NA,NA,NA,N,4,0,1,3,A,-,04,21703,NA,N,C,C,A,A,C,-,A,A,0,NA,NA,NA,NA,Y,NA,A,01,0,0,1,0,0,0,0,0,0,-,-,NA,NA,LOS ANGELES,CERRITOS,-118.0640381,33.84610256
8417711,2017,2017-08-21,1900,2017-07-10,1319,602458,1125,1,5,6,1992,0,0,0,NA,0,111T1,107TH ST WEST,AVENUE J,37,N,N,A,-,N,NA,NA,NA,NA,NA,NA,NA,NA,NA,Y,4,0,1,2,A,-,04,21703,NA,N,C,C,A,A,H,-,A,A,0,NA,NA,NA,NA,Y,NA,A,01,0,0,1,0,0,0,0,0,0,-,-,NA,NA,LOS ANGELES,LANCASTER,-117.943105,34.690141
8417714,2017,2017-08-03,1900,2017-06-26,1513,533418,2313,1,5,5,1919,0,0,0,NA,0,231,195TH ST,POSEIDON AV,31,W,N,A,-,N,NA,NA,NA,NA,NA,NA,NA,NA,NA,Y,3,0,1,1,A,-,08,22107,NA,N,A,I,A,A,H,-,A,D,0,NA,NA,NA,NA,Y,NA,A,07,0,1,0,0,0,0,0,0,0,-,-,NA,NA,LOS ANGELES,CERRITOS,-118.08032188,33.85332
8417715,2017,2017-08-01,1900,2017-07-06,1841,609135,0641,4,5,6,1985,0,0,0,NA,0,64T1,BOUQUET CANYON RD,SECO CANYON RD,30,E,N,A,-,N,NA,NA,NA,NA,NA,NA,NA,NA,NA,N,3,0,1,4,A,-,03,22350,NA,N,C,C,A,A,H,-,A,A,0,NA,NA,NA,NA,Y,NA,-,99,0,1,0,0,0,0,0,0,0,-,-,NA,NA,LOS ANGELES,SANTA CLARITA,-118.53137292,34.43325958
8417718,2017,2017-08-03,1900,2017-06-27,1220,510509,1134,2,5,6,1992,0,0,0,NA,0,111T1,AVENUE K,DIVISION ST,662,W,N,A,-,N,NA,NA,NA,NA,NA,NA,NA,NA,NA,Y,4,0,3,2,A,-,12,22451,NA,N,H,F,A,A,-,-,A,A,0,NA,NA,NA,NA,Y,NA,A,01,0,0,3,0,0,0,0,0,0,-,-,NA,NA,LOS ANGELES,LANCASTER,-118.13236706000001,34.67498204
8417719,2017,2017-08-01,1900,2017-07-12,1505,60646,0621,3,5,6,1985,0,0,0,NA,0,62T1,MCBEAN PKWY,MALL ENTRANCE,0,NA,Y,A,-,N,NA,NA,NA,NA,NA,NA,NA,NA,NA,Y,3,0,5,2,A,-,12,21453,A,N,D,C,A,A,H,-,A,A,0,NA,NA,NA,NA,Y,NA,A,08,0,2,3,0,0,0,0,0,0,-,-,NA,NA,LOS ANGELES,SANTA CLARITA,-118.561067,34.415691
8417720,2017,2017-08-01,1900,2017-07-07,0918,523207,NA,5,5,5,1919,0,0,0,NA,0,230T,DEL AMO BL,MAPES AV,194,W,N,A,-,N,NA,NA,NA,NA,NA,NA,NA,NA,NA,N,3,0,1,3,A,-,08,22107,NA,N,C,C,A,A,H,-,A,A,0,NA,NA,NA,NA,Y,NA,A,01,0,1,0,0,0,0,0,0,0,-,-,NA,NA,LOS ANGELES,CERRITOS,-118.08966727,33.84600505
8417722,2017,2018-03-21,1900,2017-06-16,1200,609135,0631,5,5,6,1985,0,0,0,NA,0,62T1,SOLEDAD CANYON RD,SIERRA HWY,0,NA,Y,A,-,N,NA,NA,NA,NA,NA,NA,NA,NA,NA,Y,4,0,2,2,D,-,00,NA,NA,N,D,C,A,A,H,-,A,A,0,NA,NA,NA,NA,Y,NA,-,-,0,0,2,0,0,0,0,0,0,-,-,NA,NA,LOS ANGELES,SANTA CLARITA,-118.45602005,34.41638002
8417723,2017,2017-08-01,1900,2017-07-14,1320,523421,0627,5,5,6,1985,0,0,0,NA,0,64T1,NEWHALL AV,VALLE DEL ORO,24,E,N,A,-,N,NA,NA,NA,NA,NA,NA,NA,NA,NA,Y,4,0,2,5,A,-,12,21453,A,N,D,C,A,A,H,-,A,A,0,NA,NA,NA,NA,Y,NA,A,07,0,0,2,0,0,0,0,0,0,-,-,NA,NA,LOS ANGELES,SANTA CLARITA,-118.51467367,34.37071382
8417726,2017,2018-04-24,1900,2017-06-25,1330,600125,0626,7,5,6,1985,0,0,0,NA,0,62T1,SIERRA HWY,PLACERITA CANYON RD,216,N,N,A,-,Y,LA,7,14,U,-,27.98,H,-,S,Y,2,0,1,1,C,-,18,NA,NA,N,E,I,A,A,H,-,A,D,0,NA,NA,NA,NA,Y,NA,-,-,1,0,0,0,0,0,0,0,0,-,-,NA,NA,LOS ANGELES,SANTA CLARITA,-118.4930556,34.37992032
8417727,2017,2017-08-01,1900,2017-07-13,1210,509580,0617,4,5,6,1985,0,0,0,NA,0,061,VIA PRINCESSA,VISTA DEL CANON,0,NA,Y,A,-,N,NA,NA,NA,NA,NA,NA,NA,NA,NA,N,4,0,1,2,A,-,12,21453,A,N,D,C,A,A,H,-,A,A,0,NA,NA,NA,NA,Y,NA,A,01,0,0,1,0,0,0,0,0,0,-,-,NA,NA,LOS ANGELES,SANTA CLARITA,-118.46338013,34.40443005
8417731,2017,2017-08-01,1900,2017-07-11,2215,618139,0635,2,5,6,1985,0,0,0,NA,0,61T1,THOMPSON RANCH DR,OHARE CT,400,W,N,A,-,N,NA,NA,NA,NA,NA,NA,NA,NA,NA,N,4,0,3,2,A,-,08,22107,NA,N,C,E,A,A,H,-,C,D,0,NA,NA,NA,NA,Y,NA,A,01,0,0,3,0,0,0,0,0,0,-,-,NA,NA,LOS ANGELES,SANTA CLARITA,-118.41577017,34.43893
8417732,2017,2017-08-01,1941,2017-07-19,1640,10977,NA,3,5,7,1941,0,0,0,NA,0,NA,LOCUST AV,WILLARD ST,108,N,N,A,-,N,NA,NA,NA,NA,NA,NA,NA,NA,NA,N,3,0,1,2,A,-,06,21750,NA,N,G,B,D,A,H,-,A,D,0,Y,NA,NA,NA,Y,NA,A,NA,0,1,0,0,1,0,0,0,0,-,-,NA,NA,LOS ANGELES,LONG BEACH,-118.19110423,33.79489615
8417735,2017,2017-08-01,1900,2017-07-16,1630,509580,0631,7,5,6,1985,0,0,0,NA,0,61T1,SOLEDAD CANYON RD,KENROY AV,71,S,N,A,-,N,NA,NA,NA,NA,NA,NA,NA,NA,NA,Y,2,0,2,4,A,-,07,21658,A,N,B,C,A,A,H,-,A,A,0,NA,NA,Y,NA,Y,NA,C,02,1,1,0,0,0,0,0,0,2,-,-,NA,NA,LOS ANGELES,SANTA CLARITA,-118.42581845,34.42685431
8417739,2017,2017-08-01,1900,2017-07-06,1725,606046,0622,4,5,6,1985,0,0,0,NA,0,62T1,ARROYO PARK DR,CARRIZO DR,35,W,N,A,-,N,NA,NA,NA,NA,NA,NA,NA,NA,NA,Y,3,0,1,1,A,-,01,23152,A,N,E,I,A,A,H,-,A,D,0,NA,NA,NA,NA,Y,Y,A,01,0,1,0,0,0,0,0,0,0,-,-,NA,NA,LOS ANGELES,SANTA CLARITA,-118.55140063,34.40547155
8417740,2017,2017-08-21,1941,2017-07-18,1725,11019,NA,2,5,7,1941,0,0,0,NA,0,NA,ATLANTIC AV,SPRING ST,0,NA,Y,A,-,N,NA,NA,NA,NA,NA,NA,NA,NA,NA,N,4,0,1,2,A,-,12,21453,A,N,B,C,A,A,H,-,A,A,0,NA,NA,Y,NA,Y,NA,-,-,0,0,1,0,0,0,0,0,1,-,-,NA,NA,LOS ANGELES,LONG BEACH,-118.18503012,33.81169004
8417743,2017,2017-08-01,1900,2017-07-12,1640,600125,0613,3,5,6,1985,0,0,0,NA,0,63T1,SOLEDAD CANYON RD,CROSSGLADE AV,0,NA,Y,A,-,N,NA,NA,NA,NA,NA,NA,NA,NA,NA,N,4,0,1,2,A,-,03,22350,NA,N,C,C,A,A,H,-,A,A,0,NA,NA,NA,NA,Y,NA,A,01,0,0,1,0,0,0,0,0,0,-,-,NA,NA,LOS ANGELES,SANTA CLARITA,-118.46638004,34.4156801
8417744,2017,2017-08-01,1941,2017-07-07,2311,5307,NA,5,5,7,1941,0,0,0,NA,0,NA,ANAHEIM ST,CLARK AV,0,NA,Y,A,-,N,NA,NA,NA,NA,NA,NA,NA,NA,NA,Y,2,0,2,2,A,-,09,21801,A,N,A,C,A,A,H,-,C,D,0,NA,NA,NA,NA,Y,NA,A,NA,1,1,0,0,0,0,0,0,0,-,-,NA,NA,LOS ANGELES,LONG BEACH,-118.13415002,33.78259003
8417747,2017,2017-08-01,1900,2017-07-08,1125,600125,0622,6,5,6,1985,0,0,0,NA,0,62T1,DEL MONTE DR,LA VITA CT,0,NA,Y,A,-,N,NA,NA,NA,NA,NA,NA,NA,NA,NA,Y,4,0,1,2,A,-,09,21801,A,N,D,C,A,A,H,-,A,D,0,NA,NA,NA,NA,Y,NA,A,01,0,0,1,0,0,0,0,0,0,-,-,NA,NA,LOS ANGELES,SANTA CLARITA,-118.54943006,34.41273
8417748,2017,2017-08-29,1941,2017-07-12,1756,10997,NA,3,5,7,1941,0,0,0,NA,0,NA,E 20TH ST,LIME AV,55,W,N,A,-,N,NA,NA,NA,NA,NA,NA,NA,NA,NA,N,4,0,1,2,A,-,10,21950,NA,N,G,B,A,A,H,-,A,D,0,NA,Y,NA,NA,Y,NA,A,NA,0,0,1,0,0,0,1,0,0,-,-,NA,NA,LOS ANGELES,LONG BEACH,-118.18413065,33.7935
8417751,2017,2017-08-01,1900,2017-07-03,1315,523421,0629,1,5,6,1985,0,0,0,NA,0,64T1,LYONS AV,FOURL RD,15,E,N,A,-,N,NA,NA,NA,NA,NA,NA,NA,NA,NA,Y,4,0,1,2,A,-,09,21801,A,N,D,C,A,A,H,-,A,D,0,NA,NA,Y,NA,Y,NA,A,01,0,0,1,0,0,0,0,0,1,-,-,NA,NA,LOS ANGELES,SANTA CLARITA,-118.55642051,34.37892303
8417752,2017,2017-08-01,1941,2017-07-14,1030,10778,NA,5,5,7,1941,0,0,0,NA,0,NA,REDONDO AV,2ND ST,0,NA,Y,A,-,N,NA,NA,NA,NA,NA,NA,NA,NA,NA,N,3,0,1,2,D,-,00,NA,NA,N,D,G,A,A,H,-,A,A,0,NA,Y,NA,NA,Y,NA,-,-,0,1,0,0,0,0,1,0,0,-,-,NA,NA,LOS ANGELES,LONG BEACH,-118.15240012,33.76348012
8417755,2017,2017-08-01,1900,2017-07-02,2140,465550,0617,7,5,6,1985,0,0,0,NA,0,421,VIA PRINCESSA,VISTA DEL CANON,20,E,N,A,-,N,NA,NA,NA,NA,NA,NA,NA,NA,NA,Y,3,0,2,2,D,-,00,NA,NA,N,D,C,A,A,H,-,C,A,0,NA,NA,NA,NA,Y,NA,-,-,0,1,1,0,0,0,0,0,0,-,-,NA,NA,LOS ANGELES,SANTA CLARITA,-118.46332986,34.40439419
8417759,2017,2017-08-01,1900,2017-07-01,1915,459717,0622,6,5,6,1985,0,0,0,NA,0,64T1,MAGIC MOUNTAIN PKWY,BOUQUET CANYON RD,4,W,N,A,-,N,NA,NA,NA,NA,NA,NA,NA,NA,NA,N,4,0,1,2,A,-,05,21650,1,N,D,G,A,A,H,-,A,A,0,NA,Y,NA,NA,Y,NA,L,04,0,0,1,0,0,0,1,0,0,-,-,NA,NA,LOS ANGELES,SANTA CLARITA,-118.5410426,34.41363336
8417768,2017,2017-08-03,1955,2017-07-15,2241,42315,0089,6,5,6,1955,0,0,0,NA,0,004,RESERVOIR ST,LEXINGTON AV,0,NA,Y,A,-,N,NA,NA,NA,NA,NA,NA,NA,NA,NA,Y,4,0,1,2,A,-,09,21804,A,M,D,C,A,A,H,-,C,A,0,NA,NA,NA,NA,Y,NA,D,22,0,0,1,0,0,0,0,0,0,-,-,NA,NA,LOS ANGELES,POMONA,-117.73189004,34.03735005
8417774,2017,2017-08-15,1942,2017-07-21,1735,31288,1204,5,5,7,1942,0,0,0,L,0,3TL57,VERMONT AV,GAGE AV,5,S,N,A,-,N,NA,NA,NA,NA,NA,NA,NA,NA,NA,N,4,0,1,2,A,-,04,21703,NA,N,C,C,A,A,H,-,A,A,0,NA,NA,NA,NA,Y,NA,I,20,0,0,1,0,0,0,0,0,0,-,-,NA,NA,LOS ANGELES,LOS ANGELES,-118.29155541,33.98190518
8417775,2017,2017-08-03,1967,2017-07-21,1836,141,NA,5,5,2,1967,0,0,0,NA,0,NORTH,ORANGE AV,SPRING,158,S,N,A,-,N,NA,NA,NA,NA,NA,NA,NA,NA,NA,N,4,0,1,3,A,-,03,22350,NA,N,C,C,A,A,H,-,A,A,0,NA,NA,NA,NA,Y,NA,A,01,0,0,1,0,0,0,0,0,0,-,-,NA,NA,LOS ANGELES,SIGNAL HILL,-118.17631,33.81124672