CASE_ID,ACCIDENT_YEAR,PROC_DATE,JURIS,COLLISION_DATE,COLLISION_TIME,OFFICER_ID,REPORTING_DISTRICT,DAY_OF_WEEK,CHP_SHIFT,POPULATION,CNTY_CITY_LOC,SPECIAL_COND,BEAT_TYPE,CHP_BEAT_TYPE,CITY_DIVISION_LAPD,CHP_BEAT_CLASS,BEAT_NUMBER,PRIMARY_RD,SECONDARY_RD,DISTANCE,DIRECTION,INTERSECTION,WEATHER_1,WEATHER_2,STATE_HWY_IND,CALTRANS_COUNTY,CALTRANS_DISTRICT,STATE_ROUTE,ROUTE_SUFFIX,POSTMILE_PREFIX,POSTMILE,LOCATION_TYPE,RAMP_INTERSECTION,SIDE_OF_HWY,TOW_AWAY,COLLISION_SEVERITY,NUMBER_KILLED,NUMBER_INJURED,PARTY_COUNT,PRIMARY_COLL_FACTOR,PCF_CODE_OF_VIOL,PCF_VIOL_CATEGORY,PCF_VIOLATION,PCF_VIOL_SUBSECTION,HIT_AND_RUN,TYPE_OF_COLLISION,MVIW,PED_ACTION,ROAD_SURFACE,ROAD_COND_1,ROAD_COND_2,LIGHTING,CONTROL_DEVICE,CHP_ROAD_TYPE,PEDESTRIAN_ACCIDENT,BICYCLE_ACCIDENT,MOTORCYCLE_ACCIDENT,TRUCK_ACCIDENT,NOT_PRIVATE_PROPERTY,ALCOHOL_INVOLVED,STWD_VEHTYPE_AT_FAULT,CHP_VEHTYPE_AT_FAULT,COUNT_SEVERE_INJ,COUNT_VISIBLE_INJ,COUNT_COMPLAINT_PAIN,COUNT_PED_KILLED,COUNT_PED_INJURED,COUNT_BICYCLIST_KILLED,COUNT_BICYCLIST_INJURED,COUNT_MC_KILLED,COUNT_MC_INJURED,PRIMARY_RAMP,SECONDARY_RAMP,LATITUDE,LONGITUDE,COUNTY,CITY,POINT_X,POINT_Y
8420974,2017,2017-08-03,1942,2017-07-12,0830,41034,1256,3,5,7,1942,0,0,0,L,0,77TH,FLORENCE,FLOWER,0,NA,N,A,-,N,NA,NA,NA,NA,NA,NA,NA,NA,NA,N,3,0,1,2,A,-,03,22350,NA,N,C,C,A,A,H,-,A,D,0,NA,NA,NA,NA,Y,NA,A,01,0,1,0,0,0,0,0,0,0,-,-,NA,NA,LOS ANGELES,LOS ANGELES,-118.28126007,33.9746501
8420977,2017,2017-08-03,1942,2017-07-17,2115,36733,0911,1,5,7,1942,0,0,0,I,0,16TL25,VANOWEN ST,SEPULVEDA BL,30,W,N,A,-,N,NA,NA,NA,NA,NA,NA,NA,NA,NA,N,4,0,1,2,A,-,03,22350,NA,F,C,A,A,A,H,-,C,A,0,NA,NA,NA,NA,Y,NA,-,99,0,0,1,0,0,0,0,0,0,-,-,NA,NA,LOS ANGELES,LOS ANGELES,-118.46627903,34.19392
8420978,2017,2017-08-03,1942,2017-07-15,0900,41914,1207,6,5,7,1942,0,0,0,L,0,18TL23,VERMONT AV,49TH ST,0,NA,Y,A,-,N,NA,NA,NA,NA,NA,NA,NA,NA,NA,N,3,0,3,3,A,-,09,21801,A,N,D,C,A,A,H,-,A,A,0,NA,NA,NA,NA,Y,NA,A,01,0,2,1,0,0,0,0,0,0,-,-,NA,NA,LOS ANGELES,LOS ANGELES,-118.29154,33.99871
8420981,2017,2017-08-03,1942,2017-07-14,1040,41566,0914,5,5,7,1942,0,0,0,I,0,9A5,SHERMAN WY,KESTER AV,0,NA,Y,A,-,N,NA,NA,NA,NA,NA,NA,NA,NA,NA,N,2,0,1,2,A,-,08,22107,NA,F,B,C,A,A,H,-,A,D,0,NA,NA,NA,NA,Y,NA,-,99,1,0,0,0,0,0,0,0,0,-,-,NA,NA,LOS ANGELES,LOS ANGELES,-118.45746013,34.20114004
8420982,2017,2017-08-03,1942,2017-07-15,1420,41924,1253,6,5,7,1942,0,0,0,L,0,3T57,FLORENCE AV,HARVARD BL,10,N,N,A,-,N,NA,NA,NA,NA,NA,NA,NA,NA,NA,Y,4,0,1,2,A,-,09,21804,A,N,D,C,A,A,H,-,A,D,0,NA,NA,NA,NA,Y,NA,A,01,0,0,1,0,0,0,0,0,0,-,-,NA,NA,LOS ANGELES,LOS ANGELES,-118.3068,33.97457
8420985,2017,2017-08-03,1942,2017-07-24,2100,41861,1918,1,5,7,1942,0,0,0,NA,0,19T75,HUBBARD ST,FOOTHILL BL,0,NA,Y,A,-,N,NA,NA,NA,NA,NA,NA,NA,NA,NA,N,2,0,1,2,A,-,10,21950,C,F,G,B,B,A,H,-,C,A,0,Y,NA,NA,NA,Y,NA,-,99,1,0,0,0,1,0,0,0,0,-,-,NA,NA,LOS ANGELES,LOS ANGELES,-118.43028007,34.3074501
8420986,2017,2017-08-03,1942,2017-07-10,1220,40543,1265,1,5,7,1942,0,0,0,L,0,12A69,MANCHESTER AV,BUDLONG AV,0,NA,Y,A,-,N,NA,NA,NA,NA,NA,NA,NA,NA,NA,N,4,0,1,2,A,-,09,21801,NA,N,D,C,A,A,H,-,A,A,0,NA,NA,NA,NA,Y,NA,A,01,0,0,1,0,0,0,0,0,0,-,-,NA,NA,LOS ANGELES,LOS ANGELES,-118.29592003,33.9600101
8420988,2017,2017-08-02,1942,2017-07-24,1730,31188,1249,1,5,7,1942,0,0,0,L,0,5T25,GAGE AV,FIGUEROA ST,120,W,N,A,-,N,NA,NA,NA,NA,NA,NA,NA,NA,NA,Y,4,0,1,2,A,-,17,21658,NA,M,B,C,A,A,H,-,A,A,0,NA,NA,NA,NA,Y,NA,A,01,0,0,1,0,0,0,0,0,0,-,-,NA,NA,LOS ANGELES,LOS ANGELES,-118.28306506,33.98238
8420989,2017,2017-08-03,1942,2017-07-05,2019,41977,1243,3,5,7,1942,0,0,0,L,0,12T41,WESTERN AV,FLORENCE AV,30,S,N,A,-,N,NA,NA,NA,NA,NA,NA,NA,NA,NA,N,4,0,1,2,A,-,07,21658,A,F,B,C,A,A,H,-,C,A,0,NA,NA,NA,NA,Y,NA,-,99,0,0,1,0,0,0,0,0,0,-,-,NA,NA,LOS ANGELES,LOS ANGELES,-118.3089815,33.97448773
8420990,2017,2017-08-03,1942,2017-07-14,0735,41883,1245,5,5,7,1942,0,0,0,L,0,12A45,GAGE AV,HALLDALE AV,40,W,N,A,-,N,NA,NA,NA,NA,NA,NA,NA,NA,NA,N,3,0,2,2,A,-,04,21703,NA,N,C,C,A,A,H,-,A,A,0,NA,NA,NA,NA,Y,NA,A,01,0,1,1,0,0,0,0,0,0,-,-,NA,NA,LOS ANGELES,LOS ANGELES,-118.30255168,33.98235125
8420993,2017,2017-08-03,1942,2017-07-07,0730,41034,1213,5,5,7,1942,0,0,0,L,0,077,WESTERN,59TH ST,0,NA,Y,A,-,N,NA,NA,NA,NA,NA,NA,NA,NA,NA,N,4,0,1,2,A,-,04,21703,NA,N,C,C,A,A,H,-,A,D,0,NA,NA,NA,NA,Y,NA,A,01,0,0,1,0,0,0,0,0,0,-,-,NA,NA,LOS ANGELES,LOS ANGELES,-118.30895011,33.98754003
8420994,2017,2017-08-03,1942,2017-07-17,1710,31188,1215,1,5,7,1942,0,0,0,L,0,5T25,GAGE AV,VERMONT AV,0,NA,Y,A,-,N,NA,NA,NA,NA,NA,NA,NA,NA,NA,N,4,0,3,2,A,-,03,22350,NA,F,C,C,A,A,H,-,A,A,0,NA,NA,NA,NA,Y,NA,-,99,0,0,3,0,0,0,0,0,0,-,-,NA,NA,LOS ANGELES,LOS ANGELES,-118.29154013,33.9819101
8420997,2017,2017-08-03,1942,2017-07-03,1410,38331,1207,1,5,7,1942,0,0,0,L,0,12A39,VERNON AV,HOOVER ST,0,NA,Y,A,-,N,NA,NA,NA,NA,NA,NA,NA,NA,NA,N,3,0,1,2,A,-,09,21801,A,N,D,G,A,A,H,-,A,A,0,NA,Y,NA,NA,Y,NA,A,01,0,1,0,0,0,0,1,0,0,-,-,NA,NA,LOS ANGELES,LOS ANGELES,-118.28717,34.00372005
8420998,2017,2017-08-03,1942,2017-07-16,1830,41704,1233,7,5,7,1942,0,0,0,L,0,12T43,SLAUSON AV,MANHATTAN PL,60,W,N,A,-,N,NA,NA,NA,NA,NA,NA,NA,NA,NA,N,3,0,1,3,A,-,03,22350,NA,F,B,E,E,A,H,-,A,D,0,Y,NA,NA,NA,Y,NA,-,99,0,1,0,0,1,0,0,0,0,-,-,NA,NA,LOS ANGELES,LOS ANGELES,-118.31037755,33.98914
8421001,2017,2017-08-03,1942,2017-07-11,1540,42413,1243,2,5,7,1942,0,0,0,L,0,12XL5,FLORENCE AV,SAINT ANDREWS PL,165,E,N,A,-,N,NA,NA,NA,NA,NA,NA,NA,NA,NA,Y,4,0,1,4,A,-,06,21750,NA,N,B,C,A,A,H,-,A,D,0,NA,NA,NA,NA,Y,NA,A,01,0,0,1,0,0,0,0,0,0,-,-,NA,NA,LOS ANGELES,LOS ANGELES,-118.31064683,33.97457
8421002,2017,2017-08-03,1942,2017-07-21,1500,41921,1218,5,5,7,1942,0,0,0,L,0,18T39,FIGUEROA ST,54TH ST,57,S,N,A,-,N,NA,NA,NA,NA,NA,NA,NA,NA,NA,Y,3,0,1,2,A,-,09,21801,A,N,D,C,A,A,H,-,A,A,0,NA,NA,NA,NA,Y,NA,A,01,0,1,0,0,0,0,0,0,0,-,-,NA,NA,LOS ANGELES,LOS ANGELES,-118.28268,33.99313368
8421005,2017,2017-08-03,1942,2017-07-13,0930,37880,1207,4,5,7,1942,0,0,0,L,0,12A31,VERNON AV,WESLEY AV,0,NA,Y,A,-,N,NA,NA,NA,NA,NA,NA,NA,NA,NA,N,4,0,1,3,A,-,04,21703,NA,F,C,C,A,A,H,-,A,A,0,NA,NA,NA,NA,Y,Y,-,99,0,0,1,0,0,0,0,0,0,-,-,NA,NA,LOS ANGELES,LOS ANGELES,-118.28783012,34.00371008
8421006,2017,2017-08-03,1942,2017-07-23,2040,41977,1208,7,5,7,1942,0,0,0,L,0,3T5,HOOVER ST,50TH ST,13,S,N,A,-,N,NA,NA,NA,NA,NA,NA,NA,NA,NA,N,3,0,1,2,A,-,05,21650,NA,N,D,G,A,A,H,-,C,D,0,NA,Y,NA,NA,Y,NA,L,04,0,1,0,0,0,0,1,0,0,-,-,NA,NA,LOS ANGELES,LOS ANGELES,-118.2871393,33.99784435
8421009,2017,2017-08-03,1942,2017-07-14,0145,41761,1293,5,5,7,1942,0,0,0,L,0,12A15,CENTURY BL,GRAMERCY PL,0,NA,Y,A,-,N,NA,NA,NA,NA,NA,NA,NA,NA,NA,N,3,0,1,2,A,-,06,21750,NA,F,B,G,A,A,H,-,C,A,0,NA,Y,NA,NA,Y,NA,-,99,0,1,0,0,0,0,1,0,0,-,-,NA,NA,LOS ANGELES,LOS ANGELES,-118.31339011,33.94546002
8421010,2017,2017-10-23,1942,2017-07-21,2045,32364,1256,5,5,7,1942,0,0,0,L,0,NA,FLORENCE AV,VERMONT AV,0,NA,N,A,-,N,NA,NA,NA,NA,NA,NA,NA,NA,NA,N,4,0,3,2,A,-,12,22450,NA,F,C,C,A,A,H,-,C,D,0,NA,NA,NA,NA,Y,NA,-,NA,0,0,3,0,0,0,0,0,0,-,-,NA,NA,LOS ANGELES,LOS ANGELES,-118.29174013,33.97463007
8421013,2017,2017-08-03,1942,2017-07-15,1540,35046,1213,6,5,7,1942,0,0,0,L,0,1540,54TH ST,WILTON PL,0,NA,Y,A,-,N,NA,NA,NA,NA,NA,NA,NA,NA,NA,N,4,0,2,2,A,-,09,21804,NA,N,D,C,A,A,H,-,A,D,0,NA,NA,NA,NA,Y,NA,A,01,0,0,2,0,0,0,0,0,0,-,-,NA,NA,LOS ANGELES,LOS ANGELES,-118.31497005,33.99322006
8421014,2017,2017-08-03,1942,2017-07-19,0500,38108,1245,3,5,7,1942,0,0,0,L,0,12L90,GAGE AV,BUDLONG AV,200,W,N,A,-,N,NA,NA,NA,NA,NA,NA,NA,NA,NA,N,4,0,1,2,A,-,00,20015,NA,F,B,C,A,A,H,-,B,D,0,NA,NA,NA,NA,Y,NA,-,99,0,0,1,0,0,0,0,0,0,-,-,NA,NA,LOS ANGELES,LOS ANGELES,-118.29652844,33.98234
8421017,2017,2017-08-03,1942,2017-07-17,1130,41943,1233,1,5,7,1942,0,0,0,L,0,3XL95,60TH ST,WESTERN AV,100,W,N,A,-,N,NA,NA,NA,NA,NA,NA,NA,NA,NA,N,4,0,2,2,B,-,22,NA,NA,N,D,C,A,A,H,-,A,D,0,NA,NA,NA,NA,Y,NA,-,-,0,0,2,0,0,0,0,0,0,-,-,NA,NA,LOS ANGELES,LOS ANGELES,-118.30896,33.98587
8421021,2017,2017-08-03,1942,2017-07-23,1000,41536,1231,7,5,7,1942,0,0,0,L,0,3T5,SLAUSON AV,ALSACE AV,300,W,N,A,-,N,NA,NA,NA,NA,NA,NA,NA,NA,NA,Y,4,0,2,2,A,-,03,22350,NA,N,C,D,A,A,H,-,A,D,0,NA,NA,NA,NA,Y,NA,A,07,0,0,2,0,0,0,0,0,0,-,-,NA,NA,LOS ANGELES,LOS ANGELES,-118.34906771,33.9889
8421025,2017,2017-08-03,1942,2017-07-21,1230,40237,1256,5,5,7,1942,0,0,0,L,0,12T41,74TH ST,HOOVER ST,0,NA,Y,A,-,N,NA,NA,NA,NA,NA,NA,NA,NA,NA,N,4,0,1,2,A,-,12,22450,A,N,D,D,A,A,H,-,A,A,0,NA,NA,NA,NA,Y,NA,A,01,0,0,1,0,0,0,0,0,0,-,-,NA,NA,LOS ANGELES,LOS ANGELES,-118.28712011,33.9726801
8421029,2017,2017-08-03,1942,2017-07-24,0825,33599,1249,1,5,7,1942,0,0,0,L,0,375,HOOVER ST,63RD PL,80,S,N,A,-,N,NA,NA,NA,NA,NA,NA,NA,NA,NA,N,4,0,1,2,A,-,09,21804,A,N,D,C,A,A,H,-,A,D,0,NA,NA,NA,NA,Y,NA,A,01,0,0,1,0,0,0,0,0,0,-,-,NA,NA,LOS ANGELES,LOS ANGELES,-118.28709,33.9816506
8421033,2017,2017-08-03,1942,2017-07-25,1830,42364,1241,2,5,7,1942,0,0,0,L,0,3T5,WEST BL,HYDE PARK BL,0,NA,Y,A,-,N,NA,NA,NA,NA,NA,NA,NA,NA,NA,Y,4,0,2,2,A,-,09,21801,A,N,A,C,A,A,H,-,A,A,0,NA,NA,NA,NA,Y,NA,A,01,0,0,2,0,0,0,0,0,0,-,-,NA,NA,LOS ANGELES,LOS ANGELES,-118.33519011,33.98059009
8421037,2017,2017-08-31,1942,2017-07-09,1005,41747,1822,7,5,7,1942,0,0,0,R,0,18T23W,BROADWAY,CENTURY BL,0,NA,Y,A,-,N,NA,NA,NA,NA,NA,NA,NA,NA,NA,N,2,0,1,2,A,-,-,NA,NA,N,-,-,-,A,H,-,A,-,0,Y,NA,NA,NA,Y,NA,N,60,1,0,0,0,1,0,0,0,0,-,-,NA,NA,LOS ANGELES,LOS ANGELES,-118.27839,33.94555003
8421039,2017,2017-08-09,1942,2017-07-23,1810,36599,1999,7,5,7,1942,0,0,0,NA,0,15T45,SATICOY ST,VENTURA CANYON AV,35,W,N,A,-,N,NA,NA,NA,NA,NA,NA,NA,NA,NA,Y,3,0,1,5,A,-,03,22350,NA,M,C,E,A,A,H,-,A,A,0,NA,NA,NA,NA,Y,NA,A,07,0,1,0,0,0,0,0,0,0,-,-,NA,NA,LOS ANGELES,LOS ANGELES,-118.42887539,34.20943502
8421041,2017,2017-08-03,1942,2017-07-24,0850,39397,1246,1,5,7,1942,0,0,0,L,0,18T23,FLORENCE AV,QGRAMERCY PL,0,NA,Y,A,-,N,NA,NA,NA,NA,NA,NA,NA,NA,NA,Y,3,0,2,2,A,-,09,21801,A,N,D,B,A,A,H,-,A,A,0,NA,NA,NA,NA,Y,NA,A,01,0,2,0,0,0,0,0,0,0,-,-,NA,NA,LOS ANGELES,LOS ANGELES,-118.31338,33.97458
8421046,2017,2017-08-08,1900,2017-07-15,1105,505175,2249,6,5,3,1989,0,0,0,NA,0,224T2,MULHOLLAND HWY,OLD TOPANGA CANYON RD,7920,W,N,A,-,N,NA,NA,NA,NA,NA,NA,NA,NA,NA,N,3,0,2,2,A,-,05,21460,A,N,H,I,A,A,H,-,A,D,0,NA,NA,Y,NA,Y,NA,C,02,0,2,0,0,0,0,0,0,2,-,-,34.1357,-118.6348,LOS ANGELES,CALABASAS,-118.65354452,34.13024693
8421063,2017,2017-08-07,1900,2017-06-20,1700,526351,1516,2,5,5,1954,0,0,0,NA,0,151T2,WASHINGTON BL,PARAMOUNT BL,20,W,N,A,-,N,NA,NA,NA,NA,NA,NA,NA,NA,NA,N,3,0,2,2,A,-,08,22107,NA,N,C,C,A,A,H,-,A,A,0,NA,NA,NA,NA,Y,NA,A,07,0,1,1,0,0,0,0,0,0,-,-,NA,NA,LOS ANGELES,PICO RIVERA,-118.10528252,33.98758307
8421102,2017,2017-08-08,1942,2017-07-15,1525,34959,0645,6,5,7,1942,0,0,0,F,0,20T56,SUNSET BL,SYCAMORE AV,0,NA,Y,A,-,N,NA,NA,NA,NA,NA,NA,NA,NA,NA,N,4,0,4,2,A,-,09,21801,A,N,D,C,A,A,H,-,A,D,0,NA,NA,NA,NA,Y,NA,A,07,0,0,4,0,0,0,0,0,0,-,-,NA,NA,LOS ANGELES,LOS ANGELES,-118.34253008,34.09796012
8421121,2017,2017-08-14,1901,2017-06-25,1054,254,13,7,5,5,1901,0,0,0,NA,0,002,ATLANTIC BL,VALLEY BL,12,S,N,A,-,N,NA,NA,NA,NA,NA,NA,NA,NA,NA,N,3,0,1,2,A,-,10,21950,A,N,G,B,B,A,H,-,A,A,0,Y,NA,NA,NA,Y,NA,-,NA,0,1,0,0,1,0,0,0,0,-,-,NA,NA,LOS ANGELES,ALHAMBRA,-118.13452,34.0779271
8421142,2017,2017-08-04,1942,2017-06-26,1400,41651,0637,1,5,7,1942,0,0,0,F,0,6A63,GOWER ST,YUCCA AV,200,N,N,A,-,N,NA,NA,NA,NA,NA,NA,NA,NA,NA,Y,3,0,1,2,B,-,22,NA,NA,N,D,C,A,A,H,-,A,D,0,NA,NA,NA,NA,Y,NA,-,-,0,1,0,0,0,0,0,0,0,-,-,NA,NA,LOS ANGELES,LOS ANGELES,-118.32237362,34.10408566
8421146,2017,2017-08-04,1900,2017-06-26,2250,534581,0530,1,5,5,1959,0,0,0,NA,0,53T1EM,WALNUT GROVE AV,HALKETT AV,160,S,N,A,-,N,NA,NA,NA,NA,NA,NA,NA,NA,NA,Y,4,0,1,2,A,-,08,22107,NA,M,C,E,A,A,H,-,C,D,0,NA,NA,NA,NA,Y,NA,A,01,0,0,1,0,0,0,0,0,0,-,-,34.08798,-118.08391,LOS ANGELES,ROSEMEAD,-118.08265668,34.08931657
8421150,2017,2017-08-04,1900,2017-06-28,1400,455303,1514,3,5,5,1954,0,0,0,NA,0,151T1,WHITTIER BL,MILLUX AV,3,W,N,A,-,N,NA,NA,NA,NA,NA,NA,NA,NA,NA,N,4,0,1,2,A,-,11,21954,A,N,B,B,E,A,H,-,A,D,0,Y,NA,NA,NA,Y,NA,N,60,0,0,1,0,1,0,0,0,0,-,-,NA,NA,LOS ANGELES,PICO RIVERA,-118.07523867,33.99754394
8421154,2017,2017-08-04,1900,2017-06-27,0715,533015,1511,2,5,5,1954,0,0,0,NA,0,00D,SAN GABRIEL RIVER PKWY,SPRINGLAND AV,90,W,N,A,-,N,NA,NA,NA,NA,NA,NA,NA,NA,NA,Y,4,0,1,2,A,-,03,22350,NA,N,C,C,A,A,H,-,A,-,0,NA,NA,NA,NA,Y,NA,A,01,0,0,1,0,0,0,0,0,0,-,-,NA,NA,LOS ANGELES,PICO RIVERA,-118.05999093,34.01346308
8421158,2017,2017-08-04,1900,2017-06-27,0720,489531,1513,2,5,5,1954,0,0,0,NA,0,151M2,PARAMOUNT BL,WHITTIER BL,0,NA,Y,A,-,N,NA,NA,NA,NA,NA,NA,NA,NA,NA,Y,4,0,3,2,A,-,09,21453,C,N,D,C,A,A,H,-,A,A,0,NA,NA,NA,NA,Y,NA,A,07,0,0,3,0,0,0,0,0,0,-,-,NA,NA,LOS ANGELES,PICO RIVERA,-118.08869006,34.00337008
8421162,2017,2017-08-04,1900,2017-06-10,1850,529141,1516,6,5,5,1954,0,0,0,NA,0,151T2,SLAUSON AV,BOLLENBACHER DR,4,E,N,A,-,N,NA,NA,NA,NA,NA,NA,NA,NA,NA,Y,4,0,2,2,A,-,09,21801,A,N,D,C,A,A,H,-,A,D,0,NA,NA,NA,NA,Y,NA,A,01,0,0,2,0,0,0,0,0,0,-,-,NA,NA,LOS ANGELES,PICO RIVERA,-118.11060764,33.97272623
8421237,2017,2017-08-08,1942,2017-07-21,1530,40921,1273,5,5,7,1942,0,0,0,L,0,12A51,87TH ST,WESTERN AV,0,NA,Y,A,-,N,NA,NA,NA,NA,NA,NA,NA,NA,NA,NA,4,0,1,2,A,-,05,21650,NA,M,B,C,A,A,H,-,A,D,0,NA,NA,NA,NA,Y,NA,-,99,0,0,1,0,0,0,0,0,0,-,-,NA,NA,LOS ANGELES,LOS ANGELES,-118.30901001,33.95906007
8421244,2017,2017-08-03,1931,2017-07-25,1203,5617,1931,2,5,5,1931,0,0,0,NA,0,001,SLAUSON AV,MALABAR ST,300,W,N,A,-,N,NA,NA,NA,NA,NA,NA,NA,NA,NA,N,4,0,1,2,A,-,08,22107,NA,N,B,C,A,A,H,-,A,A,0,NA,NA,NA,NA,Y,Y,A,01,0,0,1,0,0,0,0,0,0,-,-,NA,NA,LOS ANGELES,HUNTINGTON PARK,-118.22879768,33.98921
8421248,2017,2017-08-03,1931,2017-07-26,1245,5617,1931,3,5,5,1931,0,0,0,NA,0,001,SOTO ST,58TH ST,24,N,N,A,-,N,NA,NA,NA,NA,NA,NA,NA,NA,NA,N,4,0,1,2,A,-,09,21804,A,N,D,C,A,A,H,-,A,A,0,NA,NA,NA,NA,Y,Y,A,01,0,0,1,0,0,0,0,0,0,-,-,NA,NA,LOS ANGELES,HUNTINGTON PARK,-118.21937,33.99021582
8421252,2017,2017-08-03,1942,2017-07-14,1730,37966,0659,5,5,7,1942,0,0,0,F,0,6TL2,SUNSET BL,KINGSLEY DR,110,W,N,A,-,N,NA,NA,NA,NA,NA,NA,NA,NA,NA,Y,3,0,3,2,A,-,09,21801,A,N,D,C,A,A,H,-,A,D,0,NA,NA,NA,NA,Y,NA,A,01,0,3,0,0,0,0,0,0,0,-,-,NA,NA,LOS ANGELES,LOS ANGELES,-118.30363264,34.09812
8421256,2017,2017-08-03,1942,2017-07-10,1950,37550,0668,1,5,7,1942,0,0,0,F,0,7TL23,WESTERN AV,LEXINGTON AV,100,S,N,A,-,N,NA,NA,NA,NA,NA,NA,NA,NA,NA,N,3,0,1,3,A,-,03,22350,NA,N,C,C,A,A,H,-,B,D,0,NA,NA,NA,NA,Y,NA,A,01,0,1,0,0,0,0,0,0,0,-,-,NA,NA,LOS ANGELES,LOS ANGELES,-118.30919,34.09262574
8421293,2017,2017-08-07,1900,2017-07-23,1635,487215,2262,7,5,2,1993,0,0,0,NA,0,226T1,VIA COLINAS,LINDERO CANYON RD,48,W,N,A,-,N,NA,NA,NA,NA,NA,NA,NA,NA,NA,Y,4,0,1,1,A,-,03,22350,NA,N,E,I,A,A,H,-,A,D,0,NA,NA,NA,NA,Y,NA,A,01,0,0,1,0,0,0,0,0,0,-,-,34.153,-118.80174,LOS ANGELES,WESTLAKE VILLAGE,-118.80160812,34.15267458
8421297,2017,2017-08-07,1900,2017-07-24,0050,519439,2263,1,5,2,1993,0,0,0,NA,0,226A,LINDERO CANYON RD,HEDGEWALL DR,252,N,N,A,-,N,NA,NA,NA,NA,NA,NA,NA,NA,NA,Y,4,0,1,1,A,-,03,22350,A,N,E,I,A,A,H,-,C,D,0,NA,NA,NA,NA,Y,NA,A,01,0,0,1,0,0,0,0,0,0,-,-,34.0944,-118.4725,LOS ANGELES,WESTLAKE VILLAGE,-118.79051884,34.16235404
8421301,2017,2017-11-20,1900,2017-07-24,1559,530045,2224,1,5,3,1994,0,0,0,NA,0,222T1,KANAN RD,CORNELL WY,128,N,N,B,-,N,NA,NA,NA,NA,NA,NA,NA,NA,NA,Y,3,0,1,3,A,-,04,21703,NA,N,C,C,A,A,H,-,A,A,0,NA,NA,NA,NA,Y,NA,A,01,0,1,0,0,0,0,0,0,0,-,-,34.14006,-118.76072,LOS ANGELES,AGOURA HILLS,-118.76111638,34.14039093
8421305,2017,2017-08-07,1900,2017-07-12,2018,600819,0523,3,5,4,1971,0,0,0,NA,0,52T1,TEMPLE CITY BL,WORKMAN AV,0,NA,Y,A,-,N,NA,NA,NA,NA,NA,NA,NA,NA,NA,Y,4,0,2,2,A,-,03,22350,NA,N,C,C,A,A,H,-,C,D,0,NA,NA,NA,NA,Y,NA,A,01,0,0,2,0,0,0,0,0,0,-,-,34.1049,-118.0605,LOS ANGELES,TEMPLE CITY,-118.06053003,34.10488006
8421325,2017,2017-08-07,1900,2017-07-24,1730,512437,0533,1,5,5,1959,0,0,0,NA,0,53T1PM,SAN GABRIEL BL,HELLMAN AV,341,N,N,A,-,N,NA,NA,NA,NA,NA,NA,NA,NA,NA,Y,4,0,1,3,A,-,04,21703,NA,N,C,C,A,A,H,-,A,A,0,NA,NA,NA,NA,Y,NA,A,01,0,0,1,0,0,0,0,0,0,-,-,34.07089,-118.09057,LOS ANGELES,ROSEMEAD,-118.09061476,34.07083491
8421329,2017,2017-08-07,1900,2017-07-23,1305,530855,0521,7,5,4,1971,0,0,0,NA,0,52T1AM,BURTON AV,LONGDEN AV,344,S,N,A,-,N,NA,NA,NA,NA,NA,NA,NA,NA,NA,Y,4,0,1,3,A,-,08,22107,NA,N,H,E,A,A,H,-,A,D,0,NA,NA,NA,NA,Y,NA,A,01,0,0,1,0,0,0,0,0,0,-,-,34.1119,-118.0816,LOS ANGELES,TEMPLE CITY,-118.08135697,34.11257723
8421333,2017,2017-08-07,1900,2017-07-19,1459,547938,0542,3,5,3,1921,0,0,0,NA,0,58T1PM,HUNTINGTON DR,USHA LN,0,W,N,A,-,N,NA,NA,NA,NA,NA,NA,NA,NA,NA,N,4,0,1,2,A,-,04,21703,NA,N,C,C,A,A,H,-,A,D,0,NA,NA,NA,NA,Y,NA,A,08,0,0,1,0,0,0,0,0,0,-,-,34.1398,-117.9529,LOS ANGELES,DUARTE,-117.9528101,34.13983007
8421337,2017,2017-08-07,1900,2017-07-09,1801,543268,0531,7,5,5,1959,0,0,0,NA,0,53FPMS,VALLEY BL,TEMPLE CITY BL,300,W,N,A,-,N,NA,NA,NA,NA,NA,NA,NA,NA,NA,N,4,0,2,3,A,-,03,22350,NA,M,C,C,A,A,H,-,A,D,0,NA,NA,NA,NA,Y,NA,A,08,0,0,2,0,0,0,0,0,0,-,-,34.08134,-118.05942,LOS ANGELES,ROSEMEAD,-118.05926603,34.08130224
8421341,2017,2017-08-07,1900,2017-07-01,1100,529395,0530,6,5,5,1959,0,0,0,NA,0,53T1AM,VALLEY BL,WALNUT GROVE AV,300,W,N,A,-,N,NA,NA,NA,NA,NA,NA,NA,NA,NA,N,4,0,1,2,A,-,09,21804,A,N,H,G,A,A,H,-,A,D,0,NA,Y,NA,NA,Y,NA,A,01,0,0,1,0,0,0,1,0,0,-,-,34.08038,-118.0831,LOS ANGELES,ROSEMEAD,-118.0830273,34.08048799
8421353,2017,2017-08-07,1900,2017-07-13,0940,448685,1519,4,5,5,1954,0,0,0,NA,0,151T1,SLAUSON AV,PASSONS BL,24,E,N,A,-,N,NA,NA,NA,NA,NA,NA,NA,NA,NA,N,3,0,1,2,A,-,00,21651,1,N,D,G,A,A,H,-,A,A,0,NA,Y,NA,NA,Y,NA,L,04,0,1,0,0,0,0,1,0,0,-,-,NA,NA,LOS ANGELES,PICO RIVERA,-118.09715572,33.96851764