CASE_ID,ACCIDENT_YEAR,PROC_DATE,JURIS,COLLISION_DATE,COLLISION_TIME,OFFICER_ID,REPORTING_DISTRICT,DAY_OF_WEEK,CHP_SHIFT,POPULATION,CNTY_CITY_LOC,SPECIAL_COND,BEAT_TYPE,CHP_BEAT_TYPE,CITY_DIVISION_LAPD,CHP_BEAT_CLASS,BEAT_NUMBER,PRIMARY_RD,SECONDARY_RD,DISTANCE,DIRECTION,INTERSECTION,WEATHER_1,WEATHER_2,STATE_HWY_IND,CALTRANS_COUNTY,CALTRANS_DISTRICT,STATE_ROUTE,ROUTE_SUFFIX,POSTMILE_PREFIX,POSTMILE,LOCATION_TYPE,RAMP_INTERSECTION,SIDE_OF_HWY,TOW_AWAY,COLLISION_SEVERITY,NUMBER_KILLED,NUMBER_INJURED,PARTY_COUNT,PRIMARY_COLL_FACTOR,PCF_CODE_OF_VIOL,PCF_VIOL_CATEGORY,PCF_VIOLATION,PCF_VIOL_SUBSECTION,HIT_AND_RUN,TYPE_OF_COLLISION,MVIW,PED_ACTION,ROAD_SURFACE,ROAD_COND_1,ROAD_COND_2,LIGHTING,CONTROL_DEVICE,CHP_ROAD_TYPE,PEDESTRIAN_ACCIDENT,BICYCLE_ACCIDENT,MOTORCYCLE_ACCIDENT,TRUCK_ACCIDENT,NOT_PRIVATE_PROPERTY,ALCOHOL_INVOLVED,STWD_VEHTYPE_AT_FAULT,CHP_VEHTYPE_AT_FAULT,COUNT_SEVERE_INJ,COUNT_VISIBLE_INJ,COUNT_COMPLAINT_PAIN,COUNT_PED_KILLED,COUNT_PED_INJURED,COUNT_BICYCLIST_KILLED,COUNT_BICYCLIST_INJURED,COUNT_MC_KILLED,COUNT_MC_INJURED,PRIMARY_RAMP,SECONDARY_RAMP,LATITUDE,LONGITUDE,COUNTY,CITY,POINT_X,POINT_Y
8424792,2017,2017-08-22,1942,2017-07-21,1620,42658,2049,5,5,7,1942,0,0,0,NA,0,20A71,JAMES M WOOD BL,HOOVER ST,75,W,N,A,-,N,NA,NA,NA,NA,NA,NA,NA,NA,NA,N,2,0,1,2,A,-,17,22517,NA,N,D,G,A,A,H,-,A,D,0,NA,Y,NA,NA,Y,NA,D,22,1,0,0,0,0,0,0,0,0,-,-,NA,NA,LOS ANGELES,LOS ANGELES,-118.284473,34.055944
8424802,2017,2017-08-17,1942,2017-07-27,0700,38857,2173,4,5,7,1942,0,0,0,NA,0,10TL35,BURBANK BL,FALLBROOK AV,250,W,N,A,-,N,NA,NA,NA,NA,NA,NA,NA,NA,NA,Y,3,0,1,2,A,-,03,22350,NA,N,C,C,A,A,H,-,A,D,0,NA,NA,NA,NA,Y,NA,A,01,0,1,0,0,0,0,0,0,0,-,-,NA,NA,LOS ANGELES,LOS ANGELES,-118.62415514,34.17196782
8424806,2017,2018-06-11,1942,2017-07-26,1340,41553,2173,3,5,7,1942,0,0,0,NA,0,10T34,VENTURA BL,WOODLAKE AV,0,NA,Y,A,-,Y,LA,7,101,-,-,26.93,R,4,N,Y,4,0,1,2,A,-,09,21801,A,N,-,C,A,A,H,-,A,A,0,NA,NA,NA,NA,Y,NA,D,22,0,0,1,0,0,0,0,0,0,-,-,NA,NA,LOS ANGELES,LOS ANGELES,-118.63089455,34.16193765
8424811,2017,2017-08-17,1942,2017-07-28,1045,39559,1797,5,5,7,1942,0,0,0,Q,0,17A95,PARTHENIA ST,HAYVENHURST AV,0,NA,Y,A,-,N,NA,NA,NA,NA,NA,NA,NA,NA,NA,Y,3,0,1,2,A,-,12,21453,A,N,D,-,A,A,H,-,A,A,0,NA,NA,NA,NA,Y,NA,D,22,0,1,0,0,0,0,0,0,0,-,-,NA,NA,LOS ANGELES,LOS ANGELES,-118.49387009,34.22845002
8424815,2017,2017-08-17,1942,2017-07-29,1450,42324,1743,6,5,7,1942,0,0,0,Q,0,17X24,RESEDA BL,KINGSBURY ST,0,NA,Y,A,-,N,NA,NA,NA,NA,NA,NA,NA,NA,NA,N,4,0,2,2,A,-,03,22350,NA,N,C,C,A,A,H,-,A,D,0,NA,NA,NA,NA,Y,NA,A,01,0,0,2,0,0,0,0,0,0,-,-,NA,NA,LOS ANGELES,LOS ANGELES,-118.53611013,34.26271012
8424819,2017,2017-08-18,1942,2017-07-17,0650,42397,1751,1,5,7,1942,0,0,0,Q,0,17A49,TOPANGA CANYON,LASSEN ST,539,N,N,A,-,N,NA,NA,NA,NA,NA,NA,NA,NA,NA,Y,4,0,2,2,A,-,03,22350,NA,N,C,C,A,A,H,-,A,A,0,NA,NA,NA,Y,Y,NA,A,07,0,0,2,0,0,0,0,0,0,-,-,NA,NA,LOS ANGELES,LOS ANGELES,-118.60605173,34.25144858
8424822,2017,2017-08-31,1941,2017-08-02,1747,10363,NA,3,5,7,1941,0,0,0,NA,0,NA,LONG BEACH BL,PACIFIC COAST HWY,210,S,N,A,-,N,NA,NA,NA,NA,NA,NA,NA,NA,NA,N,4,0,2,3,A,-,06,21750,NA,N,B,C,A,A,H,-,A,A,0,NA,NA,NA,NA,Y,NA,A,NA,0,0,2,0,0,0,0,0,0,-,-,NA,NA,LOS ANGELES,LONG BEACH,-118.18946367,33.78929413
8424823,2017,2017-08-17,1942,2017-07-18,2055,37608,LAPD,2,5,7,1942,0,0,0,NA,0,1764,DEVONSHIRE ST,RUFFNER AV,0,NA,Y,A,-,N,NA,NA,NA,NA,NA,NA,NA,NA,NA,Y,4,0,3,3,A,-,09,21802,A,N,D,C,A,A,H,-,C,D,0,NA,NA,NA,NA,Y,NA,A,01,0,0,3,0,0,0,0,0,0,-,-,NA,NA,LOS ANGELES,LOS ANGELES,-118.49688009,34.25748007
8424827,2017,2017-08-23,1942,2017-08-05,0315,39410,177,6,5,7,1942,0,0,0,Q,0,9T53W3,PLUMMER ST,VALJEAN AV,147,E,N,A,-,N,NA,NA,NA,NA,NA,NA,NA,NA,NA,Y,4,0,1,4,A,-,01,23152,A,N,F,C,A,A,H,-,C,D,0,NA,NA,NA,NA,Y,Y,A,07,0,0,1,0,0,0,0,0,0,-,-,NA,NA,LOS ANGELES,LOS ANGELES,-118.48681446,34.24291
8424838,2017,2017-08-17,1942,2017-07-23,1520,39217,1621,7,5,7,1942,0,0,0,P,0,17TL16,AMBOY AV,WEIDNER ST,0,NA,Y,A,-,N,NA,NA,NA,NA,NA,NA,NA,NA,NA,N,3,0,3,2,A,-,09,21802,A,N,C,C,A,A,H,-,A,D,0,NA,NA,NA,NA,Y,NA,D,22,0,1,2,0,0,0,0,0,0,-,-,NA,NA,LOS ANGELES,LOS ANGELES,-118.43520004,34.26442004
8424842,2017,2017-09-16,1942,2017-07-06,1134,42743,1665,4,5,7,1942,0,0,0,P,0,16A37,GLENOAKS BL,SHELDON ST,244,N,N,A,-,N,NA,NA,NA,NA,NA,NA,NA,NA,NA,Y,4,0,2,2,A,-,09,21804,A,N,D,C,A,A,H,-,A,D,0,NA,NA,NA,NA,Y,NA,A,01,0,0,2,0,0,0,0,0,0,-,-,NA,NA,LOS ANGELES,LOS ANGELES,-118.38446074,34.24694074
8424846,2017,2017-08-23,1942,2017-08-01,1845,40388,1615,2,5,7,1942,0,0,0,P,0,19T75,FOOTHILL BL,OSBORNE ST,425,S,N,B,-,N,NA,NA,NA,NA,NA,NA,NA,NA,NA,Y,4,0,2,2,A,-,09,21804,A,N,D,C,A,B,H,-,A,D,0,NA,NA,NA,NA,Y,NA,D,22,0,0,2,0,0,0,0,0,0,-,-,NA,NA,LOS ANGELES,LOS ANGELES,-118.39259623,34.27307015
8424851,2017,2017-08-17,1942,2017-07-03,0450,42170,1687,1,5,7,1942,0,0,0,P,0,16A81,SAN FERNANDO RD,WHITE ST,0,NA,Y,A,-,N,NA,NA,NA,NA,NA,NA,NA,NA,NA,N,3,0,1,2,A,-,12,22450,A,N,A,C,A,A,H,-,C,D,0,NA,NA,NA,NA,Y,NA,D,22,0,1,0,0,0,0,0,0,0,-,-,NA,NA,LOS ANGELES,LOS ANGELES,-118.36687004,34.21766004
8424852,2017,2017-08-18,1920,2017-06-28,2254,11859,1920,3,5,6,1920,0,0,0,NA,0,004,FIRESTONE BL,WOODRUFF AV E,20,E,N,A,-,N,NA,NA,NA,NA,NA,NA,NA,NA,NA,N,4,0,1,2,D,-,00,NA,NA,N,D,C,A,A,H,-,C,A,0,NA,NA,NA,NA,Y,NA,-,-,0,0,1,0,0,0,0,0,0,-,-,NA,NA,LOS ANGELES,DOWNEY,-118.11781338,33.93240207
8424854,2017,2017-08-17,1942,2017-07-28,1230,33143,1634,5,5,7,1942,0,0,0,P,0,16A59,OSBORNE ST,DRONFIELD AV,0,NA,Y,A,-,N,NA,NA,NA,NA,NA,NA,NA,NA,NA,Y,3,0,4,3,A,-,08,22107,NA,N,D,C,A,A,H,-,A,A,0,NA,NA,NA,NA,Y,NA,A,01,0,1,3,0,0,0,0,0,0,-,-,NA,NA,LOS ANGELES,LOS ANGELES,-118.39727007,34.27102005
8424858,2017,2017-08-23,1942,2017-08-02,0050,37248,1601,3,5,7,1942,0,0,0,P,0,16EL1,EUSTACE ST,GLENOAKS BL,180,E,N,B,-,N,NA,NA,NA,NA,NA,NA,NA,NA,NA,N,4,0,1,4,A,-,08,22107,NA,N,A,E,A,A,H,-,C,D,0,NA,NA,NA,NA,Y,NA,A,01,0,0,1,0,0,0,0,0,0,-,-,NA,NA,LOS ANGELES,LOS ANGELES,-118.41911152,34.28145357
8424861,2017,2017-08-23,1942,2017-08-01,0955,38687,1543,2,5,7,1942,0,0,0,O,0,19TL73,MAGNOLIA BL,CORTEEN PL,0,NA,Y,A,-,N,NA,NA,NA,NA,NA,NA,NA,NA,NA,N,4,0,1,2,A,-,09,21802,A,F,D,C,A,A,H,-,A,A,0,NA,NA,NA,NA,Y,NA,-,99,0,0,1,0,0,0,0,0,0,-,-,NA,NA,LOS ANGELES,LOS ANGELES,-118.40199011,34.16488011
8424862,2017,2017-08-23,1942,2017-08-07,1630,36755,1664,1,5,7,1942,0,0,0,P,0,16TL28,GLENOAKS BL,SHELDON ST,550,S,N,A,-,N,NA,NA,NA,NA,NA,NA,NA,NA,NA,Y,3,0,1,5,A,-,08,22107,NA,N,C,E,A,A,H,-,A,D,0,NA,NA,NA,NA,Y,NA,A,01,0,1,0,0,0,0,0,0,0,-,-,NA,NA,LOS ANGELES,LOS ANGELES,-118.38274457,34.24529419
8424866,2017,2017-09-06,1942,2017-08-02,1410,40542,1752,3,5,7,1942,0,0,0,Q,0,15TL42,CANOGA AV,LASSEN ST,60,N,N,A,-,N,NA,NA,NA,NA,NA,NA,NA,NA,NA,N,4,0,1,2,A,-,09,21804,A,N,D,C,A,A,H,-,A,D,0,NA,NA,NA,NA,Y,NA,D,22,0,0,1,0,0,0,0,0,0,-,-,NA,NA,LOS ANGELES,LOS ANGELES,-118.59733428,34.25015417
8424868,2017,2017-08-31,1905,2017-08-07,1109,2019,111,1,5,4,1905,0,0,0,NA,0,061,NORTH AZUSA AV,1ST ST,721,N,N,A,-,N,NA,NA,NA,NA,NA,NA,NA,NA,NA,Y,3,0,2,2,A,-,00,23123,A,N,C,E,A,A,H,-,A,D,0,NA,NA,NA,NA,Y,NA,A,01,0,2,0,0,0,0,0,0,0,-,-,NA,NA,LOS ANGELES,AZUSA,-117.90769,34.12209
8424870,2017,2017-08-17,1942,2017-07-28,2350,39410,1756,5,5,7,1942,0,0,0,Q,0,9T53W3,HASKELL AV,MAYALL ST,162,N,N,A,-,N,NA,NA,NA,NA,NA,NA,NA,NA,NA,Y,4,0,1,3,A,-,03,22350,NA,N,A,E,A,A,H,-,C,D,0,NA,NA,NA,NA,Y,NA,A,01,0,0,1,0,0,0,0,0,0,-,-,NA,NA,LOS ANGELES,LOS ANGELES,-118.47612506,34.25411434
8424872,2017,2017-08-17,1905,2017-07-17,0951,2019,411,1,5,4,1905,0,0,0,NA,0,063,NORTH AZUSA AV,9TH ST,540,S,N,A,-,N,NA,NA,NA,NA,NA,NA,NA,NA,NA,Y,4,0,1,2,A,-,07,21658,A,N,B,C,A,A,H,-,A,D,0,NA,NA,NA,NA,Y,NA,A,01,0,0,1,0,0,0,0,0,0,-,-,NA,NA,LOS ANGELES,AZUSA,-117.90751,34.13572962
8424873,2017,2017-08-17,1942,2017-07-29,0210,36599,2145,6,5,7,1942,0,0,0,NA,0,15T45,SHOUP AV,KITTRIDGE ST,485,S,N,A,-,N,NA,NA,NA,NA,NA,NA,NA,NA,NA,Y,4,0,1,5,A,-,05,21460,A,N,B,E,A,A,H,-,C,A,0,NA,NA,NA,NA,Y,NA,A,01,0,0,1,0,0,0,0,0,0,-,-,NA,NA,LOS ANGELES,LOS ANGELES,-118.61461291,34.19015949
8424877,2017,2017-08-17,1942,2017-07-29,2125,25907,2187,6,5,7,1942,0,0,0,NA,0,21T65,VENTURA BL,PARALTA AV,135,E,N,A,-,N,NA,NA,NA,NA,NA,NA,NA,NA,NA,N,4,0,1,2,A,-,11,21954,A,N,B,B,D,A,H,-,C,A,0,Y,NA,NA,NA,Y,NA,N,60,0,0,1,0,1,0,0,0,0,-,-,NA,NA,LOS ANGELES,LOS ANGELES,-118.59038787,34.16661426
8424878,2017,2017-08-23,1942,2017-08-05,1000,38273,1729,6,5,7,1942,0,0,0,Q,0,21TL61,WHITE OAK AV,SAN FERNANDO MISSION BL,0,NA,Y,A,-,N,NA,NA,NA,NA,NA,NA,NA,NA,NA,Y,3,0,2,2,A,-,12,22450,A,N,D,C,A,A,H,-,A,A,0,NA,NA,NA,NA,Y,NA,A,01,0,1,1,0,0,0,0,0,0,-,-,NA,NA,LOS ANGELES,LOS ANGELES,-118.51969003,34.27214
8424880,2017,2017-08-17,1900,2017-07-12,1257,403161,1418,3,5,1,1932,0,0,0,NA,0,141T3D,NOGALES ST,ARENTH AV,0,NA,Y,A,-,N,NA,NA,NA,NA,NA,NA,NA,NA,NA,N,4,0,1,2,A,-,12,21453,A,N,D,C,A,A,H,-,A,A,0,NA,NA,NA,NA,Y,NA,A,01,0,0,1,0,0,0,0,0,0,-,-,34.00128,-117.88797,LOS ANGELES,INDUSTRY,-117.88787003,34.00124003
8424883,2017,2017-10-13,1942,2017-08-04,0930,41125,1049,5,5,7,1942,0,0,0,J,0,10T35,BURBANK BL,WOODLEY AV,1700,W,N,A,-,N,NA,NA,NA,NA,NA,NA,NA,NA,NA,Y,2,0,1,2,A,-,07,21658,A,F,F,C,A,A,H,-,A,D,0,NA,NA,NA,NA,Y,NA,-,-,1,0,0,0,0,0,0,0,0,-,-,NA,NA,LOS ANGELES,LOS ANGELES,-118.48079267,34.1696463
8424887,2017,2018-11-27,1942,2017-08-04,1430,41274,1612,5,5,7,1942,0,0,0,P,0,15T46,MERCER ST,PALA AV,0,NA,Y,A,-,N,NA,NA,NA,NA,NA,NA,NA,NA,NA,Y,3,0,1,3,A,-,12,22450,A,F,D,C,A,A,H,-,A,A,0,NA,NA,NA,NA,Y,NA,A,01,0,1,0,0,0,0,0,0,0,-,-,NA,NA,LOS ANGELES,LOS ANGELES,-118.42090005,34.26965007
8424891,2017,2017-08-15,1942,2017-08-01,1845,40634,1964,2,5,7,1942,0,0,0,NA,0,DESK,VAN NUYS,PLUMMER,0,NA,Y,B,C,N,NA,NA,NA,NA,NA,NA,NA,NA,NA,N,4,0,1,2,A,-,00,20015,NA,F,C,C,A,B,H,-,A,A,0,NA,NA,NA,NA,Y,NA,-,99,0,0,1,0,0,0,0,0,0,-,-,NA,NA,LOS ANGELES,LOS ANGELES,-118.45023001,34.24268001
8424946,2017,2017-08-16,1942,2017-08-02,1213,34427,1921,3,5,7,1942,0,0,0,NA,0,15TL44,POLK ST,TELFAIR AV,80,W,N,B,-,N,NA,NA,NA,NA,NA,NA,NA,NA,NA,N,4,0,1,2,C,-,18,NA,NA,N,C,C,A,A,H,-,A,D,0,NA,NA,NA,NA,Y,NA,-,-,0,0,1,0,0,0,0,0,0,-,-,NA,NA,LOS ANGELES,LOS ANGELES,-118.46259886,34.29612114
8424950,2017,2017-08-16,1942,2017-08-01,1235,41316,1967,2,5,7,1942,0,0,0,NA,0,21TL62,BEACHY AV,TERRA BELLA ST,0,NA,Y,A,-,N,NA,NA,NA,NA,NA,NA,NA,NA,NA,N,4,0,2,2,A,-,00,21453,NA,N,D,C,A,A,H,-,A,A,0,NA,NA,NA,NA,Y,NA,A,01,0,0,2,0,0,0,0,0,0,-,-,NA,NA,LOS ANGELES,LOS ANGELES,-118.4357101,34.24562009
8424954,2017,2017-08-16,1942,2017-08-05,0040,39281,1908,6,5,7,1942,0,0,0,NA,0,10T37,HUBBARD ST,KISMET AV,200,W,N,A,-,N,NA,NA,NA,NA,NA,NA,NA,NA,NA,Y,3,0,2,2,A,-,01,23152,A,N,D,C,A,A,H,-,C,D,0,NA,NA,NA,NA,Y,Y,A,01,0,1,1,0,0,0,0,0,0,-,-,NA,NA,LOS ANGELES,LOS ANGELES,-118.4233452,34.31362218
8424958,2017,2017-08-16,1942,2017-08-04,1620,41274,0914,5,5,7,1942,0,0,0,I,0,15T46,VANOWEN ST,VAN NUYS BL,300,E,N,A,-,N,NA,NA,NA,NA,NA,NA,NA,NA,NA,Y,3,0,1,2,A,-,01,23152,A,F,B,C,A,A,H,-,A,D,0,NA,NA,Y,NA,Y,Y,A,01,0,1,0,0,0,0,0,0,1,-,-,NA,NA,LOS ANGELES,LOS ANGELES,-118.44774985,34.19392179
8425041,2017,2017-08-11,1942,2017-07-11,1740,37105,1862,2,5,7,1942,0,0,0,R,0,18SL97,FIGUEROA ST,117TH ST,0,NA,Y,A,-,N,NA,NA,NA,NA,NA,NA,NA,NA,NA,Y,4,0,1,2,A,-,09,21802,A,N,D,C,A,A,-,-,A,A,0,NA,NA,NA,NA,Y,NA,A,08,0,0,1,0,0,0,0,0,0,-,-,NA,NA,LOS ANGELES,LOS ANGELES,-118.28261,33.92735003
8425045,2017,2017-08-11,1942,2017-07-16,1620,41494,1863,7,5,7,1942,0,0,0,R,0,18A63,AVALON BL,116TH PL,100,S,N,A,-,N,NA,NA,NA,NA,NA,NA,NA,NA,NA,N,4,0,2,4,A,-,03,22350,NA,N,A,C,A,A,H,-,A,D,0,NA,NA,NA,NA,Y,NA,-,NA,0,0,2,0,0,0,0,0,0,-,-,NA,NA,LOS ANGELES,LOS ANGELES,-118.26519481,33.92798578
8425049,2017,2017-08-11,1900,2017-07-24,2006,602965,1132,1,5,6,1992,0,0,0,NA,0,112T1,5TH ST EAST,KETTERING ST,397,S,N,A,-,N,NA,NA,NA,NA,NA,NA,NA,NA,NA,Y,4,0,1,2,A,-,05,21460,A,N,A,C,A,A,H,-,B,D,0,NA,NA,NA,NA,Y,NA,A,01,0,0,1,0,0,0,0,0,0,-,-,NA,NA,LOS ANGELES,LANCASTER,-118.12150907,34.69928149
8425078,2017,2017-08-10,1942,2017-07-08,2135,42764,0363,6,5,7,1942,0,0,0,C,0,3A1,MARTIN LUTHER KING BL,CRENSHAW BL,200,W,N,A,-,N,NA,NA,NA,NA,NA,NA,NA,NA,NA,N,4,0,1,2,A,-,11,21954,A,F,G,B,D,A,H,-,D,D,0,Y,NA,NA,NA,Y,NA,N,60,0,0,1,0,1,0,0,0,0,-,-,NA,NA,LOS ANGELES,LOS ANGELES,-118.33571457,34.0111534
8425082,2017,2017-09-28,1942,2017-07-07,1440,41967,0328,5,5,7,1942,0,0,0,C,0,3A63,FIGUEROA ST,ADAMS BL,5,N,N,A,-,N,NA,NA,NA,NA,NA,NA,NA,NA,NA,N,4,0,1,2,A,-,00,21952,A,N,B,B,D,A,H,-,A,A,0,Y,NA,NA,NA,Y,NA,A,01,0,0,1,0,1,0,0,0,0,-,-,NA,NA,LOS ANGELES,LOS ANGELES,-118.27601229,34.02817212
8425101,2017,2017-08-10,1962,2017-07-07,0858,078,1962,5,5,4,1962,0,0,0,NA,0,022,LAS TUNAS DR,SANTA ANITA ST,0,NA,Y,A,-,N,NA,NA,NA,NA,NA,NA,NA,NA,NA,N,4,0,1,2,A,-,09,21801,A,N,D,G,A,A,H,-,A,A,0,NA,Y,NA,NA,Y,NA,A,01,0,0,1,0,0,0,1,0,0,-,-,34.10247,-118.10611,LOS ANGELES,SAN GABRIEL,-118.10606006,34.10246003
8425203,2017,2018-05-08,1942,2017-08-06,1910,41704,1846,7,5,7,1942,0,0,0,R,0,25T41,IMPERIAL HWY,SUCCESS AV,59,W,N,A,-,N,NA,NA,NA,NA,NA,NA,NA,NA,NA,Y,3,0,3,4,A,-,05,21650,NA,N,A,E,F,A,H,-,A,A,0,Y,NA,NA,NA,Y,NA,A,01,0,1,2,0,1,0,0,0,0,-,-,NA,NA,LOS ANGELES,LOS ANGELES,-118.24951411,33.92947
8425222,2017,2017-08-14,1942,2017-07-28,2030,40972,1003,5,5,7,1942,0,0,0,J,0,15T43,KESWICK ST,RESEDA BL,260,E,N,A,-,N,NA,NA,NA,NA,NA,NA,NA,NA,NA,N,3,0,2,3,B,-,22,NA,NA,N,E,I,A,A,H,-,C,A,0,NA,NA,NA,NA,Y,NA,A,01,0,1,1,0,0,0,0,0,0,-,-,NA,NA,LOS ANGELES,LOS ANGELES,-118.53520161,34.21020007
8425224,2017,2017-08-17,1942,2017-07-23,1940,27328,0361,7,5,7,1942,0,0,0,C,0,25MQ51,RODEO RD,LA BREA AV,138,W,N,A,-,N,NA,NA,NA,NA,NA,NA,NA,NA,NA,Y,3,0,1,2,A,-,07,21658,A,N,B,C,A,A,H,-,B,A,0,NA,NA,NA,NA,Y,NA,A,08,0,1,0,0,0,0,0,0,0,-,-,NA,NA,LOS ANGELES,LOS ANGELES,-118.35606456,34.02153
8425228,2017,2017-08-16,1942,2017-08-01,0820,41111,0308,2,5,7,1942,0,0,0,C,0,3A63,UNION AV,22ND ST,0,NA,Y,A,-,N,NA,NA,NA,NA,NA,NA,NA,NA,NA,Y,4,0,2,2,A,-,09,21802,A,N,D,D,A,A,H,-,A,A,0,NA,NA,NA,NA,Y,NA,D,22,0,0,2,0,0,0,0,0,0,-,-,NA,NA,LOS ANGELES,LOS ANGELES,-118.28292003,34.03573004
8425232,2017,2017-08-16,1942,2017-08-02,1120,40545,0334,3,5,7,1942,0,0,0,C,0,3A31,BRONSON AV,30TH ST,50,N,N,A,-,N,NA,NA,NA,NA,NA,NA,NA,NA,NA,N,4,0,1,2,A,-,03,22350,NA,N,C,C,A,A,H,-,A,D,0,NA,NA,NA,NA,Y,NA,D,22,0,0,1,0,0,0,0,0,0,-,-,NA,NA,LOS ANGELES,LOS ANGELES,-118.3338,34.02775713
8425236,2017,2017-09-05,1942,2017-06-16,1120,41629,0162,5,5,7,1942,0,0,0,A,0,24T22,9TH,FLOWER,25,E,N,A,-,N,NA,NA,NA,NA,NA,NA,NA,NA,NA,N,4,0,1,2,A,-,07,21658,A,N,C,C,A,A,H,-,A,D,0,NA,NA,NA,NA,Y,NA,-,-,0,0,1,0,0,0,0,0,0,-,-,NA,NA,LOS ANGELES,LOS ANGELES,-118.26133569,34.04575716
8425256,2017,2017-08-24,1942,2017-06-26,0927,39010,1395,1,5,7,1942,0,0,0,M,0,24TL28,SAN PEDRO PL,FLORENCE AV,0,NA,Y,A,-,N,NA,NA,NA,NA,NA,NA,NA,NA,NA,Y,3,0,4,3,A,-,12,21453,A,N,D,C,A,A,H,-,A,A,0,NA,NA,NA,NA,Y,NA,A,07,0,1,3,0,0,0,0,0,0,-,-,NA,NA,LOS ANGELES,LOS ANGELES,-118.26957001,33.97469008
8425264,2017,2017-08-30,1942,2017-06-25,2325,39062,0275,7,5,7,1942,0,0,0,B,0,24T34,ALVARADO ST,OLYMPIC BL,0,NA,Y,A,-,N,NA,NA,NA,NA,NA,NA,NA,NA,NA,Y,4,0,2,2,A,-,01,23152,A,N,B,C,A,A,H,-,C,A,0,NA,NA,NA,NA,Y,Y,D,22,0,0,2,0,0,0,0,0,0,-,-,NA,NA,LOS ANGELES,LOS ANGELES,-118.27983013,34.05174004
8425372,2017,2017-08-14,1942,2017-08-01,1400,40542,1531,2,5,7,1942,0,0,0,O,0,9TL56,OXNARD ST,WHITSETT AV,200,W,N,B,-,N,NA,NA,NA,NA,NA,NA,NA,NA,NA,N,4,0,1,2,A,-,04,21703,NA,F,C,C,A,A,H,-,A,D,0,NA,NA,NA,NA,Y,NA,-,99,0,0,1,0,0,0,0,0,0,-,-,NA,NA,LOS ANGELES,LOS ANGELES,-118.40592005,34.17941
8425376,2017,2018-02-03,1942,2017-08-01,1330,34427,1045,2,5,7,1942,0,0,0,J,0,151L44,OXNARD ST,LINDLEY AV,38,S,N,A,-,N,NA,NA,NA,NA,NA,NA,NA,NA,NA,N,4,0,1,2,A,-,03,22350,NA,F,C,C,A,A,H,-,A,A,0,NA,NA,NA,NA,Y,NA,-,99,0,0,1,0,0,0,0,0,0,-,-,NA,NA,LOS ANGELES,LOS ANGELES,-118.52727,34.18023
8425380,2017,2017-08-14,1942,2017-08-01,1810,40542,0948,2,5,7,1942,0,0,0,I,0,9TL46,FULTON AV,BURBANK BL,200,S,N,B,-,N,NA,NA,NA,NA,NA,NA,NA,NA,NA,Y,3,0,4,3,A,-,04,21703,NA,N,C,C,A,A,H,-,A,D,0,NA,NA,NA,NA,Y,Y,A,01,0,2,2,0,0,0,0,0,0,-,-,NA,NA,LOS ANGELES,LOS ANGELES,-118.42251,34.17157143
8425384,2017,2017-08-14,1942,2017-08-01,1455,41553,0984,2,5,7,1942,0,0,0,I,0,16T26,VENTURA BL,CEDROS AV,0,NA,Y,A,-,N,NA,NA,NA,NA,NA,NA,NA,NA,NA,Y,4,0,1,2,A,-,03,22350,NA,N,C,C,A,A,H,-,A,A,0,NA,NA,NA,NA,Y,NA,A,01,0,0,1,0,0,0,0,0,0,-,-,NA,NA,LOS ANGELES,LOS ANGELES,-118.45305002,34.15164006
8425388,2017,2017-08-14,1942,2017-08-01,0755,38850,0905,2,5,7,1942,0,0,0,I,0,21T63,SATICOY ST,TOBIAS AV,50,E,N,A,-,N,NA,NA,NA,NA,NA,NA,NA,NA,NA,N,4,0,2,2,A,-,09,21804,A,N,D,C,A,A,H,-,A,D,0,NA,NA,NA,NA,Y,NA,A,01,0,0,2,0,0,0,0,0,0,-,-,NA,NA,LOS ANGELES,LOS ANGELES,-118.45187494,34.20848816
8425398,2017,2017-08-14,1953,2017-07-17,1804,2379,1953,1,5,6,1953,0,0,0,NA,0,002,MOUNTAIN AV,LOS ROBLES AV,20,W,N,A,-,N,NA,NA,NA,NA,NA,NA,NA,NA,NA,Y,4,0,1,2,A,-,03,22350,NA,N,C,C,A,A,H,-,A,A,0,NA,NA,NA,NA,Y,NA,A,01,0,0,1,0,0,0,0,0,0,-,-,NA,NA,LOS ANGELES,PASADENA,-118.14163596,34.16151891
8425484,2017,2017-08-15,1941,2017-07-28,1650,10656,NA,5,5,7,1941,0,0,0,NA,0,NA,BRAYTON AV,37TH ST,0,NA,Y,A,-,N,NA,NA,NA,NA,NA,NA,NA,NA,NA,N,3,0,1,2,A,-,00,21461,NA,N,G,G,A,A,H,-,A,A,0,NA,Y,NA,NA,Y,NA,L,NA,0,1,0,0,0,0,1,0,0,-,-,NA,NA,LOS ANGELES,LONG BEACH,-118.17525001999999,33.82421006
8425488,2017,2017-08-15,1942,2017-07-11,2110,40325,0182,2,5,7,1942,0,0,0,A,0,24T35,GRAND AV,9TH ST,153,N,N,A,-,N,NA,NA,NA,NA,NA,NA,NA,NA,NA,N,2,0,1,2,A,-,10,21952,NA,N,G,B,F,A,H,-,C,A,0,Y,NA,NA,NA,Y,NA,A,01,1,0,0,0,1,0,0,0,0,-,-,NA,NA,LOS ANGELES,LOS ANGELES,-118.29017068,33.73646955
8425492,2017,2017-08-15,1953,2017-07-04,1515,3055,1953,2,5,6,1953,0,0,0,NA,0,003,ALTADENA DR,VILLA ST,0,NA,Y,A,-,N,NA,NA,NA,NA,NA,NA,NA,NA,NA,Y,4,0,1,2,A,-,12,21453,A,N,D,C,A,A,H,-,A,A,0,NA,NA,NA,NA,Y,NA,A,01,0,0,1,0,0,0,0,0,0,-,-,NA,NA,LOS ANGELES,PASADENA,-118.09855012,34.15442005