CASE_ID,ACCIDENT_YEAR,PROC_DATE,JURIS,COLLISION_DATE,COLLISION_TIME,OFFICER_ID,REPORTING_DISTRICT,DAY_OF_WEEK,CHP_SHIFT,POPULATION,CNTY_CITY_LOC,SPECIAL_COND,BEAT_TYPE,CHP_BEAT_TYPE,CITY_DIVISION_LAPD,CHP_BEAT_CLASS,BEAT_NUMBER,PRIMARY_RD,SECONDARY_RD,DISTANCE,DIRECTION,INTERSECTION,WEATHER_1,WEATHER_2,STATE_HWY_IND,CALTRANS_COUNTY,CALTRANS_DISTRICT,STATE_ROUTE,ROUTE_SUFFIX,POSTMILE_PREFIX,POSTMILE,LOCATION_TYPE,RAMP_INTERSECTION,SIDE_OF_HWY,TOW_AWAY,COLLISION_SEVERITY,NUMBER_KILLED,NUMBER_INJURED,PARTY_COUNT,PRIMARY_COLL_FACTOR,PCF_CODE_OF_VIOL,PCF_VIOL_CATEGORY,PCF_VIOLATION,PCF_VIOL_SUBSECTION,HIT_AND_RUN,TYPE_OF_COLLISION,MVIW,PED_ACTION,ROAD_SURFACE,ROAD_COND_1,ROAD_COND_2,LIGHTING,CONTROL_DEVICE,CHP_ROAD_TYPE,PEDESTRIAN_ACCIDENT,BICYCLE_ACCIDENT,MOTORCYCLE_ACCIDENT,TRUCK_ACCIDENT,NOT_PRIVATE_PROPERTY,ALCOHOL_INVOLVED,STWD_VEHTYPE_AT_FAULT,CHP_VEHTYPE_AT_FAULT,COUNT_SEVERE_INJ,COUNT_VISIBLE_INJ,COUNT_COMPLAINT_PAIN,COUNT_PED_KILLED,COUNT_PED_INJURED,COUNT_BICYCLIST_KILLED,COUNT_BICYCLIST_INJURED,COUNT_MC_KILLED,COUNT_MC_INJURED,PRIMARY_RAMP,SECONDARY_RAMP,LATITUDE,LONGITUDE,COUNTY,CITY,POINT_X,POINT_Y
8428778,2017,2017-08-22,1942,2017-07-31,1250,33599,0313,1,5,7,1942,0,0,0,C,0,3TL5,CRENSHAW,23RD ST,150,S,N,A,-,N,NA,NA,NA,NA,NA,NA,NA,NA,NA,N,4,0,1,2,A,-,11,21954,A,F,G,B,E,A,H,-,A,D,0,Y,NA,NA,NA,Y,NA,N,60,0,0,1,0,1,0,0,0,0,-,-,NA,NA,LOS ANGELES,LOS ANGELES,-118.333011,34.036377
8428782,2017,2017-08-22,1942,2017-07-31,1805,38118,529,1,5,7,1942,0,0,0,NA,0,25MQ62,ANAHEIM ST,ALAMEDA ST,62,E,N,A,-,N,NA,NA,NA,NA,NA,NA,NA,NA,NA,Y,4,0,3,4,A,-,03,22350,NA,F,C,C,A,A,H,-,A,D,0,NA,NA,NA,NA,Y,NA,A,01,0,0,3,0,0,0,0,0,0,-,-,NA,NA,LOS ANGELES,LOS ANGELES,-118.24501674,33.78094016
8428786,2017,2017-08-22,1942,2017-07-21,1035,40237,0514,5,5,7,1942,0,0,0,E,0,12T41,WEST M ST,FIGUEROA ST,0,NA,Y,A,-,N,NA,NA,NA,NA,NA,NA,NA,NA,NA,N,3,0,1,2,A,-,09,21802,A,N,D,D,A,A,H,-,A,A,0,NA,NA,Y,NA,Y,NA,A,01,0,1,0,0,0,0,0,0,1,-,-,NA,NA,LOS ANGELES,LOS ANGELES,-118.28084008,33.78862007
8428804,2017,2017-08-22,1942,2017-08-01,0915,41536,1236,2,5,7,1942,0,0,0,L,0,12TL41,FIGUEROA ST,74TH ST,14,N,N,A,-,N,NA,NA,NA,NA,NA,NA,NA,NA,NA,Y,4,0,1,2,A,-,09,21801,A,N,B,C,A,A,H,-,A,D,0,NA,NA,Y,NA,Y,NA,A,01,0,0,1,0,0,0,0,0,1,-,-,NA,NA,LOS ANGELES,LOS ANGELES,-118.28271,33.9727484
8428808,2017,2017-08-22,1942,2017-08-05,2130,41683,0303,6,5,7,1942,0,0,0,C,0,12T41,ADAMS BL,LONGWOOD AV,0,NA,Y,B,-,N,NA,NA,NA,NA,NA,NA,NA,NA,NA,N,2,0,1,2,A,-,11,21956,A,N,G,B,D,A,H,-,C,D,0,Y,NA,NA,NA,Y,NA,N,60,1,0,0,0,1,0,0,0,0,-,-,NA,NA,LOS ANGELES,LOS ANGELES,-118.34967001,34.03251002
8428811,2017,2017-08-22,1966,2017-07-29,1624,10839,4,6,5,3,1966,0,0,0,NA,0,NA,N BALDWIN AV,KERSTING CT,1,S,N,A,-,N,NA,NA,NA,NA,NA,NA,NA,NA,NA,N,2,0,1,2,A,-,04,21703,NA,N,C,C,A,A,H,-,A,D,0,NA,NA,Y,NA,Y,NA,C,02,1,0,0,0,0,0,0,0,1,-,-,NA,NA,LOS ANGELES,SIERRA MADRE,-118.05267013,34.16231726
8428812,2017,2017-08-22,1942,2017-08-07,1900,38067,1211,1,5,7,1942,0,0,0,L,0,12A31,54TH ST,VAN NESS AV,0,NA,Y,A,-,N,NA,NA,NA,NA,NA,NA,NA,NA,NA,N,4,0,1,2,A,-,03,22350,NA,F,C,C,A,A,H,-,A,A,0,NA,NA,NA,NA,Y,NA,A,01,0,0,1,0,0,0,0,0,0,-,-,NA,NA,LOS ANGELES,LOS ANGELES,-118.31766012,33.99320004
8428816,2017,2017-08-22,1942,2017-08-02,0630,33599,1249,3,5,7,1942,0,0,0,L,0,3TL5,HOOVER ST,70TH ST,0,NA,Y,B,-,N,NA,NA,NA,NA,NA,NA,NA,NA,NA,Y,4,0,1,2,A,-,09,21804,A,N,D,C,A,A,H,-,A,A,0,NA,NA,NA,NA,Y,NA,A,01,0,0,1,0,0,0,0,0,0,-,-,NA,NA,LOS ANGELES,LOS ANGELES,-118.28711002,33.97638009
8428820,2017,2017-08-22,1942,2017-08-07,1350,41805,1255,1,5,7,1942,0,0,0,L,0,12X48,VERMONT AV,FLORENCE AV,0,NA,Y,A,-,N,NA,NA,NA,NA,NA,NA,NA,NA,NA,N,4,0,1,2,A,-,08,22107,NA,F,A,C,A,A,H,-,A,A,0,NA,NA,NA,NA,Y,NA,-,99,0,0,1,0,0,0,0,0,0,-,-,NA,NA,LOS ANGELES,LOS ANGELES,-118.29174013,33.97463007
8428824,2017,2018-05-14,1942,2017-08-01,1355,41115,0515,2,5,7,1942,0,0,0,E,0,5X64,PACIFIC COAST HWY,EUBANK,40,W,N,A,-,Y,LA,7,1,-,-,10.13,H,-,N,Y,4,0,1,2,A,-,07,21658,A,F,B,D,A,A,H,-,A,A,0,NA,NA,NA,NA,Y,NA,A,01,0,0,1,0,0,0,0,0,0,-,-,NA,NA,LOS ANGELES,LOS ANGELES,-118.2563565,33.79164045
8428826,2017,2017-08-22,1900,2017-07-31,1455,451502,1416,1,5,1,1932,0,0,0,NA,0,141T6,COLIMA RD,AZUSA AV,797,E,N,A,-,N,NA,NA,NA,NA,NA,NA,NA,NA,NA,Y,4,0,1,2,A,-,09,21801,A,N,D,C,A,A,H,-,A,D,0,NA,NA,NA,NA,Y,NA,A,01,0,0,1,0,0,0,0,0,0,-,-,33.991,-117.92902,LOS ANGELES,INDUSTRY,-117.92918209,33.99100305
8428828,2017,2017-08-22,1942,2017-08-07,1920,39678,0334,1,5,7,1942,0,0,0,C,0,3A73,MONTCLAIR ST,12TH AV,20,E,N,A,-,N,NA,NA,NA,NA,NA,NA,NA,NA,NA,Y,4,0,1,4,A,-,03,22350,NA,F,C,C,A,A,H,-,A,D,0,NA,NA,NA,NA,Y,Y,-,99,0,0,1,0,0,0,0,0,0,-,-,NA,NA,LOS ANGELES,LOS ANGELES,-118.33131975,34.03088453
8428830,2017,2017-08-22,1900,2017-07-27,2015,478216,1417,4,5,1,1932,0,0,0,NA,0,141T5,AZUSA AV,GLENLOCH AV,50,N,N,A,-,N,NA,NA,NA,NA,NA,NA,NA,NA,NA,N,4,0,1,4,A,-,03,22350,NA,N,C,C,A,A,H,-,C,D,0,NA,NA,NA,NA,Y,NA,A,01,0,0,1,0,0,0,0,0,0,-,-,NA,NA,LOS ANGELES,INDUSTRY,-117.91909683,34.02127973
8428832,2017,2017-08-18,1942,2017-08-01,2030,42364,336,2,5,7,1942,0,0,0,NA,0,3T5,28TH ST,HILLCREST DR,0,NA,Y,A,-,N,NA,NA,NA,NA,NA,NA,NA,NA,NA,N,3,0,1,2,A,-,10,21950,C,N,G,B,B,A,H,-,B,D,0,Y,NA,NA,NA,Y,NA,A,01,0,1,0,0,1,0,0,0,0,-,-,NA,NA,LOS ANGELES,LOS ANGELES,-118.34289003,34.03110004
8428838,2017,2017-08-22,1900,2017-07-24,1100,531276,1414,1,5,1,1932,0,0,0,NA,0,141T3,HACIENDA BL,VALLEY BL,0,NA,Y,A,-,N,NA,NA,NA,NA,NA,NA,NA,NA,NA,N,3,0,2,2,A,-,12,21453,A,N,D,C,A,A,H,-,A,A,0,NA,NA,NA,NA,Y,NA,A,01,0,1,1,0,0,0,0,0,0,-,-,34.0198,-117.9582,LOS ANGELES,INDUSTRY,-117.95823011,34.01981012
8428840,2017,2017-08-18,1942,2017-08-01,0610,33599,0333,2,5,7,1942,0,0,0,C,0,375,ADAMS BL,BUCKINGHAM RD,0,NA,Y,B,-,N,NA,NA,NA,NA,NA,NA,NA,NA,NA,Y,2,0,4,2,A,-,05,21650,NA,N,A,C,A,A,H,-,A,A,0,NA,NA,NA,NA,Y,NA,A,01,1,3,0,0,0,0,0,0,0,-,-,NA,NA,LOS ANGELES,LOS ANGELES,-118.34054006,34.03257008
8428842,2017,2017-08-22,1900,2017-07-17,1840,451502,1416,1,5,1,1932,0,0,0,NA,0,141T6,STONER CREEK RD,GALE AV,128,S,N,A,-,N,NA,NA,NA,NA,NA,NA,NA,NA,NA,N,4,0,2,2,A,-,03,22350,NA,M,C,C,A,A,H,-,A,A,0,NA,NA,NA,NA,Y,NA,A,08,0,0,2,0,0,0,0,0,0,-,-,33.99468,-117.91664,LOS ANGELES,INDUSTRY,-117.9116565,33.99473913
8428846,2017,2017-08-22,1900,2017-07-31,2101,406363,1418,1,5,1,1932,0,0,0,NA,0,141T5,GALE AV,JELLICK AV,0,NA,Y,A,-,N,NA,NA,NA,NA,NA,NA,NA,NA,NA,Y,4,0,2,2,A,-,09,21802,A,N,D,C,A,A,H,-,C,A,0,NA,NA,NA,NA,Y,NA,A,01,0,0,2,0,0,0,0,0,0,-,-,33.99573,-117.90021,LOS ANGELES,INDUSTRY,-117.90037002,33.99596006
8428850,2017,2017-08-22,1900,2017-07-26,1300,484616,2610,3,5,6,1950,0,0,0,NA,0,263T1,PALMDALE BL,9TH ST EAST,124,W,N,A,-,N,NA,NA,NA,NA,NA,NA,NA,NA,NA,N,4,0,2,2,A,-,03,22350,NA,N,C,C,A,A,H,-,A,A,0,NA,NA,NA,NA,Y,NA,A,01,0,0,2,0,0,0,0,0,0,-,-,NA,NA,LOS ANGELES,PALMDALE,-118.11471103,34.57953543
8428854,2017,2017-08-22,1900,2017-07-27,1245,526352,1435,4,5,4,1937,0,0,0,NA,0,143T1,HURLEY ST,AZUSA WY,130,W,N,A,-,N,NA,NA,NA,NA,NA,NA,NA,NA,NA,N,4,0,1,2,A,-,10,21952,NA,N,G,B,F,A,H,-,A,A,0,Y,NA,NA,NA,Y,NA,A,01,0,0,1,0,1,0,0,0,0,-,-,NA,NA,LOS ANGELES,LA PUENTE,-117.92468134,34.01142249
8428858,2017,2017-08-22,1900,2017-07-22,1600,609102,2612,6,5,6,1950,0,0,0,NA,0,NA,AVENUE O,30TH ST WEST,0,NA,Y,A,-,N,NA,NA,NA,NA,NA,NA,NA,NA,NA,Y,4,0,1,2,A,-,09,21801,A,N,D,C,A,A,H,-,A,A,0,NA,NA,NA,NA,Y,NA,A,01,0,0,1,0,0,0,0,0,0,-,-,NA,NA,LOS ANGELES,PALMDALE,-118.18368004,34.61645003
8428862,2017,2017-08-22,1900,2017-07-19,1620,546525,2621,3,5,6,1950,0,0,0,NA,0,263T1,AVENUE M,10TH ST EAST,801,W,N,A,-,N,NA,NA,NA,NA,NA,NA,NA,NA,NA,Y,4,0,1,1,A,-,08,22107,NA,N,F,A,A,A,H,-,A,D,0,NA,NA,NA,NA,Y,NA,A,01,0,0,1,0,0,0,0,0,0,-,-,NA,NA,LOS ANGELES,PALMDALE,-118.11498747,34.64592001
8428866,2017,2017-08-22,1900,2017-07-26,2144,451502,1415,3,5,1,1932,0,0,0,NA,0,141T6,GALE AV,GREEN DR,0,NA,Y,A,-,N,NA,NA,NA,NA,NA,NA,NA,NA,NA,Y,4,0,1,2,A,-,12,21453,A,N,D,C,A,A,H,-,C,A,0,NA,NA,NA,NA,Y,NA,A,01,0,0,1,0,0,0,0,0,0,-,-,34.00037,-117.93334,LOS ANGELES,INDUSTRY,-117.93713005,34.00136005
8428870,2017,2017-08-22,1920,2017-07-12,1832,11859,1920,3,5,6,1920,0,0,0,NA,0,005,FLORENCE AV,DOWNEY AV,0,NA,Y,A,-,N,NA,NA,NA,NA,NA,NA,NA,NA,NA,Y,3,0,2,3,A,-,09,21801,A,N,D,C,A,A,H,-,A,A,0,NA,NA,NA,NA,Y,NA,A,01,0,1,1,0,0,0,0,0,0,-,-,NA,NA,LOS ANGELES,DOWNEY,-118.12575001,33.95142006
8428874,2017,2017-08-22,1900,2017-07-24,1117,552548,2610,1,5,6,1950,0,0,0,NA,0,262T1,AVENUE Q-12,10TH ST EAST,274,E,N,A,-,N,NA,NA,NA,NA,NA,NA,NA,NA,NA,N,4,0,3,2,A,-,09,21801,A,N,D,C,A,A,H,-,A,D,0,NA,NA,NA,NA,Y,NA,A,08,0,0,3,0,0,0,0,0,0,-,-,NA,NA,LOS ANGELES,PALMDALE,-118.110904,34.575747
8428878,2017,2017-08-22,1920,2017-07-17,1621,11859,1920,1,5,6,1920,0,0,0,NA,0,003,FLORENCE AV,SMALLWOOD AV,0,NA,Y,A,-,N,NA,NA,NA,NA,NA,NA,NA,NA,NA,Y,4,0,2,2,A,-,09,21801,A,N,D,C,A,A,H,-,-,D,0,NA,NA,NA,NA,Y,NA,A,07,0,0,2,0,0,0,0,0,0,-,-,NA,NA,LOS ANGELES,DOWNEY,-118.13325004,33.95516002
8428888,2017,2017-08-24,1906,2017-05-29,1147,4422,NA,1,5,5,1906,0,0,0,NA,0,004,MAINE AV,EDISON POLE 1681920 E,25,N,N,A,-,N,NA,NA,NA,NA,NA,NA,NA,NA,NA,N,3,0,2,2,A,-,08,22107,NA,N,-,E,A,A,H,-,A,D,0,NA,NA,NA,NA,Y,NA,A,01,0,1,1,0,0,0,0,0,0,-,-,NA,NA,LOS ANGELES,BALDWIN PARK,NA,NA
8428896,2017,2017-08-22,1966,2017-05-18,0931,10839,1,4,5,3,1966,0,0,0,NA,0,NA,W HIGHLAND AV,JAMESON CT,190,W,N,A,-,N,NA,NA,NA,NA,NA,NA,NA,NA,NA,Y,4,0,1,2,A,-,08,22107,NA,N,C,E,A,A,H,-,A,D,0,NA,NA,NA,NA,Y,NA,A,01,0,0,1,0,0,0,0,0,0,-,-,NA,NA,LOS ANGELES,SIERRA MADRE,-118.06241658,34.16429928
8428908,2017,2017-08-22,1906,2017-06-26,0646,4422,NA,1,5,5,1906,0,0,0,NA,0,002,RIVERGRADE RD,BROOKS DR,0,NA,Y,A,-,N,NA,NA,NA,NA,NA,NA,NA,NA,NA,Y,3,0,2,2,A,-,03,22350,NA,N,D,D,A,A,H,-,A,A,0,NA,NA,NA,NA,Y,NA,A,01,0,2,0,0,0,0,0,0,0,-,-,NA,NA,LOS ANGELES,BALDWIN PARK,-117.98408005,34.09914002
8428916,2017,2017-08-22,1906,2017-06-20,0824,4422,NA,2,5,5,1906,0,0,0,NA,0,001,COSBEY AV,EGIL AV,81,N,N,A,-,N,NA,NA,NA,NA,NA,NA,NA,NA,NA,N,3,0,1,1,A,-,08,22103,NA,N,A,I,A,A,H,-,A,D,0,NA,NA,NA,NA,Y,NA,A,07,0,1,0,0,0,0,0,0,0,-,-,NA,NA,LOS ANGELES,BALDWIN PARK,-117.98884351,34.07737705
8428920,2017,2017-08-22,1920,2017-07-12,2019,11859,1920,3,5,6,1920,0,0,0,NA,0,003,PARAMOUNT BL,4TH PL,0,NA,Y,A,-,N,NA,NA,NA,NA,NA,NA,NA,NA,NA,N,3,0,1,2,A,-,10,21950,A,N,G,B,B,A,H,-,C,D,0,Y,NA,NA,NA,Y,NA,A,01,0,1,0,0,1,0,0,0,0,-,-,NA,NA,LOS ANGELES,DOWNEY,-118.13608009,33.94528006
8428928,2017,2017-08-22,1920,2017-07-12,1541,12609,NA,3,5,6,1920,0,0,0,NA,0,002,OLD RIVER SCHOOL RD,STEWART AND GRAY RD,112,N,N,A,-,N,NA,NA,NA,NA,NA,NA,NA,NA,NA,N,3,0,1,3,A,-,09,21804,A,N,D,G,A,A,H,-,A,A,0,NA,Y,NA,NA,Y,NA,L,04,0,1,0,0,0,0,1,0,0,-,-,NA,NA,LOS ANGELES,DOWNEY,-118.15387314,33.94046471
8428950,2016,2017-11-08,1918,2016-11-17,1814,798,198,4,5,4,1918,0,0,0,NA,0,2TL24,BUCKINGHAM PKWY,SLAUSON AV,0,NA,Y,A,-,N,NA,NA,NA,NA,NA,NA,NA,NA,NA,Y,3,0,1,2,A,-,08,22101,D,N,D,C,A,A,H,-,C,A,0,NA,NA,NA,Y,Y,NA,A,01,0,1,0,0,0,0,0,0,0,-,-,33.98893,-116.38049,LOS ANGELES,CULVER CITY,-118.38058001,33.98898011
8428956,2017,2017-08-22,1900,2017-08-03,0020,527381,2608,4,5,6,1950,0,0,0,NA,0,262T1,30TH ST E,AVE R-8,102,N,N,A,-,N,NA,NA,NA,NA,NA,NA,NA,NA,NA,Y,4,0,1,1,A,-,08,22107,NA,N,E,I,A,A,H,-,C,D,0,NA,NA,NA,NA,Y,NA,A,01,0,0,1,0,0,0,0,0,0,-,-,NA,NA,LOS ANGELES,PALMDALE,-118.0762,34.56587966
8428958,2016,2017-08-23,1918,2016-11-29,0910,646,1918,2,5,4,1918,0,0,0,NA,0,2M4,JEFFERSON BL,HETZLER RD,360,E,N,A,-,N,NA,NA,NA,NA,NA,NA,NA,NA,NA,N,4,0,1,2,A,-,03,22350,NA,N,C,C,A,A,H,-,A,D,0,NA,NA,NA,NA,Y,NA,A,01,0,0,1,0,0,0,0,0,0,-,-,34.02048,-118.38256,LOS ANGELES,CULVER CITY,-118.3814182,34.02071653
8428960,2017,2017-08-22,1900,2017-08-02,0600,253807,2619,3,5,6,1950,0,0,0,NA,0,261T1,AVENUE P-2,CAROLSIDE AV,0,NA,Y,A,-,N,NA,NA,NA,NA,NA,NA,NA,NA,NA,Y,3,0,1,1,A,-,08,22107,NA,N,E,I,A,A,H,-,A,D,0,NA,NA,NA,NA,Y,NA,A,01,0,1,0,0,0,0,0,0,0,-,-,NA,NA,LOS ANGELES,PALMDALE,-118.12831014,34.59959003
8429043,2017,2017-08-23,1900,2017-08-03,1345,522303,2619,4,5,6,1950,0,0,0,NA,0,262T1,LOWES DR,TRADE CENTER DR,0,NA,Y,A,-,N,NA,NA,NA,NA,NA,NA,NA,NA,NA,Y,4,0,1,2,A,-,09,21802,A,N,D,C,A,A,H,-,A,A,0,NA,NA,NA,NA,Y,NA,D,22,0,0,1,0,0,0,0,0,0,-,-,NA,NA,LOS ANGELES,PALMDALE,-118.1444101,34.60095011
8429047,2017,2017-08-24,1920,2017-07-17,1318,13280,NA,1,5,6,1920,0,0,0,NA,0,002,PARAMOUNT BL,ALBIA ST,291,N,N,A,-,N,NA,NA,NA,NA,NA,NA,NA,NA,NA,Y,4,0,1,3,A,-,21,22106,NA,N,B,C,A,A,H,-,A,D,0,NA,NA,NA,NA,Y,NA,A,01,0,0,1,0,0,0,0,0,0,-,-,NA,NA,LOS ANGELES,DOWNEY,-118.14600467,33.93189702
8429050,2017,2017-08-29,1906,2017-05-02,1440,4422,1906,2,5,5,1906,0,0,0,NA,0,004,LANDIS AV,OHIO ST,0,NA,Y,A,-,N,NA,NA,NA,NA,NA,NA,NA,NA,NA,N,3,0,1,2,A,-,12,22450,A,N,D,G,A,A,H,-,A,D,0,NA,Y,NA,NA,Y,NA,L,04,0,1,0,0,0,0,1,0,0,-,-,NA,NA,LOS ANGELES,BALDWIN PARK,-117.96322,34.09540006
8429056,2017,2017-08-24,1900,2017-07-22,1240,531276,1417,6,5,1,1932,0,0,0,NA,0,141T3,AZUSA AV,GEMINI ST,180,S,N,A,-,N,NA,NA,NA,NA,NA,NA,NA,NA,NA,N,4,0,2,5,A,-,08,22107,NA,N,C,C,A,A,H,-,A,A,0,NA,NA,NA,Y,Y,NA,F,26,0,0,2,0,0,0,0,0,0,-,-,34.0192,-117.9199,LOS ANGELES,INDUSTRY,-117.92035078,34.01815571
8429059,2017,2017-08-24,1900,2017-07-22,0845,552548,2610,6,5,6,1950,0,0,0,NA,0,262T1,AVE R,10TH ST EAST,0,NA,Y,A,-,N,NA,NA,NA,NA,NA,NA,NA,NA,NA,N,4,0,1,2,A,-,03,22350,NA,N,C,C,A,A,H,-,A,A,0,NA,NA,NA,NA,Y,NA,A,01,0,0,1,0,0,0,0,0,0,-,-,NA,NA,LOS ANGELES,PALMDALE,-118.11174009,34.57262004
8429063,2017,2017-08-24,1900,2017-07-11,1340,552548,2612,2,5,6,1950,0,0,0,NA,0,262T1,30TH ST WEST,AVE O,0,NA,Y,A,-,N,NA,NA,NA,NA,NA,NA,NA,NA,NA,Y,4,0,1,2,A,-,09,21801,A,N,D,C,A,A,H,-,A,A,0,NA,NA,NA,NA,Y,NA,D,22,0,0,1,0,0,0,0,0,0,-,-,NA,NA,LOS ANGELES,PALMDALE,-118.18368004,34.61645003
8429075,2017,2017-08-24,1920,2017-07-17,2029,11859,1920,1,5,6,1920,0,0,0,NA,0,004,FIRESTONE BL,PANGBORN AV,0,NA,Y,A,-,N,NA,NA,NA,NA,NA,NA,NA,NA,NA,N,4,0,1,2,A,-,10,21950,A,N,G,B,B,A,H,-,C,A,0,Y,NA,NA,NA,Y,NA,D,22,0,0,1,0,1,0,0,0,0,-,-,NA,NA,LOS ANGELES,DOWNEY,-118.11395,33.93051008
8429076,2017,2017-08-24,1900,2017-07-26,0740,526352,1430,3,5,4,1937,0,0,0,NA,0,143T1,NELSON AV,PUENTE AV,0,NA,Y,A,-,N,NA,NA,NA,NA,NA,NA,NA,NA,NA,Y,4,0,1,2,A,-,12,21457,A,N,D,C,A,A,H,-,A,B,0,NA,NA,NA,NA,Y,NA,D,22,0,0,1,0,0,0,0,0,0,-,-,NA,NA,LOS ANGELES,LA PUENTE,-117.98557006,34.04670005
8429084,2017,2018-02-02,1900,2017-07-26,1858,513465,2610,3,5,6,1950,0,0,0,NA,0,263T1,AVE R,10TH ST EAST,0,NA,Y,A,-,N,NA,NA,NA,NA,NA,NA,NA,NA,NA,Y,4,0,1,4,A,-,12,21453,A,M,D,C,A,A,H,-,B,A,0,NA,NA,NA,NA,Y,NA,A,01,0,0,1,0,0,0,0,0,0,-,-,NA,NA,LOS ANGELES,PALMDALE,-118.11174009,34.57262004
8429088,2017,2017-08-24,1900,2017-07-25,0830,522303,2619,2,5,6,1950,0,0,0,NA,0,261T1,AVENUE M,10TH ST WEST,0,NA,Y,A,-,N,NA,NA,NA,NA,NA,NA,NA,NA,NA,Y,4,0,2,2,A,-,12,21453,A,N,D,C,A,B,H,-,A,A,0,NA,NA,NA,NA,Y,NA,A,01,0,0,2,0,0,0,0,0,0,-,-,NA,NA,LOS ANGELES,PALMDALE,-118.14768008,34.6458101
8429096,2017,2018-05-04,1900,2017-07-25,0805,489417,2603,2,5,6,1950,0,0,0,NA,0,262T1,PEARBLOSSOM HWY,30TH ST EAST,400,W,N,A,-,N,NA,NA,NA,NA,NA,NA,NA,NA,NA,Y,3,0,1,2,A,-,03,22350,NA,N,C,C,A,A,H,-,A,D,0,NA,NA,NA,NA,Y,NA,A,01,0,1,0,0,0,0,0,0,0,-,-,NA,NA,LOS ANGELES,PALMDALE,-118.07476774,34.54151721
8429100,2017,2017-08-24,1900,2017-07-15,1450,546525,2619,6,5,6,1950,0,0,0,NA,0,263T1,AVE O,DIVISION ST,0,NA,Y,A,-,N,NA,NA,NA,NA,NA,NA,NA,NA,NA,Y,4,0,3,2,A,-,09,21802,A,N,D,C,A,A,H,-,A,A,0,NA,NA,NA,NA,Y,NA,A,08,0,0,3,0,0,0,0,0,0,-,-,NA,NA,LOS ANGELES,PALMDALE,-118.12996009,34.61620008
8429104,2017,2017-08-24,1900,2017-07-29,0120,527381,2607,6,5,6,1950,0,0,0,NA,0,262T1,AVE S,HILLCREST DR,0,NA,Y,A,-,N,NA,NA,NA,NA,NA,NA,NA,NA,NA,Y,3,0,5,2,A,-,09,21453,C,N,D,C,A,A,H,-,C,A,0,NA,NA,NA,NA,Y,NA,A,07,0,2,3,0,0,0,0,0,0,-,-,NA,NA,LOS ANGELES,PALMDALE,-118.03656003,34.55818004
8429121,2016,2017-08-22,1918,2016-11-22,1741,798,1918,2,5,4,1918,0,0,0,NA,0,2TL24,CARDIFF AV,VENICE BL,167,S,N,A,-,N,NA,NA,NA,NA,NA,NA,NA,NA,NA,N,3,0,1,2,A,-,09,21801,A,N,B,C,A,A,H,-,D,D,0,NA,NA,Y,NA,Y,NA,A,01,0,1,0,0,0,0,0,0,1,-,-,NA,NA,LOS ANGELES,CULVER CITY,-118.39567687,34.02448727
8429122,2016,2017-08-23,1918,2016-11-11,1103,798,1918,5,5,4,1918,0,0,0,NA,0,2TL24,SAWTELLE BL,MATTESON AV,0,NA,Y,A,B,N,NA,NA,NA,NA,NA,NA,NA,NA,NA,N,4,0,1,2,D,-,00,NA,NA,N,C,C,A,A,H,-,A,D,0,NA,NA,NA,NA,Y,NA,-,-,0,0,1,0,0,0,0,0,0,-,-,34.00968,-118.41824,LOS ANGELES,CULVER CITY,-118.41833008,34.00961009
8429123,2016,2017-08-21,1918,2016-11-14,0825,742,221,1,5,4,1918,0,0,0,NA,0,2TL22,HIGUERA ST,LINDBLADE ST,0,NA,Y,B,-,N,NA,NA,NA,NA,NA,NA,NA,NA,NA,Y,4,0,1,1,A,-,03,22350,NA,N,E,I,A,A,H,-,A,D,0,NA,NA,NA,NA,Y,NA,A,01,0,0,1,0,0,0,0,0,0,-,-,34.02534,-118.38972,LOS ANGELES,CULVER CITY,-118.38977012,34.02536003
8429124,2016,2017-08-22,1918,2016-12-05,1355,646,1918,1,5,4,1918,0,0,0,NA,0,2M3,WASHINGTON BL,SAWTELLE BL,0,NA,Y,A,-,N,NA,NA,NA,NA,NA,NA,NA,NA,NA,N,4,0,1,4,A,-,09,21800,D,N,D,C,A,A,H,-,A,B,0,NA,NA,NA,NA,Y,NA,A,01,0,0,1,0,0,0,0,0,0,-,-,34.00424,-118.14146,LOS ANGELES,CULVER CITY,-118.41465001,34.00420009
8429127,2016,2017-08-21,1918,2016-11-14,1700,1129,1A53,1,5,4,1918,0,0,0,NA,0,PATROL,WASHINGTON PL,BOISE AV,23,N,N,A,-,N,NA,NA,NA,NA,NA,NA,NA,NA,NA,Y,2,0,2,2,A,-,09,21804,A,N,D,C,A,A,H,-,B,D,0,NA,NA,NA,NA,Y,NA,A,01,1,0,1,0,0,0,0,0,0,-,-,33.99823,-118.43276,LOS ANGELES,CULVER CITY,-118.43274451,33.99823169
8429128,2016,2017-08-22,1918,2016-12-07,0800,701,1918,3,5,4,1918,0,0,0,NA,0,2M5,SEPULVEDA BL,VERA WY,0,NA,Y,A,-,N,NA,NA,NA,NA,NA,NA,NA,NA,NA,Y,3,0,2,2,A,-,09,21801,A,N,D,C,A,A,H,-,A,D,0,NA,NA,NA,NA,Y,NA,A,07,0,1,1,0,0,0,0,0,0,-,-,33.9934,-118.39529,LOS ANGELES,CULVER CITY,-118.39529,33.9934