CASE_ID,ACCIDENT_YEAR,PROC_DATE,JURIS,COLLISION_DATE,COLLISION_TIME,OFFICER_ID,REPORTING_DISTRICT,DAY_OF_WEEK,CHP_SHIFT,POPULATION,CNTY_CITY_LOC,SPECIAL_COND,BEAT_TYPE,CHP_BEAT_TYPE,CITY_DIVISION_LAPD,CHP_BEAT_CLASS,BEAT_NUMBER,PRIMARY_RD,SECONDARY_RD,DISTANCE,DIRECTION,INTERSECTION,WEATHER_1,WEATHER_2,STATE_HWY_IND,CALTRANS_COUNTY,CALTRANS_DISTRICT,STATE_ROUTE,ROUTE_SUFFIX,POSTMILE_PREFIX,POSTMILE,LOCATION_TYPE,RAMP_INTERSECTION,SIDE_OF_HWY,TOW_AWAY,COLLISION_SEVERITY,NUMBER_KILLED,NUMBER_INJURED,PARTY_COUNT,PRIMARY_COLL_FACTOR,PCF_CODE_OF_VIOL,PCF_VIOL_CATEGORY,PCF_VIOLATION,PCF_VIOL_SUBSECTION,HIT_AND_RUN,TYPE_OF_COLLISION,MVIW,PED_ACTION,ROAD_SURFACE,ROAD_COND_1,ROAD_COND_2,LIGHTING,CONTROL_DEVICE,CHP_ROAD_TYPE,PEDESTRIAN_ACCIDENT,BICYCLE_ACCIDENT,MOTORCYCLE_ACCIDENT,TRUCK_ACCIDENT,NOT_PRIVATE_PROPERTY,ALCOHOL_INVOLVED,STWD_VEHTYPE_AT_FAULT,CHP_VEHTYPE_AT_FAULT,COUNT_SEVERE_INJ,COUNT_VISIBLE_INJ,COUNT_COMPLAINT_PAIN,COUNT_PED_KILLED,COUNT_PED_INJURED,COUNT_BICYCLIST_KILLED,COUNT_BICYCLIST_INJURED,COUNT_MC_KILLED,COUNT_MC_INJURED,PRIMARY_RAMP,SECONDARY_RAMP,LATITUDE,LONGITUDE,COUNTY,CITY,POINT_X,POINT_Y
8429289,2017,2017-08-16,1942,2017-07-26,1755,40398,1762,3,5,7,1942,0,0,0,Q,0,10TL36,DE SOTO AV,SUPERIOR ST,0,NA,Y,A,-,N,NA,NA,NA,NA,NA,NA,NA,NA,NA,Y,4,0,1,2,A,-,09,21801,A,F,H,C,A,A,H,-,A,A,0,NA,NA,NA,NA,Y,NA,-,99,0,0,1,0,0,0,0,0,0,-,-,NA,NA,LOS ANGELES,LOS ANGELES,-118.5885701,34.24637001
8429291,2017,2017-08-16,1942,2017-07-18,1745,42324,1795,2,5,7,1942,0,0,0,Q,0,17X24,BALBOA BL,ROSCOE BL,0,NA,Y,A,-,N,NA,NA,NA,NA,NA,NA,NA,NA,NA,N,2,0,1,2,A,-,09,21801,A,N,D,C,A,A,H,-,A,D,0,NA,NA,Y,NA,Y,NA,A,07,1,0,0,0,0,0,0,0,1,-,-,NA,NA,LOS ANGELES,LOS ANGELES,-118.50264001,34.22120007
8429292,2017,2017-08-21,1942,2017-08-01,0845,42378,0835,2,5,7,1942,0,0,0,H,0,8A59,VETERAN AV,OLYMPIC BL,0,NA,Y,A,-,N,NA,NA,NA,NA,NA,NA,NA,NA,NA,Y,3,0,2,2,A,-,01,23152,A,N,D,C,A,A,H,-,A,A,0,NA,NA,NA,NA,Y,Y,A,07,0,1,1,0,0,0,0,0,0,-,-,NA,NA,LOS ANGELES,LOS ANGELES,-118.43446009,34.04228008
8429293,2017,2017-08-16,1942,2017-07-28,1615,41316,0938,5,5,7,1942,0,0,0,I,0,21TL62,VICTORY BL,VENTURA CANYON AV,100,W,N,A,-,N,NA,NA,NA,NA,NA,NA,NA,NA,NA,N,4,0,1,2,A,-,11,21954,A,F,G,B,D,A,H,-,A,D,0,Y,NA,NA,NA,Y,NA,N,60,0,0,1,0,1,0,0,0,0,-,-,NA,NA,LOS ANGELES,LOS ANGELES,-118.42938006,34.18668
8429295,2017,2017-08-16,1942,2017-07-19,1710,42721,1708,3,5,7,1942,0,0,0,Q,0,17A48,SAN FERNANDO RD,SEPULVEDA BL,50,N,N,A,-,N,NA,NA,NA,NA,NA,NA,NA,NA,NA,Y,4,0,1,1,A,-,03,22350,NA,N,A,-,A,A,H,-,A,D,0,NA,NA,NA,NA,Y,NA,A,01,0,0,1,0,0,0,0,0,0,-,-,NA,NA,LOS ANGELES,LOS ANGELES,-118.49080851,34.31517021
8429297,2017,2017-08-16,1942,2017-07-29,0010,39281,0906,6,5,7,1942,0,0,0,I,0,15743,VAN NUYS BL,SHERMAN WY,210,N,N,A,-,N,NA,NA,NA,NA,NA,NA,NA,NA,NA,N,3,0,1,2,A,-,09,21804,A,F,D,G,A,A,H,-,C,D,0,NA,Y,NA,NA,Y,NA,-,99,0,1,0,0,0,0,1,0,0,-,-,NA,NA,LOS ANGELES,LOS ANGELES,-118.44873266,34.20176588
8429298,2017,2017-08-16,1942,2017-07-20,2255,36336,1623,4,5,7,1942,0,0,0,P,0,19T75,GLENOAKS BL,VAN NUYS BL,440,N,N,A,-,N,NA,NA,NA,NA,NA,NA,NA,NA,NA,N,3,0,1,2,A,-,08,22107,NA,N,B,C,A,A,H,-,C,D,0,NA,NA,NA,NA,Y,NA,A,07,0,1,0,0,0,0,0,0,0,-,-,NA,NA,LOS ANGELES,LOS ANGELES,-118.41264502,34.27459983
8429299,2017,2017-08-16,1942,2017-07-20,2145,41171,1767,4,5,7,1942,0,0,0,Q,0,17X66,PRAIRIE ST,RESEDA BL,150,W,N,A,-,N,NA,NA,NA,NA,NA,NA,NA,NA,NA,N,3,0,1,2,A,-,11,21954,A,N,G,B,D,A,H,-,D,D,0,Y,NA,NA,NA,Y,NA,N,60,0,1,0,0,1,0,0,0,0,-,-,NA,NA,LOS ANGELES,LOS ANGELES,-118.53658539,34.23912373
8429301,2017,2017-08-16,1942,2017-07-27,0220,41198,2113,4,5,7,1942,0,0,0,NA,0,10T37,FALLBROOK AV,INGOMAR ST,625,N,N,A,-,N,NA,NA,NA,NA,NA,NA,NA,NA,NA,Y,3,0,1,4,A,-,03,22350,NA,N,C,E,A,A,H,-,D,D,0,NA,NA,NA,NA,Y,NA,A,01,0,1,0,0,0,0,0,0,0,-,-,NA,NA,LOS ANGELES,LOS ANGELES,-118.62344,34.2135746
8429302,2017,2017-08-16,1942,2017-07-20,1540,40119,1699,4,5,7,1942,0,0,0,P,0,15T46,HOLLYWOOD WY,KESWICK ST,120,N,N,A,-,N,NA,NA,NA,NA,NA,NA,NA,NA,NA,Y,4,0,2,2,A,-,09,21804,A,N,D,C,A,A,H,-,A,D,0,NA,NA,NA,NA,Y,NA,A,08,0,0,2,0,0,0,0,0,0,-,-,NA,NA,LOS ANGELES,LOS ANGELES,-118.34878,34.21098912
8429303,2017,2017-08-16,1942,2017-07-29,1250,42324,1764,6,5,7,1942,0,0,0,Q,0,17X24,PLUMMER ST,CORBIN AV,0,NA,Y,A,-,N,NA,NA,NA,NA,NA,NA,NA,NA,NA,Y,3,0,1,2,A,-,09,21801,A,N,A,C,A,A,H,-,A,A,0,NA,NA,NA,NA,Y,NA,A,01,0,1,0,0,0,0,0,0,0,-,-,NA,NA,LOS ANGELES,LOS ANGELES,-118.56230012,34.24272001
8429305,2017,2017-08-16,1942,2017-07-30,1600,40542,2128,7,5,7,1942,0,0,0,NA,0,15TL46,MASON AV,STRATHERN ST,0,NA,Y,A,-,N,NA,NA,NA,NA,NA,NA,NA,NA,NA,N,4,0,2,3,A,-,09,21802,A,N,D,C,A,A,H,-,A,D,0,NA,NA,NA,NA,Y,NA,A,07,0,0,2,0,0,0,0,0,0,-,-,NA,NA,LOS ANGELES,LOS ANGELES,-118.57974003,34.21557003
8429306,2017,2017-08-16,1942,2017-07-06,1410,42489,1636,4,5,7,1942,0,0,0,P,0,16A35,SUNLAND,LA CANADA WY,100,E,N,A,-,N,NA,NA,NA,NA,NA,NA,NA,NA,NA,Y,4,0,1,2,A,-,09,21804,A,N,A,C,A,A,H,-,A,D,0,NA,NA,NA,NA,Y,NA,A,07,0,0,1,0,0,0,0,0,0,-,-,NA,NA,LOS ANGELES,LOS ANGELES,-118.33919685,34.26029625
8429307,2017,2017-08-16,1942,2017-07-28,2040,39578,1787,5,5,7,1942,0,0,0,Q,0,17A67,WHITE OAK AV,LASSEN ST,50,S,N,A,-,N,NA,NA,NA,NA,NA,NA,NA,NA,NA,Y,4,0,1,2,A,-,09,21804,A,N,D,C,A,A,H,-,C,D,0,NA,NA,NA,NA,Y,NA,A,01,0,0,1,0,0,0,0,0,0,-,-,NA,NA,LOS ANGELES,LOS ANGELES,-118.51986671,34.25022355
8429309,2017,2017-08-16,1942,2017-07-28,1435,41316,2134,5,5,7,1942,0,0,0,NA,0,21TL62,SHOUP AV,SHERMAN WY,200,N,N,A,-,N,NA,NA,NA,NA,NA,NA,NA,NA,NA,Y,3,0,2,2,A,-,09,21804,A,N,D,C,A,A,H,-,A,D,0,NA,NA,Y,NA,Y,NA,A,01,0,1,1,0,0,0,0,0,1,-,-,NA,NA,LOS ANGELES,LOS ANGELES,-118.61467,34.2015686
8429310,2017,2017-08-16,1942,2017-07-30,2235,41984,1681,7,5,7,1942,0,0,0,P,0,19A79,SHELDON ST,ARLETA AV,330,E,N,A,-,N,NA,NA,NA,NA,NA,NA,NA,NA,NA,Y,3,0,5,2,A,-,09,21804,A,N,D,C,A,A,H,-,C,D,0,NA,NA,NA,NA,Y,NA,A,01,0,1,4,0,0,0,0,0,0,-,-,NA,NA,LOS ANGELES,LOS ANGELES,-118.41073,34.22772
8429311,2017,2017-08-16,1942,2017-07-27,1740,40029,1942,4,5,7,1942,0,0,0,NA,0,17X24,RINALDI ST,GOTHIC AV,0,NA,Y,A,-,N,NA,NA,NA,NA,NA,NA,NA,NA,NA,N,4,0,2,2,A,-,03,22350,NA,N,C,D,A,A,H,-,A,A,0,NA,NA,NA,NA,Y,NA,A,01,0,0,2,0,0,0,0,0,0,-,-,NA,NA,LOS ANGELES,LOS ANGELES,-118.48904008,34.2791901
8429313,2017,2017-08-16,1942,2017-07-29,0950,38273,2139,6,5,7,1942,0,0,0,NA,0,21TL61,CORBIN AV,RUNNYMEDE ST,0,NA,Y,A,-,N,NA,NA,NA,NA,NA,NA,NA,NA,NA,Y,3,0,2,3,A,-,09,21802,A,N,D,C,A,A,H,-,A,A,0,NA,NA,NA,NA,Y,NA,A,01,0,1,1,0,0,0,0,0,0,-,-,NA,NA,LOS ANGELES,LOS ANGELES,-118.56226009,34.20594008
8429314,2017,2017-08-16,1942,2017-07-14,1335,40928,1643,5,5,7,1942,0,0,0,P,0,16A59,PIERCE ST,EL DORADO AV,0,NA,Y,A,-,N,NA,NA,NA,NA,NA,NA,NA,NA,NA,Y,4,0,1,2,A,-,03,22350,NA,N,D,C,A,A,H,-,A,D,0,NA,NA,NA,NA,Y,NA,A,01,0,0,1,0,0,0,0,0,0,-,-,NA,NA,LOS ANGELES,LOS ANGELES,-118.42060003,34.2619001
8429315,2017,2017-08-16,1942,2017-07-28,0920,32963,1772,5,5,7,1942,0,0,0,Q,0,17AB1,PRAIRIE ST,PENFIELD,0,NA,Y,A,-,N,NA,NA,NA,NA,NA,NA,NA,NA,NA,Y,3,0,1,2,A,-,09,21802,A,N,D,G,A,A,H,-,A,A,0,NA,Y,NA,NA,Y,NA,L,04,0,1,0,0,0,0,1,0,0,-,-,NA,NA,LOS ANGELES,LOS ANGELES,-118.56965005,34.23919006
8429317,2017,2017-08-16,1942,2017-07-30,1730,36755,2175,7,5,7,1942,0,0,0,NA,0,16TL28,CALIFA ST,VASSAR AV,360,E,N,A,-,N,NA,NA,NA,NA,NA,NA,NA,NA,NA,N,2,0,1,2,A,-,11,21956,A,N,G,B,D,A,H,-,A,D,0,Y,NA,NA,NA,Y,NA,N,60,1,0,0,0,1,0,0,0,0,-,-,NA,NA,LOS ANGELES,LOS ANGELES,-118.60324173,34.17721
8429318,2017,2017-08-16,1942,2017-07-23,1530,38835,1677,7,5,7,1942,0,0,0,P,0,19A79,CABRINI DR EAST,VIA ROSA MARIA,30,E,N,A,-,N,NA,NA,NA,NA,NA,NA,NA,NA,NA,N,3,0,4,2,A,-,03,22350,NA,N,B,E,A,A,H,-,A,D,0,NA,NA,NA,NA,Y,NA,A,01,0,3,1,0,0,0,0,0,0,-,-,NA,NA,LOS ANGELES,LOS ANGELES,-118.33921546,34.21241451
8429320,2017,2017-08-22,1942,2017-08-02,1945,41198,1544,3,5,7,1942,0,0,0,O,0,19TL73,MAGNOLIA BL,LAUREL CANYON BL,375,W,N,A,-,N,NA,NA,NA,NA,NA,NA,NA,NA,NA,Y,3,0,1,2,A,-,09,21804,A,F,E,I,A,A,H,-,B,A,0,NA,NA,NA,NA,Y,NA,-,99,0,1,0,0,0,0,0,0,0,-,-,NA,NA,LOS ANGELES,LOS ANGELES,-118.39773733,34.16488361
8429321,2017,2017-08-16,1942,2017-07-27,2130,40972,2148,4,5,7,1942,0,0,0,NA,0,15TL43,SHERMAN WY,MASON AV,0,NA,Y,A,-,N,NA,NA,NA,NA,NA,NA,NA,NA,NA,Y,4,0,1,2,A,-,09,21801,A,N,D,C,A,A,H,-,C,A,0,NA,NA,NA,NA,Y,NA,A,08,0,0,1,0,0,0,0,0,0,-,-,NA,NA,LOS ANGELES,LOS ANGELES,-118.57973003,34.20101007
8429322,2017,2017-08-16,1942,2017-07-24,1835,38772,1664,1,5,7,1942,0,0,0,P,0,16X24,SHELDON ST,GLENOAKS BL,250,W,N,A,-,N,NA,NA,NA,NA,NA,NA,NA,NA,NA,Y,3,0,1,2,A,-,09,21804,A,N,D,C,A,A,H,-,A,D,0,NA,NA,Y,NA,Y,NA,A,01,0,1,0,0,0,0,0,0,1,-,-,NA,NA,LOS ANGELES,LOS ANGELES,-118.38456352,34.24598049
8429324,2017,2017-08-22,1942,2017-08-07,0815,37080,1589,1,5,7,1942,0,0,0,O,0,15TL47,FOREST LAWN DR,BARHAM BL,900,E,N,A,-,N,NA,NA,NA,NA,NA,NA,NA,NA,NA,N,4,0,1,2,A,-,04,21703,NA,F,C,C,A,A,H,-,A,A,0,NA,NA,NA,NA,Y,NA,-,99,0,0,1,0,0,0,0,0,0,-,-,NA,NA,LOS ANGELES,LOS ANGELES,-118.33901847,34.14456692
8429325,2017,2017-08-16,1942,2017-07-24,1730,26319,2172,1,5,7,1942,0,0,0,NA,0,19TL74,MANTON AV,BURBANK BL,0,NA,Y,A,-,N,NA,NA,NA,NA,NA,NA,NA,NA,NA,N,4,0,1,2,A,-,12,22450,A,N,D,G,A,A,H,-,A,A,0,NA,Y,NA,NA,Y,NA,L,04,0,0,1,0,0,0,1,0,0,-,-,NA,NA,LOS ANGELES,LOS ANGELES,-118.64077004,34.17191004
8429326,2017,2017-08-16,1942,2017-07-25,0950,38634,1658,2,5,7,1942,0,0,0,P,0,16A59,FOOTHILL BL,MCCLEMONT AV,150,NA,N,A,-,N,NA,NA,NA,NA,NA,NA,NA,NA,NA,N,4,0,1,2,A,-,09,21804,A,N,B,C,A,A,H,-,A,D,0,NA,NA,NA,NA,Y,NA,A,08,0,0,1,0,0,0,0,0,0,-,-,NA,NA,LOS ANGELES,LOS ANGELES,-118.29556013,34.25289007
8429328,2017,2017-08-22,1942,2017-08-02,1445,34427,1599,3,5,7,1942,0,0,0,O,0,15TL44,CAHUENGA BL,MULHOLLAND DR,7,E,N,B,-,N,NA,NA,NA,NA,NA,NA,NA,NA,NA,N,4,0,1,2,A,-,00,21453,NA,F,D,C,A,A,H,-,A,A,0,NA,NA,NA,NA,Y,NA,-,99,0,0,1,0,0,0,0,0,0,-,-,NA,NA,LOS ANGELES,LOS ANGELES,-118.34210445,34.12307581
8429329,2017,2017-08-16,1942,2017-07-31,1145,41553,2158,1,5,7,1942,0,0,0,NA,0,16T26,WINNETKA AV,VICTORY BL,300,S,N,A,-,N,NA,NA,NA,NA,NA,NA,NA,NA,NA,N,4,0,1,2,A,-,03,22350,NA,N,C,C,A,A,H,-,A,D,0,NA,NA,NA,NA,Y,NA,A,01,0,0,1,0,0,0,0,0,0,-,-,NA,NA,LOS ANGELES,LOS ANGELES,-118.57096989,34.18490703
8429330,2017,2017-10-13,1942,2017-07-25,1040,42487,1684,2,5,7,1942,0,0,0,P,0,NA,LANKERSHIM,TUXFORD ST,0,NA,Y,A,-,N,NA,NA,NA,NA,NA,NA,NA,NA,NA,Y,4,0,3,2,A,-,09,21801,A,N,B,C,A,A,H,-,A,A,0,NA,NA,NA,NA,Y,NA,A,01,0,0,3,0,0,0,0,0,0,-,-,NA,NA,LOS ANGELES,LOS ANGELES,-118.38780011,34.22248007
8429332,2017,2017-08-22,1941,2017-08-02,1448,5703,NA,3,5,7,1941,0,0,0,NA,0,NA,ELM AV,OCEAN BL,6,N,N,B,-,N,NA,NA,NA,NA,NA,NA,NA,NA,NA,N,4,0,1,2,A,-,05,21202,A,N,H,G,A,A,H,-,A,A,0,NA,Y,NA,NA,Y,NA,L,NA,0,0,1,0,0,0,1,0,0,-,-,NA,NA,LOS ANGELES,LONG BEACH,-118.18764024,33.76674645
8429333,2017,2017-08-16,1942,2017-07-31,1445,41553,2183,1,5,7,1942,0,0,0,NA,0,16T26,VALLEY CIRCLE BL,VENTURA BL,0,NA,Y,A,-,N,NA,NA,NA,NA,NA,NA,NA,NA,NA,Y,4,0,1,2,A,-,12,21453,A,N,D,C,A,A,H,-,A,A,0,NA,NA,NA,NA,Y,NA,A,07,0,0,1,0,0,0,0,0,0,-,-,NA,NA,LOS ANGELES,LOS ANGELES,-118.63807004,34.16079008
8429334,2017,2018-06-22,1942,2017-07-03,1710,39607,1651,1,5,7,1942,0,0,0,P,0,16A1,RT 5,BRANFORD ST,17,E,N,-,-,Y,LA,7,5,-,-,36.644,R,1,N,N,4,0,1,2,A,-,11,21956,A,N,-,-,-,-,-,-,-,-,0,Y,NA,NA,NA,Y,NA,N,60,0,0,1,0,1,0,0,0,0,-,-,NA,NA,LOS ANGELES,LOS ANGELES,-118.41330914,34.2363731
8429335,2017,2017-08-16,1942,2017-07-31,2110,40388,1918,1,5,7,1942,0,0,0,NA,0,9T57,HUBBARD ST,ADELPHIA AV,0,NA,Y,A,-,N,NA,NA,NA,NA,NA,NA,NA,NA,NA,N,4,0,1,2,A,-,09,21804,A,F,D,G,A,A,H,-,C,D,0,NA,Y,NA,NA,Y,NA,L,04,0,0,1,0,0,0,1,0,0,-,-,NA,NA,LOS ANGELES,LOS ANGELES,-118.43159011,34.30629009
8429336,2017,2018-05-14,1941,2017-08-03,1007,6204,NA,4,5,7,1941,0,0,0,NA,0,NA,2ND ST,RT 1,15,W,N,A,-,Y,LA,7,1,-,-,0.591,I,6,S,Y,3,0,3,4,A,-,03,22350,NA,N,C,C,A,A,H,-,A,A,0,NA,NA,NA,NA,Y,NA,A,NA,0,2,1,0,0,0,0,0,0,-,-,NA,NA,LOS ANGELES,LONG BEACH,-118.11133004,33.75809743
8429337,2017,2017-08-16,1942,2017-07-18,2100,41496,2133,2,5,7,1942,0,0,0,NA,0,21A97,INGOMAR ST,SADRING AV,0,NA,Y,A,-,N,NA,NA,NA,NA,NA,NA,NA,NA,NA,N,4,0,1,2,A,-,09,21802,A,N,B,C,A,A,H,-,B,D,0,NA,NA,NA,NA,Y,NA,A,01,0,0,1,0,0,0,0,0,0,-,-,NA,NA,LOS ANGELES,LOS ANGELES,-118.63653007,34.21186002
8429338,2017,2017-08-16,1942,2017-07-30,2130,32264,1681,7,5,7,1942,0,0,0,P,0,16A11,LAUREL CANYON BL,CANTERA ST,72,N,N,A,-,N,NA,NA,NA,NA,NA,NA,NA,NA,NA,N,2,0,1,2,A,-,11,21954,A,N,G,B,D,A,H,-,C,D,0,Y,NA,NA,NA,Y,NA,-,-,1,0,0,0,1,0,0,0,0,-,-,NA,NA,LOS ANGELES,LOS ANGELES,-118.39654,34.21951748
8429339,2017,2017-08-16,1942,2017-07-31,1430,41496,2107,1,5,7,1942,0,0,0,NA,0,21A43,DE SOTO AV,ROSCOE BL,100,S,N,A,-,N,NA,NA,NA,NA,NA,NA,NA,NA,NA,N,4,0,1,2,A,-,08,22107,NA,F,G,B,E,A,H,-,A,D,0,Y,NA,NA,NA,Y,NA,-,99,0,0,1,0,1,0,0,0,0,-,-,NA,NA,LOS ANGELES,LOS ANGELES,-118.58849,34.21966567
8429341,2017,2017-08-16,1942,2017-07-18,0820,37680,2143,2,5,7,1942,0,0,0,NA,0,21A43,VANOWEN ST,VICKY AV,180,E,N,A,-,N,NA,NA,NA,NA,NA,NA,NA,NA,NA,N,4,0,1,2,A,-,06,21755,A,N,D,C,A,A,H,-,A,D,0,NA,NA,Y,NA,Y,NA,C,02,0,0,1,0,0,0,0,0,1,-,-,NA,NA,LOS ANGELES,LOS ANGELES,-118.62062574,34.19372
8429342,2017,2017-08-16,1942,2017-07-19,1930,41396,1621,3,5,7,1942,0,0,0,P,0,19T75,VAN NUYS BL,REMICK AV,16,E,N,A,-,N,NA,NA,NA,NA,NA,NA,NA,NA,NA,Y,3,0,2,2,A,-,09,21801,A,N,D,C,A,A,H,-,A,D,0,NA,NA,NA,NA,Y,NA,A,01,0,1,1,0,0,0,0,0,0,-,-,NA,NA,LOS ANGELES,LOS ANGELES,-118.43376959,34.25762829
8429344,2017,2017-08-22,1941,2017-08-01,0354,10137,NA,2,5,7,1941,0,0,0,NA,0,NA,JUNIPERO AV,17TH ST,263,S,N,A,-,N,NA,NA,NA,NA,NA,NA,NA,NA,NA,Y,3,0,1,4,A,-,08,22107,NA,N,B,E,A,A,H,-,C,D,0,NA,NA,NA,NA,Y,NA,A,NA,0,1,0,0,0,0,0,0,0,-,-,NA,NA,LOS ANGELES,LONG BEACH,-118.16333401,33.78729879
8429345,2017,2017-08-16,1942,2017-07-22,2330,39964,2189,6,5,7,1942,0,0,0,NA,0,21A2,VENTURA BL,KELVIN,45,W,N,A,-,N,NA,NA,NA,NA,NA,NA,NA,NA,NA,Y,4,0,2,2,A,-,07,21658,A,N,D,C,A,A,H,-,C,D,0,NA,NA,NA,NA,Y,NA,A,01,0,0,2,0,0,0,0,0,0,-,-,NA,NA,LOS ANGELES,LOS ANGELES,-118.58600496,34.16644316
8429346,2017,2017-08-16,1942,2017-07-29,1915,39281,1668,6,5,7,1942,0,0,0,P,0,21T65,FOOTHILL BL,VALMONT ST,180,E,N,A,-,N,NA,NA,NA,NA,NA,NA,NA,NA,NA,Y,3,0,2,2,A,-,09,21804,A,N,D,C,A,A,H,-,A,D,0,NA,NA,NA,NA,Y,NA,A,01,0,1,1,0,0,0,0,0,0,-,-,NA,NA,LOS ANGELES,LOS ANGELES,-118.29425306,34.25202448
8429348,2017,2017-08-22,1941,2017-08-01,1039,5617,NA,2,5,7,1941,0,0,0,NA,0,NA,ALAMITOS AV,ANAHEIM ST,0,NA,Y,A,-,N,NA,NA,NA,NA,NA,NA,NA,NA,NA,Y,3,0,2,2,D,-,00,NA,NA,N,D,C,A,A,H,-,A,A,0,NA,NA,NA,NA,Y,NA,-,-,0,1,1,0,0,0,0,0,0,-,-,NA,NA,LOS ANGELES,LONG BEACH,-118.17797013,33.78261008
8429349,2017,2017-08-16,1942,2017-07-24,1450,42366,2155,1,5,7,1942,0,0,0,NA,0,21A1,TOPANGA CANYON BL,OXNARD ST,0,NA,Y,A,-,N,NA,NA,NA,NA,NA,NA,NA,NA,NA,N,4,0,1,2,A,-,16,24002,A,N,B,J,A,A,H,-,A,A,0,NA,NA,NA,NA,Y,NA,A,01,0,0,1,0,0,0,0,0,0,-,-,NA,NA,LOS ANGELES,LOS ANGELES,-118.60538008,34.17921009
8429350,2017,2017-08-16,1942,2017-07-26,1545,42344,1668,3,5,7,1942,0,0,0,P,0,19T74,LA TUNA CANYON RD,PASADENA FWY,1,W,N,A,-,N,NA,NA,NA,NA,NA,NA,NA,NA,NA,Y,4,0,1,2,A,-,08,22102,NA,N,A,C,A,A,H,-,A,A,0,NA,NA,NA,NA,Y,NA,A,07,0,0,1,0,0,0,0,0,0,-,-,NA,NA,LOS ANGELES,LOS ANGELES,NA,NA
8429352,2017,2017-08-22,1941,2017-08-03,0314,11012,NA,4,5,7,1941,0,0,0,NA,0,NA,XIMENO AV,14TH ST,6,N,N,A,-,N,NA,NA,NA,NA,NA,NA,NA,NA,NA,Y,3,0,1,1,A,-,01,23152,NA,N,A,H,A,A,H,-,C,D,0,NA,NA,NA,NA,Y,Y,A,NA,0,1,0,0,0,0,0,0,0,-,-,NA,NA,LOS ANGELES,LONG BEACH,-118.14153963,33.78487645
8429353,2017,2017-10-04,1942,2017-07-23,1020,37340,2138,7,5,7,1942,0,0,0,NA,0,21A73,SATICOY ST,OSO AV,0,NA,Y,A,-,N,NA,NA,NA,NA,NA,NA,NA,NA,NA,N,4,0,1,2,A,-,09,21801,A,N,D,C,A,A,H,-,C,A,0,NA,NA,NA,NA,Y,NA,A,01,0,0,1,0,0,0,0,0,0,-,-,NA,NA,LOS ANGELES,LOS ANGELES,-118.57538014,34.20835001
8429354,2017,2017-08-16,1942,2017-07-28,1105,41274,1757,5,5,7,1942,0,0,0,Q,0,15T46,DEVONSHIRE ST,HAYVENHURST AV,28,W,N,A,-,N,NA,NA,NA,NA,NA,NA,NA,NA,NA,N,4,0,1,2,A,-,04,21703,NA,N,C,C,A,A,H,-,A,D,0,NA,NA,NA,NA,Y,NA,A,07,0,0,1,0,0,0,0,0,0,-,-,NA,NA,LOS ANGELES,LOS ANGELES,-118.4936925,34.25746
8429356,2017,2017-11-21,1941,2017-08-05,1730,6290,NA,6,5,7,1941,0,0,0,NA,0,NA,CARSON,LOS COYOTES DIAGONAL,500,E,N,A,-,N,NA,NA,NA,NA,NA,NA,NA,NA,NA,Y,4,0,1,1,A,-,01,23152,NA,N,H,J,A,A,H,-,A,D,0,NA,NA,NA,NA,Y,Y,A,NA,0,0,1,0,0,0,0,0,0,-,-,NA,NA,LOS ANGELES,LONG BEACH,-118.09727003,33.832242
8429357,2017,2017-08-16,1941,2017-07-25,1326,5703,NA,2,5,7,1941,0,0,0,NA,0,NA,9TH ST,HOFFMAN AV,200,W,N,A,-,N,NA,NA,NA,NA,NA,NA,NA,NA,NA,N,4,0,1,2,A,-,09,21804,A,N,H,J,A,A,H,-,A,D,0,NA,NA,NA,NA,Y,NA,M,NA,0,0,1,0,0,0,0,0,0,-,-,NA,NA,LOS ANGELES,LONG BEACH,-118.17372677,33.77809603
8429358,2017,2017-08-16,1942,2017-07-31,1745,42098,1788,1,5,7,1942,0,0,0,Q,0,17X98,BALBOA BL,NORDHOFF ST,550,S,N,A,-,N,NA,NA,NA,NA,NA,NA,NA,NA,NA,Y,3,0,2,2,A,-,03,22350,NA,N,D,D,A,A,H,-,A,A,0,NA,NA,NA,NA,Y,NA,A,01,0,1,1,0,0,0,0,0,0,-,-,NA,NA,LOS ANGELES,LOS ANGELES,-118.50253606,34.23421167
8429362,2017,2017-08-18,1942,2017-06-28,2145,42796,0919,3,5,7,1942,0,0,0,I,0,9A23,VICTORY BL,VENTURA CYN,300,E,N,A,-,N,NA,NA,NA,NA,NA,NA,NA,NA,NA,N,4,0,1,2,A,-,08,22102,NA,N,C,C,A,A,H,-,A,A,0,NA,NA,NA,NA,Y,NA,-,99,0,0,1,0,0,0,0,0,0,-,-,NA,NA,LOS ANGELES,LOS ANGELES,-118.42805982,34.18668
8429365,2017,2017-08-18,1941,2017-08-01,1313,5620,NA,2,5,7,1941,0,0,0,NA,0,NA,WARDLOW RD,MAGNOLIA AV,0,NA,Y,B,-,N,NA,NA,NA,NA,NA,NA,NA,NA,NA,Y,3,0,2,2,A,-,12,21453,A,N,D,D,A,A,H,-,A,D,0,NA,NA,NA,NA,Y,NA,D,NA,0,2,0,0,0,0,0,0,0,-,-,NA,NA,LOS ANGELES,LONG BEACH,-118.19805004,33.81917002