CASE_ID,ACCIDENT_YEAR,PROC_DATE,JURIS,COLLISION_DATE,COLLISION_TIME,OFFICER_ID,REPORTING_DISTRICT,DAY_OF_WEEK,CHP_SHIFT,POPULATION,CNTY_CITY_LOC,SPECIAL_COND,BEAT_TYPE,CHP_BEAT_TYPE,CITY_DIVISION_LAPD,CHP_BEAT_CLASS,BEAT_NUMBER,PRIMARY_RD,SECONDARY_RD,DISTANCE,DIRECTION,INTERSECTION,WEATHER_1,WEATHER_2,STATE_HWY_IND,CALTRANS_COUNTY,CALTRANS_DISTRICT,STATE_ROUTE,ROUTE_SUFFIX,POSTMILE_PREFIX,POSTMILE,LOCATION_TYPE,RAMP_INTERSECTION,SIDE_OF_HWY,TOW_AWAY,COLLISION_SEVERITY,NUMBER_KILLED,NUMBER_INJURED,PARTY_COUNT,PRIMARY_COLL_FACTOR,PCF_CODE_OF_VIOL,PCF_VIOL_CATEGORY,PCF_VIOLATION,PCF_VIOL_SUBSECTION,HIT_AND_RUN,TYPE_OF_COLLISION,MVIW,PED_ACTION,ROAD_SURFACE,ROAD_COND_1,ROAD_COND_2,LIGHTING,CONTROL_DEVICE,CHP_ROAD_TYPE,PEDESTRIAN_ACCIDENT,BICYCLE_ACCIDENT,MOTORCYCLE_ACCIDENT,TRUCK_ACCIDENT,NOT_PRIVATE_PROPERTY,ALCOHOL_INVOLVED,STWD_VEHTYPE_AT_FAULT,CHP_VEHTYPE_AT_FAULT,COUNT_SEVERE_INJ,COUNT_VISIBLE_INJ,COUNT_COMPLAINT_PAIN,COUNT_PED_KILLED,COUNT_PED_INJURED,COUNT_BICYCLIST_KILLED,COUNT_BICYCLIST_INJURED,COUNT_MC_KILLED,COUNT_MC_INJURED,PRIMARY_RAMP,SECONDARY_RAMP,LATITUDE,LONGITUDE,COUNTY,CITY,POINT_X,POINT_Y
8429637,2017,2017-08-17,1920,2017-07-03,2242,11859,1920,1,5,6,1920,0,0,0,NA,0,004,FLORENCE AV,LAKEWOOD BL,15,E,N,A,-,N,NA,NA,NA,NA,NA,NA,NA,NA,NA,Y,4,0,1,2,A,-,09,21801,A,N,D,C,A,A,H,-,C,A,0,NA,NA,NA,NA,Y,NA,A,01,0,0,1,0,0,0,0,0,0,-,-,NA,NA,LOS ANGELES,DOWNEY,-118.11720667,33.94748031
8429641,2017,2017-08-17,1920,2017-07-02,0914,11992,NA,7,5,6,1920,0,0,0,NA,0,005,BROOKSHIRE AV,CIVIC CENTER DR,0,NA,Y,B,-,N,NA,NA,NA,NA,NA,NA,NA,NA,NA,N,4,0,2,2,A,-,09,21801,A,N,D,C,A,A,H,-,A,A,0,NA,NA,NA,NA,Y,NA,A,01,0,0,2,0,0,0,0,0,0,-,-,NA,NA,LOS ANGELES,DOWNEY,-118.12756012,33.94093001
8429645,2017,2017-08-17,1900,2017-07-21,1550,519474,1431,5,5,4,1937,0,0,0,NA,0,143T1,AMAR RD,HACIENDA BL,0,NA,Y,A,-,N,NA,NA,NA,NA,NA,NA,NA,NA,NA,Y,4,0,1,2,A,-,03,22350,NA,M,C,C,A,A,H,-,A,A,0,NA,NA,NA,NA,Y,NA,A,NA,0,0,1,0,0,0,0,0,0,-,-,NA,NA,LOS ANGELES,LA PUENTE,-117.9499901,34.03708011
8429649,2017,2017-08-17,1900,2017-07-20,0932,403161,1419,4,5,1,1932,0,0,0,NA,0,141T2D,GRAND AV,BAKER PKWY,725,S,N,A,-,N,NA,NA,NA,NA,NA,NA,NA,NA,NA,Y,4,0,1,2,A,-,03,22350,NA,N,C,C,A,A,H,-,A,A,0,NA,NA,NA,NA,Y,NA,A,01,0,0,1,0,0,0,0,0,0,-,-,NA,NA,LOS ANGELES,INDUSTRY,-117.82654544,34.01894388
8429650,2017,2017-08-17,1900,2017-07-13,1320,482252,0535,4,5,5,1959,0,0,0,NA,0,53HDAY,SAN GABRIEL BL,WALNUT GROVE AV,75,W,N,A,-,N,NA,NA,NA,NA,NA,NA,NA,NA,NA,N,4,0,2,3,A,-,21,22106,NA,N,C,C,A,A,H,-,A,A,0,NA,NA,NA,NA,Y,NA,A,01,0,0,2,0,0,0,0,0,0,-,-,34.04102,-118.08251,LOS ANGELES,ROSEMEAD,-118.08228552,34.04093569
8429653,2017,2017-08-17,1900,2017-07-14,1754,478216,1413,5,5,1,1932,0,0,0,NA,0,141T5,TURNBULL CANYON RD,PROCTOR AV,17,S,N,A,-,N,NA,NA,NA,NA,NA,NA,NA,NA,NA,N,4,0,1,2,A,-,05,21650,NA,N,A,G,A,A,H,-,A,A,0,NA,Y,NA,NA,Y,NA,L,04,0,0,1,0,0,0,1,0,0,-,-,NA,NA,LOS ANGELES,INDUSTRY,-117.96714534,34.02472386
8429654,2017,2017-08-17,1900,2017-07-29,1335,527889,0533,6,5,5,1959,0,0,0,NA,0,53T1AM,CHARLOTTE AV,GARVEY AV,6,N,N,A,-,N,NA,NA,NA,NA,NA,NA,NA,NA,NA,Y,4,0,1,2,A,-,09,21802,A,N,H,G,A,A,H,-,A,D,0,NA,Y,NA,NA,Y,NA,A,01,0,0,1,0,0,0,1,0,0,-,-,34.06202,-118.0876,LOS ANGELES,ROSEMEAD,-118.08833,34.06265
8429657,2017,2017-08-17,1900,2017-07-12,2140,451502,1419,3,5,1,1932,0,0,0,NA,0,141T6P,GRAND AV,OLD BREA CANYON RD,152,N,N,A,-,N,NA,NA,NA,NA,NA,NA,NA,NA,NA,Y,4,0,1,3,A,-,03,22350,NA,N,C,C,A,A,H,-,C,A,0,NA,NA,NA,NA,Y,NA,-,-,0,0,1,0,0,0,0,0,0,-,-,34.01266,-117.82399,LOS ANGELES,INDUSTRY,-117.82403622,34.01257717
8429658,2017,2017-08-22,1900,2017-07-07,0751,527455,0541,5,5,3,1921,0,0,0,NA,0,58T1AM,HUNTINGTON DR,BUENA VISTA ST,425,E,N,A,-,N,NA,NA,NA,NA,NA,NA,NA,NA,NA,Y,4,0,1,2,A,-,09,21801,A,N,A,C,A,A,H,-,A,D,0,NA,NA,NA,NA,Y,NA,A,01,0,0,1,0,0,0,0,0,0,-,-,34.14071,-117.97618,LOS ANGELES,DUARTE,-117.97614867,34.13969
8429661,2017,2017-08-17,1900,2017-07-12,1530,478216,1432,3,5,4,1937,0,0,0,NA,0,143T1P,ELLIOTT AV,HACIENDA BL,186,W,N,A,-,N,NA,NA,NA,NA,NA,NA,NA,NA,NA,N,4,0,1,2,A,-,11,21955,NA,N,G,B,D,A,H,-,A,D,0,Y,NA,NA,NA,Y,NA,N,60,0,0,1,0,1,0,0,0,0,-,-,34.03608,-117.95045,LOS ANGELES,LA PUENTE,-117.95058773,34.03612925
8429662,2017,2018-05-08,1900,2017-07-30,2147,517816,0522,7,5,4,1971,0,0,0,NA,0,52FPM,RT 164,LAS TUNAS DR,300,N,N,A,-,N,NA,NA,NA,NA,NA,NA,NA,NA,NA,N,4,0,1,2,A,-,09,21802,A,N,D,G,A,A,H,-,C,D,0,NA,Y,NA,NA,Y,NA,A,01,0,0,1,0,0,0,1,0,0,-,-,34.1044,-118.0737,LOS ANGELES,TEMPLE CITY,-118.073479,34.104371
8429663,2017,2017-08-18,1902,2017-08-08,0707,640,28,2,5,5,1902,0,0,0,NA,0,005,CAMINO REAL AV,6TH AV,0,NA,Y,A,-,N,NA,NA,NA,NA,NA,NA,NA,NA,NA,N,2,0,1,2,A,-,10,21950,A,N,G,B,B,A,H,-,A,A,0,Y,NA,NA,NA,Y,NA,-,NA,1,0,0,0,1,0,0,0,0,-,-,NA,NA,LOS ANGELES,ARCADIA,-118.01864012,34.12194001
8429665,2017,2017-08-17,1905,2017-07-20,0458,1098,321,4,5,4,1905,0,0,0,NA,0,052,6TH ST,AZUSA AV,0,NA,Y,A,-,N,NA,NA,NA,NA,NA,NA,NA,NA,NA,Y,4,0,4,2,A,-,12,22450,A,N,D,C,A,A,H,-,C,D,0,NA,NA,NA,NA,Y,NA,A,01,0,0,4,0,0,0,0,0,0,-,-,34.12837,-117.8875,LOS ANGELES,AZUSA,-117.90753006,34.13166001
8429667,2017,2017-08-18,1931,2017-08-06,1411,5317,1931,7,5,5,1931,0,0,0,NA,0,003,STAFFORD AV,FLORENCE AV,15,N,N,A,-,N,NA,NA,NA,NA,NA,NA,NA,NA,NA,N,3,0,1,2,A,-,09,21804,A,N,D,G,A,A,H,-,A,D,0,NA,Y,NA,NA,Y,NA,L,04,0,1,0,0,0,0,1,0,0,-,-,NA,NA,LOS ANGELES,HUNTINGTON PARK,-118.22121093,33.97383113
8429669,2017,2017-08-17,1905,2017-07-15,0732,1161,123,6,5,4,1905,0,0,0,NA,0,001,BASELINE AV,CERRITOS AV,0,NA,Y,A,-,N,NA,NA,NA,NA,NA,NA,NA,NA,NA,Y,4,0,2,2,A,-,12,21453,A,N,D,C,A,A,H,-,A,A,0,NA,NA,NA,NA,Y,NA,A,01,0,0,2,0,0,0,0,0,0,-,-,NA,NA,LOS ANGELES,AZUSA,-117.89939012,34.12156008
8429673,2017,2017-08-17,1900,2017-07-04,2221,529400,1432,2,5,4,1937,0,0,0,NA,0,143T2,CALIFORNIA AV,FRANCISQUITO AV,886,S,N,A,-,N,NA,NA,NA,NA,NA,NA,NA,NA,NA,N,4,0,1,2,A,-,11,21954,A,N,G,B,E,A,H,-,C,D,0,Y,NA,NA,NA,Y,NA,N,60,0,0,1,0,1,0,0,0,0,-,-,34.04853,-117.95136,LOS ANGELES,LA PUENTE,-117.95131084,34.04853138
8429674,2017,2017-08-17,1910,2017-07-19,0900,02230,NA,3,5,4,1910,0,0,0,NA,0,007,S REXFORD DR,OLYMPIC BL,120,S,N,A,-,N,NA,NA,NA,NA,NA,NA,NA,NA,NA,Y,3,0,2,2,A,-,09,21804,A,N,D,C,A,A,H,-,A,D,0,NA,NA,NA,NA,Y,NA,A,01,0,1,1,0,0,0,0,0,0,-,-,NA,NA,LOS ANGELES,BEVERLY HILLS,-118.39389,34.05902086
8429677,2017,2017-08-17,1900,2017-07-04,1630,529380,1435,2,5,4,1937,0,0,0,NA,0,143T1,MAIN ST,VILLA PARK ST,0,NA,Y,A,-,N,NA,NA,NA,NA,NA,NA,NA,NA,NA,N,4,0,2,2,A,-,09,21802,A,N,D,C,A,A,H,-,A,A,0,NA,NA,NA,NA,Y,NA,A,01,0,0,2,0,0,0,0,0,0,-,-,34.01435,-117.92838,LOS ANGELES,LA PUENTE,-117.92841,34.01432007
8429678,2017,2017-08-17,1900,2017-07-03,0545,510568,0562,1,5,3,1968,0,0,0,NA,0,55EM,DURFEE AV,THIENES AV,0,NA,Y,A,-,N,NA,NA,NA,NA,NA,NA,NA,NA,NA,Y,4,0,1,2,A,-,12,21453,A,N,D,C,A,A,H,-,A,A,0,NA,NA,NA,NA,Y,NA,A,01,0,0,1,0,0,0,0,0,0,-,-,NA,NA,LOS ANGELES,SOUTH EL MONTE,-118.03299002,34.04319006
8429732,2017,2017-08-22,1941,2017-08-05,0235,10792,NA,6,5,7,1941,0,0,0,NA,0,NA,LONG BEACH BL,LONG BEACH BL 3832,0,NA,-,A,-,N,NA,NA,NA,NA,NA,NA,NA,NA,NA,Y,4,0,1,2,A,-,01,23152,A,N,B,E,A,A,H,-,C,D,0,NA,NA,NA,NA,Y,Y,-,-,0,0,1,0,0,0,0,0,0,-,-,NA,NA,LOS ANGELES,LONG BEACH,-118.189355,33.827777
8429762,2017,2017-08-24,1942,2017-07-31,1145,27881,1515,1,5,7,1942,0,0,0,O,0,15FB11,KITTRIDGE ST,E SIMPSON AV,66,E,N,A,-,N,NA,NA,NA,NA,NA,NA,NA,NA,NA,N,3,0,1,2,B,-,22,NA,NA,N,B,E,A,A,H,-,A,D,0,NA,NA,NA,NA,Y,NA,A,01,0,1,0,0,0,0,0,0,0,-,-,NA,NA,LOS ANGELES,LOS ANGELES,-118.38871216,34.19029
8429764,2017,2017-08-29,1942,2017-07-22,2350,36908,1621,6,5,7,1942,0,0,0,P,0,16A81,LAUREL CANYON,VAN NUYS,0,NA,Y,A,-,N,NA,NA,NA,NA,NA,NA,NA,NA,NA,N,4,0,2,2,A,-,09,21801,A,N,H,C,A,A,H,-,C,A,0,NA,NA,NA,NA,Y,NA,A,01,0,0,2,0,0,0,0,0,0,-,-,NA,NA,LOS ANGELES,LOS ANGELES,-118.43210007,34.25879007
8429766,2017,2017-08-24,1942,2017-07-29,1830,37578,1538,6,5,7,1942,0,0,0,O,0,15A44,ELMER AV,HATTERAS ST,150,S,N,A,-,N,NA,NA,NA,NA,NA,NA,NA,NA,NA,N,3,0,1,2,A,-,11,21954,A,N,G,B,D,A,H,-,A,D,0,Y,NA,NA,NA,Y,NA,N,60,0,1,0,0,1,0,0,0,0,-,-,NA,NA,LOS ANGELES,LOS ANGELES,-118.37631887,34.17536859
8429767,2017,2017-08-24,1942,2017-07-27,1010,32319,2128,4,5,7,1942,0,0,0,NA,0,35M54,WINNETKA AV,STRATHERN ST,0,NA,Y,A,-,N,NA,NA,NA,NA,NA,NA,NA,NA,NA,Y,4,0,1,2,A,-,12,21453,A,N,D,C,A,A,H,-,A,A,0,NA,NA,NA,NA,Y,NA,A,01,0,0,1,0,0,0,0,0,0,-,-,NA,NA,LOS ANGELES,LOS ANGELES,-118.57103011,34.21558007
8429768,2017,2017-08-29,1942,2017-07-29,2120,41435,1521,6,5,7,1942,0,0,0,O,0,15A21,FULTON AV,SHERMAN WY,0,NA,Y,A,-,N,NA,NA,NA,NA,NA,NA,NA,NA,NA,Y,4,0,1,3,A,-,03,22350,NA,N,F,C,A,A,H,-,C,A,0,NA,NA,NA,NA,Y,NA,A,01,0,0,1,0,0,0,0,0,0,-,-,NA,NA,LOS ANGELES,LOS ANGELES,-118.42254001,34.20120004
8429770,2017,2017-08-24,1942,2017-07-30,1730,41368,2111,7,5,7,1942,0,0,0,NA,0,17X22,VALLEY CIRCLE BL,HILLHURST DR,25,N,N,A,-,N,NA,NA,NA,NA,NA,NA,NA,NA,NA,Y,2,0,1,2,A,-,09,21802,A,N,H,A,A,A,H,-,A,D,0,NA,NA,Y,NA,Y,NA,A,01,1,0,0,0,0,0,0,0,1,-,-,NA,NA,LOS ANGELES,LOS ANGELES,-118.65543612,34.20369254
8429772,2017,2017-08-29,1942,2017-07-29,1800,41855,1527,6,5,7,1942,0,0,0,O,0,15A21,OXNARD ST,FULCHER AV,110,N,N,A,-,N,NA,NA,NA,NA,NA,NA,NA,NA,NA,Y,4,0,1,2,A,-,21,22106,NA,N,B,C,A,A,H,-,A,D,0,NA,NA,NA,NA,Y,NA,A,01,0,0,1,0,0,0,0,0,0,-,-,34.17947,-118.37348,LOS ANGELES,LOS ANGELES,-118.37319,34.17942
8429774,2017,2017-08-24,1942,2017-07-30,2300,41397,0981,7,5,7,1942,0,0,0,I,0,9A5,VENTURA BL,SEPULVEDA BL,35,E,N,A,-,N,NA,NA,NA,NA,NA,NA,NA,NA,NA,Y,4,0,1,2,A,-,01,23152,A,N,C,C,A,A,H,-,C,D,0,NA,NA,NA,NA,Y,Y,A,07,0,0,1,0,0,0,0,0,0,-,-,NA,NA,LOS ANGELES,LOS ANGELES,-118.46608677,34.15381113
8429776,2017,2017-08-29,1942,2017-07-31,1015,42766,1595,1,5,7,1942,0,0,0,O,0,15A39,LAUREL CANYON BL,LAUREL TERRACE DR,100,S,N,A,-,N,NA,NA,NA,NA,NA,NA,NA,NA,NA,Y,3,0,1,2,A,-,07,21658,A,N,B,E,A,A,H,-,A,D,0,NA,NA,NA,NA,Y,NA,A,01,0,1,0,0,0,0,0,0,0,-,-,NA,NA,LOS ANGELES,LOS ANGELES,-118.39283794,34.13697918
8429778,2017,2017-08-24,1941,2017-07-28,2150,10539,NA,5,5,7,1941,0,0,0,NA,0,NA,ATLANTIC AV,ATLANTIC PL,0,NA,Y,A,-,N,NA,NA,NA,NA,NA,NA,NA,NA,NA,Y,4,0,2,2,A,-,09,21801,A,N,D,C,A,A,H,-,C,A,0,NA,NA,NA,NA,Y,NA,A,NA,0,0,2,0,0,0,0,0,0,-,-,NA,NA,LOS ANGELES,LONG BEACH,-118.18595004,33.88057008
8429780,2017,2017-08-29,1942,2017-07-29,2300,42576,LOSAN,6,5,7,1942,0,0,0,NA,0,15A24,LANKERSHIM BL,CAMARILLO ST,0,NA,Y,A,-,N,NA,NA,NA,NA,NA,NA,NA,NA,NA,Y,3,0,2,2,A,-,09,21801,A,N,D,C,A,A,H,-,C,A,0,NA,NA,NA,NA,Y,NA,A,07,0,1,1,0,0,0,0,0,0,-,-,NA,NA,LOS ANGELES,LOS ANGELES,-118.37030006,34.15766002
8429784,2017,2017-08-29,1942,2017-07-14,0010,40155,1586,5,5,7,1942,0,0,0,O,0,17T17,LANKERSHIM BL,VENTURA BL,500,N,N,A,-,N,NA,NA,NA,NA,NA,NA,NA,NA,NA,N,4,0,3,2,A,-,07,21658,A,N,B,C,A,A,H,-,C,D,0,NA,NA,NA,NA,Y,NA,A,01,0,0,3,0,0,0,0,0,0,-,-,NA,NA,LOS ANGELES,LOS ANGELES,-118.36251217,34.1384021
8429788,2017,2017-08-29,1942,2017-07-23,1845,41948,1596,7,5,7,1942,0,0,0,O,0,15A28,VENTURA BL,TUJUNGA AV,50,W,N,A,-,N,NA,NA,NA,NA,NA,NA,NA,NA,NA,Y,3,0,5,4,A,-,04,21703,NA,N,C,C,A,A,H,-,A,A,0,NA,NA,NA,NA,Y,NA,A,01,0,2,3,0,0,0,0,0,0,-,-,NA,NA,LOS ANGELES,LOS ANGELES,-118.37913776,34.13985
8429790,2017,2017-08-24,1942,2017-07-28,1905,40863,0909,5,5,7,1942,0,0,0,I,0,19X84,SCADLOCK LN,LONGBOW DR,435,W,N,A,-,N,NA,NA,NA,NA,NA,NA,NA,NA,NA,Y,3,0,1,1,A,-,03,22350,NA,N,B,I,A,A,H,-,B,D,0,NA,NA,NA,NA,Y,NA,A,01,0,1,0,0,0,0,0,0,0,-,-,NA,NA,LOS ANGELES,LOS ANGELES,-118.47035288,34.13188291
8429792,2017,2017-08-29,1942,2017-07-31,1920,36599,1527,1,5,7,1942,0,0,0,O,0,15T45,VICTORY BL,VINELAND AV,5,W,N,A,-,N,NA,NA,NA,NA,NA,NA,NA,NA,NA,N,3,0,1,2,A,-,12,21453,A,N,D,G,A,A,H,-,A,A,0,NA,Y,NA,NA,Y,NA,L,04,0,1,0,0,0,0,1,0,0,-,-,NA,NA,LOS ANGELES,LOS ANGELES,-118.3703265,34.18669
8429794,2017,2017-08-24,1942,2017-07-19,1833,38135,0985,3,5,7,1942,0,0,0,I,0,9X16,VENTURA BL,MUIRETTA AV,20,E,N,A,-,N,NA,NA,NA,NA,NA,NA,NA,NA,NA,Y,4,0,2,2,A,-,03,22350,NA,N,C,C,A,A,H,-,A,A,0,NA,NA,NA,NA,Y,NA,A,01,0,0,2,0,0,0,0,0,0,-,-,NA,NA,LOS ANGELES,LOS ANGELES,-118.43820522,34.14917955
8429795,2017,2017-09-16,1942,2017-07-27,0713,42820,2177,4,5,7,1942,0,0,0,NA,0,21A97,DE SOTO AV,BURBANK BL,0,NA,Y,A,-,N,NA,NA,NA,NA,NA,NA,NA,NA,NA,Y,4,0,2,2,A,-,03,22350,NA,N,C,C,A,A,-,-,A,A,0,NA,NA,NA,NA,Y,NA,A,01,0,0,2,0,0,0,0,0,0,-,-,NA,NA,LOS ANGELES,LOS ANGELES,-118.58816006,34.17333005
8429796,2017,2017-08-29,1942,2017-07-28,1020,30067,1512,5,5,7,1942,0,0,0,O,0,15TL45,VANOWEN ST,COLDWATER CANYON AV,0,NA,Y,A,-,N,NA,NA,NA,NA,NA,NA,NA,NA,NA,Y,3,0,3,4,A,-,12,21453,A,N,D,C,A,A,H,-,A,A,0,NA,NA,NA,NA,Y,NA,A,07,0,1,2,0,0,0,0,0,0,-,-,NA,NA,LOS ANGELES,LOS ANGELES,-118.41380005,34.19394007
8429798,2017,2017-08-24,1942,2017-07-13,1810,39485,0941,4,5,7,1942,0,0,0,I,0,9G21,SEPULVEDA BL,OXNARD ST,150,S,N,A,-,N,NA,NA,NA,NA,NA,NA,NA,NA,NA,N,4,0,1,2,A,-,05,21650,1,N,-,G,A,A,H,-,A,D,0,NA,Y,NA,NA,Y,NA,L,04,0,0,1,0,0,0,1,0,0,-,-,NA,NA,LOS ANGELES,LOS ANGELES,-118.46616,34.17895855
8429799,2017,2017-08-24,1942,2017-07-26,0900,41764,RD215,3,5,7,1942,0,0,0,NA,0,21A29W,DE SOTO AV,VANOWEN ST,12,N,N,A,-,N,NA,NA,NA,NA,NA,NA,NA,NA,NA,Y,4,0,1,4,A,-,08,22107,NA,N,A,C,A,A,-,-,A,A,0,NA,NA,NA,NA,Y,Y,A,01,0,0,1,0,0,0,0,0,0,-,-,NA,NA,LOS ANGELES,LOS ANGELES,-118.58842,34.19382292
8429800,2017,2017-08-29,1942,2017-07-31,1755,39217,1581,1,5,7,1942,0,0,0,O,0,17TL16,MOORPARK ST,VANTAGE AV,80,E,N,A,-,N,NA,NA,NA,NA,NA,NA,NA,NA,NA,Y,4,0,2,3,A,-,21,22106,NA,N,C,C,A,A,H,-,A,D,0,NA,NA,NA,NA,Y,NA,A,01,0,0,2,0,0,0,0,0,0,-,-,NA,NA,LOS ANGELES,LOS ANGELES,-118.39734607,34.15037
8429802,2017,2017-08-24,1942,2017-07-28,1830,42796,926,5,5,7,1942,0,0,0,NA,0,9A89,VICTORY BL,COSTELLO AV,117,E,N,A,-,N,NA,NA,NA,NA,NA,NA,NA,NA,NA,Y,4,0,3,2,D,-,00,NA,NA,N,C,C,A,A,H,-,A,D,0,NA,NA,NA,NA,Y,NA,-,-,0,0,3,0,0,0,0,0,0,-,-,NA,NA,LOS ANGELES,LOS ANGELES,-118.43742383,34.18667
8429803,2017,2017-08-24,1942,2017-07-26,1030,35801,2185,3,5,7,1942,0,0,0,NA,0,21A73W,ALIZONDO DR,MULHOLLAND DR,500,S,N,A,-,N,NA,NA,NA,NA,NA,NA,NA,NA,NA,Y,3,0,1,2,A,-,08,22107,NA,N,B,E,A,A,H,-,A,D,0,NA,NA,NA,NA,Y,NA,A,01,0,1,0,0,0,0,0,0,0,-,-,NA,NA,LOS ANGELES,LOS ANGELES,-118.60709643,34.15056155
8429804,2017,2017-08-29,1942,2017-07-29,0410,41687,1975,6,5,7,1942,0,0,0,NA,0,1942,WOODMAN AV,NORDHOFF ST,0,NA,Y,A,-,N,NA,NA,NA,NA,NA,NA,NA,NA,NA,Y,4,0,4,5,A,-,12,21453,A,N,C,C,A,A,H,-,C,A,0,NA,NA,NA,NA,Y,NA,A,01,0,0,4,0,0,0,0,0,0,-,-,NA,NA,LOS ANGELES,LOS ANGELES,-118.44044002,34.23534008
8429806,2017,2017-08-24,1942,2017-07-17,1800,40073,VANNU,1,5,7,1942,0,0,0,NA,0,0919,FULTON AV,VANOWEN ST,100,S,N,A,-,N,NA,NA,NA,NA,NA,NA,NA,NA,NA,N,4,0,1,2,A,-,04,21703,NA,N,C,C,A,A,H,-,A,D,0,NA,NA,NA,NA,Y,NA,A,08,0,0,1,0,0,0,0,0,0,-,-,NA,NA,LOS ANGELES,LOS ANGELES,-118.42253,34.19367571
8429807,2017,2017-09-16,1942,2017-07-28,1625,37680,2158,5,5,7,1942,0,0,0,NA,0,21A57,VICTORY BL,VARIEL AV,0,NA,Y,A,-,N,NA,NA,NA,NA,NA,NA,NA,NA,NA,N,3,0,2,2,A,-,12,21453,A,N,A,C,A,A,H,-,A,A,0,NA,NA,NA,NA,Y,NA,-,-,0,1,1,0,0,0,0,0,0,-,-,NA,NA,LOS ANGELES,LOS ANGELES,-118.59276006,34.18836002
8429810,2017,2017-08-24,1942,2017-07-31,0230,36946,1758,1,5,7,1942,0,0,0,Q,0,17A43,DE SOTO AV,VICTORY BL,50,S,N,A,-,N,NA,NA,NA,NA,NA,NA,NA,NA,NA,N,4,0,1,2,A,-,03,22350,NA,F,C,C,A,A,H,-,C,A,0,NA,NA,NA,NA,Y,NA,-,99,0,0,1,0,0,0,0,0,0,-,-,NA,NA,LOS ANGELES,LOS ANGELES,-118.58839736,34.18822285
8429811,2017,2017-08-24,1942,2017-07-31,1945,38399,2128,1,5,7,1942,0,0,0,NA,0,21X98W,SATICOY ST,WINNETKA AV,200,E,N,A,-,N,NA,NA,NA,NA,NA,NA,NA,NA,NA,N,4,0,1,2,A,-,08,22107,NA,F,C,C,A,A,H,-,B,D,0,NA,NA,NA,NA,Y,NA,A,01,0,0,1,0,0,0,0,0,0,-,-,NA,NA,LOS ANGELES,LOS ANGELES,-118.5703403,34.20834526
8429814,2017,2017-08-24,1942,2017-07-19,2108,42537,1656,3,5,7,1942,0,0,0,P,0,16A59,FOOTHILL BL,LEOLANG ST,10,E,N,A,-,N,NA,NA,NA,NA,NA,NA,NA,NA,NA,N,3,0,1,2,A,-,11,21955,NA,N,A,B,D,A,H,-,C,A,0,Y,NA,NA,NA,Y,NA,N,60,0,1,0,0,1,0,0,0,0,-,-,NA,NA,LOS ANGELES,LOS ANGELES,-118.30592697,34.25964
8429815,2017,2017-08-24,1942,2017-07-31,2050,37340,2131,1,5,7,1942,0,0,0,NA,0,NA,VALLEY CIR,BELL CANYON,0,NA,Y,A,-,N,NA,NA,NA,NA,NA,NA,NA,NA,NA,Y,4,0,2,3,A,-,09,21804,NA,N,A,C,A,A,-,-,C,-,0,NA,NA,NA,NA,Y,NA,A,01,0,0,2,0,0,0,0,0,0,-,-,NA,NA,LOS ANGELES,LOS ANGELES,-118.65587009,34.20248008
8429818,2017,2017-09-16,1942,2017-07-17,1814,38264,1612,1,5,7,1942,0,0,0,P,0,0W4,VAN NUYS BL,BRADLEY AV,0,NA,Y,A,-,N,NA,NA,NA,NA,NA,NA,NA,NA,NA,N,4,0,3,2,A,-,09,21801,A,N,B,C,A,A,H,-,A,A,0,NA,NA,NA,NA,Y,NA,-,-,0,0,3,0,0,0,0,0,0,-,-,NA,NA,LOS ANGELES,LOS ANGELES,-118.41828002,34.2688901
8429819,2017,2017-09-16,1942,2017-07-31,1510,42820,2177,1,5,7,1942,0,0,0,NA,0,21A97,DE SOTO AV,BURBANK BL,0,NA,Y,A,-,N,NA,NA,NA,NA,NA,NA,NA,NA,NA,Y,4,0,3,3,A,-,12,21453,A,N,D,C,A,A,H,-,A,A,0,NA,NA,NA,NA,Y,NA,A,01,0,0,3,0,0,0,0,0,0,-,-,NA,NA,LOS ANGELES,LOS ANGELES,-118.58816006,34.17333005
8429822,2017,2017-08-24,1942,2017-07-12,1820,42436,1636,3,5,7,1942,0,0,0,P,0,16A37,FOOTHILL BL,FOOTHILL PL,1200,S,N,A,-,N,NA,NA,NA,NA,NA,NA,NA,NA,NA,N,3,0,1,1,A,-,03,22350,A,N,H,A,A,A,A,-,A,D,0,NA,NA,Y,NA,Y,NA,C,02,0,1,0,0,0,0,0,0,1,-,-,NA,NA,LOS ANGELES,LOS ANGELES,-118.34871291,34.27280355
8429823,2017,2017-09-16,1942,2017-07-30,0240,42233,1975,7,5,7,1942,0,0,0,NA,0,19A1,NORDHOFF ST,WOODMAN AV,0,NA,Y,A,-,N,NA,NA,NA,NA,NA,NA,NA,NA,NA,N,4,0,2,2,A,-,03,22350,NA,N,C,C,A,A,H,-,C,A,0,NA,NA,NA,NA,Y,NA,A,01,0,0,2,0,0,0,0,0,0,-,-,NA,NA,LOS ANGELES,LOS ANGELES,-118.44044002,34.23534008
8429826,2017,2018-02-16,1942,2017-07-14,1400,39141,1656,5,5,7,1942,0,0,0,P,0,16A35,FOOTHILL BL,SCOVILLE AV,5,W,N,A,-,N,NA,NA,NA,NA,NA,NA,NA,NA,NA,N,3,0,1,2,A,-,10,21950,A,N,G,B,B,A,H,-,A,A,0,Y,NA,NA,NA,Y,NA,A,01,0,1,0,0,1,0,0,0,0,-,-,NA,NA,LOS ANGELES,LOS ANGELES,-118.31401652,34.25969