CASE_ID,ACCIDENT_YEAR,PROC_DATE,JURIS,COLLISION_DATE,COLLISION_TIME,OFFICER_ID,REPORTING_DISTRICT,DAY_OF_WEEK,CHP_SHIFT,POPULATION,CNTY_CITY_LOC,SPECIAL_COND,BEAT_TYPE,CHP_BEAT_TYPE,CITY_DIVISION_LAPD,CHP_BEAT_CLASS,BEAT_NUMBER,PRIMARY_RD,SECONDARY_RD,DISTANCE,DIRECTION,INTERSECTION,WEATHER_1,WEATHER_2,STATE_HWY_IND,CALTRANS_COUNTY,CALTRANS_DISTRICT,STATE_ROUTE,ROUTE_SUFFIX,POSTMILE_PREFIX,POSTMILE,LOCATION_TYPE,RAMP_INTERSECTION,SIDE_OF_HWY,TOW_AWAY,COLLISION_SEVERITY,NUMBER_KILLED,NUMBER_INJURED,PARTY_COUNT,PRIMARY_COLL_FACTOR,PCF_CODE_OF_VIOL,PCF_VIOL_CATEGORY,PCF_VIOLATION,PCF_VIOL_SUBSECTION,HIT_AND_RUN,TYPE_OF_COLLISION,MVIW,PED_ACTION,ROAD_SURFACE,ROAD_COND_1,ROAD_COND_2,LIGHTING,CONTROL_DEVICE,CHP_ROAD_TYPE,PEDESTRIAN_ACCIDENT,BICYCLE_ACCIDENT,MOTORCYCLE_ACCIDENT,TRUCK_ACCIDENT,NOT_PRIVATE_PROPERTY,ALCOHOL_INVOLVED,STWD_VEHTYPE_AT_FAULT,CHP_VEHTYPE_AT_FAULT,COUNT_SEVERE_INJ,COUNT_VISIBLE_INJ,COUNT_COMPLAINT_PAIN,COUNT_PED_KILLED,COUNT_PED_INJURED,COUNT_BICYCLIST_KILLED,COUNT_BICYCLIST_INJURED,COUNT_MC_KILLED,COUNT_MC_INJURED,PRIMARY_RAMP,SECONDARY_RAMP,LATITUDE,LONGITUDE,COUNTY,CITY,POINT_X,POINT_Y
8433403,2017,2017-09-11,1976,2017-07-28,1258,488,NA,5,5,5,1976,0,0,0,NA,0,NA,PAINTER AV,FRANKLIN ST,12,N,N,A,-,N,NA,NA,NA,NA,NA,NA,NA,NA,NA,Y,3,0,1,2,A,-,09,21801,A,N,D,C,A,A,H,-,A,D,0,NA,NA,NA,NA,Y,NA,D,22,0,1,0,0,0,0,0,0,0,-,-,NA,NA,LOS ANGELES,WHITTIER,-118.03268,33.9745429
8433404,2017,2017-09-11,1942,2017-08-17,1605,41316,1777,4,5,7,1942,0,0,0,Q,0,21TL62,NORDHOFF ST,HAVENHURST AV,40,E,N,A,-,N,NA,NA,NA,NA,NA,NA,NA,NA,NA,Y,3,0,3,4,A,-,03,22350,NA,N,C,C,A,A,H,-,A,D,0,NA,NA,NA,NA,Y,NA,D,22,0,1,2,0,0,0,0,0,0,-,-,NA,NA,LOS ANGELES,LOS ANGELES,-118.49366789,34.23569
8433407,2017,2017-09-11,1976,2017-08-12,0955,442,NA,6,5,5,1976,0,0,0,NA,0,001,HADLEY ST,GREENLEAF AV,180,E,N,A,-,N,NA,NA,NA,NA,NA,NA,NA,NA,NA,N,4,0,1,2,A,-,05,21650,1,N,H,G,A,A,H,-,A,D,0,NA,Y,NA,NA,Y,NA,L,04,0,0,1,0,0,0,1,0,0,-,-,NA,NA,LOS ANGELES,WHITTIER,-118.03675756,33.98272
8433408,2017,2017-08-31,1942,2017-08-15,0715,33504,1503,2,5,7,1942,0,0,0,O,0,19TL77,VANOWEN ST,VANTAGE AV,0,NA,Y,B,-,N,NA,NA,NA,NA,NA,NA,NA,NA,NA,Y,4,0,2,3,A,-,04,21703,NA,N,C,C,A,A,H,-,A,D,0,NA,NA,NA,NA,Y,NA,D,22,0,0,2,0,0,0,0,0,0,-,-,NA,NA,LOS ANGELES,LOS ANGELES,-118.3976301,34.19394002
8433412,2017,2017-09-14,1942,2017-08-15,0210,41625,1669,2,5,7,1942,0,0,0,P,0,16A59,FOOTHILL BL,TUJUNGA CANYON BL,50,E,N,A,-,N,NA,NA,NA,NA,NA,NA,NA,NA,NA,Y,4,0,1,2,A,-,05,21460,A,N,A,E,A,A,H,-,C,A,0,NA,NA,NA,NA,Y,NA,A,08,0,0,1,0,0,0,0,0,0,-,-,NA,NA,LOS ANGELES,LOS ANGELES,-118.27596261,34.24641819
8433416,2017,2017-09-01,1942,2017-08-14,0655,41125,1611,1,5,7,1942,0,0,0,P,0,16T23,DESMOND ST,BRADLEY AV,0,NA,Y,A,-,N,NA,NA,NA,NA,NA,NA,NA,NA,NA,Y,4,0,2,2,A,-,09,21802,A,N,D,C,A,A,H,-,A,D,0,NA,NA,NA,NA,Y,NA,A,07,0,0,2,0,0,0,0,0,0,-,-,NA,NA,LOS ANGELES,LOS ANGELES,-118.42647009,34.27664003
8433419,2017,2018-06-19,1900,2017-08-10,2355,478142,1016,4,5,3,1995,0,0,0,NA,0,101AE3,RT 1,SWEET WATER CANYON DR,950,S,N,A,-,Y,LA,7,1,-,-,46.19,H,-,N,Y,4,0,2,2,A,-,08,22107,NA,N,D,C,A,A,H,-,C,D,0,NA,NA,NA,NA,Y,NA,A,07,0,0,2,0,0,0,0,0,0,-,-,34.03947,-118.66892,LOS ANGELES,MALIBU,-118.67126715,34.03936275
8433420,2017,2017-09-28,1942,2017-08-16,1710,40165,1503,3,5,7,1942,0,0,0,O,0,9TL56,VANOWEN ST,BELLINGHAM AV,0,NA,Y,A,-,N,NA,NA,NA,NA,NA,NA,NA,NA,NA,Y,3,0,3,3,A,-,12,21453,A,N,D,C,F,A,H,-,A,A,0,Y,NA,NA,NA,Y,NA,D,22,0,1,2,0,1,0,0,0,0,-,-,NA,NA,LOS ANGELES,LOS ANGELES,-118.39871013,34.19394005
8433424,2017,2017-08-31,1942,2017-08-15,1610,30830,1512,2,5,7,1942,0,0,0,O,0,16TL26,VANOWEN ST,BELLAIRE AV,228,W,N,A,-,N,NA,NA,NA,NA,NA,NA,NA,NA,NA,N,4,0,5,5,A,-,04,21703,NA,N,C,C,A,A,H,-,A,D,0,NA,NA,NA,NA,Y,NA,A,07,0,0,5,0,0,0,0,0,0,-,-,NA,NA,LOS ANGELES,LOS ANGELES,-118.41018258,34.19394929
8433427,2017,2017-08-31,1942,2017-08-20,0825,38273,1723,7,5,7,1942,0,0,0,Q,0,21TL61,FULLBRIGHT AV,CELTIC ST,27,S,N,A,-,N,NA,NA,NA,NA,NA,NA,NA,NA,NA,Y,4,0,1,1,A,-,01,23152,A,N,E,I,A,A,H,-,A,D,0,NA,NA,NA,NA,Y,Y,D,22,0,0,1,0,0,0,0,0,0,-,-,NA,NA,LOS ANGELES,LOS ANGELES,-118.57683231,34.27116596
8433432,2017,2017-08-31,1942,2017-08-15,1055,36760,LOSAN,2,5,7,1942,0,0,0,NA,0,15A44W,OXNARD ST,BELLAIRE AV,90,W,N,A,-,N,NA,NA,NA,NA,NA,NA,NA,NA,NA,N,3,0,1,3,A,-,04,21703,NA,N,C,C,A,A,H,-,A,A,0,NA,NA,NA,NA,Y,NA,D,22,0,1,0,0,0,0,0,0,0,-,-,NA,NA,LOS ANGELES,LOS ANGELES,-118.40973702,34.17941
8433435,2017,2017-08-31,1942,2017-08-18,1540,34599,1987,5,5,7,1942,0,0,0,NA,0,17TL14,MONTAGUE ST,SNOWDEN AV,142,W,N,A,-,N,NA,NA,NA,NA,NA,NA,NA,NA,NA,N,3,0,3,4,A,-,09,21804,A,F,D,I,A,A,H,-,A,D,0,NA,NA,NA,NA,Y,NA,A,01,0,2,1,0,0,0,0,0,0,-,-,NA,NA,LOS ANGELES,LOS ANGELES,-118.43539709,34.23007282
8433436,2017,2017-08-31,1942,2017-08-08,0650,41125,1521,2,5,7,1942,0,0,0,O,0,19T73,SHERMAN WY,FULTON AV,0,NA,Y,A,-,N,NA,NA,NA,NA,NA,NA,NA,NA,NA,Y,4,0,2,3,A,-,09,21801,A,N,D,C,A,A,H,-,A,A,0,NA,NA,NA,NA,Y,NA,A,01,0,0,2,0,0,0,0,0,0,-,-,NA,NA,LOS ANGELES,LOS ANGELES,-118.42254001,34.20120004
8433439,2017,2017-08-31,1942,2017-08-21,0105,37304,1025,1,5,7,1942,0,0,0,J,0,9T57,GAULT ST,RESEDA BL,0,NA,Y,A,-,N,NA,NA,NA,NA,NA,NA,NA,NA,NA,Y,3,0,3,2,A,-,01,23152,A,F,B,C,A,A,H,-,C,A,0,NA,NA,NA,NA,Y,Y,A,01,0,1,2,0,0,0,0,0,0,-,-,NA,NA,LOS ANGELES,LOS ANGELES,-118.5360401,34.19930001
8433440,2017,2017-08-31,1942,2017-08-19,1600,34599,1532,6,5,7,1942,0,0,0,O,0,17TL14,VICTORY BL,WILKINSON AV,110,E,N,A,-,N,NA,NA,NA,NA,NA,NA,NA,NA,NA,N,4,0,1,2,A,-,07,21658,A,N,C,C,A,A,H,-,A,A,0,NA,NA,NA,NA,Y,NA,D,22,0,0,1,0,0,0,0,0,0,-,-,NA,NA,LOS ANGELES,LOS ANGELES,-118.40380699,34.18667484
8433459,2017,2017-09-05,1942,2017-08-03,2020,25495,763,4,5,7,1942,0,0,0,NA,0,7TL23,PICO BL,FAIRFAX AV,65,W,N,A,-,N,NA,NA,NA,NA,NA,NA,NA,NA,NA,Y,4,0,1,2,A,-,01,23152,A,N,B,E,A,A,H,-,C,D,0,NA,NA,NA,NA,Y,Y,A,01,0,0,1,0,0,0,0,0,0,-,-,NA,NA,LOS ANGELES,LOS ANGELES,-118.36685825,34.05154165
8433465,2017,2017-08-25,1942,2017-07-21,1955,25495,0667,5,5,7,1942,0,0,0,F,0,7T23,HIGHLAND BL,SANTA MONICA BL,270,N,N,A,-,N,NA,NA,NA,NA,NA,NA,NA,NA,NA,N,4,0,3,4,A,-,03,22350,NA,N,C,C,A,A,H,-,A,D,0,NA,NA,NA,NA,Y,NA,A,01,0,0,3,0,0,0,0,0,0,-,-,NA,NA,LOS ANGELES,LOS ANGELES,-118.33861,34.09144044
8433521,2017,2017-08-31,1942,2017-08-11,1310,33947,1025,5,5,7,1942,0,0,0,J,0,35M47,RESEDA BL,GAULT ST,70,N,N,A,-,N,NA,NA,NA,NA,NA,NA,NA,NA,NA,N,4,0,2,2,A,-,03,22350,A,N,C,C,A,A,H,-,A,D,0,NA,NA,NA,NA,Y,NA,A,01,0,0,2,0,0,0,0,0,0,-,-,NA,NA,LOS ANGELES,LOS ANGELES,-118.53604,34.19949202
8433523,2017,2017-08-30,1942,2017-08-19,0945,34561,2185,6,5,7,1942,0,0,0,NA,0,9TL53,VENTURA BL,GLADE AV,216,W,N,A,-,N,NA,NA,NA,NA,NA,NA,NA,NA,NA,Y,3,0,2,2,A,-,01,23152,A,N,C,C,A,A,H,-,A,D,0,NA,NA,NA,NA,Y,Y,A,01,0,1,1,0,0,0,0,0,0,-,-,NA,NA,LOS ANGELES,LOS ANGELES,-118.60875201,34.16859772
8433524,2017,2017-09-09,1956,2017-08-08,2018,1334,46,2,5,5,1956,0,0,0,NA,0,001,PALOS VERDES BL,AVENUE H,0,NA,Y,A,-,N,NA,NA,NA,NA,NA,NA,NA,NA,NA,Y,3,0,1,1,A,-,08,22107,NA,N,E,I,A,A,H,-,C,D,0,NA,NA,NA,NA,Y,NA,A,01,0,1,0,0,0,0,0,0,0,-,-,NA,NA,LOS ANGELES,REDONDO BEACH,-118.38307012,33.81949007
8433525,2017,2017-09-12,1942,2017-08-10,1530,41274,1027,4,5,7,1942,0,0,0,J,0,9T56,WHITE OAK AV,SHERMAN WAY,0,NA,Y,A,-,N,NA,NA,NA,NA,NA,NA,NA,NA,NA,Y,3,0,5,2,A,-,03,22350,NA,N,C,C,A,A,H,-,A,A,0,NA,NA,NA,NA,Y,NA,A,01,0,2,3,0,0,0,0,0,0,-,-,NA,NA,LOS ANGELES,LOS ANGELES,-118.51861011,34.20121007
8433527,2017,2017-08-30,1942,2017-08-18,0115,39473,1612,5,5,7,1942,0,0,0,P,0,19T75,GLENOAKS BL,PAXTON ST,150,N,N,A,-,N,NA,NA,NA,NA,NA,NA,NA,NA,NA,Y,4,0,1,2,A,-,08,22107,NA,F,D,C,A,A,H,-,C,D,0,NA,NA,NA,NA,Y,NA,-,99,0,0,1,0,0,0,0,0,0,-,-,NA,NA,LOS ANGELES,LOS ANGELES,-118.41831856,34.27997197
8433528,2017,2017-08-30,1956,2017-08-08,2135,1322,39,2,5,5,1956,0,0,0,NA,0,002,190TH ST,FLAGLAR LN,151,W,N,A,-,N,NA,NA,NA,NA,NA,NA,NA,NA,NA,Y,4,0,1,3,A,-,03,22350,NA,N,C,C,A,A,H,-,C,A,0,NA,NA,NA,NA,Y,NA,A,01,0,0,1,0,0,0,0,0,0,-,-,NA,NA,LOS ANGELES,REDONDO BEACH,-118.37898,33.85833
8433531,2017,2017-08-30,1942,2017-08-02,2040,42911,0929,3,5,7,1942,0,0,0,I,0,9A19,VANOWEN ST,VAN NUYS BL,60,E,N,A,-,N,NA,NA,NA,NA,NA,NA,NA,NA,NA,N,4,0,2,2,A,-,03,22350,NA,F,C,C,A,A,H,-,C,A,0,NA,NA,NA,NA,Y,Y,-,99,0,0,2,0,0,0,0,0,0,-,-,NA,NA,LOS ANGELES,LOS ANGELES,-118.44854197,34.19391291
8433532,2017,2017-08-30,1956,2017-08-16,2135,1288,70,3,5,5,1956,0,0,0,NA,0,002,N HARBOR DR,MARINA WY,30,S,N,A,-,N,NA,NA,NA,NA,NA,NA,NA,NA,NA,Y,3,0,1,2,A,-,01,23152,A,N,D,G,A,A,H,-,C,A,0,NA,Y,NA,NA,Y,Y,A,07,0,1,0,0,0,0,1,0,0,-,-,NA,NA,LOS ANGELES,REDONDO BEACH,-118.3956499,33.84930482
8433535,2017,2017-08-30,1942,2017-08-11,0140,41397,0933,5,5,7,1942,0,0,0,I,0,9A41,VICTORY BL,VAN NUYS BL,218,W,N,A,-,N,NA,NA,NA,NA,NA,NA,NA,NA,NA,N,2,0,1,2,A,-,09,21804,A,F,G,B,F,A,H,-,C,D,0,Y,NA,NA,NA,Y,NA,-,99,1,0,0,0,1,0,0,0,0,-,-,NA,NA,LOS ANGELES,LOS ANGELES,-118.44945936,34.18666
8433536,2017,2017-08-30,1956,2017-08-19,2059,1279,668,6,5,5,1956,0,0,0,NA,0,6L15,HAWTHORNE BL,177TH ST,175,S,N,A,-,N,NA,NA,NA,NA,NA,NA,NA,NA,NA,Y,4,0,1,2,A,-,03,22350,NA,N,-,C,A,A,H,-,C,D,0,NA,NA,NA,NA,Y,NA,A,01,0,0,1,0,0,0,0,0,0,-,-,NA,NA,LOS ANGELES,REDONDO BEACH,-118.35249,33.86947002
8433539,2017,2017-08-30,1942,2017-08-18,1850,37304,0932,5,5,7,1942,0,0,0,I,0,9T55,VICTORY BL,WILLIS AV,115,E,N,A,-,N,NA,NA,NA,NA,NA,NA,NA,NA,NA,Y,4,0,1,2,A,-,07,21658,A,F,B,C,A,A,H,-,A,D,0,NA,NA,NA,NA,Y,NA,A,01,0,0,1,0,0,0,0,0,0,-,-,NA,NA,LOS ANGELES,LOS ANGELES,-118.45490042,34.18666
8433540,2017,2017-08-30,1902,2017-08-18,1435,757,14,5,5,5,1902,0,0,0,NA,0,002,2ND AV,GENOA ST,0,NA,Y,A,-,N,NA,NA,NA,NA,NA,NA,NA,NA,NA,Y,3,0,2,2,A,-,09,21802,A,N,D,C,A,A,H,-,A,A,0,NA,NA,NA,NA,Y,NA,A,08,0,1,1,0,0,0,0,0,0,-,-,NA,NA,LOS ANGELES,ARCADIA,-118.02506008,34.1323901
8433543,2017,2017-08-30,1942,2017-08-19,2115,36733,0939,6,5,7,1942,0,0,0,I,0,10T25,COLDWATER CANYON BL,BURBANK BL,100,S,N,A,-,N,NA,NA,NA,NA,NA,NA,NA,NA,NA,Y,4,0,1,2,A,-,03,22350,NA,F,C,C,A,A,H,-,C,D,0,NA,NA,NA,NA,Y,NA,A,01,0,0,1,0,0,0,0,0,0,-,-,NA,NA,LOS ANGELES,LOS ANGELES,-118.4142,34.17212
8433544,2017,2017-08-30,1902,2017-08-16,1548,640,8,3,5,5,1902,0,0,0,NA,0,001,FOOTHILL BL,2ND AV,0,NA,Y,A,-,N,NA,NA,NA,NA,NA,NA,NA,NA,NA,Y,3,0,2,2,A,-,09,21801,A,N,A,C,A,A,H,-,A,A,0,NA,NA,NA,NA,Y,NA,-,NA,0,2,0,0,0,0,0,0,0,-,-,NA,NA,LOS ANGELES,ARCADIA,-118.02541007,34.15106004
8433547,2017,2017-08-30,1942,2017-08-16,0600,38692,1925,3,5,7,1942,0,0,0,NA,0,19A1,BRADLEY AV,AZTEC ST,70,S,N,A,-,N,NA,NA,NA,NA,NA,NA,NA,NA,NA,N,4,0,2,2,A,-,17,22109,NA,F,C,C,A,A,H,-,B,D,0,NA,NA,NA,NA,Y,NA,-,99,0,0,2,0,0,0,0,0,0,-,-,NA,NA,LOS ANGELES,LOS ANGELES,-118.4460226,34.29481748
8433548,2017,2017-08-30,1902,2017-08-18,1444,755,26,5,5,5,1902,0,0,0,NA,0,004,W DUARTE RD,TEMPLE CITY BL,450,W,N,A,-,N,NA,NA,NA,NA,NA,NA,NA,NA,NA,Y,4,0,1,2,A,-,09,21804,A,N,D,C,A,A,H,-,A,D,0,NA,NA,NA,NA,Y,NA,A,01,0,0,1,0,0,0,0,0,0,-,-,NA,NA,LOS ANGELES,ARCADIA,-118.0659518,34.1244691
8433551,2017,2017-08-30,1942,2017-08-11,1115,41105,1901,5,5,7,1942,0,0,0,NA,0,19A1,FOOTHILL BL,BALBOA BL,120,S,N,A,-,N,NA,NA,NA,NA,NA,NA,NA,NA,NA,Y,3,0,2,3,A,-,03,22350,NA,F,B,-,A,A,H,-,A,D,0,NA,NA,NA,NA,Y,NA,-,99,0,2,0,0,0,0,0,0,0,-,-,NA,NA,LOS ANGELES,LOS ANGELES,-118.49547671,34.32137145
8433555,2017,2017-08-30,1942,2017-08-15,1550,40165,1962,2,5,7,1942,0,0,0,NA,0,9TL56,LASSEN ST,KESTER AV,0,NA,Y,A,-,N,NA,NA,NA,NA,NA,NA,NA,NA,NA,N,4,0,2,2,A,-,03,22350,NA,F,C,C,A,A,H,-,A,D,0,NA,NA,NA,NA,Y,NA,-,99,0,0,2,0,0,0,0,0,0,-,-,NA,NA,LOS ANGELES,LOS ANGELES,-118.45654007,34.24996008
8433559,2017,2017-08-30,1942,2017-08-15,2100,41198,1906,2,5,7,1942,0,0,0,NA,0,10T37,GARRICK AV,SAYRE ST,0,NA,Y,A,-,N,NA,NA,NA,NA,NA,NA,NA,NA,NA,N,4,0,1,2,A,-,12,22450,A,F,A,B,B,A,H,-,C,A,0,Y,NA,NA,NA,Y,NA,-,99,0,0,1,0,1,0,0,0,0,-,-,NA,NA,LOS ANGELES,LOS ANGELES,-118.42185002,34.32074001
8433560,2017,2017-08-30,1900,2017-08-16,0956,460162,0521,3,5,4,1971,0,0,0,NA,0,52T1AM,LAS TUNAS DR,CAMELLIA AV,0,NA,Y,B,-,N,NA,NA,NA,NA,NA,NA,NA,NA,NA,N,4,0,1,2,A,-,09,21801,A,N,D,C,A,A,H,-,A,A,0,NA,NA,NA,NA,Y,NA,A,01,0,0,1,0,0,0,0,0,0,-,-,34.10235,-118.05482,LOS ANGELES,TEMPLE CITY,-118.05946,34.10689011
8433561,2017,2017-09-08,1900,2017-08-16,1920,51622,NA,3,5,6,1949,0,0,0,NA,0,43T1,ALONDA BL,GRIDLEY RD,0,NA,Y,A,-,N,NA,NA,NA,NA,NA,NA,NA,NA,NA,Y,4,0,1,2,A,-,04,21703,NA,N,C,C,A,A,H,-,A,A,0,NA,NA,NA,Y,Y,NA,F,25,0,0,1,0,0,0,0,0,0,-,-,NA,NA,LOS ANGELES,NORWALK,-118.09118011,33.88765003
8433563,2017,2017-08-30,1942,2017-08-18,2204,40388,1739,5,5,7,1942,0,0,0,Q,0,19T75,HASKELL AV,CHATSWORTH ST,0,NA,Y,A,-,N,NA,NA,NA,NA,NA,NA,NA,NA,NA,Y,4,0,2,2,A,-,12,21453,A,N,D,C,A,A,H,-,C,A,0,NA,NA,NA,NA,Y,NA,A,01,0,0,2,0,0,0,0,0,0,-,-,NA,NA,LOS ANGELES,LOS ANGELES,-118.47601012,34.26460007
8433564,2017,2017-08-30,1900,2017-08-03,1315,524687,0541,4,5,3,1921,0,0,0,NA,0,58T1AM,HUNTINGTON DR,BRADBURY AV,584,E,N,A,-,N,NA,NA,NA,NA,NA,NA,NA,NA,NA,N,4,0,1,2,A,-,05,21650,1,N,D,G,A,A,H,-,A,D,0,NA,Y,NA,NA,Y,NA,L,04,0,0,1,0,0,0,1,0,0,-,-,34.1397,-117.9813,LOS ANGELES,DUARTE,-117.97995503,34.1396
8433567,2017,2017-08-30,1942,2017-08-18,0810,36257,1701,5,5,7,1942,0,0,0,Q,0,16TL23,RINALDI ST,CORBIN,225,W,N,A,-,N,NA,NA,NA,NA,NA,NA,NA,NA,NA,Y,4,0,1,2,A,-,04,21703,NA,N,C,C,A,A,H,-,A,D,0,NA,NA,NA,NA,Y,NA,A,01,0,0,1,0,0,0,0,0,0,-,-,NA,NA,LOS ANGELES,LOS ANGELES,-118.56288343,34.27485146
8433568,2017,2017-08-30,1900,2017-08-10,1430,522016,0521,4,5,4,1971,0,0,0,NA,0,52PM,TEMPLE CITY BL,GARIBALDI AV,0,NA,Y,A,-,N,NA,NA,NA,NA,NA,NA,NA,NA,NA,Y,3,0,1,2,A,-,12,21453,A,N,D,C,A,A,H,-,A,A,0,NA,NA,NA,NA,Y,NA,A,01,0,1,0,0,0,0,0,0,0,-,-,34.11027,-118.06163,LOS ANGELES,TEMPLE CITY,-118.06162004,34.11024007
8433571,2017,2017-08-30,1942,2017-08-19,1345,40193,1752,6,5,7,1942,0,0,0,Q,0,19T76,LASSEN ST,DE SOTO AV,0,NA,Y,A,-,N,NA,NA,NA,NA,NA,NA,NA,NA,NA,Y,4,0,1,2,A,-,09,21800,D,N,D,C,A,A,H,-,A,B,0,NA,NA,NA,NA,Y,NA,A,01,0,0,1,0,0,0,0,0,0,-,-,NA,NA,LOS ANGELES,LOS ANGELES,-118.58857005,34.24998004
8433572,2017,2017-08-30,1900,2017-08-07,1117,527455,0511,1,5,1,1911,0,0,0,NA,0,58T1AM,MOUNT OLIVE DR,ELDA ST,445,N,N,A,-,N,NA,NA,NA,NA,NA,NA,NA,NA,NA,Y,4,0,1,2,A,-,08,22107,NA,N,A,C,A,A,H,-,A,D,0,NA,NA,NA,NA,Y,NA,A,01,0,0,1,0,0,0,0,0,0,-,-,34.14639,-117.9546,LOS ANGELES,BRADBURY,-117.95454742,34.14638315
8433575,2017,2017-08-30,1942,2017-08-17,2005,38613,1795,4,5,7,1942,0,0,0,Q,0,9T53,AMESTOY AV,PARTHENIA ST,780,S,N,A,-,N,NA,NA,NA,NA,NA,NA,NA,NA,NA,N,4,0,1,2,A,-,08,22103,NA,N,D,C,A,A,H,-,D,D,0,NA,NA,Y,NA,Y,NA,A,01,0,0,1,0,0,0,0,0,1,-,-,NA,NA,LOS ANGELES,LOS ANGELES,-118.50698409,34.22639041
8433576,2017,2017-08-30,1900,2017-08-16,0840,524687,0542,3,5,3,1921,0,0,0,NA,0,5FT1AM,CENTRAL AV,CRESTFIELD DR,606,W,N,A,-,N,NA,NA,NA,NA,NA,NA,NA,NA,NA,Y,4,0,2,3,A,-,09,21804,A,N,D,C,A,A,H,-,A,D,0,NA,NA,NA,NA,Y,NA,A,01,0,0,2,0,0,0,0,0,0,-,-,34.13616,-117.95371,LOS ANGELES,DUARTE,-117.95368798,34.13613263
8433578,2017,2017-09-11,1942,2017-08-10,0030,37304,1752,4,5,7,1942,0,0,0,Q,0,9T57,VARIEL AV,DEVONSHIRE ST,122,S,N,A,-,N,NA,NA,NA,NA,NA,NA,NA,NA,NA,Y,3,0,2,1,A,-,01,23152,A,N,E,I,A,A,H,-,C,D,0,NA,NA,NA,NA,Y,Y,D,22,0,2,0,0,0,0,0,0,0,-,-,NA,NA,LOS ANGELES,LOS ANGELES,-118.59294,34.25690532
8433579,2017,2017-08-30,1942,2017-08-14,1900,36542,1718,1,5,7,1942,0,0,0,Q,0,17A81W,RINALDI ST,STRANWOOD AV,85,E,N,A,-,N,NA,NA,NA,NA,NA,NA,NA,NA,NA,N,4,0,1,2,A,-,09,21801,A,N,D,C,A,A,H,-,A,D,0,NA,NA,NA,NA,Y,NA,A,01,0,0,1,0,0,0,0,0,0,-,-,NA,NA,LOS ANGELES,LOS ANGELES,-118.47373913,34.27912
8433580,2017,2017-08-30,1900,2017-08-16,1440,432997,0562,3,5,3,1968,0,0,0,NA,0,55T1PM,DURFEE AV,PECK RD,499,W,N,A,-,N,NA,NA,NA,NA,NA,NA,NA,NA,NA,Y,4,0,6,2,A,-,09,21804,A,N,D,C,A,A,H,-,A,D,0,NA,NA,NA,NA,Y,NA,A,01,0,0,6,0,0,0,0,0,0,-,-,34.03603,-118.04024,LOS ANGELES,SOUTH EL MONTE,-118.04017287,34.03602657
8433582,2017,2017-09-12,1942,2017-07-23,0855,40275,0156,7,5,7,1942,0,0,0,A,0,24TL24,6TH ST,SAN JUAN ST,17,E,N,A,-,N,NA,NA,NA,NA,NA,NA,NA,NA,NA,N,4,0,1,2,A,-,11,21954,A,N,G,B,D,A,H,-,A,A,0,Y,NA,NA,NA,Y,NA,I,11,0,0,1,0,1,0,0,0,0,-,-,NA,NA,LOS ANGELES,LOS ANGELES,-118.46708785,33.99313182
8433583,2017,2017-08-30,1942,2017-08-19,0220,37304,1737,6,5,7,1942,0,0,0,Q,0,9T55,SAN FERNANDO MISSION BL,HAYVENHURST AV,0,NA,Y,A,-,N,NA,NA,NA,NA,NA,NA,NA,NA,NA,Y,4,0,3,2,A,-,12,21453,A,N,D,C,A,A,H,-,C,A,0,NA,NA,NA,NA,Y,NA,A,01,0,0,3,0,0,0,0,0,0,-,-,NA,NA,LOS ANGELES,LOS ANGELES,-118.49344012,34.27197008
8433584,2017,2017-09-09,1951,2017-08-22,1517,749,NA,2,5,3,1951,0,0,0,NA,0,NA,VIA SONOMA,GRANVIA ALTAMIRA,164,E,N,A,-,N,NA,NA,NA,NA,NA,NA,NA,NA,NA,NA,4,0,1,1,A,-,08,22107,NA,N,A,I,A,A,H,-,A,D,0,NA,NA,NA,NA,Y,NA,-,NA,0,0,1,0,0,0,0,0,0,-,-,NA,NA,LOS ANGELES,PALOS VERDES EST,-118.3859381,33.78896152
8433585,2017,2017-09-23,1902,2017-08-18,1657,757,12,5,5,5,1902,0,0,0,NA,0,003,SANTA ANITA AV,COLORADO BL,459,N,N,A,-,N,NA,NA,NA,NA,NA,NA,NA,NA,NA,Y,3,0,1,2,A,-,08,22100,B,N,B,C,A,A,H,-,A,A,0,NA,NA,NA,Y,Y,NA,G,25,0,1,0,0,0,0,0,0,0,-,-,NA,NA,LOS ANGELES,ARCADIA,-118.03164547,34.1467481
8433586,2017,2017-09-11,1942,2017-07-31,1335,39791,0132,1,5,7,1942,0,0,0,A,0,1FB12,2ND ST,HILL ST,0,NA,Y,A,-,N,NA,NA,NA,NA,NA,NA,NA,NA,NA,Y,4,0,2,2,A,-,09,21801,A,N,A,C,A,A,H,-,A,D,0,NA,NA,NA,NA,Y,NA,D,22,0,0,2,0,0,0,0,0,0,-,-,NA,NA,LOS ANGELES,LOS ANGELES,-118.24776013,34.05311009
8433587,2017,2017-10-13,1942,2017-08-09,0910,38012,1039,3,5,7,1942,0,0,0,J,0,10A39,VAN OWEN ST,WOODLEY,0,NA,Y,A,-,N,NA,NA,NA,NA,NA,NA,NA,NA,NA,Y,4,0,1,3,A,-,12,21453,A,N,D,C,A,A,H,-,A,A,0,NA,NA,NA,NA,Y,NA,A,01,0,0,1,0,0,0,0,0,0,-,-,NA,NA,LOS ANGELES,LOS ANGELES,-118.48366011,34.19391001