CASE_ID,ACCIDENT_YEAR,PROC_DATE,JURIS,COLLISION_DATE,COLLISION_TIME,OFFICER_ID,REPORTING_DISTRICT,DAY_OF_WEEK,CHP_SHIFT,POPULATION,CNTY_CITY_LOC,SPECIAL_COND,BEAT_TYPE,CHP_BEAT_TYPE,CITY_DIVISION_LAPD,CHP_BEAT_CLASS,BEAT_NUMBER,PRIMARY_RD,SECONDARY_RD,DISTANCE,DIRECTION,INTERSECTION,WEATHER_1,WEATHER_2,STATE_HWY_IND,CALTRANS_COUNTY,CALTRANS_DISTRICT,STATE_ROUTE,ROUTE_SUFFIX,POSTMILE_PREFIX,POSTMILE,LOCATION_TYPE,RAMP_INTERSECTION,SIDE_OF_HWY,TOW_AWAY,COLLISION_SEVERITY,NUMBER_KILLED,NUMBER_INJURED,PARTY_COUNT,PRIMARY_COLL_FACTOR,PCF_CODE_OF_VIOL,PCF_VIOL_CATEGORY,PCF_VIOLATION,PCF_VIOL_SUBSECTION,HIT_AND_RUN,TYPE_OF_COLLISION,MVIW,PED_ACTION,ROAD_SURFACE,ROAD_COND_1,ROAD_COND_2,LIGHTING,CONTROL_DEVICE,CHP_ROAD_TYPE,PEDESTRIAN_ACCIDENT,BICYCLE_ACCIDENT,MOTORCYCLE_ACCIDENT,TRUCK_ACCIDENT,NOT_PRIVATE_PROPERTY,ALCOHOL_INVOLVED,STWD_VEHTYPE_AT_FAULT,CHP_VEHTYPE_AT_FAULT,COUNT_SEVERE_INJ,COUNT_VISIBLE_INJ,COUNT_COMPLAINT_PAIN,COUNT_PED_KILLED,COUNT_PED_INJURED,COUNT_BICYCLIST_KILLED,COUNT_BICYCLIST_INJURED,COUNT_MC_KILLED,COUNT_MC_INJURED,PRIMARY_RAMP,SECONDARY_RAMP,LATITUDE,LONGITUDE,COUNTY,CITY,POINT_X,POINT_Y
8433591,2017,2017-08-30,1942,2017-08-20,0810,39971,1601,7,5,7,1942,0,0,0,P,0,9TL55,PAXTON ST,DRONFIELD AV,600,W,N,A,-,N,NA,NA,NA,NA,NA,NA,NA,NA,NA,Y,3,0,2,5,A,-,08,22107,NA,N,D,C,A,A,H,-,A,D,0,NA,NA,NA,NA,Y,NA,A,01,0,2,0,0,0,0,0,0,0,-,-,NA,NA,LOS ANGELES,LOS ANGELES,-118.41294512,34.28333923
8433592,2017,2017-08-30,1900,2017-08-18,1700,486516,2260,5,5,2,1993,0,0,0,NA,0,226T1,LINDERO CANYON RD,AGOURA RD,40,N,N,A,-,N,NA,NA,NA,NA,NA,NA,NA,NA,NA,Y,4,0,1,2,A,-,08,22107,NA,N,C,C,A,A,H,-,A,-,0,NA,NA,NA,NA,Y,NA,A,01,0,0,1,0,0,0,0,0,0,-,-,34.14642,-118.80549,LOS ANGELES,WESTLAKE VILLAGE,-118.80581154,34.14614826
8433595,2017,2017-08-30,1942,2017-08-14,1350,40542,1693,1,5,7,1942,0,0,0,P,0,9TL54,WHITSETT AV,STRATHERN ST,500,S,N,A,-,N,NA,NA,NA,NA,NA,NA,NA,NA,NA,N,4,0,1,2,A,-,08,22103,NA,N,D,C,A,A,H,-,A,D,0,NA,NA,NA,NA,Y,NA,A,08,0,0,1,0,0,0,0,0,0,-,-,NA,NA,LOS ANGELES,LOS ANGELES,-118.40525,34.21435874
8433596,2017,2017-08-30,1900,2017-08-16,2137,530045,2222,3,5,3,1994,0,0,0,NA,0,222T1,KANAN RD,CANWOOD ST,28,N,N,A,-,N,NA,NA,NA,NA,NA,NA,NA,NA,NA,Y,4,0,1,3,A,-,04,21703,NA,N,C,C,A,A,H,-,C,A,0,NA,NA,NA,NA,Y,NA,A,07,0,0,1,0,0,0,0,0,0,-,-,34.08967,-118.45603,LOS ANGELES,AGOURA HILLS,-118.76106632,34.14705598
8433599,2017,2017-08-30,1942,2017-08-14,0940,34561,1656,1,5,7,1942,0,0,0,P,0,9TL53,FOOTHILL BL,ORO VISTA AV,35,W,N,A,-,N,NA,NA,NA,NA,NA,NA,NA,NA,NA,N,4,0,1,2,A,-,03,22350,NA,N,C,C,A,A,H,-,A,A,0,NA,NA,NA,NA,Y,NA,A,01,0,0,1,0,0,0,0,0,0,-,-,NA,NA,LOS ANGELES,LOS ANGELES,-118.31587561,34.25969
8433600,2017,2017-08-30,1942,2017-08-03,1710,42119,1722,4,5,7,1942,0,0,0,Q,0,17X36,TOPANGA CYN,ANDORA AV,100,S,N,A,-,N,NA,NA,NA,NA,NA,NA,NA,NA,NA,N,4,0,1,2,A,-,03,22350,NA,F,C,C,A,A,-,-,A,D,0,NA,NA,Y,NA,Y,Y,A,01,0,0,1,0,0,0,0,0,1,-,-,NA,NA,LOS ANGELES,LOS ANGELES,-118.60607,34.26325567
8433665,2017,2017-09-09,1942,2017-08-06,1725,42463,1693,7,5,7,1942,0,0,0,P,0,16X2,STAGG ST,LAUREL CANYON,100,W,N,A,-,N,NA,NA,NA,NA,NA,NA,NA,NA,NA,Y,4,0,1,2,A,-,01,23152,A,N,B,E,A,A,H,-,A,D,0,NA,NA,NA,NA,Y,Y,A,01,0,0,1,0,0,0,0,0,0,-,-,NA,NA,LOS ANGELES,LOS ANGELES,-118.39684015,34.21209
8433693,2017,2017-08-28,1942,2017-07-28,0720,38090,745,5,5,7,1942,0,0,0,NA,0,6TL7,OLYMPIC BL,COCHRAN AV,0,NA,Y,A,-,N,NA,NA,NA,NA,NA,NA,NA,NA,NA,Y,3,0,2,2,A,-,09,21801,A,N,D,C,A,A,H,-,A,A,0,NA,NA,NA,NA,Y,NA,A,01,0,1,1,0,0,0,0,0,0,-,-,NA,NA,LOS ANGELES,LOS ANGELES,-118.34908012,34.0573001
8433697,2017,2017-08-28,1942,2017-07-28,0845,38090,764,5,5,7,1942,0,0,0,NA,0,6TL7,VENICE BL,HAUSER BL,20,E,N,A,-,N,NA,NA,NA,NA,NA,NA,NA,NA,NA,Y,4,0,1,2,A,-,09,21801,A,F,E,I,A,A,H,-,A,A,0,NA,NA,NA,NA,Y,NA,-,99,0,0,1,0,0,0,0,0,0,-,-,NA,NA,LOS ANGELES,LOS ANGELES,-118.35854517,34.04398984
8433701,2017,2017-08-28,1942,2017-07-30,1350,40452,0632,7,5,7,1942,0,0,0,F,0,8TL26,HOLLYWOOD BL,FAIRFAX AV,0,NA,Y,A,-,N,NA,NA,NA,NA,NA,NA,NA,NA,NA,Y,4,0,1,2,A,-,09,21801,A,N,D,C,A,A,H,-,A,A,0,NA,NA,NA,NA,Y,NA,A,08,0,0,1,0,0,0,0,0,0,-,-,NA,NA,LOS ANGELES,LOS ANGELES,-118.3615701,34.10130002
8433703,2017,2017-08-25,1942,2017-08-04,2050,25495,0717,5,5,7,1942,0,0,0,G,0,7T23,BEVERLY BL,JUNG ST,90,NA,N,A,-,N,NA,NA,NA,NA,NA,NA,NA,NA,NA,N,4,0,3,2,A,-,03,22350,NA,N,C,C,A,A,H,-,C,D,0,NA,NA,NA,NA,Y,NA,A,01,0,0,3,0,0,0,0,0,0,-,-,NA,NA,LOS ANGELES,LOS ANGELES,NA,NA
8433705,2017,2017-08-28,1942,2017-07-24,1500,41858,0889,1,5,7,1942,0,0,0,H,0,8TL26,18TH ST,WOOSTER ST,136,W,N,B,-,N,NA,NA,NA,NA,NA,NA,NA,NA,NA,Y,3,0,1,2,A,-,01,23152,NA,N,D,C,A,A,H,-,A,D,0,NA,NA,NA,NA,Y,NA,A,01,0,1,0,0,0,0,0,0,0,-,-,NA,NA,LOS ANGELES,LOS ANGELES,-118.38452997,34.0462506
8433707,2017,2017-08-25,1942,2017-07-31,1430,40452,0724,1,5,7,1942,0,0,0,G,0,8TL26,BEVERLY BL,FAIRFAX AV,0,NA,Y,A,-,N,NA,NA,NA,NA,NA,NA,NA,NA,NA,Y,4,0,1,4,A,-,08,22107,NA,N,A,C,A,A,H,-,A,D,0,NA,NA,NA,NA,Y,NA,A,07,0,0,1,0,0,0,0,0,0,-,-,NA,NA,LOS ANGELES,LOS ANGELES,-118.3614601,34.07610002
8433709,2017,2017-08-28,1942,2017-07-25,1655,37966,LOSAN,2,5,7,1942,0,0,0,NA,0,6TL2,DE LONGPRE AV,LA BREA AV,0,NA,Y,A,-,N,NA,NA,NA,NA,NA,NA,NA,NA,NA,N,3,0,1,2,A,-,09,21804,A,N,D,G,A,A,H,-,A,A,0,NA,Y,NA,NA,Y,NA,L,04,0,1,0,0,0,0,1,0,0,-,-,NA,NA,LOS ANGELES,LOS ANGELES,-118.34412,34.09614006
8433711,2017,2017-08-25,1942,2017-08-02,1025,38090,0759,3,5,7,1942,0,0,0,G,0,6TL7,WESTCHESTER PL,PICO BL,0,NA,Y,A,-,N,NA,NA,NA,NA,NA,NA,NA,NA,NA,N,4,0,1,2,A,-,09,21802,A,N,D,C,A,A,H,-,A,A,0,NA,NA,NA,NA,Y,NA,A,01,0,0,1,0,0,0,0,0,0,-,-,NA,NA,LOS ANGELES,LOS ANGELES,-118.31889002,34.04718001
8433713,2017,2017-08-28,1942,2017-07-21,1340,27259,0561,5,5,7,1942,0,0,0,E,0,3T5,WYCLIFF AV,WYCLIFF PL,30,S,N,A,-,N,NA,NA,NA,NA,NA,NA,NA,NA,NA,N,4,0,1,2,A,-,05,21650,NA,N,A,C,A,A,H,-,A,D,0,NA,NA,NA,NA,Y,NA,A,08,0,0,1,0,0,0,0,0,0,-,-,NA,NA,LOS ANGELES,LOS ANGELES,-118.31309327,33.73420757
8433715,2017,2017-08-25,1942,2017-08-03,0800,38090,702,4,5,7,1942,0,0,0,NA,0,6TL7,WILLOUGHBY AV,GARDNER ST,20,E,N,A,-,N,NA,NA,NA,NA,NA,NA,NA,NA,NA,N,3,0,1,2,A,-,04,21703,NA,N,H,G,A,A,H,-,A,A,0,NA,Y,NA,NA,Y,NA,L,04,0,1,0,0,0,0,1,0,0,-,-,NA,NA,LOS ANGELES,LOS ANGELES,-118.35319407,34.08712
8433717,2017,2017-08-28,1942,2017-07-21,1735,31188,0521,5,5,7,1942,0,0,0,E,0,5T25,GAFFEY ST,WESTMONT DR,26,N,N,A,-,N,NA,NA,NA,NA,NA,NA,NA,NA,NA,N,3,0,1,2,A,-,03,22350,NA,N,C,C,A,A,H,-,A,A,0,NA,NA,Y,NA,Y,NA,A,01,0,1,0,0,0,0,0,0,1,-,-,NA,NA,LOS ANGELES,LOS ANGELES,-118.29343105,33.76399071
8433719,2017,2017-08-25,1942,2017-08-04,2205,37550,0742,5,5,7,1942,0,0,0,G,0,7T23,OLYMPIC BL,FAIRFAX AV,83,W,N,A,-,N,NA,NA,NA,NA,NA,NA,NA,NA,NA,Y,3,0,2,2,A,-,09,21804,A,N,D,C,A,A,H,-,C,A,0,NA,NA,NA,NA,Y,NA,A,01,0,1,1,0,0,0,0,0,0,-,-,NA,NA,LOS ANGELES,LOS ANGELES,-118.36413156,34.05821716
8433721,2017,2017-08-28,1942,2017-07-31,1020,42603,0504,1,5,7,1942,0,0,0,E,0,0525,DENKER ST,211TH ST,150,N,N,A,-,N,NA,NA,NA,NA,NA,NA,NA,NA,NA,N,4,0,1,2,A,-,06,21750,NA,N,D,C,A,A,H,-,A,D,0,NA,NA,NA,NA,Y,NA,A,01,0,0,1,0,0,0,0,0,0,-,-,NA,NA,LOS ANGELES,LOS ANGELES,-118.30394241,33.83864139
8433723,2017,2017-08-25,1942,2017-08-02,0830,41978,0745,3,5,7,1942,0,0,0,G,0,7T23,OLYMPIC BL,LA BREA AV,38,W,N,A,-,N,NA,NA,NA,NA,NA,NA,NA,NA,NA,Y,2,0,1,2,A,-,09,21801,A,N,D,C,A,A,H,-,A,A,0,NA,NA,Y,NA,Y,NA,A,01,1,0,0,0,0,0,0,0,1,-,-,NA,NA,LOS ANGELES,LOS ANGELES,-118.34603514,34.05726368
8433724,2017,2017-08-25,1923,2017-08-11,0540,495,322,5,5,3,1923,0,0,0,NA,0,003,EL SEGUNDO BL,DOUGLAS ST,0,NA,Y,A,-,N,NA,NA,NA,NA,NA,NA,NA,NA,NA,N,3,0,1,1,A,-,03,22350,NA,N,E,I,A,A,H,-,B,A,0,NA,NA,Y,NA,Y,NA,C,02,0,1,0,0,0,0,0,0,1,-,-,33.9164,-118.38321,LOS ANGELES,EL SEGUNDO,-118.38322004,33.91646008
8433725,2017,2017-08-28,1942,2017-07-30,0435,41649,0504,7,5,7,1942,0,0,0,E,0,5Z3,CARSON ST,NORMANDIE AV,0,NA,Y,A,-,N,NA,NA,NA,NA,NA,NA,NA,NA,NA,Y,3,0,1,2,A,-,09,21801,A,N,A,C,A,A,H,-,C,A,0,NA,NA,NA,NA,Y,Y,A,01,0,1,0,0,0,0,0,0,0,-,-,NA,NA,LOS ANGELES,LOS ANGELES,-118.29958002,33.83155003
8433729,2017,2017-08-28,1942,2017-07-19,1055,37944,505,3,5,7,1942,0,0,0,NA,0,5A11,PCH,BIXBY AV,0,NA,Y,A,-,N,NA,NA,NA,NA,NA,NA,NA,NA,NA,N,4,0,1,2,A,-,03,22350,NA,F,C,C,A,A,H,-,A,A,0,NA,NA,NA,NA,Y,NA,A,07,0,0,1,0,0,0,0,0,0,-,-,NA,NA,LOS ANGELES,LOS ANGELES,-118.29085,33.7909901
8433731,2017,2017-08-25,1942,2017-08-07,0550,42146,0774,1,5,7,1942,0,0,0,G,0,7TL23W,VENICE BL,REDONDO BL,0,NA,Y,A,-,N,NA,NA,NA,NA,NA,NA,NA,NA,NA,Y,2,0,2,2,A,-,03,22350,NA,F,A,C,A,A,H,-,B,A,0,NA,NA,NA,NA,Y,NA,A,01,2,0,0,0,0,0,0,0,0,-,-,NA,NA,LOS ANGELES,LOS ANGELES,-118.35043003,34.04512004
8433733,2017,2017-08-28,1900,2017-07-02,2140,606644,1368,7,5,5,1952,0,0,0,NA,0,136B,PARAMOUNT BL,JACKSON ST,5,S,N,A,-,N,NA,NA,NA,NA,NA,NA,NA,NA,NA,Y,2,0,1,2,A,-,08,22107,NA,F,D,C,A,A,H,-,C,A,0,NA,NA,Y,NA,Y,NA,A,07,1,0,0,0,0,0,0,0,1,-,-,NA,NA,LOS ANGELES,PARAMOUNT,-118.16012987,33.88539629
8433735,2017,2017-08-24,1942,2017-08-01,2110,42626,0646,2,5,7,1942,0,0,0,F,0,6A49,HOLLYWOOD BL,VINE ST,0,NA,Y,A,-,N,NA,NA,NA,NA,NA,NA,NA,NA,NA,Y,3,0,1,3,A,-,09,21801,A,N,D,C,A,A,H,-,C,D,0,NA,NA,Y,NA,Y,NA,A,01,0,1,0,0,0,0,0,0,1,-,-,NA,NA,LOS ANGELES,LOS ANGELES,-118.32666005,34.10160001
8433737,2017,2017-08-28,1900,2017-07-01,0830,525859,1327,6,5,5,1935,0,0,0,NA,0,132D,216TH ST,ROSETON AV,15,W,N,B,-,N,NA,NA,NA,NA,NA,NA,NA,NA,NA,N,4,0,1,2,A,-,09,21804,A,N,D,C,A,A,H,-,A,D,0,NA,NA,NA,NA,Y,NA,A,01,0,0,1,0,0,0,0,0,0,-,-,NA,NA,LOS ANGELES,LAKEWOOD,-118.08631928,33.83280913
8433739,2017,2017-08-24,1942,2017-08-01,2250,42120,0648,2,5,7,1942,0,0,0,F,0,6A48,HOLLYWOOD BL,SERRANO,0,NA,Y,A,-,N,NA,NA,NA,NA,NA,NA,NA,NA,NA,N,4,0,3,3,A,-,04,21703,NA,N,C,C,A,A,H,-,C,A,0,NA,NA,NA,NA,Y,NA,A,01,0,0,3,0,0,0,0,0,0,-,-,NA,NA,LOS ANGELES,LOS ANGELES,-118.30722004,34.10174007
8433741,2017,2017-08-28,1900,2017-07-08,1400,605584,LAKEW,6,5,5,1935,0,0,0,NA,0,132F,DEL AMO BL,PALO VERDE AV,0,NA,Y,A,-,N,NA,NA,NA,NA,NA,NA,NA,NA,NA,N,4,0,1,2,A,-,05,21650,1,N,B,G,A,A,H,-,A,A,0,NA,Y,NA,NA,Y,NA,L,04,0,0,1,0,0,0,1,0,0,-,-,NA,NA,LOS ANGELES,LAKEWOOD,-118.10770004,33.84706005
8433743,2017,2017-08-24,1942,2017-08-11,0710,33191,679,5,5,7,1942,0,0,0,NA,0,14TL49,NORMANDIE AV,LEMON GROVE AV,0,NA,Y,A,-,N,NA,NA,NA,NA,NA,NA,NA,NA,NA,Y,4,0,2,2,A,-,09,21801,A,N,D,C,A,A,H,-,A,D,0,NA,NA,NA,NA,Y,NA,A,07,0,0,2,0,0,0,0,0,0,-,-,NA,NA,LOS ANGELES,LOS ANGELES,-118.30048008,34.08628008
8433745,2017,2017-08-28,1900,2017-07-06,0800,609278,1332,4,5,5,1908,0,0,0,NA,0,133T1,ROSECRANS AV,WOODRUFF BL,150,E,N,A,-,N,NA,NA,NA,NA,NA,NA,NA,NA,NA,N,4,0,2,2,A,-,03,22350,NA,N,-,C,A,A,H,-,A,D,0,NA,NA,NA,NA,Y,NA,A,01,0,0,2,0,0,0,0,0,0,-,-,NA,NA,LOS ANGELES,BELLFLOWER,-118.11618672,33.90203
8433747,2017,2017-08-24,1942,2017-08-09,1520,37966,0705,3,5,7,1942,0,0,0,G,0,6TL4,N LA BREA AV,WARING AV,0,NA,Y,A,-,N,NA,NA,NA,NA,NA,NA,NA,NA,NA,Y,3,0,2,2,A,-,12,21453,A,N,D,C,A,A,H,-,A,A,0,NA,NA,NA,NA,Y,NA,A,01,0,1,1,0,0,0,0,0,0,-,-,NA,NA,LOS ANGELES,LOS ANGELES,-118.34408,34.08525007
8433749,2017,2017-08-28,1900,2017-07-03,1740,534813,1368,1,5,5,1952,0,0,0,NA,0,136D,MADISON ST,DOWNEY AV,40,W,N,A,-,N,NA,NA,NA,NA,NA,NA,NA,NA,NA,N,4,0,2,2,A,-,04,21703,NA,M,C,C,A,A,H,-,A,A,0,NA,NA,NA,NA,Y,NA,A,01,0,0,2,0,0,0,0,0,0,-,-,NA,NA,LOS ANGELES,PARAMOUNT,-118.1516115,33.89111239
8433753,2017,2017-08-28,1900,2017-07-23,0222,540343,1334,7,5,5,1908,0,0,0,NA,0,133T1,BELLFLOWER BL,ARKANSAS ST,44,N,N,A,-,N,NA,NA,NA,NA,NA,NA,NA,NA,NA,N,4,0,1,2,A,-,08,22107,NA,N,C,E,A,A,H,-,C,D,0,NA,NA,NA,NA,Y,NA,A,01,0,0,1,0,0,0,0,0,0,-,-,NA,NA,LOS ANGELES,BELLFLOWER,-118.12525271,33.87947063
8433757,2017,2017-08-28,1900,2017-07-01,0815,602250,1321,6,5,5,1935,0,0,0,NA,0,132T1,BELLFLOWER BL,SOUTH ST,140,S,N,A,-,N,NA,NA,NA,NA,NA,NA,NA,NA,NA,Y,4,0,1,2,A,-,09,21804,A,N,D,C,A,A,H,-,A,-,0,NA,NA,NA,NA,Y,NA,A,07,0,0,1,0,0,0,0,0,0,-,-,NA,NA,LOS ANGELES,LAKEWOOD,-118.12516392,33.85994611
8433759,2017,2017-08-24,1942,2017-08-05,0330,41671,0861,6,5,7,1942,0,0,0,H,0,6T7,PCH,SUNSET BL,950,S,N,A,-,N,NA,NA,NA,NA,NA,NA,NA,NA,NA,Y,4,0,2,4,A,-,01,23152,A,N,C,E,A,A,H,-,D,D,0,NA,NA,NA,NA,Y,Y,A,07,0,0,2,0,0,0,0,0,0,-,-,NA,NA,LOS ANGELES,LOS ANGELES,-118.55563,34.03849
8433764,2017,2017-08-25,1900,2017-07-19,0900,466331,1321,3,5,5,1935,0,0,0,NA,0,132T2,SOUTH ST,BELLFLOWER BL,50,W,N,A,-,N,NA,NA,NA,NA,NA,NA,NA,NA,NA,N,4,0,1,2,A,-,09,21804,A,N,D,G,A,A,H,-,B,D,0,NA,Y,NA,NA,Y,NA,A,NA,0,0,1,0,0,0,1,0,0,-,-,NA,NA,LOS ANGELES,LAKEWOOD,-118.12532435,33.86033
8433768,2017,2017-08-25,1900,2017-07-18,2215,274533,1333,2,5,5,1908,0,0,0,NA,0,133T1,ALONDRA BL,MCNAB AV,703,W,N,A,-,N,NA,NA,NA,NA,NA,NA,NA,NA,NA,Y,3,0,3,2,A,-,09,21801,A,N,A,C,A,A,H,-,C,D,0,NA,NA,NA,NA,Y,NA,A,07,0,1,2,0,0,0,0,0,0,-,-,NA,NA,LOS ANGELES,BELLFLOWER,-118.11509505,33.88920941
8433772,2017,2017-08-25,1900,2017-07-04,1730,508822,1329,2,5,5,1935,0,0,0,NA,0,132T1,DEL AMO BL,CLARK AV,2,W,N,A,-,N,NA,NA,NA,NA,NA,NA,NA,NA,NA,Y,3,0,2,1,A,-,01,23152,A,N,E,I,A,A,H,-,A,A,0,NA,NA,NA,NA,Y,Y,A,01,0,1,1,0,0,0,0,0,0,-,-,NA,NA,LOS ANGELES,LAKEWOOD,-118.13380657,33.84714
8433788,2017,2017-08-25,1942,2017-07-22,0915,39397,0318,6,5,7,1942,0,0,0,C,0,18T23,24TH ST,VERMONT AV,1,E,N,A,-,N,NA,NA,NA,NA,NA,NA,NA,NA,NA,N,4,0,1,2,A,-,10,21950,A,F,G,B,B,A,H,-,A,A,0,Y,NA,NA,NA,Y,NA,-,99,0,0,1,0,1,0,0,0,0,-,-,NA,NA,LOS ANGELES,LOS ANGELES,-118.29155,34.03453
8433792,2017,2017-08-25,1942,2017-07-23,0025,42455,NA,7,5,7,1942,0,0,0,NA,0,5ASS,GAFFEY,SUMMERLAND AV,0,NA,Y,A,-,N,NA,NA,NA,NA,NA,NA,NA,NA,NA,N,4,0,1,2,A,-,09,21801,A,N,B,C,A,A,H,-,C,A,0,NA,NA,NA,NA,Y,NA,A,01,0,0,1,0,0,0,0,0,0,-,-,NA,NA,LOS ANGELES,LOS ANGELES,-118.29290006,33.74765001
8433796,2017,2017-08-25,1942,2017-07-31,1650,41169,1266,1,5,7,1942,0,0,0,L,0,12Q53W,HOOVER ST,81ST ST,15,S,N,A,-,N,NA,NA,NA,NA,NA,NA,NA,NA,NA,N,4,0,1,2,A,-,03,22350,NA,N,H,J,A,A,H,-,A,D,0,NA,Y,NA,NA,Y,NA,A,01,0,0,1,0,0,0,1,0,0,-,-,NA,NA,LOS ANGELES,LOS ANGELES,-118.28712,33.96540886
8433800,2017,2017-08-25,1942,2017-07-31,1550,41927,1265,1,5,7,1942,0,0,0,L,0,3TL57,MANCHESTER AV,VERMONT AV,400,W,N,A,-,N,NA,NA,NA,NA,NA,NA,NA,NA,NA,Y,4,0,1,2,A,-,09,21801,B,N,D,C,A,A,H,-,A,D,0,NA,NA,NA,NA,Y,NA,A,07,0,0,1,0,0,0,0,0,0,-,-,NA,NA,LOS ANGELES,LOS ANGELES,-118.29308653,33.96002
8433804,2017,2017-08-25,1942,2017-07-30,1800,41927,1239,7,5,7,1942,0,0,0,L,0,5T25,58TH PL,KANSAS AV,100,S,N,A,-,N,NA,NA,NA,NA,NA,NA,NA,NA,NA,Y,3,0,2,2,A,-,21,22106,NA,N,D,C,A,A,H,-,A,D,0,NA,NA,NA,NA,Y,NA,A,01,0,1,1,0,0,0,0,0,0,-,-,NA,NA,LOS ANGELES,LOS ANGELES,-118.29365,33.98834
8433808,2017,2017-08-25,1942,2017-07-28,1500,25209,1265,5,5,7,1942,0,0,0,L,0,12L90,83RD ST,KANSAS,0,NA,Y,A,-,N,NA,NA,NA,NA,NA,NA,NA,NA,NA,N,4,0,1,2,A,-,00,20015,NA,F,H,C,A,A,H,-,A,A,0,NA,Y,NA,NA,Y,NA,-,99,0,0,1,0,0,0,1,0,0,-,-,NA,NA,LOS ANGELES,LOS ANGELES,-118.29402011,33.9636501
8433812,2017,2017-08-25,1942,2017-07-21,1920,42863,1273,5,5,7,1942,0,0,0,L,0,12A39,MANCHESTER,DENKER,0,NA,Y,A,-,N,NA,NA,NA,NA,NA,NA,NA,NA,NA,Y,4,0,1,2,A,-,12,21453,A,N,A,C,A,A,H,-,A,A,0,NA,NA,NA,NA,Y,NA,A,01,0,0,1,0,0,0,0,0,0,-,-,NA,NA,LOS ANGELES,LOS ANGELES,-118.30465008,33.95999001
8433816,2017,2017-09-05,1942,2017-07-21,2145,41688,1259,5,5,7,1942,0,0,0,L,0,12A53,CENTRAL AV,75TH ST,30,N,N,A,-,N,NA,NA,NA,NA,NA,NA,NA,NA,NA,Y,4,0,1,2,A,-,09,21801,A,N,D,C,A,A,H,-,C,A,0,NA,NA,Y,NA,Y,NA,A,01,0,0,1,0,0,0,0,0,1,-,-,NA,NA,LOS ANGELES,LOS ANGELES,-118.25643,33.97218227
8433820,2017,2017-08-25,1942,2017-07-26,1535,31288,1251,3,5,7,1942,0,0,0,L,0,12T73,FLORENCE AV,VICTORIA AV,20,E,N,A,-,N,NA,NA,NA,NA,NA,NA,NA,NA,NA,Y,4,0,1,2,A,-,05,21650,NA,N,D,C,A,A,H,-,A,D,0,NA,NA,NA,NA,Y,NA,A,01,0,0,1,0,0,0,0,0,0,-,-,NA,NA,LOS ANGELES,LOS ANGELES,-118.33292416,33.97452
8433824,2017,2017-09-05,1942,2017-07-21,1500,35692,1252,5,5,7,1942,0,0,0,L,0,12A67,VAN NESS AV,70TH ST,10,W,N,A,-,N,NA,NA,NA,NA,NA,NA,NA,NA,NA,N,4,0,1,2,A,-,05,21752,A,N,B,J,A,A,H,-,A,D,0,NA,NA,Y,NA,Y,NA,C,02,0,0,1,0,0,0,0,0,1,-,-,NA,NA,LOS ANGELES,LOS ANGELES,-118.31775,33.97638
8433828,2017,2017-09-05,1942,2017-07-21,2155,41636,1245,5,5,7,1942,0,0,0,L,0,12A67,S HALLDALE AV,W GAGE AV,23,S,N,A,-,N,NA,NA,NA,NA,NA,NA,NA,NA,NA,Y,4,0,1,1,A,-,03,22350,NA,N,E,I,A,A,H,-,C,A,0,NA,NA,NA,NA,Y,NA,-,-,0,0,1,0,0,0,0,0,0,-,-,NA,NA,LOS ANGELES,LOS ANGELES,-118.30242,33.98228692
8433842,2017,2017-08-28,1942,2017-08-11,1650,39097,NA,5,5,7,1942,0,0,0,NA,0,5A24,190TH ST,FIGUEROA ST,0,NA,Y,A,-,N,NA,NA,NA,NA,NA,NA,NA,NA,NA,Y,3,0,1,2,A,-,09,21801,A,N,A,C,A,A,H,-,A,A,0,NA,NA,NA,NA,Y,NA,A,01,0,1,0,0,0,0,0,0,0,-,-,NA,NA,LOS ANGELES,LOS ANGELES,-118.28156003,33.86279001
8433846,2017,2017-08-28,1942,2017-08-10,1700,36871,0532,4,5,7,1942,0,0,0,E,0,5X26,L ST,GULF ST,75,E,N,A,-,N,NA,NA,NA,NA,NA,NA,NA,NA,NA,N,3,0,1,2,A,-,05,21650,1,N,A,G,A,A,H,-,A,-,0,NA,Y,NA,NA,Y,NA,L,04,0,1,0,0,0,0,1,0,0,-,-,NA,NA,LOS ANGELES,LOS ANGELES,-118.273434,33.78649079
8433850,2017,2017-08-28,1942,2017-08-13,2220,42293,0522,7,5,7,1942,0,0,0,E,0,25T23,ANAHEIM ST,GULF ST,50,E,N,A,-,N,NA,NA,NA,NA,NA,NA,NA,NA,NA,N,3,0,1,2,A,-,09,21804,A,F,D,G,A,A,H,-,C,D,0,NA,Y,NA,NA,Y,NA,-,99,0,1,0,0,0,0,1,0,0,-,-,NA,NA,LOS ANGELES,LOS ANGELES,-118.27273607,33.77941806
8433862,2017,2017-08-28,1942,2017-08-03,1820,35688,0396,4,5,7,1942,0,0,0,C,0,3T5,VERMONT AVE,41ST DR,55,N,N,A,-,N,NA,NA,NA,NA,NA,NA,NA,NA,NA,Y,3,0,5,2,A,-,01,23152,A,N,C,C,A,A,H,-,A,D,0,NA,NA,NA,NA,Y,Y,A,01,0,1,4,0,0,0,0,0,0,-,-,NA,NA,LOS ANGELES,LOS ANGELES,-118.29155,34.00843084