CASE_ID,ACCIDENT_YEAR,PROC_DATE,JURIS,COLLISION_DATE,COLLISION_TIME,OFFICER_ID,REPORTING_DISTRICT,DAY_OF_WEEK,CHP_SHIFT,POPULATION,CNTY_CITY_LOC,SPECIAL_COND,BEAT_TYPE,CHP_BEAT_TYPE,CITY_DIVISION_LAPD,CHP_BEAT_CLASS,BEAT_NUMBER,PRIMARY_RD,SECONDARY_RD,DISTANCE,DIRECTION,INTERSECTION,WEATHER_1,WEATHER_2,STATE_HWY_IND,CALTRANS_COUNTY,CALTRANS_DISTRICT,STATE_ROUTE,ROUTE_SUFFIX,POSTMILE_PREFIX,POSTMILE,LOCATION_TYPE,RAMP_INTERSECTION,SIDE_OF_HWY,TOW_AWAY,COLLISION_SEVERITY,NUMBER_KILLED,NUMBER_INJURED,PARTY_COUNT,PRIMARY_COLL_FACTOR,PCF_CODE_OF_VIOL,PCF_VIOL_CATEGORY,PCF_VIOLATION,PCF_VIOL_SUBSECTION,HIT_AND_RUN,TYPE_OF_COLLISION,MVIW,PED_ACTION,ROAD_SURFACE,ROAD_COND_1,ROAD_COND_2,LIGHTING,CONTROL_DEVICE,CHP_ROAD_TYPE,PEDESTRIAN_ACCIDENT,BICYCLE_ACCIDENT,MOTORCYCLE_ACCIDENT,TRUCK_ACCIDENT,NOT_PRIVATE_PROPERTY,ALCOHOL_INVOLVED,STWD_VEHTYPE_AT_FAULT,CHP_VEHTYPE_AT_FAULT,COUNT_SEVERE_INJ,COUNT_VISIBLE_INJ,COUNT_COMPLAINT_PAIN,COUNT_PED_KILLED,COUNT_PED_INJURED,COUNT_BICYCLIST_KILLED,COUNT_BICYCLIST_INJURED,COUNT_MC_KILLED,COUNT_MC_INJURED,PRIMARY_RAMP,SECONDARY_RAMP,LATITUDE,LONGITUDE,COUNTY,CITY,POINT_X,POINT_Y
8437210,2017,2018-06-11,1942,2017-07-04,1515,30264,1954,2,5,7,1942,0,0,0,NA,0,14A27,CULVER BL,RT 90,0,NA,Y,A,-,Y,LA,7,90,-,-,1.911,R,4,W,Y,3,0,1,3,A,-,12,21453,A,N,D,C,A,A,H,-,A,A,0,NA,NA,NA,NA,Y,NA,-,NA,0,1,0,0,0,0,0,0,0,-,-,NA,NA,LOS ANGELES,LOS ANGELES,-118.42579845,33.9810817
8437218,2017,2018-05-08,1942,2017-08-02,2000,39967,779,3,5,7,1942,0,0,0,NA,0,7A76,WASHINGTON BL,ARLINGTON AV,0,NA,Y,A,-,N,NA,NA,NA,NA,NA,NA,NA,NA,NA,N,4,0,1,2,A,-,09,21801,A,N,A,-,A,A,H,-,C,A,0,NA,NA,NA,NA,Y,NA,A,01,0,0,1,0,0,0,0,0,0,-,-,NA,NA,LOS ANGELES,LOS ANGELES,-118.31773013,34.03989006
8437234,2017,2018-05-14,1900,2017-08-27,1840,516547,1011,7,5,3,1995,0,0,0,NA,0,101T1,RT 1,BROADBEACH RD,0,NA,Y,A,-,Y,LA,7,1,-,-,58.461,I,5,S,N,3,0,1,2,A,-,09,21801,A,N,D,G,A,A,H,-,A,D,0,NA,Y,NA,NA,Y,NA,A,01,0,1,0,0,0,0,1,0,0,-,-,34.03585,-118.86871,LOS ANGELES,MALIBU,-118.86865915,34.03890043
8437238,2017,2018-05-11,1900,2017-08-28,2142,536406,1015,1,5,3,1995,0,0,0,NA,0,101TWP,RT 1,WEBB WY,33,N,N,A,-,Y,LA,7,1,-,-,47.441,I,5,N,Y,4,0,1,2,A,-,09,21801,A,N,A,C,A,A,H,-,C,A,0,NA,NA,NA,NA,Y,NA,A,01,0,0,1,0,0,0,0,0,0,-,-,34.25381,-118.41282,LOS ANGELES,MALIBU,-118.69116736,34.03477389
8437241,2017,2018-05-08,1900,2017-08-29,0637,451512,2117,2,5,5,1943,0,0,0,NA,0,212T4D,ATLANTIC AV,CARLIN AV,0,NA,Y,A,-,N,NA,NA,NA,NA,NA,NA,NA,NA,NA,Y,4,0,2,2,A,-,09,21801,A,N,A,C,A,A,H,-,A,A,0,NA,NA,NA,NA,Y,NA,A,01,0,0,2,0,0,0,0,0,0,-,-,NA,NA,LOS ANGELES,LYNWOOD,-118.19201005,33.91034007
8437259,2017,2017-09-21,1942,2017-08-19,1430,37634,1256,6,5,7,1942,0,0,0,L,0,NA,FLORENCE AV,FLOWER ST,80,W,N,A,-,N,NA,NA,NA,NA,NA,NA,NA,NA,NA,N,4,0,1,2,A,-,17,21658,NA,M,B,C,A,A,H,-,A,A,0,NA,NA,NA,NA,Y,NA,-,-,0,0,1,0,0,0,0,0,0,-,-,NA,NA,LOS ANGELES,LOS ANGELES,-118.28152335,33.97465
8437273,2017,2018-06-08,1941,2017-09-03,1955,10557,NA,7,5,7,1941,0,0,0,NA,0,NA,ORANGE AV,PACIFIC COAST HWY,0,NA,Y,A,C,Y,LA,7,1,-,-,5.521,I,5,N,N,4,0,1,2,A,-,08,22107,NA,F,A,C,A,B,-,-,C,A,0,NA,NA,NA,NA,Y,NA,A,NA,0,0,1,0,0,0,0,0,0,-,-,NA,NA,LOS ANGELES,LONG BEACH,-118.1762988,33.78992022
8437283,2017,2017-09-25,1942,2017-08-26,0005,37940,1047,6,5,7,1942,0,0,0,J,0,10A17,BURBANK BL,LOUISE AV,255,E,N,A,-,N,NA,NA,NA,NA,NA,NA,NA,NA,NA,Y,3,0,1,2,A,-,07,21658,A,N,C,E,A,A,H,-,D,D,0,NA,NA,NA,Y,Y,NA,A,01,0,1,0,0,0,0,0,0,0,-,-,NA,NA,LOS ANGELES,LOS ANGELES,-118.50899843,34.17224
8437290,2017,2017-09-27,1976,2017-08-19,0854,883,NA,6,5,3,1964,0,0,0,NA,0,001,ALBURTIS AV,ROMA ST,93,N,N,A,-,N,NA,NA,NA,NA,NA,NA,NA,NA,NA,N,3,0,1,2,A,-,11,21954,A,N,G,B,E,A,H,-,A,D,0,Y,NA,NA,NA,Y,NA,N,60,0,1,0,0,1,0,0,0,0,-,-,NA,NA,LOS ANGELES,SANTA FE SPRINGS,-118.08153495,33.95151274
8437291,2017,2017-09-26,1942,2017-08-30,1145,30830,0981,3,5,7,1942,0,0,0,I,0,9A89,DICKENS ST,NOBLE AV,560,W,N,A,-,N,NA,NA,NA,NA,NA,NA,NA,NA,NA,Y,4,0,2,2,A,-,03,22350,NA,N,D,C,A,A,H,-,A,D,0,NA,NA,NA,NA,Y,NA,A,01,0,0,2,0,0,0,0,0,0,-,-,NA,NA,LOS ANGELES,LOS ANGELES,-118.46379383,34.15214249
8437295,2017,2017-09-25,1942,2017-08-30,2055,41396,1067,3,5,7,1942,0,0,0,J,0,10A99,BALBOA BL,OTSEGO ST,50,S,N,B,-,N,NA,NA,NA,NA,NA,NA,NA,NA,NA,Y,3,0,1,2,A,-,03,22350,NA,N,C,C,A,A,H,-,C,D,0,NA,NA,NA,Y,Y,NA,A,01,0,1,0,0,0,0,0,0,0,-,-,NA,NA,LOS ANGELES,LOS ANGELES,-118.50109232,34.16286286
8437299,2017,2017-10-10,1942,2017-08-30,1450,26319,0916,3,5,7,1942,0,0,0,I,0,9A19,SHERMAN WY,HAZELTINE AV,0,NA,Y,A,-,N,NA,NA,NA,NA,NA,NA,NA,NA,NA,Y,4,0,1,2,A,-,09,21801,A,N,B,C,A,A,H,-,A,A,0,NA,NA,NA,NA,Y,NA,A,01,0,0,1,0,0,0,0,0,0,-,-,NA,NA,LOS ANGELES,LOS ANGELES,-118.43997007,34.20122005
8437303,2017,2017-09-26,1942,2017-08-30,1648,36678,1098,3,5,7,1942,0,0,0,J,0,10A99,STEVEN DR,JEANNE LN,97,W,N,A,-,N,NA,NA,NA,NA,NA,NA,NA,NA,NA,Y,3,0,2,2,A,-,05,21650,NA,N,A,C,A,A,H,-,A,D,0,NA,NA,NA,NA,Y,NA,A,01,0,1,1,0,0,0,0,0,0,-,-,NA,NA,LOS ANGELES,LOS ANGELES,-118.483,34.13192
8437306,2017,2017-09-26,1976,2017-08-23,0800,752,NA,3,5,3,1964,0,0,0,NA,0,NA,SLAUSON AV,SANTA FE SPRINGS RD,65,W,N,A,-,N,NA,NA,NA,NA,NA,NA,NA,NA,NA,N,4,0,1,2,A,-,03,22350,NA,F,C,C,A,A,H,-,A,A,0,NA,NA,NA,NA,Y,NA,A,01,0,0,1,0,0,0,0,0,0,-,-,NA,NA,LOS ANGELES,SANTA FE SPRINGS,-118.05100605,33.95898233
8437307,2017,2017-09-25,1942,2017-08-31,1211,41274,1622,4,5,7,1942,0,0,0,P,0,16A23,VAN NUYS BL,TELFAIR AV,42,W,N,A,-,N,NA,NA,NA,NA,NA,NA,NA,NA,NA,Y,3,0,1,2,A,-,09,21804,A,N,D,C,A,A,H,-,A,D,0,NA,NA,NA,NA,Y,NA,A,01,0,1,0,0,0,0,0,0,0,-,-,NA,NA,LOS ANGELES,LOS ANGELES,-118.42567391,34.26350366
8437311,2017,2017-09-26,1942,2017-08-30,0851,35433,1621,3,5,7,1942,0,0,0,P,0,16A11,LAUREL CANYON BL,PAXTON ST,0,NA,Y,A,-,N,NA,NA,NA,NA,NA,NA,NA,NA,NA,Y,3,0,1,2,A,-,09,21801,A,N,D,C,A,A,H,-,A,A,0,NA,NA,NA,NA,Y,NA,D,22,0,1,0,0,0,0,0,0,0,-,-,NA,NA,LOS ANGELES,LOS ANGELES,-118.4384501,34.26474008
8437316,2017,2017-10-06,1942,2017-08-28,1130,42493,1249,1,5,7,1942,0,0,0,L,0,12A45,FIGUEROA ST,65TH ST,0,NA,Y,A,-,N,NA,NA,NA,NA,NA,NA,NA,NA,NA,N,4,0,1,2,A,-,10,21950,A,N,G,B,B,A,H,-,A,D,0,Y,NA,NA,NA,Y,NA,D,22,0,0,1,0,1,0,0,0,0,-,-,NA,NA,LOS ANGELES,LOS ANGELES,-118.28270005,33.98060004
8437319,2017,2017-09-26,1942,2017-08-30,0655,36257,1636,3,5,7,1942,0,0,0,P,0,16A35,FOOTHILL BL,FENWICK ST,0,NA,Y,A,-,N,NA,NA,NA,NA,NA,NA,NA,NA,NA,Y,3,0,3,2,A,-,09,21801,A,N,D,C,A,A,H,-,A,A,0,NA,NA,NA,NA,Y,NA,A,07,0,1,2,0,0,0,0,0,0,-,-,NA,NA,LOS ANGELES,LOS ANGELES,-118.32584007,34.26149009
8437323,2017,2017-09-26,1942,2017-08-24,0745,41516,1657,4,5,7,1942,0,0,0,P,0,16A81,TUJUNGA CANYON RD,PINEWOOD AV,20,W,N,A,-,N,NA,NA,NA,NA,NA,NA,NA,NA,NA,N,4,0,1,2,A,-,03,22350,NA,N,C,C,A,A,H,-,A,D,0,NA,NA,NA,NA,Y,NA,A,01,0,0,1,0,0,0,0,0,0,-,-,NA,NA,LOS ANGELES,LOS ANGELES,-118.28597587,34.25005409
8437327,2017,2017-09-27,1942,2017-08-26,0645,38850,1661,6,5,7,1942,0,0,0,P,0,16A77,LAUREL CANYON BL,WENTWORTH ST,120,S,N,A,-,N,NA,NA,NA,NA,NA,NA,NA,NA,NA,Y,4,0,1,2,A,-,04,21703,NA,N,C,C,A,A,H,-,A,D,0,NA,NA,NA,NA,Y,NA,A,01,0,0,1,0,0,0,0,0,0,-,-,NA,NA,LOS ANGELES,LOS ANGELES,-118.40980524,34.23768509
8437330,2017,2017-09-26,1976,2017-08-20,0004,403,SANTA,7,5,3,1964,0,0,0,NA,0,002,ARLEE AV,FREDSON ST,12,S,N,A,-,N,NA,NA,NA,NA,NA,NA,NA,NA,NA,N,2,0,1,2,A,-,11,21954,A,N,G,B,E,A,H,-,C,D,0,Y,NA,NA,NA,Y,Y,N,60,1,0,0,0,1,0,0,0,0,-,-,NA,NA,LOS ANGELES,SANTA FE SPRINGS,-118.07717957,33.9544371
8437338,2017,2017-09-26,1976,2017-08-21,1645,226,1976,1,5,3,1964,0,0,0,NA,0,003,ORDEN DR,CAMENITA RD,12,W,N,A,-,N,NA,NA,NA,NA,NA,NA,NA,NA,NA,N,4,0,1,2,A,-,05,21650,1,N,H,G,A,A,H,-,A,A,0,NA,Y,NA,NA,Y,NA,L,04,0,0,1,0,0,0,1,0,0,-,-,NA,NA,LOS ANGELES,SANTA FE SPRINGS,-118.04681946,33.91171016
8437339,2017,2018-03-02,1942,2017-09-08,1100,42933,1233,5,5,7,1942,0,0,0,L,0,12A39,WESTERN AV,W SLAUSON AV,183,S,N,A,-,N,NA,NA,NA,NA,NA,NA,NA,NA,NA,Y,4,0,1,2,A,-,07,21658,A,F,D,C,A,A,H,-,A,D,0,NA,NA,NA,NA,Y,NA,A,01,0,0,1,0,0,0,0,0,0,-,-,NA,NA,LOS ANGELES,LOS ANGELES,-118.30895,33.9886481
8437342,2017,2017-09-26,1976,2017-08-20,2311,379,NA,7,5,3,1964,0,0,0,NA,0,003,SANTA FE SPRINGS,FIRESTONE BL,250,S,N,A,-,N,NA,NA,NA,NA,NA,NA,NA,NA,NA,Y,3,0,1,1,A,-,01,23152,A,N,E,I,A,A,H,-,C,D,0,NA,NA,NA,NA,Y,Y,A,01,0,1,0,0,0,0,0,0,0,-,-,NA,NA,LOS ANGELES,SANTA FE SPRINGS,-118.22468494,33.95542514
8437343,2017,2017-09-26,1942,2017-08-22,1420,27758,1267,2,5,7,1942,0,0,0,L,0,12A69,HOOVER ST,N 81ST ST,18,S,N,A,-,N,NA,NA,NA,NA,NA,NA,NA,NA,NA,N,4,0,1,3,A,-,12,22450,A,F,D,C,A,A,-,-,A,D,0,NA,NA,NA,NA,Y,NA,-,99,0,0,1,0,0,0,0,0,0,-,-,NA,NA,LOS ANGELES,LOS ANGELES,-118.28712,33.96540063
8437344,2017,2017-09-25,1976,2017-08-27,1650,339,NA,7,5,3,1964,0,0,0,NA,0,NA,VALLEY VIEW AV,FIRESTONE BL,15,N,N,A,-,N,NA,NA,NA,NA,NA,NA,NA,NA,NA,N,4,0,2,2,A,-,03,22350,NA,F,C,C,A,A,D,-,A,A,0,NA,NA,NA,NA,Y,NA,A,01,0,0,2,0,0,0,0,0,0,-,-,NA,NA,LOS ANGELES,SANTA FE SPRINGS,-118.02901,33.88388113
8437348,2017,2017-09-25,1976,2017-08-25,1025,883,NA,5,5,3,1964,0,0,0,NA,0,001,ORR AND DAY RD,WHITELAND ST,0,NA,Y,B,-,N,NA,NA,NA,NA,NA,NA,NA,NA,NA,Y,3,0,3,2,A,-,09,21802,A,N,D,C,A,A,H,-,A,A,0,NA,NA,NA,NA,Y,NA,A,01,0,1,2,0,0,0,0,0,0,-,-,NA,NA,LOS ANGELES,SANTA FE SPRINGS,-118.08724002,33.95265006
8437351,2017,2017-09-26,1942,2017-08-09,1810,41849,1258,3,5,7,1942,0,0,0,L,0,12X18,FLORENCE AV,MAIN ST,600,E,N,A,-,N,NA,NA,NA,NA,NA,NA,NA,NA,NA,N,4,0,2,2,A,-,09,21801,NA,N,A,C,A,A,H,-,A,D,0,NA,NA,Y,NA,Y,NA,D,22,0,0,2,0,0,0,0,0,1,-,-,NA,NA,LOS ANGELES,LOS ANGELES,-118.27394,33.97468
8437355,2017,2017-09-25,1942,2017-09-01,2000,42293,1259,5,5,7,1942,0,0,0,L,0,25T41,79TH ST,TOWNE AV,0,NA,Y,A,-,N,NA,NA,NA,NA,NA,NA,NA,NA,NA,Y,4,0,1,2,A,-,12,22450,A,N,D,C,A,A,H,-,C,A,0,NA,NA,NA,NA,Y,NA,A,01,0,0,1,0,0,0,0,0,0,-,-,NA,NA,LOS ANGELES,LOS ANGELES,-118.26735006,33.967380059999996
8437359,2017,2017-09-26,1942,2017-08-25,1005,39497,1213,5,5,7,1942,0,0,0,L,0,12A73,SLAUSON AV,MANHATTAN PL,0,NA,Y,A,-,N,NA,NA,NA,NA,NA,NA,NA,NA,NA,Y,4,0,1,2,A,-,03,22350,NA,M,C,C,A,A,H,-,A,D,0,NA,NA,NA,NA,Y,NA,D,22,0,0,1,0,0,0,0,0,0,-,-,NA,NA,LOS ANGELES,LOS ANGELES,-118.31018009,33.98914006
8437397,2017,2017-09-25,1976,2017-08-30,1233,850,NA,3,5,3,1964,0,0,0,NA,0,002,SHOEMAKER AV,SANDOVAL ST,23,NA,N,A,-,N,NA,NA,NA,NA,NA,NA,NA,NA,NA,N,4,0,1,2,A,-,09,21804,A,N,D,C,A,A,H,-,A,A,0,NA,NA,NA,Y,Y,NA,F,26,0,0,1,0,0,0,0,0,0,-,-,NA,NA,LOS ANGELES,SANTA FE SPRINGS,-118.05526005,33.93845006
8437413,2017,2017-09-27,1976,2017-08-09,1756,210,NA,3,5,3,1964,0,0,0,NA,0,002,FLORENCE AV,PIONEER BL,447,E,N,A,-,N,NA,NA,NA,NA,NA,NA,NA,NA,NA,Y,4,0,1,2,A,-,09,21801,A,N,D,C,A,A,H,-,A,D,0,NA,NA,NA,NA,Y,NA,D,22,0,0,1,0,0,0,0,0,0,-,-,NA,NA,LOS ANGELES,SANTA FE SPRINGS,-118.08036966,33.9353126
8437493,2017,2017-11-20,1920,2017-08-02,1713,12605,DOWN,3,5,6,1920,0,0,0,NA,0,001,STEWART AND GRAY RD,VULTEE AV,0,E,N,A,-,N,NA,NA,NA,NA,NA,NA,NA,NA,NA,N,4,0,1,2,A,-,10,21950,A,N,G,-,C,A,H,-,A,D,0,Y,NA,NA,NA,Y,NA,A,01,0,0,1,0,1,0,0,0,0,-,-,NA,NA,LOS ANGELES,DOWNEY,-118.12827012,33.92782002
8437517,2017,2017-11-09,1920,2017-07-16,0242,12646,1920,7,5,6,1920,0,0,0,NA,0,001,IMPERIAL HWY,COLUMBIA WY,0,NA,Y,A,-,N,NA,NA,NA,NA,NA,NA,NA,NA,NA,Y,3,0,1,1,A,-,08,22107,NA,N,E,I,A,A,H,-,C,A,0,NA,NA,NA,NA,Y,NA,A,01,0,1,0,0,0,0,0,0,0,-,-,NA,NA,LOS ANGELES,DOWNEY,-118.13415006,33.91701001
8437521,2017,2017-09-26,1920,2017-08-20,1042,11992,NA,7,5,6,1920,0,0,0,NA,0,002,STEWART AND GRAY RD,RIVES AV,600,W,N,A,-,N,NA,NA,NA,NA,NA,NA,NA,NA,NA,Y,3,0,3,2,A,-,09,21804,A,N,D,C,A,A,H,-,A,A,0,NA,NA,NA,NA,Y,NA,A,01,0,1,2,0,0,0,0,0,0,-,-,NA,NA,LOS ANGELES,DOWNEY,-118.14969062,33.93790235
8437522,2017,2017-11-13,1973,2017-08-10,1510,612,1973,4,5,1,1973,0,0,0,NA,0,003,DISTRICT BL,LOMA VISTA AV,56,W,N,A,-,N,NA,NA,NA,NA,NA,NA,NA,NA,NA,N,4,0,1,2,A,-,03,22350,NA,N,C,C,A,A,H,-,A,-,0,NA,NA,NA,NA,Y,NA,-,NA,0,0,1,0,0,0,0,0,0,-,-,NA,NA,LOS ANGELES,VERNON,-118.19758298,33.99969893
8437525,2017,2017-09-26,1920,2017-08-18,1640,12609,NA,5,5,6,1920,0,0,0,NA,0,006,STEWART AND GRAY RD,ORIZABA AV,293,W,N,A,-,N,NA,NA,NA,NA,NA,NA,NA,NA,NA,N,4,0,1,2,A,-,11,21954,A,N,G,B,D,A,H,-,A,A,0,Y,NA,NA,NA,Y,NA,N,60,0,0,1,0,1,0,0,0,0,-,-,NA,NA,LOS ANGELES,DOWNEY,-118.14213995,33.9339024
8437526,2017,2017-11-09,1976,2017-08-21,1720,226,1976,1,5,3,1964,0,0,0,NA,0,003,VALLEYVIEW AV,ALONDRA BL,375,N,N,A,-,N,NA,NA,NA,NA,NA,NA,NA,NA,NA,Y,4,0,1,2,A,-,09,21801,A,N,D,C,A,A,H,-,A,D,0,NA,NA,NA,NA,Y,NA,A,07,0,0,1,0,0,0,0,0,0,-,-,NA,NA,LOS ANGELES,SANTA FE SPRINGS,-118.02907,33.8890682
8437529,2017,2017-09-26,1920,2017-08-23,0651,11992,NA,3,5,6,1920,0,0,0,NA,0,002,PARAMOUNT BL,IMPERIAL HWY,105,N,N,A,-,N,NA,NA,NA,NA,NA,NA,NA,NA,NA,Y,4,0,1,2,A,-,09,21804,A,N,D,C,A,A,H,-,A,A,0,NA,NA,NA,NA,Y,NA,A,07,0,0,1,0,0,0,0,0,0,-,-,NA,NA,LOS ANGELES,DOWNEY,-118.15181012,33.92430052
8437531,2017,2017-10-24,1906,2017-09-11,2110,2870,1906,1,5,5,1906,0,0,0,NA,0,003,DUNDRY AV,JEREMIE ST,100,S,N,A,-,N,NA,NA,NA,NA,NA,NA,NA,NA,NA,Y,3,0,1,2,A,-,08,22107,NA,N,C,E,A,A,H,-,C,-,0,NA,NA,NA,NA,Y,NA,A,01,0,1,0,0,0,0,0,0,0,-,-,NA,NA,LOS ANGELES,BALDWIN PARK,-117.95440075,34.08245925
8437533,2017,2017-10-06,1920,2017-08-20,2337,13116,NA,7,5,6,1920,0,0,0,NA,0,003,FLORENCE AV,PARAMOUNT BL,0,NA,Y,A,-,N,NA,NA,NA,NA,NA,NA,NA,NA,NA,Y,4,0,1,2,A,-,-,NA,NA,N,A,C,A,A,H,-,C,A,0,NA,NA,NA,NA,Y,NA,-,-,0,0,1,0,0,0,0,0,0,-,-,NA,NA,LOS ANGELES,DOWNEY,-118.13005008,33.95355007
8437535,2017,2017-10-26,1906,2017-09-12,1811,2878,1906,2,5,5,1906,0,0,0,NA,0,003,GARVEY AV,FRANCISQUITO AV,0,NA,Y,A,-,N,NA,NA,NA,NA,NA,NA,NA,NA,NA,Y,4,0,1,2,A,-,03,22350,NA,N,C,C,A,A,H,-,A,A,0,NA,NA,NA,NA,Y,NA,A,01,0,0,1,0,0,0,0,0,0,-,-,NA,NA,LOS ANGELES,BALDWIN PARK,-117.97513002,34.06932009
8437537,2017,2017-09-26,1920,2017-08-21,1330,11992,NA,1,5,6,1920,0,0,0,NA,0,003,FLORENCE AV,TWEEDY LN,145,E,N,A,-,N,NA,NA,NA,NA,NA,NA,NA,NA,NA,Y,4,0,1,2,A,-,09,21804,A,N,D,C,A,A,H,-,A,A,0,NA,NA,NA,NA,Y,NA,A,01,0,0,1,0,0,0,0,0,0,-,-,NA,NA,LOS ANGELES,DOWNEY,-118.13129354,33.95419177
8437539,2017,2017-10-26,1906,2017-09-10,1544,4428,NA,7,5,5,1906,0,0,0,NA,0,003,VINELAND AV,RAMONA BL,7,N,N,A,-,N,NA,NA,NA,NA,NA,NA,NA,NA,NA,N,4,0,1,2,A,-,03,22350,NA,N,C,C,A,A,H,-,A,A,0,NA,NA,NA,NA,Y,NA,A,01,0,0,1,0,0,0,0,0,0,-,-,NA,NA,LOS ANGELES,BALDWIN PARK,NA,NA
8437541,2017,2017-09-26,1920,2017-08-23,2251,11859,1920,3,5,6,1920,0,0,0,NA,0,003,PARAMOUNT BL,FARM ST,165,N,N,A,-,N,NA,NA,NA,NA,NA,NA,NA,NA,NA,Y,4,0,3,2,A,-,08,22100,B,N,D,C,A,A,H,-,C,D,0,NA,NA,NA,NA,Y,NA,A,01,0,0,3,0,0,0,0,0,0,-,-,NA,NA,LOS ANGELES,DOWNEY,-118.13215003,33.95062765
8437542,2017,2017-11-09,1942,2017-08-18,1510,42817,2143,5,5,7,1942,0,0,0,NA,0,21A42,VICTORY BL,FALLBROOK AV,170,W,N,A,-,N,NA,NA,NA,NA,NA,NA,NA,NA,NA,N,4,0,1,2,A,-,17,22109,NA,M,C,C,A,A,H,-,A,D,0,NA,NA,NA,NA,Y,NA,A,01,0,0,1,0,0,0,0,0,0,-,-,NA,NA,LOS ANGELES,LOS ANGELES,-118.62395097,34.18645
8437545,2017,2017-09-26,1920,2017-08-16,1347,12476,NA,3,5,6,1920,0,0,0,NA,0,003,FLORENCE AV,SMALLWOOD AV,0,NA,Y,A,-,N,NA,NA,NA,NA,NA,NA,NA,NA,NA,Y,4,0,4,2,A,-,09,21801,A,N,B,C,A,A,H,-,A,D,0,NA,NA,NA,NA,Y,NA,A,07,0,0,4,0,0,0,0,0,0,-,-,NA,NA,LOS ANGELES,DOWNEY,-118.13325004,33.95516002
8437546,2017,2017-11-13,1942,2017-09-09,1615,34599,1566,6,5,7,1942,0,0,0,O,0,15A67,VINELAND AV,BLOOMFIELD ST,45,S,N,A,-,N,NA,NA,NA,NA,NA,NA,NA,NA,NA,N,3,0,2,4,A,-,03,22350,NA,F,C,C,A,A,H,-,A,A,0,NA,NA,NA,NA,Y,NA,A,01,0,1,1,0,0,0,0,0,0,-,-,NA,NA,LOS ANGELES,LOS ANGELES,-118.37032,34.14915658
8437549,2017,2017-09-26,1920,2017-08-14,1751,11859,1920,1,5,6,1920,0,0,0,NA,0,001,WOODRUFF AV,WASHBURN RD,337,S,N,A,-,N,NA,NA,NA,NA,NA,NA,NA,NA,NA,Y,3,0,4,2,A,-,05,21650,NA,N,A,C,A,A,H,-,A,D,0,NA,NA,NA,NA,Y,NA,A,01,0,3,1,0,0,0,0,0,0,-,-,NA,NA,LOS ANGELES,DOWNEY,-118.11671,33.92338591
8437553,2017,2017-09-25,1920,2017-08-12,1537,12609,NA,6,5,6,1920,0,0,0,NA,0,NA,FIRESTONE BL,WOODRUFF AV,0,NA,Y,A,-,N,NA,NA,NA,NA,NA,NA,NA,NA,NA,N,4,0,1,2,A,-,21,22106,NA,N,C,C,A,A,H,-,A,A,0,NA,NA,NA,NA,Y,NA,A,01,0,0,1,0,0,0,0,0,0,-,-,NA,NA,LOS ANGELES,DOWNEY,-118.11787013,33.93243009
8437557,2017,2017-09-26,1920,2017-08-15,1656,13279,NA,2,5,6,1920,0,0,0,NA,0,001,IMPERIAL HWY,DUNROBIN AV,0,NA,Y,A,-,N,NA,NA,NA,NA,NA,NA,NA,NA,NA,Y,4,0,4,5,A,-,03,22350,NA,N,C,C,A,A,H,-,A,A,0,NA,NA,NA,NA,Y,NA,A,08,0,0,4,0,0,0,0,0,0,-,-,NA,NA,LOS ANGELES,DOWNEY,-118.12107011,33.91704011
8437561,2017,2017-09-26,1920,2017-08-15,1534,12476,NA,2,5,6,1920,0,0,0,NA,0,006,ALAMEDA ST,MARBEL AV,0,NA,Y,A,-,N,NA,NA,NA,NA,NA,NA,NA,NA,NA,Y,4,0,2,3,A,-,09,21802,A,N,D,C,A,A,H,-,A,A,0,NA,NA,NA,NA,Y,NA,A,08,0,0,2,0,0,0,0,0,0,-,-,NA,NA,LOS ANGELES,DOWNEY,-118.1338201,33.92406002
8437565,2017,2017-10-05,1920,2017-08-05,1723,13117,NA,6,5,6,1920,0,0,0,NA,0,NA,STEWART AND GRAY RD,WOODRUFF AV,0,NA,Y,A,-,N,NA,NA,NA,NA,NA,NA,NA,NA,NA,Y,4,0,2,2,A,-,12,21453,A,N,D,C,A,A,H,-,A,A,0,NA,NA,NA,NA,Y,NA,A,08,0,0,2,0,0,0,0,0,0,-,-,NA,NA,LOS ANGELES,DOWNEY,-118.1167201,33.92788008
8437569,2017,2017-09-25,1920,2017-08-11,1839,11792,NA,5,5,6,1920,0,0,0,NA,0,001,LAKEWOOD BL,FIRESTONE BL,0,NA,Y,A,-,N,NA,NA,NA,NA,NA,NA,NA,NA,NA,Y,2,0,1,2,A,-,09,21801,A,N,D,C,A,A,H,-,A,A,0,NA,NA,Y,NA,Y,NA,C,02,1,0,0,0,0,0,0,0,1,-,-,NA,NA,LOS ANGELES,DOWNEY,-118.12402003,33.93553004
8437573,2017,2017-09-25,1920,2017-08-11,0857,12609,NA,5,5,6,1920,0,0,0,NA,0,002,CONSUELO ST,PARAMOUNT BL,518,W,N,A,-,N,NA,NA,NA,NA,NA,NA,NA,NA,NA,Y,4,0,1,2,A,-,03,22350,NA,N,C,C,A,A,H,-,A,D,0,NA,NA,NA,NA,Y,NA,A,07,0,0,1,0,0,0,0,0,0,-,-,NA,NA,LOS ANGELES,DOWNEY,-118.15762757,33.91935563