CASE_ID,ACCIDENT_YEAR,PROC_DATE,JURIS,COLLISION_DATE,COLLISION_TIME,OFFICER_ID,REPORTING_DISTRICT,DAY_OF_WEEK,CHP_SHIFT,POPULATION,CNTY_CITY_LOC,SPECIAL_COND,BEAT_TYPE,CHP_BEAT_TYPE,CITY_DIVISION_LAPD,CHP_BEAT_CLASS,BEAT_NUMBER,PRIMARY_RD,SECONDARY_RD,DISTANCE,DIRECTION,INTERSECTION,WEATHER_1,WEATHER_2,STATE_HWY_IND,CALTRANS_COUNTY,CALTRANS_DISTRICT,STATE_ROUTE,ROUTE_SUFFIX,POSTMILE_PREFIX,POSTMILE,LOCATION_TYPE,RAMP_INTERSECTION,SIDE_OF_HWY,TOW_AWAY,COLLISION_SEVERITY,NUMBER_KILLED,NUMBER_INJURED,PARTY_COUNT,PRIMARY_COLL_FACTOR,PCF_CODE_OF_VIOL,PCF_VIOL_CATEGORY,PCF_VIOLATION,PCF_VIOL_SUBSECTION,HIT_AND_RUN,TYPE_OF_COLLISION,MVIW,PED_ACTION,ROAD_SURFACE,ROAD_COND_1,ROAD_COND_2,LIGHTING,CONTROL_DEVICE,CHP_ROAD_TYPE,PEDESTRIAN_ACCIDENT,BICYCLE_ACCIDENT,MOTORCYCLE_ACCIDENT,TRUCK_ACCIDENT,NOT_PRIVATE_PROPERTY,ALCOHOL_INVOLVED,STWD_VEHTYPE_AT_FAULT,CHP_VEHTYPE_AT_FAULT,COUNT_SEVERE_INJ,COUNT_VISIBLE_INJ,COUNT_COMPLAINT_PAIN,COUNT_PED_KILLED,COUNT_PED_INJURED,COUNT_BICYCLIST_KILLED,COUNT_BICYCLIST_INJURED,COUNT_MC_KILLED,COUNT_MC_INJURED,PRIMARY_RAMP,SECONDARY_RAMP,LATITUDE,LONGITUDE,COUNTY,CITY,POINT_X,POINT_Y
8437947,2017,2017-08-28,1976,2017-07-25,0019,337,CA019,2,5,3,1964,0,0,0,NA,0,002,FLORENCE AV,NORWALK BL,0,NA,Y,A,-,N,NA,NA,NA,NA,NA,NA,NA,NA,NA,Y,3,0,2,2,D,-,00,NA,NA,N,D,C,A,A,H,-,C,A,0,NA,NA,NA,NA,Y,NA,-,-,0,1,1,0,0,0,0,0,0,-,-,NA,NA,LOS ANGELES,SANTA FE SPRINGS,-118.07272007,33.93535011
8437951,2017,2017-08-28,1976,2017-07-02,0405,420,NA,7,5,3,1964,0,0,0,NA,0,002,FLORENCE AV,SHOEMAKER AV,0,NA,Y,A,-,N,NA,NA,NA,NA,NA,NA,NA,NA,NA,Y,4,0,3,2,A,-,09,21801,A,N,D,C,A,A,H,-,C,A,0,NA,NA,NA,NA,Y,NA,A,07,0,0,3,0,0,0,0,0,0,-,-,NA,NA,LOS ANGELES,SANTA FE SPRINGS,-118.05523001,33.93527002
8437954,2017,2017-08-28,1969,2017-07-24,1754,10205,TRAFF,1,5,5,1969,0,0,0,NA,0,003,SAN JUAN AV,LIBERTY BL,65,N,N,A,-,N,NA,NA,NA,NA,NA,NA,NA,NA,NA,N,3,0,1,3,A,-,09,21804,A,N,B,G,A,A,H,-,A,D,0,NA,Y,NA,NA,Y,NA,L,04,0,1,0,0,0,0,1,0,0,-,-,NA,NA,LOS ANGELES,SOUTH GATE,-118.200534,33.95972693
8437955,2017,2017-08-28,1976,2017-07-01,1804,379,NA,6,5,3,1964,0,0,0,NA,0,001,BROADWAY AV,WASHINGTON BL,810,S,N,A,-,N,NA,NA,NA,NA,NA,NA,NA,NA,NA,Y,4,0,1,4,A,-,09,21804,A,N,D,C,A,A,H,-,A,D,0,NA,NA,NA,NA,Y,NA,A,01,0,0,1,0,0,0,0,0,0,-,-,NA,NA,LOS ANGELES,SANTA FE SPRINGS,-118.07026347,33.96944259
8437969,2017,2017-08-25,1925,2017-07-29,1401,25923,284,6,5,6,1925,0,0,0,NA,0,003,PALMER AV,REYNOLDS DR,42,E,N,A,-,N,NA,NA,NA,NA,NA,NA,NA,NA,NA,Y,3,0,1,2,A,-,09,21804,A,N,D,C,A,A,H,-,A,D,0,NA,NA,NA,NA,Y,NA,A,01,0,1,0,0,0,0,0,0,0,-,-,NA,NA,LOS ANGELES,GLENDALE,-118.24426149,34.13264
8437998,2017,2017-08-28,1900,2017-07-24,1118,236600,2316,1,5,5,1919,0,0,0,NA,0,230TD,ARTESIA BL,VICKIE AV,0,NA,Y,A,-,N,NA,NA,NA,NA,NA,NA,NA,NA,NA,Y,4,0,1,2,A,-,09,21802,A,N,D,C,A,A,H,-,A,D,0,NA,NA,NA,NA,Y,NA,A,01,0,0,1,0,0,0,0,0,0,-,-,NA,NA,LOS ANGELES,CERRITOS,-118.0534101,33.87327007
8438014,2017,2017-08-25,1900,2017-08-11,0244,548793,0452,5,5,6,1949,0,0,0,NA,0,43T1,PIONEER BL,LAKELAND RD,0,NA,Y,A,-,N,NA,NA,NA,NA,NA,NA,NA,NA,NA,Y,4,0,1,1,A,-,09,21801,A,N,E,I,A,A,H,-,C,A,0,NA,NA,NA,NA,Y,NA,A,01,0,0,1,0,0,0,0,0,0,-,-,NA,NA,LOS ANGELES,NORWALK,-118.08183013,33.93168007
8438018,2017,2018-05-08,1900,2017-08-11,1701,541589,0463,5,5,4,1936,0,0,0,NA,0,46K1PM,SANTA GERTRUDES AV,IMPERIAL HWY,337,N,N,A,-,N,NA,NA,NA,NA,NA,NA,NA,NA,NA,Y,4,0,1,2,A,-,09,21801,A,N,D,C,A,A,H,-,A,D,0,NA,NA,NA,NA,Y,NA,A,01,0,0,1,0,0,0,0,0,0,-,-,NA,NA,LOS ANGELES,LA MIRADA,-117.99435655,33.91820393
8438041,2017,2017-08-28,1951,2017-08-17,1210,749,707,4,5,3,1951,0,0,0,NA,0,002,PALOS VERDES DR W,AVENIDA MIROLA,120,S,N,A,-,N,NA,NA,NA,NA,NA,NA,NA,NA,NA,Y,3,0,1,2,A,-,03,22350,NA,N,C,C,A,A,H,-,A,D,0,NA,NA,Y,NA,Y,NA,C,02,0,1,0,0,0,0,0,0,1,-,-,NA,NA,LOS ANGELES,PALOS VERDES EST,-118.41554192,33.77245156
8438045,2017,2017-09-09,1951,2017-08-18,1946,747,711,5,5,3,1951,0,0,0,NA,0,002,KIA CAMPESINA,YELLOW BRICK RD,253,W,N,A,-,N,NA,NA,NA,NA,NA,NA,NA,NA,NA,Y,3,0,1,1,A,-,03,22350,NA,N,A,J,A,A,H,-,A,D,0,NA,NA,Y,NA,Y,NA,C,02,0,1,0,0,0,0,0,0,1,-,-,NA,NA,LOS ANGELES,PALOS VERDES EST,-118.375963,33.794919
8438049,2017,2017-08-28,1900,2017-08-17,1135,442391,0454,4,5,6,1949,0,0,0,NA,0,45T1,IMPERIAL HWY,NORWALK BL,54,E,N,A,-,N,NA,NA,NA,NA,NA,NA,NA,NA,NA,Y,3,0,1,2,A,-,07,21658,A,N,B,C,A,A,H,-,A,A,0,NA,NA,NA,NA,Y,NA,A,07,0,1,0,0,0,0,0,0,0,-,-,NA,NA,LOS ANGELES,NORWALK,-118.0725224,33.9171903
8438053,2017,2017-08-28,1900,2017-08-09,0858,600726,0463,3,5,4,1936,0,0,0,NA,0,46T1,IMPERIAL HWY,LA POMELO RD,83,E,N,A,-,N,NA,NA,NA,NA,NA,NA,NA,NA,NA,Y,4,0,1,1,A,-,08,22107,NA,N,E,I,A,A,H,-,A,A,0,NA,NA,NA,NA,Y,NA,A,01,0,0,1,0,0,0,0,0,0,-,-,NA,NA,LOS ANGELES,LA MIRADA,-117.99630711,33.91734515
8438057,2017,2018-05-08,1900,2017-08-03,2100,542188,0452,4,5,6,1949,0,0,0,NA,0,43K2P,PIONEER BL,IMPERIAL HWY,0,NA,Y,A,-,N,NA,NA,NA,NA,NA,NA,NA,NA,NA,N,4,0,1,2,A,-,10,21950,A,N,G,B,B,A,H,-,C,A,0,Y,NA,NA,NA,Y,NA,A,01,0,0,1,0,1,0,0,0,0,-,-,NA,NA,LOS ANGELES,NORWALK,-118.08190013,33.91709007
8438061,2017,2017-08-28,1900,2017-08-07,2035,548793,0454,1,5,6,1949,0,0,0,NA,0,43T1,PIONEER BL,FOSTER RD,0,NA,Y,A,-,N,NA,NA,NA,NA,NA,NA,NA,NA,NA,N,3,0,2,3,A,-,10,21950,A,F,G,B,B,A,H,-,C,A,0,Y,NA,NA,NA,Y,NA,-,99,0,1,1,0,2,0,0,0,0,-,-,NA,NA,LOS ANGELES,NORWALK,-118.08237999,33.90985011
8438087,2017,2017-08-28,1900,2017-07-16,1808,520746,0451,7,5,6,1949,0,0,0,NA,0,43T1P,STUDEBAKER RD,KENNEY ST,528,S,N,A,-,N,NA,NA,NA,NA,NA,NA,NA,NA,NA,Y,3,0,2,3,A,-,01,23152,A,N,C,E,E,A,H,-,A,D,0,Y,NA,NA,NA,Y,Y,A,01,0,2,0,0,1,0,0,0,0,-,-,NA,NA,LOS ANGELES,NORWALK,-118.09933,33.9265322
8438099,2017,2017-08-28,1942,2017-07-02,1500,41924,1259,7,5,7,1942,0,0,0,L,0,3TL57,CENTRAL AV,78TH ST,0,NA,Y,A,-,N,NA,NA,NA,NA,NA,NA,NA,NA,NA,Y,4,0,1,1,A,-,03,22350,NA,F,A,I,A,A,H,-,A,D,0,NA,NA,NA,NA,Y,NA,-,99,0,0,1,0,0,0,0,0,0,-,-,NA,NA,LOS ANGELES,LOS ANGELES,-118.2564201,33.96847004
8438111,2017,2017-08-28,1900,2017-07-19,2300,516509,2917,3,5,4,1974,0,0,0,NA,0,291K1,NOGALES ST,SHADOW OAK DR,500,N,N,A,-,N,NA,NA,NA,NA,NA,NA,NA,NA,NA,Y,2,0,2,2,A,-,03,22350,NA,N,C,C,A,A,H,-,C,D,0,NA,NA,Y,NA,Y,NA,C,NA,1,0,1,0,0,0,0,0,1,-,-,NA,NA,LOS ANGELES,WALNUT,-117.89026,34.02039
8438134,2017,2017-08-25,1900,2017-08-19,2231,549925,0456,6,5,6,1949,0,0,0,NA,0,46T1/E,ALONDRA BL,ELAINE AV,0,NA,Y,A,-,N,NA,NA,NA,NA,NA,NA,NA,NA,NA,Y,4,0,2,2,A,-,09,21802,A,N,D,C,A,A,H,-,C,D,0,NA,NA,NA,NA,Y,NA,A,01,0,0,2,0,0,0,0,0,0,-,-,NA,NA,LOS ANGELES,NORWALK,-118.07768001,33.88773
8438151,2017,2017-08-28,1900,2017-07-19,1634,602458,1122,3,5,6,1992,0,0,0,NA,0,111T2,AVENUE J-8,CEDER AV,0,NA,Y,A,-,N,NA,NA,NA,NA,NA,NA,NA,NA,NA,Y,4,0,1,1,A,-,03,22350,A,N,A,I,A,A,H,-,A,D,0,NA,NA,NA,NA,Y,NA,A,01,0,0,1,0,0,0,0,0,0,-,-,NA,NA,LOS ANGELES,LANCASTER,-118.13879001,34.68222001
8438155,2017,2017-08-28,1942,2017-07-31,2015,42885,677,1,5,7,1942,0,0,0,NA,0,6A45,VAN NESS,LEMON GROVE,0,NA,Y,A,-,N,NA,NA,NA,NA,NA,NA,NA,NA,NA,N,4,0,1,2,A,-,09,21801,A,N,A,B,B,A,H,-,B,A,0,Y,NA,NA,NA,Y,NA,A,07,0,0,1,0,1,0,0,0,0,-,-,NA,NA,LOS ANGELES,LOS ANGELES,-118.31572014,34.08713005
8438179,2017,2018-02-27,1942,2017-06-27,0907,37398,0251,2,5,7,1942,0,0,0,B,0,24TL23,LA FAYETTE PK PL,WILSHIRE BL,0,NA,Y,A,-,N,NA,NA,NA,NA,NA,NA,NA,NA,NA,N,4,0,1,2,A,-,08,22107,NA,F,B,D,A,A,H,-,A,D,0,NA,NA,NA,NA,Y,NA,-,-,0,0,1,0,0,0,0,0,0,-,-,NA,NA,LOS ANGELES,LOS ANGELES,-118.2832701,34.06135004
8438183,2017,2017-08-29,1942,2017-06-30,0835,35291,1134,5,5,7,1942,0,0,0,K,0,24TL23,SAN FERNANDO RD,EDWARD WY,0,NA,Y,A,-,N,NA,NA,NA,NA,NA,NA,NA,NA,NA,N,3,0,1,2,A,-,10,21950,A,N,G,B,B,A,H,-,A,A,0,Y,NA,NA,NA,Y,NA,A,01,0,1,0,0,1,0,0,0,0,-,-,NA,NA,LOS ANGELES,LOS ANGELES,-118.24313001,34.11045002
8438187,2017,2017-08-29,1942,2017-06-28,1050,36527,1151,3,5,7,1942,0,0,0,K,0,6J1,SUNSET BL,NORMANDIE AV,0,NA,Y,A,-,N,NA,NA,NA,NA,NA,NA,NA,NA,NA,NA,3,0,1,2,A,-,09,21801,A,N,D,C,A,A,H,-,A,A,0,NA,NA,NA,NA,Y,NA,A,01,0,1,0,0,0,0,0,0,0,-,-,NA,NA,LOS ANGELES,LOS ANGELES,-118.30052013,34.09812009
8438191,2017,2017-08-29,1941,2017-08-10,1827,N020,NA,4,5,7,1941,0,0,0,NA,0,NA,63RD ST,ELM AV,0,NA,Y,A,-,N,NA,NA,NA,NA,NA,NA,NA,NA,NA,N,4,0,1,2,D,-,00,NA,NA,N,G,G,A,A,H,-,A,A,0,NA,Y,NA,NA,Y,NA,-,-,0,0,1,0,0,0,1,0,0,-,-,NA,NA,LOS ANGELES,LONG BEACH,-118.18908011,33.86885004
8438205,2017,2017-08-28,1942,2017-07-24,0400,39475,1009,1,5,7,1942,0,0,0,J,0,19TL75,WOODLEY AV,ROSCOE BL,0,NA,Y,A,-,N,NA,NA,NA,NA,NA,NA,NA,NA,NA,N,4,0,1,2,A,-,12,21453,A,N,D,G,A,A,H,-,C,A,0,NA,Y,NA,NA,Y,NA,L,04,0,0,1,0,0,0,1,0,0,-,-,NA,NA,LOS ANGELES,LOS ANGELES,-118.48367,34.22134008
8438209,2017,2017-08-28,1953,2017-07-25,0943,7724,LACOU,2,5,6,1953,0,0,0,NA,0,005,FAIR OAKS AV,VALLEY ST,0,NA,Y,A,-,N,NA,NA,NA,NA,NA,NA,NA,NA,NA,N,4,0,1,2,A,-,10,21950,A,N,G,B,B,A,H,-,A,A,0,Y,NA,NA,NA,Y,NA,A,01,0,0,1,0,1,0,0,0,0,-,-,NA,NA,LOS ANGELES,PASADENA,-118.15045012,34.14241008
8438218,2017,2017-08-29,1900,2017-05-01,0910,609671,1335,1,5,5,1908,0,0,0,NA,0,133H,ALONDRA BL,BELLFLOWER BL,0,NA,Y,A,-,N,NA,NA,NA,NA,NA,NA,NA,NA,NA,N,4,0,1,2,A,-,09,21804,A,N,D,G,A,A,H,-,A,D,0,NA,Y,NA,NA,Y,NA,A,01,0,0,1,0,0,0,1,0,0,-,-,NA,NA,LOS ANGELES,BELLFLOWER,-118.1253001,33.88935007
8438221,2017,2017-08-30,1900,2017-02-22,2000,05,NA,3,5,6,1949,0,0,0,NA,0,NA,ALONDRA BL,STUDEBAKER RD,191,S,N,A,-,N,NA,NA,NA,NA,NA,NA,NA,NA,NA,N,4,0,1,2,A,-,10,21954,B,N,G,B,E,A,H,-,C,D,0,Y,NA,NA,NA,Y,NA,A,NA,0,0,1,0,1,0,0,0,0,-,-,NA,NA,LOS ANGELES,NORWALK,-118.09998,33.8876
8438222,2017,2017-08-29,1900,2017-05-17,1520,602978,1348,3,5,3,1903,0,0,0,NA,0,134A,PIONEER BL,ASHWORTH ST,100,N,N,A,-,N,NA,NA,NA,NA,NA,NA,NA,NA,NA,N,3,0,1,2,A,-,05,21650,1,M,D,G,A,A,H,-,A,D,0,NA,Y,NA,NA,Y,NA,L,04,0,1,0,0,0,0,1,0,0,-,-,NA,NA,LOS ANGELES,ARTESIA,-118.0823,33.8686942
8438225,2017,2017-08-29,1900,2017-03-20,1833,538664,2116,1,5,5,1943,0,0,0,NA,0,212T2,BURTON AV,LONG BEACH BL,45,W,N,A,-,N,NA,NA,NA,NA,NA,NA,NA,NA,NA,N,4,0,1,2,A,-,11,21954,A,N,G,B,D,A,H,-,A,A,0,Y,NA,NA,NA,Y,NA,N,60,0,0,1,0,1,0,0,0,0,-,-,NA,NA,LOS ANGELES,LYNWOOD,-118.20950764,33.91586119
8438226,2017,2017-08-29,1942,2017-06-23,2215,39022,0714,5,5,7,1942,0,0,0,G,0,8T35,BEVERLY BL,MARTEL AV,0,NA,Y,A,-,N,NA,NA,NA,NA,NA,NA,NA,NA,NA,Y,4,0,2,2,A,-,09,21801,A,N,D,C,A,A,H,-,C,A,0,NA,NA,Y,NA,Y,NA,A,01,0,0,2,0,0,0,0,0,2,-,-,NA,NA,LOS ANGELES,LOS ANGELES,-118.35113011,34.07615011
8438229,2017,2017-08-30,1900,2017-03-23,2050,10549,0457,4,5,6,1949,0,0,0,NA,0,NA,ALONDRA BL,FALCON WY,40,W,N,A,-,N,NA,NA,NA,NA,NA,NA,NA,NA,NA,N,4,0,1,2,A,-,03,22350,NA,N,G,B,E,A,H,-,C,D,0,Y,NA,NA,NA,Y,NA,A,NA,0,0,1,0,1,0,0,0,0,-,-,NA,NA,LOS ANGELES,NORWALK,NA,NA
8438230,2017,2017-08-29,1900,2017-06-30,1150,602250,1321,5,5,5,1935,0,0,0,NA,0,132T1,CLARK AV,SOUTH ST,0,NA,Y,A,-,N,NA,NA,NA,NA,NA,NA,NA,NA,NA,N,4,0,1,2,A,-,12,21457,A,N,D,C,A,A,H,-,A,A,0,NA,NA,NA,NA,Y,NA,A,07,0,0,1,0,0,0,0,0,0,-,-,NA,NA,LOS ANGELES,LAKEWOOD,-118.13378008,33.86029005
8438234,2017,2017-08-29,1942,2017-06-14,1200,42161,1469,3,5,7,1942,0,0,0,N,0,6T4,CENTINELA AV,ALVERN ST,10,W,N,A,-,N,NA,NA,NA,NA,NA,NA,NA,NA,NA,N,4,0,1,2,A,-,03,22350,NA,N,C,C,A,A,H,-,A,D,0,NA,NA,NA,NA,Y,NA,A,01,0,0,1,0,0,0,0,0,0,-,-,NA,NA,LOS ANGELES,LOS ANGELES,-118.37686265,33.97705647
8438252,2017,2017-09-02,1900,2017-07-11,1606,615096,1332,2,5,5,1908,0,0,0,NA,0,133A,ROSECRANS BL,CLARK AV,1330,W,N,A,-,N,NA,NA,NA,NA,NA,NA,NA,NA,NA,Y,4,0,2,6,A,-,08,22107,NA,N,B,E,A,A,H,-,A,D,0,NA,NA,NA,Y,Y,NA,I,20,0,0,2,0,0,0,0,0,0,-,-,NA,NA,LOS ANGELES,BELLFLOWER,-118.13844954,33.90394215
8438264,2017,2017-09-05,1900,2017-07-15,0040,274533,1334,6,5,5,1908,0,0,0,NA,0,133T1,CLARK AV,LAUREL ST,107,N,N,A,-,N,NA,NA,NA,NA,NA,NA,NA,NA,NA,Y,3,0,1,2,A,-,08,22107,NA,N,C,E,A,A,H,-,C,D,0,NA,NA,NA,NA,Y,NA,D,22,0,1,0,0,0,0,0,0,0,-,-,NA,NA,LOS ANGELES,BELLFLOWER,-118.13396,33.88326341
8438271,2017,2017-08-31,1900,2017-07-13,1906,523037,1320,4,5,5,1935,0,0,0,NA,0,132T2,DEL AMO BL,VERDURA AV,4,E,N,A,-,N,NA,NA,NA,NA,NA,NA,NA,NA,NA,Y,4,0,1,2,A,-,04,21703,NA,N,C,C,A,A,H,-,A,D,0,NA,NA,NA,NA,Y,NA,A,01,0,0,1,0,0,0,0,0,0,-,-,NA,NA,LOS ANGELES,LAKEWOOD,-118.14992686,33.84729985
8438292,2017,2017-09-08,1900,2017-07-27,0725,524043,1367,4,5,5,1952,0,0,0,NA,0,136F1,GARFIELD AV,JACKSON ST,100,N,N,-,-,N,NA,NA,NA,NA,NA,NA,NA,NA,NA,N,3,0,1,2,A,-,08,22107,NA,N,G,B,-,A,H,-,A,-,0,Y,NA,NA,NA,Y,NA,D,22,0,1,0,0,1,0,0,0,0,-,-,NA,NA,LOS ANGELES,PARAMOUNT,-118.16876,33.88579423
8438303,2017,2017-09-01,1900,2017-07-09,1440,407852,1327,7,5,5,1935,0,0,0,NA,0,132T1,CARSON ST,LONG BEACH TOWNE CENTER,15,W,N,A,-,N,NA,NA,NA,NA,NA,NA,NA,NA,NA,N,4,0,1,2,A,-,03,22350,NA,M,C,C,A,A,H,-,A,D,0,NA,NA,NA,NA,Y,NA,D,22,0,0,1,0,0,0,0,0,0,-,-,NA,NA,LOS ANGELES,LAKEWOOD,-118.18938911,33.83398679
8438316,2017,2017-10-02,1900,2017-07-09,1700,524813,1362,7,5,5,1952,0,0,0,NA,0,136D,SOMERSET RANCH RD,DOWNEY AV,0,NA,Y,A,-,N,NA,NA,NA,NA,NA,NA,NA,NA,NA,Y,4,0,2,2,A,-,00,21450,A,N,D,C,A,A,H,-,A,A,0,NA,NA,NA,NA,Y,NA,-,-,0,0,2,0,0,0,0,0,0,-,-,NA,NA,LOS ANGELES,PARAMOUNT,-118.1524601,33.91313012
8438321,2017,2017-08-28,1942,2017-06-27,1530,38171,1134,2,5,7,1942,0,0,0,K,0,24T55,SAN FERNANDO RD,W CAZADOR ST,18,W,N,A,-,N,NA,NA,NA,NA,NA,NA,NA,NA,NA,Y,4,0,3,2,A,-,03,22350,NA,N,C,C,A,A,H,-,A,D,0,NA,NA,NA,NA,Y,NA,A,07,0,0,3,0,0,0,0,0,0,-,-,NA,NA,LOS ANGELES,LOS ANGELES,-118.23763601,34.10335437
8438322,2017,2017-08-29,1942,2017-07-21,0945,41859,1834,5,5,7,1942,0,0,0,R,0,18T23,MCKINLEY AV,105TH ST,0,NA,Y,A,-,N,NA,NA,NA,NA,NA,NA,NA,NA,NA,Y,4,0,2,3,A,-,12,22450,NA,F,D,C,A,A,H,-,A,A,0,NA,NA,NA,NA,Y,NA,-,99,0,0,2,0,0,0,0,0,0,-,-,NA,NA,LOS ANGELES,LOS ANGELES,-118.26087004,33.94098009
8438325,2017,2017-08-28,1942,2017-06-15,1555,34426,0203,4,5,7,1942,0,0,0,B,0,24TL51,MARATHON ST,VIRGIL AV,0,NA,Y,A,-,N,NA,NA,NA,NA,NA,NA,NA,NA,NA,N,4,0,2,2,A,-,09,21802,A,M,D,C,A,A,H,-,A,A,0,NA,NA,NA,NA,Y,NA,A,01,0,0,2,0,0,0,0,0,0,-,-,NA,NA,LOS ANGELES,LOS ANGELES,-118.28685012,34.08463002
8438326,2017,2017-08-29,1942,2017-07-26,1030,41492,1842,3,5,7,1942,0,0,0,R,0,18A97,FIGUEROA ST,111TH ST,0,NA,Y,A,-,N,NA,NA,NA,NA,NA,NA,NA,NA,NA,N,4,0,1,2,A,-,03,22350,NA,N,C,C,A,A,H,-,A,D,0,NA,NA,NA,NA,Y,NA,A,01,0,0,1,0,0,0,0,0,0,-,-,NA,NA,LOS ANGELES,LOS ANGELES,-118.28261011,33.93475008
8438329,2017,2017-08-28,1942,2017-06-14,1030,37540,0241,3,5,7,1942,0,0,0,B,0,24TL25,6TH ST,LAFAYETTE PARK PL,0,NA,Y,A,-,N,NA,NA,NA,NA,NA,NA,NA,NA,NA,N,4,0,1,2,A,-,10,21950,A,F,G,B,B,A,H,-,A,A,0,Y,NA,NA,NA,Y,NA,-,99,0,0,1,0,1,0,0,0,0,-,-,NA,NA,LOS ANGELES,LOS ANGELES,-118.28310008,34.06320005
8438330,2017,2017-08-29,1942,2017-07-27,0845,37835,1826,4,5,7,1942,0,0,0,R,0,18A17,COMPTON AV,95TH ST,20,S,N,A,-,N,NA,NA,NA,NA,NA,NA,NA,NA,NA,N,4,0,1,2,A,-,09,21804,A,N,D,C,A,A,H,-,A,D,0,NA,NA,NA,NA,Y,NA,A,01,0,0,1,0,0,0,0,0,0,-,-,NA,NA,LOS ANGELES,LOS ANGELES,-118.24612209,33.95062518
8438333,2017,2017-08-28,1942,2017-06-04,1910,40726,0249,7,5,7,1942,0,0,0,B,0,24T54,6TH ST,BEAUDRY AV,0,NA,Y,A,-,N,NA,NA,NA,NA,NA,NA,NA,NA,NA,Y,4,0,1,3,A,-,09,21801,A,F,D,C,A,A,H,-,B,A,0,NA,NA,NA,NA,Y,NA,A,01,0,0,1,0,0,0,0,0,0,-,-,NA,NA,LOS ANGELES,LOS ANGELES,-118.25983009,34.05307008
8438334,2017,2017-08-29,1942,2017-07-27,1530,41766,NA,4,5,7,1942,0,0,0,NA,0,18X48,VERMONT AV,92ND ST,0,NA,Y,A,-,N,NA,NA,NA,NA,NA,NA,NA,NA,NA,Y,4,0,2,2,A,-,09,21801,A,N,D,C,A,A,H,-,A,A,0,NA,NA,NA,NA,Y,NA,A,01,0,0,2,0,0,0,0,0,0,-,-,NA,NA,LOS ANGELES,LOS ANGELES,-118.291574,33.952804
8438337,2017,2017-08-28,1942,2017-06-29,2130,25115,151,4,5,7,1942,0,0,0,O,0,24T32,VERMONT AV,HOLLYWOOD FWY,0,NA,Y,A,-,N,NA,NA,NA,NA,NA,NA,NA,NA,NA,N,4,0,1,2,A,-,09,21453,B,F,D,G,A,A,H,-,C,D,0,NA,Y,NA,NA,Y,NA,-,99,0,0,1,0,0,0,1,0,0,-,-,NA,NA,LOS ANGELES,LOS ANGELES,-118.29177012,34.10117002
8438338,2017,2017-08-28,1942,2017-07-28,2345,41917,1803,5,5,7,1942,0,0,0,R,0,3T3,MANCHESTER AV,CROCKER ST,60,E,N,A,-,N,NA,NA,NA,NA,NA,NA,NA,NA,NA,N,4,0,1,2,A,-,03,22350,NA,F,C,E,A,A,H,-,D,D,0,NA,NA,NA,NA,Y,NA,-,99,0,0,1,0,0,0,0,0,0,-,-,NA,NA,LOS ANGELES,LOS ANGELES,-118.26790252,33.96012
8438342,2017,2017-08-28,1942,2017-07-20,0835,41536,1822,4,5,7,1942,0,0,0,R,0,3TL5,CENTURY BL,BROADWAY AV,0,NA,Y,A,-,N,NA,NA,NA,NA,NA,NA,NA,NA,NA,Y,4,0,1,2,A,-,12,21453,A,N,D,C,A,A,H,-,A,A,0,NA,NA,NA,NA,Y,NA,A,01,0,0,1,0,0,0,0,0,0,-,-,NA,NA,LOS ANGELES,LOS ANGELES,-118.27839,33.94555003
8438346,2017,2017-08-29,1942,2017-07-29,2035,38019,NA,6,5,7,1942,0,0,0,NA,0,1842,IMPERIAL HWY,MAIN ST,0,NA,Y,A,-,N,NA,NA,NA,NA,NA,NA,NA,NA,NA,Y,4,0,2,2,A,-,09,21801,A,N,A,C,A,A,H,-,C,A,0,NA,NA,NA,NA,Y,NA,A,01,0,0,2,0,0,0,0,0,0,-,-,NA,NA,LOS ANGELES,LOS ANGELES,-118.41597012,33.93146001
8438350,2017,2017-08-28,1942,2017-07-29,1200,41500,1827,6,5,7,1942,0,0,0,R,0,18A26,HOLMES AV,97TH ST,0,NA,Y,A,-,N,NA,NA,NA,NA,NA,NA,NA,NA,NA,N,4,0,1,2,A,-,12,22450,A,F,D,C,A,A,H,-,A,A,0,NA,NA,NA,NA,Y,NA,-,99,0,0,1,0,0,0,0,0,0,-,-,NA,NA,LOS ANGELES,LOS ANGELES,-118.24081003,33.94817009
8438353,2017,2017-08-28,1942,2017-06-29,1340,41566,0937,4,5,7,1942,0,0,0,I,0,9A19,OXNARD ST,FULTON AV,30,E,N,A,-,N,NA,NA,NA,NA,NA,NA,NA,NA,NA,N,4,0,1,2,A,-,03,22350,NA,N,C,C,A,A,H,-,A,A,0,NA,NA,NA,NA,Y,NA,A,01,0,0,1,0,0,0,0,0,0,-,-,NA,NA,LOS ANGELES,LOS ANGELES,-118.42241099,34.1794
8438354,2017,2017-08-29,1942,2017-07-28,0910,42247,1844,5,5,7,1942,0,0,0,R,0,12A69,AVALON BL,111TH ST,117,S,N,A,-,N,NA,NA,NA,NA,NA,NA,NA,NA,NA,N,3,0,1,2,A,-,08,22107,NA,N,C,G,A,A,H,-,A,D,0,NA,Y,NA,NA,Y,NA,L,04,0,1,0,0,0,0,1,0,0,-,-,NA,NA,LOS ANGELES,LOS ANGELES,-118.26519,33.93448913