CASE_ID,ACCIDENT_YEAR,PROC_DATE,JURIS,COLLISION_DATE,COLLISION_TIME,OFFICER_ID,REPORTING_DISTRICT,DAY_OF_WEEK,CHP_SHIFT,POPULATION,CNTY_CITY_LOC,SPECIAL_COND,BEAT_TYPE,CHP_BEAT_TYPE,CITY_DIVISION_LAPD,CHP_BEAT_CLASS,BEAT_NUMBER,PRIMARY_RD,SECONDARY_RD,DISTANCE,DIRECTION,INTERSECTION,WEATHER_1,WEATHER_2,STATE_HWY_IND,CALTRANS_COUNTY,CALTRANS_DISTRICT,STATE_ROUTE,ROUTE_SUFFIX,POSTMILE_PREFIX,POSTMILE,LOCATION_TYPE,RAMP_INTERSECTION,SIDE_OF_HWY,TOW_AWAY,COLLISION_SEVERITY,NUMBER_KILLED,NUMBER_INJURED,PARTY_COUNT,PRIMARY_COLL_FACTOR,PCF_CODE_OF_VIOL,PCF_VIOL_CATEGORY,PCF_VIOLATION,PCF_VIOL_SUBSECTION,HIT_AND_RUN,TYPE_OF_COLLISION,MVIW,PED_ACTION,ROAD_SURFACE,ROAD_COND_1,ROAD_COND_2,LIGHTING,CONTROL_DEVICE,CHP_ROAD_TYPE,PEDESTRIAN_ACCIDENT,BICYCLE_ACCIDENT,MOTORCYCLE_ACCIDENT,TRUCK_ACCIDENT,NOT_PRIVATE_PROPERTY,ALCOHOL_INVOLVED,STWD_VEHTYPE_AT_FAULT,CHP_VEHTYPE_AT_FAULT,COUNT_SEVERE_INJ,COUNT_VISIBLE_INJ,COUNT_COMPLAINT_PAIN,COUNT_PED_KILLED,COUNT_PED_INJURED,COUNT_BICYCLIST_KILLED,COUNT_BICYCLIST_INJURED,COUNT_MC_KILLED,COUNT_MC_INJURED,PRIMARY_RAMP,SECONDARY_RAMP,LATITUDE,LONGITUDE,COUNTY,CITY,POINT_X,POINT_Y
8439888,2017,2017-09-12,1926,2017-08-23,1504,0022,NA,3,5,5,1926,0,0,0,NA,0,001,BENNETT AV,TRAYER AV,0,NA,Y,A,-,N,NA,NA,NA,NA,NA,NA,NA,NA,NA,Y,4,0,1,2,A,-,09,21802,A,N,D,C,A,A,-,-,A,A,0,NA,NA,NA,NA,Y,NA,A,08,0,0,1,0,0,0,0,0,0,-,-,NA,NA,LOS ANGELES,GLENDORA,-117.87534009,34.13968004
8439906,2017,2017-09-08,1941,2017-08-21,1823,11013,NA,1,5,7,1941,0,0,0,NA,0,NA,EAST BROADWAY,ALAMITOS AV,0,NA,Y,A,-,N,NA,NA,NA,NA,NA,NA,NA,NA,NA,N,3,0,1,2,D,-,00,NA,NA,N,B,G,A,A,H,-,A,A,0,NA,Y,NA,NA,Y,NA,-,-,0,1,0,0,0,0,1,0,0,-,-,NA,NA,LOS ANGELES,LONG BEACH,-118.18208011,33.76916011
8439910,2017,2017-09-08,1941,2017-08-19,1439,10951,NA,6,5,7,1941,0,0,0,NA,0,NA,7TH ST,REDONDO AV,0,NA,Y,A,-,N,NA,NA,NA,NA,NA,NA,NA,NA,NA,N,4,0,1,2,A,-,09,21804,NA,N,D,J,A,A,H,-,A,D,0,NA,NA,Y,NA,Y,NA,A,NA,0,0,1,0,0,0,0,0,1,-,-,NA,NA,LOS ANGELES,LONG BEACH,-118.15242,33.77534
8439922,2017,2017-09-06,1928,2017-08-19,1817,403,520,6,5,5,1928,0,0,0,NA,0,503,ROSECRANS AV,YUKON AV,0,NA,Y,A,-,N,NA,NA,NA,NA,NA,NA,NA,NA,NA,Y,4,0,2,2,A,-,12,21453,A,N,D,C,A,A,H,-,A,A,0,NA,NA,NA,NA,Y,NA,A,01,0,0,2,0,0,0,0,0,0,-,-,33.90188,-118.3352,LOS ANGELES,HAWTHORNE,-118.33523002,33.9019301
8439923,2017,2017-09-19,1942,2017-08-23,1930,37146,1263,3,5,7,1942,0,0,0,L,0,25T23,MANCHESTER AV,WILTON PL,400,E,N,A,-,N,NA,NA,NA,NA,NA,NA,NA,NA,NA,N,4,0,1,2,A,-,03,22350,NA,N,B,E,A,A,H,-,C,D,0,NA,NA,NA,NA,Y,NA,A,01,0,0,1,0,0,0,0,0,0,-,-,NA,NA,LOS ANGELES,LOS ANGELES,-118.31374349,33.95995473
8439926,2017,2017-09-06,1928,2017-08-19,0201,398,514,6,5,5,1928,0,0,0,NA,0,504,HAWTHORNE BL,ROSECRANS AV,0,NA,Y,A,-,N,NA,NA,NA,NA,NA,NA,NA,NA,NA,Y,4,0,1,3,A,-,01,23152,A,N,H,C,A,A,H,-,C,A,0,NA,NA,NA,NA,Y,Y,A,08,0,0,1,0,0,0,0,0,0,-,-,33.90188,-118.35252,LOS ANGELES,HAWTHORNE,-118.35277002,33.90192004
8439927,2017,2017-11-08,1942,2017-08-19,1710,31755,1268,6,5,7,1942,0,0,0,L,0,25MQ55,BROADWAY,85TH ST,55,S,N,A,-,N,NA,NA,NA,NA,NA,NA,NA,NA,NA,Y,4,0,2,2,A,-,09,21804,NA,N,D,C,A,A,H,-,A,D,0,NA,NA,NA,NA,Y,NA,A,01,0,0,2,0,0,0,0,0,0,-,-,NA,NA,LOS ANGELES,LOS ANGELES,-118.278299,33.961357
8439931,2017,2017-09-19,1942,2017-08-23,2050,42364,1209,3,5,7,1942,0,0,0,L,0,25T23,48TH ST,FIGUEROA ST,0,NA,Y,A,-,N,NA,NA,NA,NA,NA,NA,NA,NA,NA,Y,4,0,2,2,A,-,12,22450,A,N,A,C,A,A,H,-,C,A,0,NA,NA,NA,NA,Y,NA,A,01,0,0,2,0,0,0,0,0,0,-,-,NA,NA,LOS ANGELES,LOS ANGELES,-118.28272009,33.99965008
8439935,2017,2017-09-15,1942,2017-08-17,1745,38590,1407,4,5,7,1942,0,0,0,N,0,7TL38,MOTOR AV,PALMS BL,150,N,N,A,-,N,NA,NA,NA,NA,NA,NA,NA,NA,NA,N,4,0,1,2,A,-,03,22350,NA,F,C,C,A,A,H,-,A,D,0,NA,NA,NA,NA,Y,NA,-,99,0,0,1,0,0,0,0,0,0,-,-,NA,NA,LOS ANGELES,LOS ANGELES,-118.40879651,34.02674646
8439938,2017,2017-09-06,1942,2017-08-14,1025,34959,2029,1,5,7,1942,0,0,0,NA,0,20T59,WILSHIRE BL,SHATTO PL,44,E,N,A,-,N,NA,NA,NA,NA,NA,NA,NA,NA,NA,N,4,0,2,2,A,-,04,21703,NA,N,C,C,A,A,H,-,A,D,0,NA,NA,NA,NA,Y,NA,A,01,0,0,2,0,0,0,0,0,0,-,-,NA,NA,LOS ANGELES,LOS ANGELES,-118.29012508,34.06182381
8439939,2017,2017-09-19,1942,2017-08-01,1500,42654,0849,2,5,7,1942,0,0,0,H,0,8A12W4,PICO BL,WOOSTER AV,0,NA,Y,A,-,N,NA,NA,NA,NA,NA,NA,NA,NA,NA,N,4,0,1,2,A,-,21,22106,NA,F,D,G,A,A,H,-,A,D,0,NA,Y,NA,NA,Y,Y,-,99,0,0,1,0,0,0,1,0,0,-,-,NA,NA,LOS ANGELES,LOS ANGELES,-118.38261008,34.05457011
8439941,2017,2017-09-08,1967,2017-08-18,1154,128,NA,5,5,2,1967,0,0,0,NA,0,SOUTH,HILL,WALNUT AV,70,E,N,A,-,N,NA,NA,NA,NA,NA,NA,NA,NA,NA,Y,4,0,2,3,C,-,18,NA,NA,N,C,E,F,A,H,-,A,D,0,Y,NA,NA,NA,Y,NA,-,-,0,0,2,0,1,0,0,0,0,-,-,NA,NA,LOS ANGELES,SIGNAL HILL,-118.17179007,33.79713
8439942,2017,2017-09-06,1942,2017-08-18,0755,39655,2025,5,5,7,1942,0,0,0,NA,0,20T59,S MARIPOSA AV,W 3RD ST,0,NA,Y,A,-,N,NA,NA,NA,NA,NA,NA,NA,NA,NA,Y,4,0,1,2,A,-,04,21703,NA,N,C,C,A,A,H,-,A,D,0,NA,NA,NA,NA,Y,NA,A,08,0,0,1,0,0,0,0,0,0,-,-,NA,NA,LOS ANGELES,LOS ANGELES,-118.29915014,34.06902005
8439943,2017,2017-09-15,1942,2017-08-20,2227,41003,2002,7,5,7,1942,0,0,0,NA,0,6T7,WESTERN AV,MELROSE AV,425,S,N,A,-,N,NA,NA,NA,NA,NA,NA,NA,NA,NA,Y,3,0,3,2,A,-,05,21650,NA,F,A,C,A,A,H,-,C,A,0,NA,NA,NA,NA,Y,NA,A,01,0,2,1,0,0,0,0,0,0,-,-,NA,NA,LOS ANGELES,LOS ANGELES,-118.30913543,34.08234443
8439945,2017,2017-09-08,1967,2017-08-19,1130,128,NA,6,5,2,1967,0,0,0,NA,0,NORTH,WALNUT AV,29TH,0,NA,Y,A,-,N,NA,NA,NA,NA,NA,NA,NA,NA,NA,Y,4,0,1,2,A,-,08,22107,NA,N,D,C,A,A,H,-,A,D,0,NA,NA,NA,NA,Y,NA,A,01,0,0,1,0,0,0,0,0,0,-,-,NA,NA,LOS ANGELES,SIGNAL HILL,-118.17199009,33.80985008
8439946,2017,2017-09-05,1942,2017-08-07,1450,40471,2022,1,5,7,1942,0,0,0,NA,0,20A16,WESTERN AV,6TH ST,0,NA,Y,A,-,N,NA,NA,NA,NA,NA,NA,NA,NA,NA,N,4,0,1,2,A,-,04,21703,NA,N,C,C,A,A,H,-,A,D,0,NA,NA,NA,NA,Y,NA,A,01,0,0,1,0,0,0,0,0,0,-,-,NA,NA,LOS ANGELES,LOS ANGELES,-118.30911,34.06352
8439947,2017,2017-09-15,1942,2017-08-21,2330,41671,2033,1,5,7,1942,0,0,0,NA,0,14T47,SERRANO AV,8TH ST,76,N,N,A,-,N,NA,NA,NA,NA,NA,NA,NA,NA,NA,N,3,0,1,2,A,-,11,21954,A,N,G,B,D,A,H,-,C,D,0,Y,NA,NA,NA,Y,NA,N,60,0,1,0,0,1,0,0,0,0,-,-,NA,NA,LOS ANGELES,LOS ANGELES,-118.30658207,34.05789843
8439948,2017,2017-09-05,1942,2017-07-23,2050,40157,0745,7,5,7,1942,0,0,0,G,0,7T23,LA BREA AV,9TH ST,140,N,N,A,-,N,NA,NA,NA,NA,NA,NA,NA,NA,NA,Y,3,0,1,2,A,-,07,21658,A,N,B,C,A,A,H,-,C,D,0,NA,NA,Y,NA,Y,NA,A,01,0,1,0,0,0,0,0,0,0,-,-,NA,NA,LOS ANGELES,LOS ANGELES,-118.34519185,34.05923364
8439950,2017,2017-09-19,1942,2017-08-04,1040,37059,2004,5,5,7,1942,0,0,0,NA,0,20A53,BEVERLY BL,SERRANO AV,112,W,N,A,-,N,NA,NA,NA,NA,NA,NA,NA,NA,NA,N,4,0,1,2,A,-,21,22106,NA,N,G,B,F,A,H,-,A,D,0,Y,NA,NA,NA,Y,NA,-,-,0,0,1,0,1,0,0,0,0,-,-,NA,NA,LOS ANGELES,LOS ANGELES,-118.30727911,34.07625358
8439951,2017,2017-09-19,1941,2017-08-17,1852,10916,NA,4,5,7,1941,0,0,0,NA,0,NA,ANAHEIM ST,ROSE AV,5,S,N,A,-,N,NA,NA,NA,NA,NA,NA,NA,NA,NA,N,4,0,1,2,A,-,05,21650,1,M,G,G,A,A,H,-,A,D,0,NA,Y,NA,NA,Y,NA,L,NA,0,0,1,0,0,0,1,0,0,-,-,NA,NA,LOS ANGELES,LONG BEACH,-118.16986,33.78261
8439952,2017,2017-09-05,1942,2017-07-27,1800,42161,0721,4,5,7,1942,0,0,0,G,0,6TL4,3RD ST,ARNAZ DR,0,NA,Y,A,-,N,NA,NA,NA,NA,NA,NA,NA,NA,NA,Y,3,0,1,2,A,-,09,21801,A,N,D,G,A,A,H,-,A,D,0,NA,Y,NA,NA,Y,NA,A,01,0,1,0,0,0,0,1,0,0,-,-,NA,NA,LOS ANGELES,LOS ANGELES,-118.38272007,34.07360002
8439954,2017,2017-09-06,1942,2017-08-07,1740,42695,2015,1,5,7,1942,0,0,0,NA,0,20A88,W 1ST ST,NEW HAMPSHIRE AV,0,NA,Y,A,-,N,NA,NA,NA,NA,NA,NA,NA,NA,NA,N,4,0,1,2,A,-,03,22350,NA,N,-,G,A,A,H,-,A,A,0,NA,Y,NA,NA,Y,NA,A,07,0,0,1,0,0,0,1,0,0,-,-,NA,NA,LOS ANGELES,LOS ANGELES,-118.29293008,34.0727401
8439955,2017,2017-09-28,1941,2017-08-21,1612,10537,NA,1,5,7,1941,0,0,0,NA,0,NA,EAST 7TH ST,MAGNOLIA AV,0,NA,Y,A,-,N,NA,NA,NA,NA,NA,NA,NA,NA,NA,Y,4,0,1,2,A,-,12,21453,A,N,D,C,A,A,H,-,A,A,0,NA,NA,NA,NA,Y,NA,A,NA,0,0,1,0,0,0,0,0,0,-,-,NA,NA,LOS ANGELES,LONG BEACH,-118.19804004,33.77536004
8439956,2017,2017-09-05,1942,2017-07-22,1155,38942,0713,6,5,7,1942,0,0,0,G,0,20T56,FAIRFAX AV,ROSEWOOD AV,174,N,N,A,-,N,NA,NA,NA,NA,NA,NA,NA,NA,NA,N,3,0,1,2,C,-,18,NA,NA,N,H,G,A,A,H,-,A,D,0,NA,Y,NA,NA,Y,NA,-,-,0,1,0,0,0,0,1,0,0,-,-,NA,NA,LOS ANGELES,LOS ANGELES,-118.36148918,34.08066717
8439958,2017,2017-09-05,1942,2017-08-03,0445,40474,2015,4,5,7,1942,0,0,0,NA,0,2A47,BEVERLY BL,KENMORE AV,100,W,N,A,-,N,NA,NA,NA,NA,NA,NA,NA,NA,NA,NA,4,0,1,2,A,-,03,22350,NA,F,C,C,A,A,H,-,A,D,0,NA,NA,NA,NA,Y,NA,-,99,0,0,1,0,0,0,0,0,0,-,-,NA,NA,LOS ANGELES,LOS ANGELES,-118.29727959,34.0763
8439959,2017,2018-06-21,1941,2017-08-21,2153,11005,NA,1,5,7,1941,0,0,0,NA,0,NA,WARDLOW RD,RT 405,0,NA,Y,A,-,Y,LA,7,405,-,-,6.606,R,4,N,N,3,0,1,2,A,-,10,21950,A,F,G,B,C,A,H,-,D,D,0,Y,NA,NA,NA,Y,NA,A,NA,0,1,0,0,1,0,0,0,0,-,NO,NA,NA,LOS ANGELES,LONG BEACH,-118.19221398,33.81990226
8439960,2017,2017-09-05,1942,2017-07-28,0805,40773,0745,5,5,7,1942,0,0,0,G,0,7TL23,WILSHIRE BL,HAUSER BL,8,E,N,A,-,N,NA,NA,NA,NA,NA,NA,NA,NA,NA,N,4,0,1,2,A,-,12,21453,A,N,D,G,A,A,H,-,A,A,0,NA,Y,NA,NA,Y,NA,L,04,0,0,1,0,0,0,1,0,0,-,-,NA,NA,LOS ANGELES,LOS ANGELES,-118.35141365,34.06236922
8439962,2017,2017-09-11,1942,2017-08-26,1445,41179,1492,6,5,7,1942,0,0,0,N,0,14TL54,VISTA DEL MAR,IMPERIAL HWY,5000,N,N,A,-,N,NA,NA,NA,NA,NA,NA,NA,NA,NA,Y,4,0,4,2,A,-,08,22107,NA,F,D,C,A,A,H,-,A,D,0,NA,NA,NA,NA,Y,NA,A,01,0,0,4,0,0,0,0,0,0,-,-,NA,NA,LOS ANGELES,LOS ANGELES,-118.44156215,33.94345127
8439963,2017,2017-09-19,1941,2017-08-19,2242,11021,NA,6,5,7,1941,0,0,0,NA,0,NA,LONG BEACH BL,14TH ST,90,N,N,A,-,N,NA,NA,NA,NA,NA,NA,NA,NA,NA,N,3,0,1,2,A,-,04,21703,NA,M,C,G,A,A,H,-,C,D,0,NA,Y,NA,NA,Y,NA,A,NA,0,1,0,0,0,0,1,0,0,-,-,NA,NA,LOS ANGELES,LONG BEACH,-118.1895,33.78416681
8439964,2017,2017-09-18,1942,2017-07-22,1546,34959,0711,6,5,7,1942,0,0,0,G,0,20T56,CRESCENT HEIGHTS BL,ROSEWOOD AV,37,S,N,A,-,N,NA,NA,NA,NA,NA,NA,NA,NA,NA,Y,3,0,1,3,C,-,18,NA,NA,N,G,B,F,A,H,-,A,D,0,Y,NA,NA,NA,Y,NA,-,-,0,1,0,0,1,0,0,0,0,-,-,NA,NA,LOS ANGELES,LOS ANGELES,-118.36588895,34.08002852
8439966,2017,2017-09-06,1942,2017-08-16,1115,41623,0758,3,5,7,1942,0,0,0,G,0,7A17,6TH ST,MUIRFIELD,0,NA,Y,A,-,N,NA,NA,NA,NA,NA,NA,NA,NA,NA,Y,3,0,1,2,A,-,09,21802,A,N,D,J,A,A,-,-,A,D,0,NA,NA,Y,NA,Y,NA,A,07,0,1,0,0,0,0,0,0,1,-,-,NA,NA,LOS ANGELES,LOS ANGELES,-118.33005011,34.06397005
8439967,2017,2017-09-28,1941,2017-08-18,1615,5737,NA,5,5,7,1941,0,0,0,NA,0,NA,20TH ST,LIME AV,24,E,N,A,-,N,NA,NA,NA,NA,NA,NA,NA,NA,NA,N,4,0,2,2,A,-,06,21750,NA,N,B,C,A,A,H,-,A,D,0,NA,NA,NA,NA,Y,NA,A,NA,0,0,2,0,0,0,0,0,0,-,-,NA,NA,LOS ANGELES,LONG BEACH,-118.18387117,33.7935
8439968,2017,2017-09-05,1942,2017-07-21,1100,41978,0736,5,5,7,1942,0,0,0,G,0,20T59,LA CIENEGA BL,PICKFORD ST,0,NA,Y,A,-,N,NA,NA,NA,NA,NA,NA,NA,NA,NA,Y,3,0,1,3,A,-,09,21802,A,N,D,C,A,A,H,-,A,A,0,NA,NA,NA,NA,Y,NA,A,01,0,1,0,0,0,0,0,0,0,-,-,NA,NA,LOS ANGELES,LOS ANGELES,-118.37616005,34.04904007
8439970,2017,2017-09-06,1942,2017-08-12,1058,40024,0719,6,5,7,1942,0,0,0,G,0,7A17,MELROSE AV,COLE AV,0,NA,Y,A,-,N,NA,NA,NA,NA,NA,NA,NA,NA,NA,N,3,0,1,2,A,-,09,21802,A,N,D,C,A,A,H,-,A,A,0,NA,NA,NA,NA,Y,NA,A,07,0,1,0,0,0,0,0,0,0,-,-,NA,NA,LOS ANGELES,LOS ANGELES,-118.32986006,34.08348007
8439971,2017,2017-09-19,1941,2017-08-17,1335,10943,NA,4,5,7,1941,0,0,0,NA,0,NA,CHERRY AV,SOUTH ST,0,NA,Y,A,-,N,NA,NA,NA,NA,NA,NA,NA,NA,NA,Y,4,0,2,4,A,-,03,22350,NA,N,C,C,A,A,H,-,A,A,0,NA,NA,NA,NA,Y,NA,A,NA,0,0,2,0,0,0,0,0,0,-,-,NA,NA,LOS ANGELES,LONG BEACH,-118.16856007,33.86015009
8439972,2017,2017-09-05,1942,2017-07-27,1900,25495,0722,4,5,7,1942,0,0,0,G,0,7TL23,3RD ST,ORLANDO AV,265,W,N,A,-,N,NA,NA,NA,NA,NA,NA,NA,NA,NA,N,4,0,2,2,C,-,18,NA,NA,N,B,E,A,A,H,-,A,D,0,NA,NA,NA,NA,Y,NA,-,-,0,0,2,0,0,0,0,0,0,-,-,NA,NA,LOS ANGELES,LOS ANGELES,-118.37406546,34.07310798
8439974,2017,2017-09-06,1942,2017-08-01,0800,41978,0789,2,5,7,1942,0,0,0,G,0,20T59,HIGHLAND AV,MELROSE AV,0,NA,Y,A,-,N,NA,NA,NA,NA,NA,NA,NA,NA,NA,Y,4,0,3,2,A,-,09,21801,A,N,D,C,A,A,H,-,A,A,0,NA,NA,NA,NA,Y,NA,A,01,0,0,3,0,0,0,0,0,0,-,-,NA,NA,LOS ANGELES,LOS ANGELES,-118.33858013,34.08347002
8439975,2017,2017-09-19,1941,2017-08-19,0103,10558,NA,6,5,7,1941,0,0,0,NA,0,NA,ORANGE AV,19TH ST,4,S,N,A,-,N,NA,NA,NA,NA,NA,NA,NA,NA,NA,Y,3,0,2,2,A,-,08,22107,NA,N,D,C,A,A,H,-,C,D,0,NA,NA,NA,NA,Y,NA,A,NA,0,1,1,0,0,0,0,0,0,-,-,NA,NA,LOS ANGELES,LONG BEACH,-118.17631,33.79126903
8439976,2017,2017-09-05,1942,2017-07-21,1135,26281,0784,5,5,7,1942,0,0,0,G,0,7MQ56,LA BREA AV,20TH ST,0,NA,Y,A,-,N,NA,NA,NA,NA,NA,NA,NA,NA,NA,Y,3,0,2,2,A,-,09,21801,A,N,D,C,A,A,H,-,A,D,0,NA,NA,NA,NA,Y,NA,A,01,0,1,1,0,0,0,0,0,0,-,-,NA,NA,LOS ANGELES,LOS ANGELES,-118.34801008,34.03939005
8439978,2017,2017-09-05,1942,2017-08-24,1550,40398,0784,4,5,7,1942,0,0,0,G,0,6TL4,LA BREA AV,23RD ST,395,S,N,A,-,N,NA,NA,NA,NA,NA,NA,NA,NA,NA,N,4,0,1,2,A,-,10,21950,A,F,G,B,C,A,H,-,A,D,0,Y,NA,NA,NA,Y,NA,-,99,0,0,1,0,1,0,0,0,0,-,-,NA,NA,LOS ANGELES,LOS ANGELES,-118.34997285,34.03484473
8439979,2017,2017-09-19,1941,2017-08-21,1200,11027,NA,1,5,7,1941,0,0,0,NA,0,NA,PINE AV,ANAHEIM ST,21,N,N,A,-,N,NA,NA,NA,NA,NA,NA,NA,NA,NA,N,3,0,1,2,A,-,11,21453,D,N,G,G,A,A,H,-,A,A,0,NA,Y,NA,NA,Y,NA,L,NA,0,1,0,0,0,0,1,0,0,-,-,NA,NA,LOS ANGELES,LONG BEACH,-118.19239,33.78265759
8439980,2017,2017-09-05,1942,2017-07-09,1320,34959,0773,7,5,7,1942,0,0,0,G,0,20T56,VENICE BL,AIRDROME ST,202,W,N,A,-,N,NA,NA,NA,NA,NA,NA,NA,NA,NA,N,4,0,2,2,A,-,04,21703,NA,N,C,C,A,A,H,-,A,D,0,NA,NA,NA,NA,Y,NA,A,01,0,0,2,0,0,0,0,0,0,-,-,NA,NA,LOS ANGELES,LOS ANGELES,-118.36106679,34.04376162
8439982,2017,2017-09-06,1942,2017-08-18,1055,34959,0711,5,5,7,1942,0,0,0,G,0,20T59,OAKWOOD AV,EDINBURGH AV,0,NA,Y,A,-,N,NA,NA,NA,NA,NA,NA,NA,NA,NA,N,3,0,1,2,A,-,10,21950,A,N,G,B,B,A,H,-,A,D,0,Y,NA,NA,NA,Y,NA,A,01,0,1,0,0,1,0,0,0,0,-,-,NA,NA,LOS ANGELES,LOS ANGELES,-118.36371008,34.07818007
8439983,2017,2017-09-19,1941,2017-08-21,2150,11018,NA,1,5,7,1941,0,0,0,NA,0,NA,ATLANTIC AV,ARTESIA BL,30,N,N,A,-,N,NA,NA,NA,NA,NA,NA,NA,NA,NA,N,4,0,1,2,A,-,07,21658,A,N,D,G,A,A,H,-,C,A,0,NA,Y,NA,NA,Y,NA,L,NA,0,0,1,0,0,0,1,0,0,-,-,NA,NA,LOS ANGELES,LONG BEACH,-118.18617558,33.87446219
8439984,2017,2017-09-05,1942,2017-07-18,0930,41376,0735,2,5,7,1942,0,0,0,G,0,8TL35,COCHRAN AV,WILSHIRE BL,0,N,N,A,-,N,NA,NA,NA,NA,NA,NA,NA,NA,NA,N,4,0,1,2,A,-,04,21703,NA,N,C,C,A,A,H,-,A,D,0,NA,NA,NA,NA,Y,NA,A,01,0,0,1,0,0,0,0,0,0,-,-,NA,NA,LOS ANGELES,LOS ANGELES,-118.34720007,34.06228004
8439986,2017,2017-09-30,1942,2017-08-21,2020,39624,0778,1,5,7,1942,0,0,0,G,0,7A85,VENICE BL,CRENSHAW BL,0,NA,Y,A,-,N,NA,NA,NA,NA,NA,NA,NA,NA,NA,Y,3,0,2,3,A,-,09,21801,A,N,D,C,A,A,H,-,C,A,0,NA,NA,NA,NA,Y,NA,A,01,0,1,1,0,0,0,0,0,0,-,-,NA,NA,LOS ANGELES,LOS ANGELES,-118.32841012,34.04470006
8439987,2017,2017-09-19,1941,2017-08-22,1730,10833,NA,2,5,7,1941,0,0,0,NA,0,NA,GOLDEN SHORE,SHORELINE DR,0,NA,-,A,-,N,NA,NA,NA,NA,NA,NA,NA,NA,NA,N,2,0,1,1,A,-,03,22350,NA,N,H,A,A,A,H,-,A,A,0,NA,NA,Y,NA,Y,NA,C,NA,1,0,0,0,0,0,0,0,1,-,-,NA,NA,LOS ANGELES,LONG BEACH,-118.20186008,33.7656101
8439988,2017,2017-09-09,1942,2017-07-28,2254,25495,0783,5,5,7,1942,0,0,0,G,0,7TL23,WASHINGTON BL,CLYDE AV,15,W,N,A,-,N,NA,NA,NA,NA,NA,NA,NA,NA,NA,N,4,0,1,2,A,-,07,21658,A,N,B,C,A,A,H,-,C,A,0,NA,NA,NA,NA,Y,Y,-,-,0,0,1,0,0,0,0,0,0,-,-,NA,NA,LOS ANGELES,LOS ANGELES,-118.36580236,34.03629882
8439989,2017,2017-09-08,1928,2017-08-06,1208,390,504,7,5,5,1928,0,0,0,NA,0,502,PRAIRIE AV,118TH ST N,0,NA,Y,A,-,N,NA,NA,NA,NA,NA,NA,NA,NA,NA,Y,4,0,2,3,A,-,09,21801,A,N,D,C,A,A,H,-,A,A,0,NA,NA,NA,NA,Y,NA,A,01,0,0,2,0,0,0,0,0,0,-,-,33.92742,-118.34383,LOS ANGELES,HAWTHORNE,-118.34390011,33.92732008
8439990,2017,2017-09-06,1942,2017-08-21,2010,37511,0749,1,5,7,1942,0,0,0,G,0,7T23,CRENSHAW BL,WILSHIRE,400,S,N,A,-,N,NA,NA,NA,NA,NA,NA,NA,NA,NA,Y,4,0,1,2,A,-,09,21801,A,N,D,C,A,A,H,-,B,D,0,NA,NA,Y,NA,Y,NA,A,01,0,0,1,0,0,0,0,0,1,-,-,NA,NA,LOS ANGELES,LOS ANGELES,-118.31965373,34.06071336
8439991,2017,2018-06-19,1941,2017-08-22,0950,10652,NA,2,5,7,1941,0,0,0,NA,0,NA,PACIFIC COAST HWY,S OREGON,0,NA,Y,A,-,Y,LA,7,1,-,-,6.941,I,5,S,Y,4,0,1,2,A,-,09,21801,A,N,D,C,A,A,H,-,A,A,0,NA,NA,NA,NA,Y,NA,A,NA,0,0,1,0,0,0,0,0,0,-,-,NA,NA,LOS ANGELES,LONG BEACH,-118.20102064,33.78981023
8439992,2017,2017-09-05,1942,2017-07-23,1500,34959,0743,7,5,7,1942,0,0,0,G,0,20T56,OLYMPIC BL,OGDEN DR,108,E,N,A,-,N,NA,NA,NA,NA,NA,NA,NA,NA,NA,Y,4,0,2,3,A,-,09,21801,A,N,D,C,A,A,H,-,A,D,0,NA,NA,NA,NA,Y,NA,A,01,0,0,2,0,0,0,0,0,0,-,-,NA,NA,LOS ANGELES,LOS ANGELES,-118.36145056,34.05779384
8439993,2017,2017-09-08,1928,2017-08-11,0554,399,504,5,5,5,1928,0,0,0,NA,0,502,120TH ST,BIRCH AV,0,NA,Y,B,-,N,NA,NA,NA,NA,NA,NA,NA,NA,NA,N,4,0,1,2,A,-,10,21950,A,N,G,B,B,A,H,-,A,A,0,Y,NA,NA,NA,Y,NA,A,01,0,0,1,0,1,0,0,0,0,-,-,33.92364,-118.35039,LOS ANGELES,HAWTHORNE,-118.35029006,33.92366007
8439994,2017,2017-09-06,1942,2017-08-20,0130,37511,0719,7,5,7,1942,0,0,0,G,0,7T23,ROSSMORE AV,CLINTON ST,0,NA,Y,A,-,N,NA,NA,NA,NA,NA,NA,NA,NA,NA,Y,4,0,1,1,A,-,03,22350,NA,N,E,I,A,A,H,-,C,D,0,NA,NA,NA,NA,Y,NA,A,01,0,0,1,0,0,0,0,0,0,-,-,NA,NA,LOS ANGELES,LOS ANGELES,-118.32719011,34.08165002
8439995,2017,2017-09-19,1941,2017-08-21,2026,5620,NA,1,5,7,1941,0,0,0,NA,0,NA,LONG BEACH BL,69TH ST,977,S,N,A,-,N,NA,NA,NA,NA,NA,NA,NA,NA,NA,N,4,0,2,2,A,-,17,22109,NA,N,C,A,A,A,H,-,C,D,0,NA,NA,NA,NA,Y,NA,A,NA,0,0,2,0,0,0,0,0,0,-,-,NA,NA,LOS ANGELES,LONG BEACH,-118.20347577,33.87668993