CASE_ID,ACCIDENT_YEAR,PROC_DATE,JURIS,COLLISION_DATE,COLLISION_TIME,OFFICER_ID,REPORTING_DISTRICT,DAY_OF_WEEK,CHP_SHIFT,POPULATION,CNTY_CITY_LOC,SPECIAL_COND,BEAT_TYPE,CHP_BEAT_TYPE,CITY_DIVISION_LAPD,CHP_BEAT_CLASS,BEAT_NUMBER,PRIMARY_RD,SECONDARY_RD,DISTANCE,DIRECTION,INTERSECTION,WEATHER_1,WEATHER_2,STATE_HWY_IND,CALTRANS_COUNTY,CALTRANS_DISTRICT,STATE_ROUTE,ROUTE_SUFFIX,POSTMILE_PREFIX,POSTMILE,LOCATION_TYPE,RAMP_INTERSECTION,SIDE_OF_HWY,TOW_AWAY,COLLISION_SEVERITY,NUMBER_KILLED,NUMBER_INJURED,PARTY_COUNT,PRIMARY_COLL_FACTOR,PCF_CODE_OF_VIOL,PCF_VIOL_CATEGORY,PCF_VIOLATION,PCF_VIOL_SUBSECTION,HIT_AND_RUN,TYPE_OF_COLLISION,MVIW,PED_ACTION,ROAD_SURFACE,ROAD_COND_1,ROAD_COND_2,LIGHTING,CONTROL_DEVICE,CHP_ROAD_TYPE,PEDESTRIAN_ACCIDENT,BICYCLE_ACCIDENT,MOTORCYCLE_ACCIDENT,TRUCK_ACCIDENT,NOT_PRIVATE_PROPERTY,ALCOHOL_INVOLVED,STWD_VEHTYPE_AT_FAULT,CHP_VEHTYPE_AT_FAULT,COUNT_SEVERE_INJ,COUNT_VISIBLE_INJ,COUNT_COMPLAINT_PAIN,COUNT_PED_KILLED,COUNT_PED_INJURED,COUNT_BICYCLIST_KILLED,COUNT_BICYCLIST_INJURED,COUNT_MC_KILLED,COUNT_MC_INJURED,PRIMARY_RAMP,SECONDARY_RAMP,LATITUDE,LONGITUDE,COUNTY,CITY,POINT_X,POINT_Y
8440694,2017,2017-10-03,1942,2017-07-11,0100,37550,0769,2,5,7,1942,0,0,0,G,0,7TL23,ARLINGTON AV,PICO BL,11,N,N,A,-,N,NA,NA,NA,NA,NA,NA,NA,NA,NA,Y,4,0,1,1,A,-,03,22350,NA,N,E,I,A,A,H,-,C,A,0,NA,NA,NA,NA,Y,NA,A,07,0,0,1,0,0,0,0,0,0,-,-,NA,NA,LOS ANGELES,LOS ANGELES,-118.31759756,34.04720834
8440697,2017,2017-09-08,1942,2017-07-19,1715,40643,0417,3,5,7,1942,0,0,0,D,0,24T57,TOURMALINE ST,HUNTINGTON DR,28,W,N,A,-,N,NA,NA,NA,NA,NA,NA,NA,NA,NA,Y,3,0,1,1,A,-,03,22350,NA,N,E,I,A,A,H,-,A,A,0,NA,NA,NA,NA,Y,NA,A,01,0,1,0,0,0,0,0,0,0,-,-,NA,NA,LOS ANGELES,LOS ANGELES,-118.19348284,34.07985714
8440698,2017,2017-10-03,1942,2017-07-22,0930,33683,0829,6,5,7,1942,0,0,0,H,0,8A1W2,WILSHIRE BL,DEVON AV,200,W,N,A,-,N,NA,NA,NA,NA,NA,NA,NA,NA,NA,Y,3,0,5,2,A,-,03,22350,NA,N,C,C,A,A,H,-,A,D,0,NA,NA,NA,NA,Y,NA,A,01,0,3,2,0,0,0,0,0,0,-,-,NA,NA,LOS ANGELES,LOS ANGELES,-118.42781138,34.06734767
8440700,2017,2017-09-11,1955,2017-08-14,1705,42369,49,1,5,6,1955,0,0,0,NA,0,001,E HOLT AV,HUNTINGTON BL,6,W,N,A,-,N,NA,NA,NA,NA,NA,NA,NA,NA,NA,N,4,0,1,4,A,-,03,22350,NA,N,C,C,A,A,H,-,A,A,0,NA,NA,NA,NA,Y,NA,D,22,0,0,1,0,0,0,0,0,0,-,-,NA,NA,LOS ANGELES,POMONA,-117.76145975,34.06209945
8440701,2017,2017-09-08,1942,2017-07-28,0940,40484,0265,5,5,7,1942,0,0,0,B,0,2A1,CORONADO ST,6TH ST,150,S,N,A,-,N,NA,NA,NA,NA,NA,NA,NA,NA,NA,N,4,0,1,2,A,-,21,22106,NA,N,C,C,A,A,H,-,A,D,0,NA,NA,NA,NA,Y,NA,A,07,0,0,1,0,0,0,0,0,0,-,-,NA,NA,LOS ANGELES,LOS ANGELES,-118.28063258,34.06166157
8440702,2017,2017-10-03,1942,2017-07-26,1940,40033,0884,3,5,7,1942,0,0,0,H,0,8A59,PICO BL,SAWTELLE BL,10,E,N,A,-,N,NA,NA,NA,NA,NA,NA,NA,NA,NA,N,3,0,1,2,A,-,12,21453,A,N,D,G,A,A,H,-,A,A,0,NA,Y,NA,NA,Y,NA,L,04,0,1,0,0,0,0,1,0,0,-,-,NA,NA,LOS ANGELES,LOS ANGELES,-118.43865195,34.03522439
8440705,2017,2017-09-08,1942,2017-07-27,1247,42892,0216,4,5,7,1942,0,0,0,B,0,2A47,ROSEMONT AV,SANTA YNEZ ST,0,NA,Y,A,-,N,NA,NA,NA,NA,NA,NA,NA,NA,NA,N,4,0,3,2,A,-,09,21801,A,N,D,C,A,A,H,-,A,A,0,NA,NA,NA,NA,Y,NA,A,01,0,0,3,0,0,0,0,0,0,-,-,NA,NA,LOS ANGELES,LOS ANGELES,-118.26684002,34.07595008
8440706,2017,2017-10-03,1942,2017-08-01,1725,37966,2022,2,5,7,1942,0,0,0,NA,0,6TL2,SAINT ANDREWS PL,WILSHIRE BL,338,N,N,A,-,N,NA,NA,NA,NA,NA,NA,NA,NA,NA,Y,3,0,1,4,A,-,08,22107,NA,N,B,E,A,A,H,-,A,D,0,NA,NA,NA,NA,Y,NA,A,01,0,1,0,0,0,0,0,0,0,-,-,NA,NA,LOS ANGELES,LOS ANGELES,-118.31157,34.062617
8440707,2017,2017-09-11,1931,2017-08-17,1631,5304,1931,4,5,5,1931,0,0,0,NA,0,001,ALAMEDA ST,POLE # 139098E,10,N,N,A,-,N,NA,NA,NA,NA,NA,NA,NA,NA,NA,N,4,0,1,2,A,-,03,22350,NA,N,C,C,A,A,H,-,A,D,0,NA,NA,NA,NA,Y,NA,D,22,0,0,1,0,0,0,0,0,0,-,-,NA,NA,LOS ANGELES,HUNTINGTON PARK,NA,NA
8440708,2017,2017-09-11,1955,2017-08-26,0914,42315,49,6,5,6,1955,0,0,0,NA,0,001,HOLT AV,CURRIER ST,35,E,N,A,-,N,NA,NA,NA,NA,NA,NA,NA,NA,NA,N,4,0,1,2,A,-,08,22107,NA,N,D,C,A,A,H,-,A,D,0,NA,NA,NA,NA,Y,NA,A,07,0,0,1,0,0,0,0,0,0,-,-,NA,NA,LOS ANGELES,POMONA,-117.76819476,34.06192235
8440709,2017,2017-09-08,1942,2017-07-28,1510,34426,0275,5,5,7,1942,0,0,0,B,0,24TL51,11TH ST,BURLINGTON AV,0,NA,Y,A,-,N,NA,NA,NA,NA,NA,NA,NA,NA,NA,N,4,0,1,2,A,-,12,22450,A,N,D,C,A,A,H,-,A,A,0,NA,NA,NA,NA,Y,NA,A,01,0,0,1,0,0,0,0,0,0,-,-,NA,NA,LOS ANGELES,LOS ANGELES,-118.2775001,34.04881011
8440710,2017,2017-10-03,1942,2017-07-15,1445,34959,2074,6,5,7,1942,0,0,0,NA,0,20T56,NORMANDIE AV,PICO BL,77,S,N,A,-,N,NA,NA,NA,NA,NA,NA,NA,NA,NA,N,4,0,2,4,A,-,03,22350,NA,N,C,C,A,A,H,-,A,D,0,NA,NA,NA,NA,Y,NA,A,07,0,0,2,0,0,0,0,0,0,-,-,NA,NA,LOS ANGELES,LOS ANGELES,-118.30008249,34.0470403
8440714,2017,2017-10-03,1942,2017-07-13,2111,37575,NA,4,5,7,1942,0,0,0,NA,0,14T47,MORMANDIE BL,3RD ST,0,NA,Y,A,-,N,NA,NA,NA,NA,NA,NA,NA,NA,NA,N,4,0,1,2,A,-,09,21801,A,N,D,C,A,A,H,-,C,A,0,NA,NA,NA,NA,Y,NA,A,01,0,0,1,0,0,0,0,0,0,-,-,NA,NA,LOS ANGELES,LOS ANGELES,-118.30036001,34.06901007
8440717,2017,2017-09-08,1942,2017-07-21,0855,38050,0217,5,5,7,1942,0,0,0,B,0,24TL43,SUNSET BL,PARK AV,105,E,N,A,-,N,NA,NA,NA,NA,NA,NA,NA,NA,NA,N,3,0,1,2,A,-,08,21717,NA,N,B,G,A,A,H,-,A,D,0,NA,Y,NA,NA,Y,NA,A,01,0,1,0,0,0,0,1,0,0,-,-,NA,NA,LOS ANGELES,LOS ANGELES,-118.26134993,34.07798334
8440718,2017,2017-10-03,1942,2017-07-27,0330,37613,0833,4,5,7,1942,0,0,0,H,0,8TL35,OHIO AV,WESTWOOD BL,4,W,N,A,-,N,NA,NA,NA,NA,NA,NA,NA,NA,NA,Y,4,0,1,1,A,-,08,22107,NA,N,E,I,A,A,H,-,C,A,0,NA,NA,NA,NA,Y,Y,A,07,0,0,1,0,0,0,0,0,0,-,-,NA,NA,LOS ANGELES,LOS ANGELES,-118.44074044,34.05409331
8440722,2017,2017-09-25,1976,2017-08-01,0354,568,NA,2,5,3,1964,0,0,0,NA,0,003,FOSTER RD,CARMENITA RD,1340,E,N,A,-,N,NA,NA,NA,NA,NA,NA,NA,NA,NA,Y,2,0,1,2,A,-,01,23152,A,N,F,A,A,A,H,-,C,D,0,NA,NA,Y,Y,Y,Y,C,02,1,0,0,0,0,0,0,0,1,-,-,NA,NA,LOS ANGELES,SANTA FE SPRINGS,-118.04235371,33.90965687
8440734,2017,2017-09-08,1976,2017-08-10,1826,494,NA,4,5,3,1964,0,0,0,NA,0,003,CARMENITA RD,CAMBRIDGE ST,900,S,N,A,-,N,NA,NA,NA,NA,NA,NA,NA,NA,NA,N,4,0,1,2,A,-,03,22350,NA,N,C,C,A,A,H,-,A,D,0,NA,NA,NA,Y,Y,NA,F,26,0,0,1,0,0,0,0,0,0,-,-,NA,NA,LOS ANGELES,SANTA FE SPRINGS,-118.04666,33.90406231
8440738,2017,2017-09-08,1976,2017-08-13,1520,339,NA,7,5,3,1964,0,0,0,NA,0,NA,PAINTER AV,TELEGRAPH RD,66,N,N,A,-,N,NA,NA,NA,NA,NA,NA,NA,NA,NA,Y,4,0,2,2,A,-,09,21804,A,N,D,C,A,A,H,-,A,D,0,NA,NA,NA,NA,Y,NA,A,01,0,0,2,0,0,0,0,0,0,-,-,NA,NA,LOS ANGELES,SANTA FE SPRINGS,-118.05140452,33.94212093
8440746,2017,2017-09-08,1976,2017-08-14,1335,226,NA,1,5,3,1964,0,0,0,NA,0,001,SANTA FE SPRINGS RD,SORENSEN AV,634,S,N,A,-,N,NA,NA,NA,NA,NA,NA,NA,NA,NA,N,4,0,2,2,A,-,04,21703,NA,N,C,C,A,A,H,-,A,D,0,NA,NA,NA,NA,Y,NA,A,01,0,0,2,0,0,0,0,0,0,-,-,NA,NA,LOS ANGELES,SANTA FE SPRINGS,-118.0583846,33.95131397
8440754,2017,2017-09-14,1976,2017-08-16,1359,391,NA,3,5,3,1964,0,0,0,NA,0,NA,ROSECRANS AV,MARQUARDT AV,328,W,N,A,-,N,NA,NA,NA,NA,NA,NA,NA,NA,NA,N,4,0,1,3,A,-,03,22350,NA,N,C,C,A,A,H,-,A,D,0,NA,NA,NA,Y,Y,NA,A,07,0,0,1,0,0,0,0,0,0,-,-,NA,NA,LOS ANGELES,SANTA FE SPRINGS,-118.03891837,33.9024799
8440758,2017,2018-10-08,1976,2017-08-17,0536,379,NA,4,5,3,1964,0,0,0,NA,0,001,SORENSEN AV,JOHN ST,350,W,N,A,-,N,NA,NA,NA,NA,NA,NA,NA,NA,NA,Y,1,1,0,2,A,-,03,22350,NA,N,H,C,A,A,D,-,B,D,0,NA,NA,Y,Y,Y,NA,C,02,0,0,0,0,0,0,0,1,0,-,-,NA,NA,LOS ANGELES,SANTA FE SPRINGS,-118.06149236,33.95567424
8440774,2017,2018-06-12,1955,2017-08-18,0632,40348,54,5,5,6,1955,0,0,0,NA,0,001,HOLT AV,FAIRPLEX DR,50,E,N,A,-,Y,LA,7,71,-,T,1.709,R,4,N,N,4,0,1,2,A,-,03,22350,NA,F,C,C,A,A,H,-,A,D,0,NA,NA,NA,Y,Y,NA,F,27,0,0,1,0,0,0,0,0,0,-,-,NA,NA,LOS ANGELES,POMONA,-117.80660664,34.06840982
8440787,2017,2017-10-03,1942,2017-08-28,1420,40717,0396,1,5,7,1942,0,0,0,C,0,3A15,VERMONT,VERNON,0,NA,Y,A,-,N,NA,NA,NA,NA,NA,NA,NA,NA,NA,N,4,0,1,2,C,-,18,NA,NA,N,C,C,A,A,H,-,A,D,0,NA,NA,NA,NA,Y,NA,-,-,0,0,1,0,0,0,0,0,0,-,-,NA,NA,LOS ANGELES,LOS ANGELES,-118.29157008,34.00368009
8440793,2017,2017-09-11,1976,2017-07-25,1649,850,NA,2,5,3,1964,0,0,0,NA,0,003,ALONDRA BL,RESIN PL,0,NA,Y,A,-,N,NA,NA,NA,NA,NA,NA,NA,NA,NA,Y,4,0,1,2,A,-,09,21801,A,N,D,C,A,A,H,-,A,D,0,NA,NA,NA,NA,Y,NA,A,01,0,0,1,0,0,0,0,0,0,-,-,NA,NA,LOS ANGELES,SANTA FE SPRINGS,-118.04486008,33.88794008
8440795,2017,2017-09-26,1933,2017-07-22,2234,984,32,6,5,6,1933,0,0,0,NA,0,004,104TH ST,10TH AV,0,NA,Y,A,-,N,NA,NA,NA,NA,NA,NA,NA,NA,NA,Y,4,0,1,2,A,-,03,22350,NA,N,H,E,A,A,H,-,C,D,0,NA,NA,NA,NA,Y,NA,A,01,0,0,1,0,0,0,0,0,0,-,-,NA,NA,LOS ANGELES,INGLEWOOD,-118.32778013,33.94183008
8440803,2017,2017-09-12,1900,2017-06-18,0450,534575,0241,7,5,3,1914,0,0,0,NA,0,27T,EASTERN AV,NOAKES ST,80,N,N,A,-,N,NA,NA,NA,NA,NA,NA,NA,NA,NA,Y,2,0,1,2,A,-,08,22107,NA,F,A,E,A,A,H,-,C,-,0,NA,NA,NA,NA,Y,NA,A,01,1,0,0,0,0,0,0,0,0,-,-,NA,NA,LOS ANGELES,COMMERCE,-118.17395,34.01165785
8440806,2017,2017-09-12,1900,2017-06-02,1745,618145,0262,5,5,4,1917,0,0,0,NA,0,26A,CLARA ST,ATLANTIC AV,200,E,N,A,-,N,NA,NA,NA,NA,NA,NA,NA,NA,NA,Y,3,0,4,7,A,-,08,22107,NA,N,A,D,E,A,H,-,A,A,0,Y,NA,NA,NA,Y,NA,A,01,0,4,0,0,2,0,0,0,0,-,-,NA,NA,LOS ANGELES,CUDAHY,-118.18636538,33.96551255
8440809,2017,2017-09-13,1900,2017-05-22,1513,616135,0242,1,5,3,1914,0,0,0,NA,0,27T,GERHART AV,GRACE PL,9,N,N,A,-,N,NA,NA,NA,NA,NA,NA,NA,NA,NA,N,4,0,1,2,A,-,03,22350,NA,N,C,C,A,A,H,-,A,D,0,NA,NA,NA,NA,Y,NA,A,01,0,0,1,0,0,0,0,0,0,-,-,NA,NA,LOS ANGELES,COMMERCE,-118.14718746,34.01656459
8440811,2017,2017-09-12,1900,2017-06-02,1230,531127,0250,5,5,4,1945,0,0,0,NA,0,28T,SLAUSON AV,CORONA AV,0,NA,Y,A,-,N,NA,NA,NA,NA,NA,NA,NA,NA,NA,Y,2,0,2,3,A,-,08,22107,NA,N,B,C,A,A,H,-,A,A,0,NA,NA,NA,NA,Y,NA,A,01,2,0,0,0,0,0,0,0,0,-,-,NA,NA,LOS ANGELES,MAYWOOD,-118.19443001,33.98805005
8440813,2017,2017-09-13,1900,2017-05-19,1716,547821,0250,5,5,4,1945,0,0,0,NA,0,28T,FISHBURN AV,58TH ST,0,NA,Y,A,-,N,NA,NA,NA,NA,NA,NA,NA,NA,NA,N,4,0,1,2,A,-,12,22450,A,N,D,B,B,A,H,-,A,A,0,Y,NA,NA,NA,Y,NA,N,60,0,0,1,0,1,0,0,0,0,-,-,NA,NA,LOS ANGELES,MAYWOOD,-118.18989,33.98854008
8440814,2017,2017-09-12,1900,2017-06-06,0919,507510,0246,2,5,3,1914,0,0,0,NA,0,27T1,SLAUSON AV,EASTERN AV,30,E,N,A,-,N,NA,NA,NA,NA,NA,NA,NA,NA,NA,N,4,0,1,2,A,-,03,22350,NA,N,C,C,A,A,H,-,A,A,0,NA,NA,NA,NA,Y,NA,A,01,0,0,1,0,0,0,0,0,0,-,-,NA,NA,LOS ANGELES,COMMERCE,-118.16203166,33.98578244
8440815,2017,2017-09-12,1900,2017-06-16,0759,507510,0244,5,5,3,1914,0,0,0,NA,0,27T1,ATLANTIC BL,SHEILA ST,0,NA,Y,A,-,N,NA,NA,NA,NA,NA,NA,NA,NA,NA,Y,4,0,2,2,A,-,12,21453,A,N,D,C,A,A,H,-,A,A,0,NA,NA,NA,NA,Y,NA,A,07,0,0,2,0,0,0,0,0,0,-,-,NA,NA,LOS ANGELES,COMMERCE,-118.16928007,34.001980090000004
8440816,2017,2017-10-19,1900,2017-06-26,2130,610421,0245,1,5,3,1914,0,0,0,NA,0,27T1,GARFIELD AV,FERGUSON DR,20,N,N,A,-,N,NA,NA,NA,NA,NA,NA,NA,NA,NA,Y,4,0,2,2,A,-,08,22107,NA,N,D,C,A,A,H,-,A,D,0,NA,NA,NA,NA,Y,NA,A,01,0,0,2,0,0,0,0,0,0,-,-,NA,NA,LOS ANGELES,COMMERCE,-118.13136339,34.00842456
8440817,2017,2017-09-13,1900,2017-05-24,1551,508822,1331,3,5,5,1908,0,0,0,NA,0,133T1,FOSTER RD,CLARK AV,300,E,N,A,-,N,NA,NA,NA,NA,NA,NA,NA,NA,NA,Y,4,0,1,3,A,-,03,22350,NA,N,C,C,A,A,H,-,A,D,0,NA,NA,NA,NA,Y,NA,A,07,0,0,1,0,0,0,0,0,0,-,-,NA,NA,LOS ANGELES,BELLFLOWER,-118.13314335,33.90973331
8440818,2017,2017-09-12,1900,2017-06-02,1557,527494,0263,5,5,4,1917,0,0,0,NA,0,0PM,SANTA ANA ST,ATLANTIC AV,300,W,N,A,-,N,NA,NA,NA,NA,NA,NA,NA,NA,NA,Y,2,0,1,2,A,-,06,21750,A,N,G,B,D,A,H,-,A,-,0,Y,NA,NA,NA,Y,NA,A,01,1,0,0,0,1,0,0,0,0,-,-,NA,NA,LOS ANGELES,CUDAHY,-118.18680012,33.96095904
8440821,2017,2017-09-26,1942,2017-05-28,2130,41530,1391,7,5,7,1942,0,0,0,M,0,13G34,GAGE AV,GRAND AV,0,NA,Y,A,-,N,NA,NA,NA,NA,NA,NA,NA,NA,NA,Y,4,0,1,2,A,-,12,21453,A,F,A,C,A,A,H,-,C,A,0,NA,NA,NA,NA,Y,NA,-,NA,0,0,1,0,0,0,0,0,0,-,-,NA,NA,LOS ANGELES,LOS ANGELES,-118.28017005,33.98237011
8440822,2017,2017-09-20,1900,2017-06-21,2003,601465,0263,3,5,4,1917,0,0,0,NA,0,026,ATLANTIC AV,SALT LAKE AV,0,NA,Y,A,-,N,NA,NA,NA,NA,NA,NA,NA,NA,NA,N,4,0,1,2,A,-,10,21950,NA,N,D,B,B,A,H,-,A,A,0,Y,NA,NA,NA,Y,Y,-,-,0,0,1,0,1,0,0,0,0,-,-,NA,NA,LOS ANGELES,CUDAHY,-118.18397001,33.95555012
8440823,2017,2017-09-12,1942,2017-06-27,1044,40800,1353,2,5,7,1942,0,0,0,M,0,13XL3,CENTRAL AV,VERNON AV,0,NA,Y,A,-,N,NA,NA,NA,NA,NA,NA,NA,NA,NA,N,4,0,1,2,A,-,09,21801,A,N,D,C,A,A,H,-,A,A,0,NA,NA,NA,NA,Y,NA,A,01,0,0,1,0,0,0,0,0,0,-,-,NA,NA,LOS ANGELES,LOS ANGELES,-118.25649004,34.00393001
8440826,2017,2017-09-12,1900,2017-06-23,1230,610405,0242,5,5,3,1914,0,0,0,NA,0,27T,OLYMPIC BL,AVENIDA ESTEBAN TORRES,53,E,N,A,-,N,NA,NA,NA,NA,NA,NA,NA,NA,NA,Y,4,0,1,2,A,-,09,21804,B,N,D,G,A,A,H,-,A,D,0,NA,Y,NA,NA,Y,NA,L,04,0,0,1,0,0,0,1,0,0,-,-,NA,NA,LOS ANGELES,COMMERCE,-118.15172055,34.01486521
8440827,2017,2017-09-12,1942,2017-06-12,1510,41766,0885,1,5,7,1942,0,0,0,H,0,8A95W2,OLYMPIC BL,SELBY AV,0,NA,Y,A,-,N,NA,NA,NA,NA,NA,NA,NA,NA,NA,Y,4,0,2,2,A,-,09,21801,A,N,A,C,A,A,H,-,A,D,0,NA,NA,NA,NA,Y,NA,A,07,0,0,2,0,0,0,0,0,0,-,-,NA,NA,LOS ANGELES,LOS ANGELES,-118.42909011,34.04548001
8440829,2017,2017-09-13,1970,2017-05-10,1746,212,1970,3,5,4,1970,0,0,0,NA,0,NA,FREMONT AV,ROLLIN ST,0,NA,Y,A,-,N,NA,NA,NA,NA,NA,NA,NA,NA,NA,N,4,0,1,2,D,-,00,NA,NA,N,G,B,B,A,H,-,B,A,0,Y,NA,NA,NA,Y,NA,-,-,0,0,1,0,1,0,0,0,0,-,-,NA,NA,LOS ANGELES,SOUTH PASADENA,-118.15318001,34.10889006
8440830,2017,2017-09-12,1900,2017-06-25,2315,525033,0245,7,5,3,1914,0,0,0,NA,0,27T,TELEGRAPH RD,GASPAR AV,702,W,N,A,-,N,NA,NA,NA,NA,NA,NA,NA,NA,NA,Y,4,0,1,1,A,-,08,22107,NA,N,E,I,A,A,H,-,C,D,0,NA,NA,NA,NA,Y,NA,A,01,0,0,1,0,0,0,0,0,0,-,-,NA,NA,LOS ANGELES,COMMERCE,-118.15261796,34.00446572
8440831,2017,2017-09-12,1942,2017-06-21,0510,41600,1325,3,5,7,1942,0,0,0,M,0,13A93,CENTRAL AV,ADAMS BL,10,S,N,A,-,N,NA,NA,NA,NA,NA,NA,NA,NA,NA,Y,4,0,1,2,D,-,00,NA,NA,F,B,E,-,A,H,-,B,A,0,Y,NA,NA,NA,Y,NA,-,-,0,0,1,0,1,0,0,0,0,-,-,NA,NA,LOS ANGELES,LOS ANGELES,-118.25495127,34.01874423
8440834,2017,2017-09-20,1900,2017-06-29,0745,610405,0245,4,5,3,1914,0,0,0,NA,0,27T,GARFIELD AV,FERGUSON DR,0,NA,Y,A,-,N,NA,NA,NA,NA,NA,NA,NA,NA,NA,Y,4,0,2,2,A,-,12,22450,NA,N,A,C,A,A,H,-,A,B,0,NA,NA,NA,NA,Y,NA,A,07,0,0,2,0,0,0,0,0,0,-,-,NA,NA,LOS ANGELES,COMMERCE,-118.13137002,34.0083701
8440835,2017,2017-09-12,1942,2017-06-24,1430,36023,1303,6,5,7,1942,0,0,0,M,0,24T51,MAPLE ST,9TH ST,150,S,N,A,-,N,NA,NA,NA,NA,NA,NA,NA,NA,NA,N,3,0,2,3,A,-,08,22107,NA,N,D,G,-,A,H,-,A,D,0,Y,Y,NA,NA,Y,NA,A,01,0,2,0,0,1,0,1,0,0,-,-,NA,NA,LOS ANGELES,LOS ANGELES,-118.25305883,34.03920057
8440838,2017,2017-09-12,1900,2017-06-29,1530,616135,0245,4,5,3,1914,0,0,0,NA,0,27T,TELEGRAPH RD,GARFIELD AV,500,E,N,A,-,N,NA,NA,NA,NA,NA,NA,NA,NA,NA,Y,4,0,1,2,A,-,08,22107,NA,N,A,C,A,A,-,-,-,A,0,NA,NA,NA,NA,Y,NA,A,01,0,0,1,0,0,0,0,0,0,-,-,NA,NA,LOS ANGELES,COMMERCE,-118.1359383,33.98703887
8440842,2017,2017-09-12,1900,2017-06-29,1841,616135,0245,4,5,3,1914,0,0,0,NA,0,27T,GARFIELD AV,FLOTILLA ST,420,NA,N,A,-,N,NA,NA,NA,NA,NA,NA,NA,NA,NA,Y,4,0,1,4,A,-,03,22350,NA,N,C,C,A,A,H,-,A,D,0,NA,NA,NA,NA,Y,NA,A,01,0,0,1,0,0,0,0,0,0,-,-,NA,NA,LOS ANGELES,COMMERCE,-118.1314201,34.00573001
8440846,2017,2017-09-12,1900,2017-06-29,1635,274557,0246,4,5,3,1914,0,0,0,NA,0,27H1,MALT AV,SLAUSON AV,116,S,N,A,-,N,NA,NA,NA,NA,NA,NA,NA,NA,NA,Y,3,0,1,2,A,-,08,22107,NA,N,D,C,A,A,H,-,A,-,0,NA,NA,Y,NA,Y,NA,A,01,0,1,0,0,0,0,0,0,1,-,-,NA,NA,LOS ANGELES,COMMERCE,-118.14589821,33.98334445
8440847,2017,2017-09-12,1942,2017-06-16,0510,42730,1964,5,5,7,1942,0,0,0,NA,0,19A61,NORDHOFF ST,VAN NUYS BL,0,NA,Y,A,-,N,NA,NA,NA,NA,NA,NA,NA,NA,NA,Y,4,0,1,2,A,-,09,21801,A,N,D,C,A,A,H,-,A,A,0,NA,NA,NA,NA,Y,NA,A,01,0,0,1,0,0,0,0,0,0,-,-,NA,NA,LOS ANGELES,LOS ANGELES,-118.45025009,34.2354101
8440850,2017,2017-09-12,1900,2017-06-26,1658,611429,0262,1,5,4,1917,0,0,0,NA,0,26T,WILCOX AV,ELIZABETH ST,95,N,N,A,-,N,NA,NA,NA,NA,NA,NA,NA,NA,NA,N,3,0,2,3,A,-,05,21650,NA,N,D,G,A,A,H,-,A,D,0,NA,Y,NA,NA,Y,NA,L,04,0,2,0,0,0,0,2,0,0,-,-,NA,NA,LOS ANGELES,CUDAHY,-118.17889756,33.9626981
8440851,2017,2017-09-12,1942,2017-06-26,0400,41151,4216,1,5,7,1942,0,0,0,NA,0,16A11,GAVINA AV,CANDLEWOOD DR,10,S,N,A,-,N,NA,NA,NA,NA,NA,NA,NA,NA,NA,Y,4,0,1,3,A,-,03,22350,NA,N,A,C,A,A,H,-,A,D,0,NA,NA,NA,NA,Y,NA,A,01,0,0,1,0,0,0,0,0,0,-,-,NA,NA,LOS ANGELES,LOS ANGELES,-118.41047711,34.32357726
8440854,2017,2017-09-12,1900,2017-06-29,1720,616135,0241,4,5,3,1914,0,0,0,NA,0,27T,TELEGRAPH RD,FRASER AV,12,E,N,A,-,N,NA,NA,NA,NA,NA,NA,NA,NA,NA,Y,4,0,1,2,A,-,08,22107,NA,N,F,C,A,A,H,-,A,-,0,NA,NA,NA,NA,Y,NA,A,01,0,0,1,0,0,0,0,0,0,-,-,NA,NA,LOS ANGELES,COMMERCE,-118.16421534,34.0130342
8440855,2017,2017-09-12,1942,2017-06-22,1850,37636,NA,4,5,7,1942,0,0,0,NA,0,2A76,SUNSET AV,GOLDEN GATE AV,0,NA,Y,A,-,N,NA,NA,NA,NA,NA,NA,NA,NA,NA,N,4,0,1,2,A,-,07,21658,A,N,B,G,A,A,H,-,A,D,0,NA,Y,NA,NA,Y,NA,A,01,0,0,1,0,0,0,0,0,0,-,-,NA,NA,LOS ANGELES,LOS ANGELES,-118.2764101,34.08872001
8440858,2017,2017-09-12,1900,2017-06-05,2043,615114,2112,1,5,5,1943,0,0,0,NA,0,212T3,LONG BEACH BL,STATE ST,0,NA,Y,A,-,N,NA,NA,NA,NA,NA,NA,NA,NA,NA,Y,4,0,2,3,D,-,00,NA,NA,N,C,C,A,A,H,-,C,A,0,NA,NA,NA,NA,Y,NA,-,-,0,0,2,0,0,0,0,0,0,-,-,NA,NA,LOS ANGELES,LYNWOOD,-118.21457003,33.94019004
8440859,2017,2017-09-12,1942,2017-06-23,1735,35330,1413,5,5,7,1942,0,0,0,N,0,14A13,4TH AV,BROADWAY,8,N,N,A,-,N,NA,NA,NA,NA,NA,NA,NA,NA,NA,N,4,0,1,2,A,-,03,22350,NA,N,G,B,-,A,H,-,A,A,0,Y,NA,NA,NA,Y,NA,A,07,0,0,1,0,1,0,0,0,0,-,-,NA,NA,LOS ANGELES,LOS ANGELES,-118.47129424,33.99305846
8440862,2017,2017-09-12,1900,2017-06-21,1745,535052,2823,3,5,5,1915,0,0,0,NA,0,283T1,SHORT AV,ARLINGTON ST,0,NA,Y,A,-,N,NA,NA,NA,NA,NA,NA,NA,NA,NA,NA,3,0,1,2,D,-,00,NA,NA,F,D,G,A,A,H,-,A,A,0,NA,Y,NA,NA,Y,NA,-,-,0,1,0,0,0,0,1,0,0,-,-,NA,NA,LOS ANGELES,COMPTON,-118.21145002,33.90993004