CASE_ID,ACCIDENT_YEAR,PROC_DATE,JURIS,COLLISION_DATE,COLLISION_TIME,OFFICER_ID,REPORTING_DISTRICT,DAY_OF_WEEK,CHP_SHIFT,POPULATION,CNTY_CITY_LOC,SPECIAL_COND,BEAT_TYPE,CHP_BEAT_TYPE,CITY_DIVISION_LAPD,CHP_BEAT_CLASS,BEAT_NUMBER,PRIMARY_RD,SECONDARY_RD,DISTANCE,DIRECTION,INTERSECTION,WEATHER_1,WEATHER_2,STATE_HWY_IND,CALTRANS_COUNTY,CALTRANS_DISTRICT,STATE_ROUTE,ROUTE_SUFFIX,POSTMILE_PREFIX,POSTMILE,LOCATION_TYPE,RAMP_INTERSECTION,SIDE_OF_HWY,TOW_AWAY,COLLISION_SEVERITY,NUMBER_KILLED,NUMBER_INJURED,PARTY_COUNT,PRIMARY_COLL_FACTOR,PCF_CODE_OF_VIOL,PCF_VIOL_CATEGORY,PCF_VIOLATION,PCF_VIOL_SUBSECTION,HIT_AND_RUN,TYPE_OF_COLLISION,MVIW,PED_ACTION,ROAD_SURFACE,ROAD_COND_1,ROAD_COND_2,LIGHTING,CONTROL_DEVICE,CHP_ROAD_TYPE,PEDESTRIAN_ACCIDENT,BICYCLE_ACCIDENT,MOTORCYCLE_ACCIDENT,TRUCK_ACCIDENT,NOT_PRIVATE_PROPERTY,ALCOHOL_INVOLVED,STWD_VEHTYPE_AT_FAULT,CHP_VEHTYPE_AT_FAULT,COUNT_SEVERE_INJ,COUNT_VISIBLE_INJ,COUNT_COMPLAINT_PAIN,COUNT_PED_KILLED,COUNT_PED_INJURED,COUNT_BICYCLIST_KILLED,COUNT_BICYCLIST_INJURED,COUNT_MC_KILLED,COUNT_MC_INJURED,PRIMARY_RAMP,SECONDARY_RAMP,LATITUDE,LONGITUDE,COUNTY,CITY,POINT_X,POINT_Y
8442782,2017,2017-08-31,1923,2017-08-18,1420,518,NA,5,5,3,1923,0,0,0,NA,0,3L3D,EL SEGUNDO BL,ISIS AV,48,W,N,A,-,N,NA,NA,NA,NA,NA,NA,NA,NA,NA,Y,3,0,1,2,A,-,01,23152,A,N,C,C,A,A,H,-,A,D,0,NA,NA,NA,NA,Y,Y,A,01,0,1,0,0,0,0,0,0,0,-,-,33.91636,-118.37437,LOS ANGELES,EL SEGUNDO,-118.37438,33.91656
8442904,2017,2017-09-06,1900,2017-07-27,0555,546182,1134,4,5,6,1992,0,0,0,NA,0,112T2,AVENUE M,SIERRA HWY,60,E,N,A,-,N,NA,NA,NA,NA,NA,NA,NA,NA,NA,N,4,0,1,2,A,-,03,22350,NA,N,C,C,A,A,H,-,A,A,0,NA,NA,NA,NA,Y,NA,A,01,0,0,1,0,0,0,0,0,0,-,-,NA,NA,LOS ANGELES,LANCASTER,-118.12805093,34.64586
8442905,2017,2017-09-01,1900,2017-06-25,1225,517780,2834,7,5,5,1915,0,0,0,NA,0,282T1,WILMINGTON BL,MANVILLE ST,106,N,N,A,-,N,NA,NA,NA,NA,NA,NA,NA,NA,NA,Y,2,0,1,1,A,-,08,22107,NA,N,D,J,A,A,H,-,A,D,0,NA,NA,NA,NA,Y,NA,A,01,1,0,0,0,0,0,0,0,0,-,-,NA,NA,LOS ANGELES,COMPTON,-118.23583073,33.87009019
8442908,2017,2017-09-06,1900,2017-07-27,0731,546182,1127,4,5,6,1992,0,0,0,NA,0,112T2,AVENUE J-8,20TH ST WEST,275,W,N,A,-,N,NA,NA,NA,NA,NA,NA,NA,NA,NA,Y,3,0,2,2,A,-,09,21801,A,N,D,C,A,A,H,-,A,D,0,NA,NA,NA,NA,Y,NA,A,01,0,2,0,0,0,0,0,0,0,-,-,NA,NA,LOS ANGELES,LANCASTER,-118.16660283,34.68221
8442912,2017,2017-09-06,1900,2017-07-29,0935,546182,1137,6,5,6,1992,0,0,0,NA,0,112T2,20TH ST EAST,AVENUE K,10,N,N,A,-,N,NA,NA,NA,NA,NA,NA,NA,NA,NA,N,3,0,1,2,A,-,10,21950,A,N,G,B,B,A,H,-,A,A,0,Y,NA,NA,NA,Y,NA,A,01,0,1,0,0,1,0,0,0,0,-,-,NA,NA,LOS ANGELES,LANCASTER,-118.09490962,34.67531742
8442913,2017,2017-09-01,1942,2017-06-22,2235,25495,0859,4,5,7,1942,0,0,0,H,0,7T23,PICO BL,BEDFORD ST,75,E,N,A,-,N,NA,NA,NA,NA,NA,NA,NA,NA,NA,N,4,0,3,3,A,-,03,22350,NA,N,C,C,A,A,H,-,C,D,0,NA,NA,NA,NA,Y,NA,A,01,0,0,3,0,0,0,0,0,0,-,-,NA,NA,LOS ANGELES,LOS ANGELES,-118.38033897,34.05413452
8442916,2017,2017-09-06,1975,2017-07-31,1503,680,NA,1,5,6,1975,0,0,0,NA,0,004,GLENDORA AV,WALNUT CREEK PKWY,0,NA,Y,A,-,N,NA,NA,NA,NA,NA,NA,NA,NA,NA,Y,4,0,1,2,A,-,12,22450,A,N,D,C,A,A,H,-,A,D,0,NA,NA,NA,NA,Y,NA,-,NA,0,0,1,0,0,0,0,0,0,-,-,NA,NA,LOS ANGELES,WEST COVINA,-117.92470008,34.06797011
8442920,2017,2018-06-12,1975,2017-07-28,1804,314,NA,5,5,6,1975,0,0,0,NA,0,002,GRAND AV,RT 10,100,S,N,A,-,Y,LA,7,10,-,-,38.523,R,4,W,N,4,0,2,3,A,-,03,22350,NA,N,C,C,A,A,D,-,A,A,0,NA,NA,NA,NA,Y,NA,-,NA,0,0,2,0,0,0,0,0,0,-,WO,NA,NA,LOS ANGELES,WEST COVINA,-117.87231301,34.07188288
8442924,2017,2017-09-06,1975,2017-07-28,1611,314,NA,5,5,6,1975,0,0,0,NA,0,004,LARK ELLEN AV,VINE AV,0,NA,Y,A,-,N,NA,NA,NA,NA,NA,NA,NA,NA,NA,Y,4,0,1,2,A,-,12,22450,A,N,D,C,A,A,H,-,A,A,0,NA,NA,NA,NA,Y,NA,-,NA,0,0,1,0,0,0,0,0,0,-,-,NA,NA,LOS ANGELES,WEST COVINA,-117.91674013,34.05753001
8442928,2017,2017-09-06,1975,2017-07-27,1235,682,NA,4,5,6,1975,0,0,0,NA,0,005,AMAR RD,LEANNA DR,20,S,N,A,-,N,NA,NA,NA,NA,NA,NA,NA,NA,NA,NA,4,0,1,2,A,-,09,21802,A,N,D,C,A,A,H,-,A,A,0,NA,NA,NA,NA,Y,NA,-,NA,0,0,1,0,0,0,0,0,0,-,-,NA,NA,LOS ANGELES,WEST COVINA,-117.90072448,34.02668888
8442932,2017,2017-09-06,1975,2017-07-25,1742,446,NA,2,5,6,1975,0,0,0,NA,0,006,NOGALES ST,SHADOW OAK DR,0,NA,Y,A,-,N,NA,NA,NA,NA,NA,NA,NA,NA,NA,Y,3,0,2,2,A,-,12,21453,A,N,B,C,A,A,H,-,A,A,0,NA,NA,NA,NA,Y,NA,-,NA,0,1,1,0,0,0,0,0,0,-,-,NA,NA,LOS ANGELES,WEST COVINA,-117.89036013,34.02034006
8442936,2017,2017-09-06,1975,2017-07-19,1700,446,NA,3,5,6,1975,0,0,0,NA,0,001,VINCENT AV,ROWLAND AV,0,NA,Y,A,-,N,NA,NA,NA,NA,NA,NA,NA,NA,NA,Y,4,0,3,4,A,-,12,21453,A,N,B,C,A,A,H,-,A,A,0,NA,NA,NA,NA,Y,NA,-,NA,0,0,3,0,0,0,0,0,0,-,-,NA,NA,LOS ANGELES,WEST COVINA,-117.92603012,34.07912003
8442940,2017,2017-09-06,1975,2017-07-18,1753,390,NA,2,5,6,1975,0,0,0,NA,0,006,LA PUENTE RD,FORECASTLE AV,0,NA,Y,A,-,N,NA,NA,NA,NA,NA,NA,NA,NA,NA,Y,4,0,1,2,A,-,09,21801,NA,N,D,C,A,A,H,-,A,A,0,NA,NA,NA,NA,Y,NA,-,NA,0,0,1,0,0,0,0,0,0,-,-,NA,NA,LOS ANGELES,WEST COVINA,-117.87593013,34.01340004
8442944,2017,2017-09-06,1975,2017-07-17,2126,426,NA,1,5,6,1975,0,0,0,NA,0,004,LAKE ELLEN AV,VINE AV,0,NA,Y,A,-,N,NA,NA,NA,NA,NA,NA,NA,NA,NA,N,4,0,1,2,A,-,12,22450,A,N,D,C,A,A,H,-,C,A,0,NA,NA,NA,NA,Y,NA,A,01,0,0,1,0,0,0,0,0,0,-,-,NA,NA,LOS ANGELES,WEST COVINA,-117.91674013,34.05753001
8442956,2017,2017-09-06,1942,2017-07-19,1159,42700,0827,3,5,7,1942,0,0,0,H,0,8A12,BEVERLY CT,SUNSET BL,2,S,N,A,-,N,NA,NA,NA,NA,NA,NA,NA,NA,NA,N,4,0,1,2,A,-,10,21950,A,N,G,B,B,A,H,-,A,A,0,Y,NA,NA,NA,Y,NA,A,01,0,0,1,0,1,0,0,0,0,-,-,NA,NA,LOS ANGELES,LOS ANGELES,-118.47072685,34.06452518
8442960,2017,2017-09-06,1942,2017-07-23,1320,42515,0829,7,5,7,1942,0,0,0,H,0,8A53,WILSHIRE BL,HOLMBY AV,0,NA,Y,A,-,N,NA,NA,NA,NA,NA,NA,NA,NA,NA,Y,3,0,2,2,A,-,09,21802,A,N,B,C,A,A,H,-,A,B,0,NA,NA,NA,NA,Y,NA,A,01,0,1,1,0,0,0,0,0,0,-,-,NA,NA,LOS ANGELES,LOS ANGELES,-118.43007013,34.06631001
8442964,2017,2017-09-15,1942,2017-07-28,1723,42287,758,5,5,7,1942,0,0,0,NA,0,7X58,WILSHIRE BL,MURFIELD RD,20,W,N,A,-,N,NA,NA,NA,NA,NA,NA,NA,NA,NA,Y,3,0,3,3,A,-,03,22350,NA,N,D,C,A,A,H,-,A,D,0,NA,NA,NA,Y,Y,NA,A,01,0,2,1,0,0,0,0,0,0,-,-,NA,NA,LOS ANGELES,LOS ANGELES,-118.32949589,34.06195118
8442968,2017,2017-09-12,1942,2017-07-25,0753,42587,0784,2,5,7,1942,0,0,0,G,0,7A85,WASHINGTON BL,RIMPAU BL,0,NA,Y,B,-,N,NA,NA,NA,NA,NA,NA,NA,NA,NA,N,4,0,1,2,A,-,21,22106,NA,N,C,C,A,A,H,-,A,A,0,NA,NA,NA,NA,Y,NA,-,-,0,0,1,0,0,0,0,0,0,-,-,NA,NA,LOS ANGELES,LOS ANGELES,-118.34350001,34.03982008
8442972,2017,2017-09-12,1942,2017-07-03,1700,34393,0783,1,5,7,1942,0,0,0,G,0,7A17W2,WASHINGTON BL,CURSON AV,0,NA,Y,A,-,N,NA,NA,NA,NA,NA,NA,NA,NA,NA,N,3,0,1,4,A,-,07,21658,A,N,D,C,A,A,H,-,A,A,0,NA,NA,NA,NA,Y,NA,A,07,0,1,0,0,0,0,0,0,0,-,-,NA,NA,LOS ANGELES,LOS ANGELES,-118.36456007,34.0369301
8442979,2017,2018-06-19,1942,2017-07-20,1255,41179,0861,4,5,7,1942,0,0,0,H,0,8TL26,PACIFIC COAST HWY,SUNSET BL,2500,S,N,A,-,Y,LA,7,1,-,-,38.86,H,-,N,Y,4,0,1,2,A,-,03,22350,NA,N,C,C,A,A,H,-,A,D,0,NA,NA,NA,NA,Y,NA,D,22,0,0,1,0,0,0,0,0,0,-,-,NA,NA,LOS ANGELES,LOS ANGELES,-118.54787752,34.03945238
8442992,2017,2017-09-08,1942,2017-07-03,1930,42675,0727,1,5,7,1942,0,0,0,G,0,7A17,BEVERLY BL,HIGHLAND,8,W,N,A,-,N,NA,NA,NA,NA,NA,NA,NA,NA,NA,N,2,0,1,2,D,-,00,NA,NA,N,G,B,B,A,H,-,A,A,0,Y,NA,NA,NA,Y,NA,-,-,1,0,0,0,1,0,0,0,0,-,-,NA,NA,LOS ANGELES,LOS ANGELES,-118.33867636,34.07618962
8442999,2017,2017-09-06,1942,2017-08-02,2320,37550,0892,3,5,7,1942,0,0,0,H,0,6T7,PICO BL,BARRINGTON AV,0,NA,Y,A,-,N,NA,NA,NA,NA,NA,NA,NA,NA,NA,Y,3,0,2,2,A,-,12,21453,A,N,D,C,A,A,H,-,C,A,0,NA,NA,NA,NA,Y,NA,D,22,0,2,0,0,0,0,0,0,0,-,-,NA,NA,LOS ANGELES,LOS ANGELES,-118.44571011,34.03161011
8443002,2017,2017-09-21,1900,2017-08-22,1938,60246E,1135,2,5,6,1992,0,0,0,NA,0,11272,AVENUE 1,15TH ST EAST,0,NA,Y,A,-,N,NA,NA,NA,NA,NA,NA,NA,NA,NA,Y,4,0,1,2,A,-,09,21801,A,N,-,C,A,A,H,-,A,A,0,NA,NA,NA,NA,Y,NA,D,22,0,0,1,0,0,0,0,0,0,-,-,NA,NA,LOS ANGELES,LANCASTER,-118.1037101,34.7042201
8443003,2017,2017-09-12,1942,2017-07-24,0930,33191,809,1,5,7,1942,0,0,0,NA,0,8TL35,COLDWATER CANYON AV,MULHOLLAND DR,0,NA,N,A,-,N,NA,NA,NA,NA,NA,NA,NA,NA,NA,Y,4,0,1,2,A,-,09,21804,A,N,H,I,A,A,H,-,A,A,0,NA,NA,Y,NA,Y,NA,D,22,0,0,1,0,0,0,0,0,1,-,-,NA,NA,LOS ANGELES,LOS ANGELES,-118.40679002,34.12857002
8443006,2017,2017-09-06,1900,2017-08-22,0945,484625,1135,2,5,6,1992,0,0,0,NA,0,111T1D,LANCASTER BL,25TH ST E,0,NA,Y,A,-,N,NA,NA,NA,NA,NA,NA,NA,NA,NA,Y,4,0,1,2,A,-,09,21802,A,N,D,C,A,A,H,-,A,A,0,NA,NA,NA,NA,Y,NA,D,22,0,0,1,0,0,0,0,0,0,-,-,NA,NA,LOS ANGELES,LANCASTER,-118.08588002,34.69701011
8443007,2017,2017-09-08,1942,2017-07-28,1545,37966,2071,5,5,7,1942,0,0,0,NA,0,6TL4,MANHATTAN PL,PICO BL,0,NA,Y,A,-,N,NA,NA,NA,NA,NA,NA,NA,NA,NA,Y,4,0,2,2,A,-,09,21802,A,N,D,C,A,A,H,-,A,A,0,NA,NA,NA,Y,Y,NA,A,01,0,0,2,0,0,0,0,0,0,-,-,NA,NA,LOS ANGELES,LOS ANGELES,-118.31016004,34.04720002
8443010,2017,2017-09-06,1900,2017-08-22,1305,510509,1127,2,5,6,1992,0,0,0,NA,0,111T4,30TH ST W,AVENUE J-12,594,S,N,A,-,N,NA,NA,NA,NA,NA,NA,NA,NA,NA,Y,3,0,1,2,A,-,09,21804,A,N,B,C,A,A,H,-,A,D,0,NA,NA,NA,NA,Y,NA,D,22,0,1,0,0,0,0,0,0,0,-,-,NA,NA,LOS ANGELES,LANCASTER,-118.18362876,34.6768715
8443015,2017,2017-09-06,1942,2017-08-26,0805,34959,0885,6,5,7,1942,0,0,0,H,0,20T59,OVERLAND AV,EXPOSITION BL,11,S,N,A,-,N,NA,NA,NA,NA,NA,NA,NA,NA,NA,Y,3,0,2,2,A,-,08,22102,NA,N,D,C,A,A,H,-,A,D,0,NA,NA,NA,NA,Y,NA,D,22,0,1,1,0,0,0,0,0,0,-,-,NA,NA,LOS ANGELES,LOS ANGELES,-118.42109054,34.03697455
8443019,2017,2017-09-11,1942,2017-07-24,1850,40157,0849,1,5,7,1942,0,0,0,H,0,7T23,LA CIENEGA BL,PACKARD ST,16,N,N,A,-,N,NA,NA,NA,NA,NA,NA,NA,NA,NA,Y,3,0,4,3,A,-,03,22350,NA,N,C,C,A,A,H,-,A,D,0,NA,NA,NA,Y,Y,NA,A,07,0,1,3,0,0,0,0,0,0,-,-,NA,NA,LOS ANGELES,LOS ANGELES,-118.3762,34.05511388
8443022,2017,2017-09-11,1975,2017-07-26,1610,992,CITRU,3,5,6,1975,0,0,0,NA,0,004,GLENDORA AV,E VINE AV,0,NA,Y,A,-,N,NA,NA,NA,NA,NA,NA,NA,NA,NA,Y,3,0,1,3,A,-,00,21453,NA,N,A,C,A,A,H,-,A,A,0,NA,NA,NA,NA,Y,NA,A,01,0,1,0,0,0,0,0,0,0,-,-,NA,NA,LOS ANGELES,WEST COVINA,-117.93591013,34.05789011
8443026,2017,2017-11-09,1975,2017-07-27,1243,353,NA,4,5,6,1975,0,0,0,NA,0,001,SAN BERNARDINO AV,AZUSA CANYON RD,0,NA,Y,A,-,N,NA,NA,NA,NA,NA,NA,NA,NA,NA,Y,4,0,1,2,A,-,12,21453,A,N,D,C,A,A,H,-,A,A,0,NA,NA,NA,NA,Y,NA,-,NA,0,0,1,0,0,0,0,0,0,-,-,NA,NA,LOS ANGELES,WEST COVINA,-117.94308007,34.09013011
8443027,2017,2017-09-06,1942,2017-08-19,1200,34959,0851,6,5,7,1942,0,0,0,H,0,20T59,BUNDY DR,IDAHO AV,260,S,N,A,-,N,NA,NA,NA,NA,NA,NA,NA,NA,NA,N,4,0,1,2,A,-,03,22350,NA,N,C,C,A,A,H,-,A,B,0,NA,NA,NA,NA,Y,NA,A,07,0,0,1,0,0,0,0,0,0,-,-,NA,NA,LOS ANGELES,LOS ANGELES,-118.46070902,34.03833176
8443039,2017,2017-09-12,1942,2017-06-14,1220,42672,0762,3,5,7,1942,0,0,0,G,0,7A85,LA CIENEGA,PICO BL,0,NA,Y,A,-,N,NA,NA,NA,NA,NA,NA,NA,NA,NA,N,4,0,1,2,A,-,08,22107,NA,N,C,C,A,A,H,-,A,A,0,NA,NA,NA,NA,Y,NA,A,01,0,0,1,0,0,0,0,0,0,-,-,NA,NA,LOS ANGELES,LOS ANGELES,-118.37617012,34.05334003
8443040,2017,2017-09-06,1976,2017-08-20,1138,421,NA,7,5,5,1976,0,0,0,NA,0,004,COLIMA RD,WHITTIER BL,300,N,N,A,-,N,NA,NA,NA,NA,NA,NA,NA,NA,NA,N,4,0,1,2,A,-,09,21804,A,N,B,C,A,A,H,-,A,D,0,NA,NA,NA,NA,Y,NA,D,22,0,0,1,0,0,0,0,0,0,-,-,NA,NA,LOS ANGELES,WHITTIER,-118.00615508,33.94947596
8443041,2017,2017-09-01,1942,2017-07-11,0800,37611,1162,2,5,7,1942,0,0,0,K,0,24T24,SUNSET BL,BATES AV,0,NA,Y,A,-,N,NA,NA,NA,NA,NA,NA,NA,NA,NA,N,4,0,1,2,A,-,09,21802,A,N,D,G,A,A,H,-,A,A,0,NA,Y,NA,NA,Y,NA,A,01,0,0,1,0,0,0,1,0,0,-,-,NA,NA,LOS ANGELES,LOS ANGELES,-118.28281011,34.09465009
8443042,2017,2017-09-01,1942,2017-07-06,2100,36814,1162,4,5,7,1942,0,0,0,K,0,24T34,SUNSET BL,FOUNTAIN AV,300,W,N,A,-,N,NA,NA,NA,NA,NA,NA,NA,NA,NA,N,3,0,1,2,A,-,09,21801,A,N,D,G,A,A,H,-,C,D,0,NA,Y,NA,NA,Y,NA,A,01,0,1,0,0,0,0,1,0,0,-,-,NA,NA,LOS ANGELES,LOS ANGELES,-118.28481451,34.09640561
8443045,2017,2017-09-01,1942,2017-07-10,1425,42465,LAPD,1,5,7,1942,0,0,0,NA,0,11A1,AVE 50,EL PASO DR,0,NA,Y,A,-,N,NA,NA,NA,NA,NA,NA,NA,NA,NA,Y,3,0,2,2,A,-,12,21453,A,N,F,C,A,A,H,-,A,A,0,NA,NA,NA,NA,Y,NA,A,07,0,2,0,0,0,0,0,0,0,-,-,NA,NA,LOS ANGELES,LOS ANGELES,-118.20796002,34.11309005
8443046,2017,2017-09-13,1942,2017-07-05,1605,37626,1141,3,5,7,1942,0,0,0,K,0,11X26,LOS FELIZ BL,CATALINA ST,13,E,N,A,-,N,NA,NA,NA,NA,NA,NA,NA,NA,NA,Y,4,0,3,2,A,-,04,21703,NA,N,C,C,A,A,H,-,A,D,0,NA,NA,NA,NA,Y,NA,-,-,0,0,3,0,0,0,0,0,0,-,-,NA,NA,LOS ANGELES,LOS ANGELES,-118.29544808,34.11041742
8443049,2017,2017-08-31,1942,2017-07-10,1435,40643,1123,1,5,7,1942,0,0,0,K,0,24TL57,LOS FELIZ,GLENFELIZ BL,90,E,N,A,-,N,NA,NA,NA,NA,NA,NA,NA,NA,NA,Y,3,0,2,3,A,-,08,22102,NA,N,D,C,A,A,H,-,A,A,0,NA,NA,NA,NA,Y,NA,A,01,0,1,1,0,0,0,0,0,0,-,-,NA,NA,LOS ANGELES,LOS ANGELES,-118.26819679,34.12367875
8443050,2017,2017-09-05,1942,2017-07-05,1200,35455,1151,3,5,7,1942,0,0,0,K,0,11A51,HOLLYWOOD BL,MARIPOSA AV,21,W,N,F,-,N,NA,NA,NA,NA,NA,NA,NA,NA,NA,N,4,0,1,2,A,-,09,21802,A,N,B,C,A,A,H,-,C,A,0,NA,NA,NA,NA,Y,NA,A,01,0,0,1,0,0,0,0,0,0,-,-,NA,NA,LOS ANGELES,LOS ANGELES,-118.29953922,34.10176898
8443052,2017,2017-09-01,1944,2017-08-01,2248,356,NA,2,5,4,1944,0,0,0,NA,0,NA,1ST ST,MEADOWS AV,60,E,N,A,-,N,NA,NA,NA,NA,NA,NA,NA,NA,NA,Y,3,0,2,3,A,-,01,23153,A,F,A,E,F,A,H,-,E,A,0,Y,NA,NA,NA,Y,Y,A,01,0,1,1,0,1,0,0,0,0,-,-,NA,NA,LOS ANGELES,MANHATTAN BEACH,-118.3915227,33.87932817
8443053,2017,2017-09-01,1942,2017-07-08,0330,38814,1162,6,5,7,1942,0,0,0,K,0,11A1,N VERMONT AV,SANTA MONICA BL,0,NA,Y,A,-,N,NA,NA,NA,NA,NA,NA,NA,NA,NA,N,3,0,1,2,A,-,09,21453,C,N,D,C,A,A,-,-,C,A,0,NA,NA,NA,NA,Y,NA,A,01,0,1,0,0,0,0,0,0,0,-,-,NA,NA,LOS ANGELES,LOS ANGELES,-118.29173008,34.0908701
8443054,2017,2017-09-01,1942,2017-07-04,1730,38171,1153,2,5,7,1942,0,0,0,K,0,24T54,LOS FELIZ BL,HOBART BL,15,W,N,A,-,N,NA,NA,NA,NA,NA,NA,NA,NA,NA,N,4,0,1,2,A,-,04,21703,NA,N,C,C,A,A,H,-,A,D,0,NA,NA,NA,NA,Y,NA,A,01,0,0,1,0,0,0,0,0,0,-,-,NA,NA,LOS ANGELES,LOS ANGELES,-118.30611823,34.10842088
8443057,2017,2017-08-31,1942,2017-07-07,1630,36072,1132,5,5,7,1942,0,0,0,K,0,11A37,LOS FELIZ,LOWRY RD,0,NA,Y,A,-,N,NA,NA,NA,NA,NA,NA,NA,NA,NA,Y,4,0,2,3,A,-,04,21703,NA,N,C,C,A,A,H,-,A,D,0,NA,NA,NA,NA,Y,NA,A,01,0,0,2,0,0,0,0,0,0,-,-,NA,NA,LOS ANGELES,LOS ANGELES,-118.27914011,34.11333003
8443058,2017,2017-09-01,1942,2017-07-04,1805,34426,1134,2,5,7,1942,0,0,0,K,0,24TL51,SAN FERNANDO RD,DELAY DR,180,N,N,A,-,N,NA,NA,NA,NA,NA,NA,NA,NA,NA,Y,4,0,1,1,A,-,08,22107,NA,N,E,J,A,A,H,-,A,D,0,NA,NA,NA,NA,Y,NA,A,01,0,0,1,0,0,0,0,0,0,-,-,NA,NA,LOS ANGELES,LOS ANGELES,-118.35131268,34.20759976
8443061,2017,2017-09-01,1942,2017-07-03,1955,39062,1138,1,5,7,1942,0,0,0,K,0,24T34,YORK BL,AVENUE 57,200,E,N,A,-,N,NA,NA,NA,NA,NA,NA,NA,NA,NA,N,3,0,1,2,A,-,10,21952,NA,N,G,B,F,A,H,-,B,D,0,Y,NA,NA,NA,Y,NA,A,01,0,1,0,0,1,0,0,0,0,-,-,NA,NA,LOS ANGELES,LOS ANGELES,-118.1930645,34.11875784
8443062,2017,2017-09-16,1942,2017-07-13,1710,41676,1109,4,5,7,1942,0,0,0,K,0,11A37,FIGUEROA,COLORADO,0,NA,N,A,-,N,NA,NA,NA,NA,NA,NA,NA,NA,NA,Y,4,0,1,2,A,-,12,21453,A,N,A,C,A,A,H,-,A,A,0,NA,NA,NA,NA,Y,NA,-,-,0,0,1,0,0,0,0,0,0,-,-,NA,NA,LOS ANGELES,LOS ANGELES,-118.18739012,34.1381301
8443065,2017,2017-09-01,1942,2017-07-03,1755,38171,1143,1,5,7,1942,0,0,0,K,0,24T55,GRIFFITH PARK BL,HYPERION AV,0,NA,Y,A,-,N,NA,NA,NA,NA,NA,NA,NA,NA,NA,N,4,0,1,2,A,-,10,21950,A,N,G,B,B,A,H,-,A,A,0,Y,NA,NA,NA,Y,NA,A,01,0,0,1,0,1,0,0,0,0,-,-,NA,NA,LOS ANGELES,LOS ANGELES,-118.27232005,34.10676007
8443066,2017,2017-09-01,1942,2017-07-13,1325,41629,1123,4,5,7,1942,0,0,0,K,0,24T22,LOS FELIZ,BRUNSWICK,60,E,N,A,-,N,NA,NA,NA,NA,NA,NA,NA,NA,NA,N,3,0,1,2,A,-,03,22350,NA,N,C,C,A,A,H,-,A,D,0,NA,NA,NA,NA,Y,NA,A,01,0,1,0,0,0,0,0,0,0,-,-,NA,NA,LOS ANGELES,LOS ANGELES,-118.26550043,34.12508479
8443069,2017,2017-08-31,1942,2017-07-03,0750,36238,1134,1,5,7,1942,0,0,0,K,0,24TL41,SAN FERNANDO RD,CAZADOR ST,0,NA,Y,A,-,N,NA,NA,NA,NA,NA,NA,NA,NA,NA,Y,3,0,2,2,A,-,09,21801,A,N,D,C,A,A,H,-,A,A,0,NA,NA,NA,NA,Y,NA,A,01,0,1,1,0,0,0,0,0,0,-,-,NA,NA,LOS ANGELES,LOS ANGELES,-118.23761012,34.10331007
8443070,2017,2017-09-01,1942,2017-07-12,1800,42657,RD112,3,5,7,1942,0,0,0,NA,0,11A26,NORTH FIGUEROA ST,SPRINGVALE DR,0,NA,N,A,-,N,NA,NA,NA,NA,NA,NA,NA,NA,NA,N,3,0,1,2,A,-,08,22107,NA,N,D,G,A,A,H,-,A,D,0,NA,Y,NA,NA,Y,NA,A,01,0,1,0,0,0,0,1,0,0,-,-,NA,NA,LOS ANGELES,LOS ANGELES,-118.18534004,34.12365
8443073,2017,2017-09-01,1942,2017-07-01,1430,42657,RD117,6,5,7,1942,0,0,0,NA,0,11A89,CYPRESS AV,LOOSMORE ST,0,NA,Y,A,-,N,NA,NA,NA,NA,NA,NA,NA,NA,NA,N,4,0,1,2,A,-,09,21801,A,N,D,C,A,A,H,-,A,D,0,NA,NA,NA,NA,Y,NA,A,01,0,0,1,0,0,0,0,0,0,-,-,NA,NA,LOS ANGELES,LOS ANGELES,-118.22596001,34.09394011
8443074,2017,2017-09-01,1942,2017-07-12,1935,36698,1152,3,5,7,1942,0,0,0,K,0,24T33W,CUMBERLAND AV,MYRA AV,0,NA,N,A,-,N,NA,NA,NA,NA,NA,NA,NA,NA,NA,N,4,0,1,2,A,-,12,22450,A,N,D,G,A,A,H,-,A,A,0,NA,Y,NA,NA,Y,NA,A,07,0,0,1,0,0,0,1,0,0,-,-,NA,NA,LOS ANGELES,LOS ANGELES,-118.28067013,34.09912009
8443077,2017,2017-09-01,1942,2017-07-03,2315,42220,1115,1,5,7,1942,0,0,0,K,0,11A17,COLORADO BL,HERMOSA AV,0,NA,Y,A,-,N,NA,NA,NA,NA,NA,NA,NA,NA,NA,Y,4,0,2,2,A,-,07,21658,A,N,C,E,A,A,H,-,C,A,0,NA,NA,NA,NA,Y,NA,A,01,0,0,2,0,0,0,0,0,0,-,-,NA,NA,LOS ANGELES,LOS ANGELES,-118.20744011,34.13937008
8443078,2017,2017-09-16,1942,2017-07-12,1130,40275,1179,3,5,7,1942,0,0,0,K,0,24TL24,AVE 37,PASADENA AV,3,E,N,A,-,N,NA,NA,NA,NA,NA,NA,NA,NA,NA,N,4,0,1,2,A,-,12,22450,NA,N,D,G,A,A,H,-,A,A,0,NA,Y,NA,NA,Y,NA,-,-,0,0,1,0,0,0,1,0,0,-,-,NA,NA,LOS ANGELES,LOS ANGELES,-118.21142192,34.08900526