CASE_ID,ACCIDENT_YEAR,PROC_DATE,JURIS,COLLISION_DATE,COLLISION_TIME,OFFICER_ID,REPORTING_DISTRICT,DAY_OF_WEEK,CHP_SHIFT,POPULATION,CNTY_CITY_LOC,SPECIAL_COND,BEAT_TYPE,CHP_BEAT_TYPE,CITY_DIVISION_LAPD,CHP_BEAT_CLASS,BEAT_NUMBER,PRIMARY_RD,SECONDARY_RD,DISTANCE,DIRECTION,INTERSECTION,WEATHER_1,WEATHER_2,STATE_HWY_IND,CALTRANS_COUNTY,CALTRANS_DISTRICT,STATE_ROUTE,ROUTE_SUFFIX,POSTMILE_PREFIX,POSTMILE,LOCATION_TYPE,RAMP_INTERSECTION,SIDE_OF_HWY,TOW_AWAY,COLLISION_SEVERITY,NUMBER_KILLED,NUMBER_INJURED,PARTY_COUNT,PRIMARY_COLL_FACTOR,PCF_CODE_OF_VIOL,PCF_VIOL_CATEGORY,PCF_VIOLATION,PCF_VIOL_SUBSECTION,HIT_AND_RUN,TYPE_OF_COLLISION,MVIW,PED_ACTION,ROAD_SURFACE,ROAD_COND_1,ROAD_COND_2,LIGHTING,CONTROL_DEVICE,CHP_ROAD_TYPE,PEDESTRIAN_ACCIDENT,BICYCLE_ACCIDENT,MOTORCYCLE_ACCIDENT,TRUCK_ACCIDENT,NOT_PRIVATE_PROPERTY,ALCOHOL_INVOLVED,STWD_VEHTYPE_AT_FAULT,CHP_VEHTYPE_AT_FAULT,COUNT_SEVERE_INJ,COUNT_VISIBLE_INJ,COUNT_COMPLAINT_PAIN,COUNT_PED_KILLED,COUNT_PED_INJURED,COUNT_BICYCLIST_KILLED,COUNT_BICYCLIST_INJURED,COUNT_MC_KILLED,COUNT_MC_INJURED,PRIMARY_RAMP,SECONDARY_RAMP,LATITUDE,LONGITUDE,COUNTY,CITY,POINT_X,POINT_Y
8443968,2017,2017-09-11,1948,2017-08-24,0800,374,1948,4,5,5,1948,0,0,0,NA,0,002,BALTIMORE AV,AVONDALE AV,0,NA,Y,B,-,N,NA,NA,NA,NA,NA,NA,NA,NA,NA,Y,3,0,4,2,A,-,09,21802,A,N,D,C,A,A,H,-,A,A,0,NA,NA,NA,NA,Y,NA,A,01,0,3,1,0,0,0,0,0,0,-,-,NA,NA,LOS ANGELES,MONTEREY PARK,-118.12443006,34.06372006
8443972,2017,2017-09-11,1948,2017-08-20,0532,374,1948,7,5,5,1948,0,0,0,NA,0,004,POTRERO GRANDE DR,SATURN ST,757,W,N,A,-,N,NA,NA,NA,NA,NA,NA,NA,NA,NA,Y,3,0,1,1,A,-,08,22107,NA,N,E,I,A,A,H,-,C,D,0,NA,NA,NA,NA,Y,Y,-,NA,0,1,0,0,0,0,0,0,0,-,-,NA,NA,LOS ANGELES,MONTEREY PARK,-118.11044756,34.03854406
8443976,2017,2017-09-11,1948,2017-08-17,2017,454,1948,4,5,5,1948,0,0,0,NA,0,001,WEST GARVEY AV,S FREMONT AV,170,E,N,A,-,N,NA,NA,NA,NA,NA,NA,NA,NA,NA,Y,3,0,1,2,A,-,09,21802,A,N,D,C,A,A,H,-,C,D,0,NA,NA,NA,NA,Y,NA,-,NA,0,1,0,0,0,0,0,0,0,-,-,NA,NA,LOS ANGELES,MONTEREY PARK,-118.14452374,34.05999791
8443980,2017,2017-09-22,1948,2017-08-18,1150,374,1948,5,5,5,1948,0,0,0,NA,0,004,E POMONA BL,WILCOX AV,0,NA,Y,A,-,N,NA,NA,NA,NA,NA,NA,NA,NA,NA,Y,4,0,2,2,A,-,12,21453,A,N,D,C,A,A,H,-,A,A,0,NA,NA,NA,NA,Y,NA,-,-,0,0,2,0,0,0,0,0,0,-,-,NA,NA,LOS ANGELES,MONTEREY PARK,-118.12507002,34.03361011
8443995,2017,2017-09-12,1948,2017-08-16,1621,383,NA,3,5,5,1948,0,0,0,NA,0,003,NEWMARK AV,ATLANTIC BL,700,E,N,A,-,N,NA,NA,NA,NA,NA,NA,NA,NA,NA,Y,3,0,1,3,A,-,08,22107,NA,N,B,C,A,A,H,-,A,D,0,NA,NA,NA,NA,Y,NA,-,NA,0,1,0,0,0,0,0,0,0,-,-,NA,NA,LOS ANGELES,MONTEREY PARK,-118.13131394,34.05976487
8444001,2017,2017-09-29,1942,2017-08-09,1600,42173,0332,3,5,7,1942,0,0,0,C,0,3A34,JEFFERSON BL,FARMDALE AV,0,W,N,A,-,N,NA,NA,NA,NA,NA,NA,NA,NA,NA,N,3,0,2,2,A,-,08,22107,NA,N,D,C,A,A,H,-,A,D,0,NA,NA,NA,NA,Y,NA,A,01,0,2,0,0,0,0,0,0,0,-,-,NA,NA,LOS ANGELES,LOS ANGELES,-118.34608011,34.02554005
8444005,2017,2017-09-29,1942,2017-08-14,1030,25904,0398,1,5,7,1942,0,0,0,C,0,25MQ14,HOOVER ST,41ST PL,50,N,N,A,-,N,NA,NA,NA,NA,NA,NA,NA,NA,NA,Y,4,0,1,4,A,-,07,21658,A,N,B,C,A,A,H,-,A,D,0,NA,NA,NA,NA,Y,NA,D,22,0,0,1,0,0,0,0,0,0,-,-,NA,NA,LOS ANGELES,LOS ANGELES,-118.28723726,34.00793711
8444009,2017,2017-09-29,1942,2017-08-26,1350,41536,0354,6,5,7,1942,0,0,0,C,0,25TL24,ARLINGTON AV,36TH ST,30,N,N,A,-,N,NA,NA,NA,NA,NA,NA,NA,NA,NA,Y,4,0,8,4,A,-,03,22350,NA,N,C,C,A,A,H,-,A,D,0,NA,NA,NA,NA,Y,NA,A,01,0,0,8,0,0,0,0,0,0,-,-,NA,NA,LOS ANGELES,LOS ANGELES,-118.317652,34.022915
8444013,2017,2017-09-18,1942,2017-07-17,0735,41439,0312,1,5,7,1942,0,0,0,C,0,3TL5,LA BREA AV,JEFFERSON BL,0,NA,Y,A,-,N,NA,NA,NA,NA,NA,NA,NA,NA,NA,N,4,0,1,2,A,-,03,22350,NA,N,C,C,A,A,H,-,A,A,0,NA,NA,NA,NA,Y,NA,D,22,0,0,1,0,0,0,0,0,0,-,-,NA,NA,LOS ANGELES,LOS ANGELES,-118.35487009,34.0255201
8444025,2017,2017-09-29,1942,2017-08-15,1200,41439,0373,2,5,7,1942,0,0,0,C,0,25TL25,CRENSHAW BL,MARTIN LUTHER KING BL,0,NA,Y,A,-,N,NA,NA,NA,NA,NA,NA,NA,NA,NA,N,4,0,1,2,A,-,09,21453,C,F,A,C,A,A,H,-,A,A,0,NA,NA,NA,NA,Y,NA,-,99,0,0,1,0,0,0,0,0,0,-,-,NA,NA,LOS ANGELES,LOS ANGELES,-118.33512001,34.01093004
8444029,2017,2017-09-15,1942,2017-06-27,1230,39960,0312,2,5,7,1942,0,0,0,C,0,3A73,LA BREA AV,ADAMS BL,20,S,N,A,-,N,NA,NA,NA,NA,NA,NA,NA,NA,NA,N,4,0,1,2,A,-,12,21453,A,N,B,C,A,A,H,-,A,D,0,NA,NA,NA,NA,Y,NA,-,NA,0,0,1,0,0,0,0,0,0,-,-,NA,NA,LOS ANGELES,LOS ANGELES,-118.35096052,34.03246139
8444046,2017,2017-09-28,1942,2017-08-28,1110,33599,0357,1,5,7,1942,0,0,0,C,0,25TL41,NORMANDIE,37TH ST,0,NA,Y,A,-,N,NA,NA,NA,NA,NA,NA,NA,NA,NA,N,4,0,1,2,A,-,09,21802,A,N,D,C,A,A,H,-,A,A,0,NA,NA,NA,NA,Y,NA,A,08,0,0,1,0,0,0,0,0,0,-,-,NA,NA,LOS ANGELES,LOS ANGELES,-118.30020001,34.02097009
8444049,2017,2017-09-29,1948,2017-08-09,1508,374,1948,3,5,5,1948,0,0,0,NA,0,003,S CHANDLER AV,WEST GARVEY AV,34,S,N,A,-,N,NA,NA,NA,NA,NA,NA,NA,NA,NA,N,4,0,1,2,A,-,03,22350,NA,N,C,C,A,A,H,-,A,D,0,NA,NA,NA,NA,Y,NA,D,22,0,0,1,0,0,0,0,0,0,-,-,NA,NA,LOS ANGELES,MONTEREY PARK,-118.13203929,34.06229677
8444170,2017,2017-09-11,1941,2017-08-05,2022,10777,NA,6,5,7,1941,0,0,0,NA,0,NA,EAST 6TH ST,PINE AV,0,NA,Y,A,-,N,NA,NA,NA,NA,NA,NA,NA,NA,NA,N,2,0,1,2,A,-,11,21456,B,N,G,B,B,A,H,-,C,D,0,Y,NA,NA,NA,Y,NA,N,NA,1,0,0,0,1,0,0,0,0,-,-,NA,NA,LOS ANGELES,LONG BEACH,-118.19237002,33.77414003
8444178,2017,2017-09-11,1941,2017-08-27,1614,11014,NA,7,5,7,1941,0,0,0,NA,0,NA,E 56TH ST,56TH ST 177,11,E,N,A,-,N,NA,NA,NA,NA,NA,NA,NA,NA,NA,N,3,0,1,2,A,-,11,21954,A,N,G,B,D,A,H,-,A,D,0,Y,NA,NA,NA,Y,NA,N,NA,0,1,0,0,1,0,0,0,0,-,-,NA,NA,LOS ANGELES,LONG BEACH,NA,NA
8444233,2017,2017-09-13,1941,2017-08-27,1701,10877,NA,7,5,7,1941,0,0,0,NA,0,NA,BROADWAY,BONITO AV,0,NA,Y,A,-,N,NA,NA,NA,NA,NA,NA,NA,NA,NA,Y,4,0,1,2,A,-,09,21801,A,N,B,C,A,A,H,-,A,D,0,NA,NA,NA,NA,Y,NA,A,NA,0,0,1,0,0,0,0,0,0,-,-,NA,NA,LOS ANGELES,LONG BEACH,-118.18042003,33.76893005
8444263,2017,2017-09-13,1962,2017-08-14,1257,128,1962,1,5,4,1962,0,0,0,NA,0,023,RAMONA ST,GRAND AV,555,N,N,A,-,N,NA,NA,NA,NA,NA,NA,NA,NA,NA,N,3,0,1,2,A,-,08,22107,NA,N,C,E,A,A,H,-,A,D,0,NA,NA,NA,NA,Y,NA,A,01,0,1,0,0,0,0,0,0,0,-,-,34.09165,-118.108,LOS ANGELES,SAN GABRIEL,-118.10796756,34.09313082
8444274,2017,2017-09-15,1942,2017-08-16,1800,41833,1015,3,5,7,1942,0,0,0,J,0,17X82,SHERMAN WY,ETIWANDA AV,0,NA,Y,A,-,N,NA,NA,NA,NA,NA,NA,NA,NA,NA,N,4,0,2,2,A,-,04,21703,NA,F,C,C,A,A,H,-,A,A,0,NA,NA,NA,NA,Y,NA,-,99,0,0,2,0,0,0,0,0,0,-,-,NA,NA,LOS ANGELES,LOS ANGELES,-118.53168012,34.20118004
8444280,2017,2017-10-02,1942,2017-08-17,2250,42806,1663,4,5,7,1942,0,0,0,P,0,16A77,ALLEGHENY ST,SAN FERNANDO,820,NA,N,A,-,N,NA,NA,NA,NA,NA,NA,NA,NA,NA,N,4,0,1,2,A,-,05,21752,NA,F,B,C,A,A,H,-,C,D,0,NA,NA,NA,NA,Y,NA,-,99,0,0,1,0,0,0,0,0,0,-,-,NA,NA,LOS ANGELES,LOS ANGELES,-118.39216,34.23782003
8444314,2017,2017-09-22,1976,2017-07-28,0018,397,NA,5,5,5,1976,0,0,0,NA,0,NA,BROADWAY,EL RANCHO DR,60,S,N,A,-,N,NA,NA,NA,NA,NA,NA,NA,NA,NA,Y,3,0,1,3,A,-,01,23152,A,M,D,E,A,A,H,-,C,A,0,NA,NA,NA,NA,Y,Y,A,01,0,1,0,0,0,0,0,0,0,-,-,NA,NA,LOS ANGELES,WHITTIER,-118.05663274,33.98589112
8444318,2017,2017-09-13,1976,2017-08-25,1806,448,WHITT,5,5,5,1976,0,0,0,NA,0,002,MAR VISTA ST,GREENLEAF AV,20,W,N,A,-,N,NA,NA,NA,NA,NA,NA,NA,NA,NA,Y,4,0,3,2,A,-,04,21703,NA,N,C,C,A,A,H,-,A,A,0,NA,NA,NA,NA,Y,NA,A,01,0,0,3,0,0,0,0,0,0,-,-,NA,NA,LOS ANGELES,WHITTIER,-118.03743582,33.97366
8444333,2017,2017-09-29,1942,2017-08-18,1800,41541,0358,5,5,7,1942,0,0,0,C,0,3A74,VERMONT AV,37TH PL,20,N,N,A,-,N,NA,NA,NA,NA,NA,NA,NA,NA,NA,N,3,0,1,3,A,-,07,21658,A,N,B,C,A,A,H,-,A,D,0,NA,NA,Y,NA,Y,NA,A,07,0,1,0,0,0,0,0,0,1,-,-,NA,NA,LOS ANGELES,LOS ANGELES,-118.29153,34.02003485
8444346,2017,2017-09-25,1933,2017-07-31,1720,874,10,1,5,6,1933,0,0,0,NA,0,001,PRAIRIE AV,GRACE AV,0,NA,Y,A,-,N,NA,NA,NA,NA,NA,NA,NA,NA,NA,N,3,0,1,2,A,-,10,21950,A,N,G,B,B,A,H,-,A,A,0,Y,NA,NA,NA,Y,NA,A,01,0,1,0,0,1,0,0,0,0,-,-,33.9686,-118.34396,LOS ANGELES,INGLEWOOD,-118.34396012,33.96853001
8444350,2017,2017-09-25,1933,2017-07-15,1309,828,09,6,5,6,1933,0,0,0,NA,0,001,MANCHESTER BL,EUCALYPTUS AV,100,W,N,A,-,N,NA,NA,NA,NA,NA,NA,NA,NA,NA,Y,4,0,1,3,A,-,03,22350,NA,F,C,C,A,A,H,-,A,A,0,NA,NA,NA,NA,Y,NA,-,99,0,0,1,0,0,0,0,0,0,-,-,33.96176,-118.35947,LOS ANGELES,INGLEWOOD,-118.35986915,33.961748
8444352,2017,2017-09-15,1931,2017-09-01,0654,5636,1931,5,5,5,1931,0,0,0,NA,0,004,STATE ST,BROADWAY ST,15,N,N,A,-,N,NA,NA,NA,NA,NA,NA,NA,NA,NA,Y,4,0,1,2,A,-,11,21456,B,N,B,B,-,A,H,-,A,A,0,Y,NA,Y,NA,Y,NA,N,60,0,0,1,0,1,0,0,0,0,-,-,NA,NA,LOS ANGELES,HUNTINGTON PARK,-118.21064489,33.96519091
8444353,2017,2017-09-13,1948,2017-06-08,0651,374,1948,4,5,5,1948,0,0,0,NA,0,004,SOUTH GARFIELD AV,CORAL VIEW D R,0,NA,Y,B,-,N,NA,NA,NA,NA,NA,NA,NA,NA,NA,Y,4,0,2,2,A,-,09,21802,A,N,D,C,A,A,H,-,A,A,0,NA,NA,NA,NA,Y,NA,A,01,0,0,2,0,0,0,0,0,0,-,-,NA,NA,LOS ANGELES,MONTEREY PARK,-118.12843,34.04437
8444354,2017,2017-09-25,1933,2017-07-16,0220,1012,NA,7,5,6,1933,0,0,0,NA,0,001,PRAIRIE AV,MANCHESTER BL,5,N,N,A,-,N,NA,NA,NA,NA,NA,NA,NA,NA,NA,Y,4,0,2,3,A,-,03,22350,NA,N,C,C,A,A,H,-,C,A,0,NA,NA,NA,NA,Y,NA,A,01,0,0,2,0,0,0,0,0,0,-,-,33.95986,-118.34388,LOS ANGELES,INGLEWOOD,-118.34396,33.95985371
8444356,2017,2017-09-15,1942,2017-09-01,1910,40353,1767,5,5,7,1942,0,0,0,Q,0,15T45,RESEDA BL,PLUMMER ST,0,NA,Y,A,-,N,NA,NA,NA,NA,NA,NA,NA,NA,NA,Y,3,0,3,3,A,-,01,23152,A,N,D,C,A,A,H,-,A,A,0,NA,NA,NA,NA,Y,Y,A,07,0,1,2,0,0,0,0,0,0,-,-,NA,NA,LOS ANGELES,LOS ANGELES,-118.53608012,34.24274003
8444357,2017,2017-09-13,1948,2017-06-09,0734,374,1948,5,5,5,1948,0,0,0,NA,0,004,CECILIA AV,GRAVES AV,33,S,N,A,-,N,NA,NA,NA,NA,NA,NA,NA,NA,NA,N,3,0,1,2,A,-,05,21650,1,M,D,G,A,A,H,-,A,D,0,NA,Y,NA,NA,Y,NA,L,04,0,1,0,0,0,0,1,0,0,-,-,NA,NA,LOS ANGELES,MONTEREY PARK,-118.12384393,34.05514957
8444358,2017,2017-09-25,1933,2017-07-05,0046,941,I23,3,5,6,1933,0,0,0,NA,0,002,ARBOR VITAE ST,KENWOOD ST,0,NA,Y,A,-,N,NA,NA,NA,NA,NA,NA,NA,NA,NA,Y,4,0,1,3,A,-,03,22350,NA,N,C,E,A,A,H,-,C,D,0,NA,NA,NA,NA,Y,NA,A,08,0,0,1,0,0,0,0,0,0,-,-,33.95276,-118.36677,LOS ANGELES,INGLEWOOD,-118.36683013,33.95270008
8444361,2017,2017-09-13,1948,2017-06-10,2032,453,1948,6,5,5,1948,0,0,0,NA,0,002,GARVEY AV,RUSSELL AV,26,W,N,A,-,N,NA,NA,NA,NA,NA,NA,NA,NA,NA,Y,4,0,2,2,A,-,09,21804,A,N,D,C,A,A,H,-,C,D,0,NA,NA,NA,NA,Y,NA,-,NA,0,0,2,0,0,0,0,0,0,-,-,NA,NA,LOS ANGELES,MONTEREY PARK,-118.12015562,34.06256772
8444365,2017,2017-09-13,1948,2017-06-02,1427,420,1948,5,5,5,1948,0,0,0,NA,0,002,GARFIELD AV,EMERSON AV,0,NA,Y,A,-,N,NA,NA,NA,NA,NA,NA,NA,NA,NA,Y,3,0,2,2,A,-,12,21453,A,N,D,C,A,A,H,-,A,A,0,NA,NA,NA,NA,Y,NA,-,NA,0,1,1,0,0,0,0,0,0,-,-,NA,NA,LOS ANGELES,MONTEREY PARK,-118.12288009,34.06613001
8444369,2017,2017-09-13,1948,2017-06-13,1926,368,1948,2,5,5,1948,0,0,0,NA,0,001,ATLANTIC BL,BRIGHTWOOD ST,240,S,N,A,-,N,NA,NA,NA,NA,NA,NA,NA,NA,NA,N,4,0,1,2,A,-,08,22107,NA,N,A,B,E,A,H,-,A,D,0,Y,NA,NA,NA,Y,NA,-,NA,0,0,1,0,1,0,0,0,0,-,-,NA,NA,LOS ANGELES,MONTEREY PARK,-118.14169401,34.04166997
8444373,2017,2017-09-13,1948,2017-06-04,1006,364,1948,7,5,5,1948,0,0,0,NA,0,NA,WEST GARVEY AV,BALTIMORE AV,173,E,N,A,-,N,NA,NA,NA,NA,NA,NA,NA,NA,NA,Y,4,0,1,2,A,-,11,21954,A,N,G,B,D,A,H,-,A,D,0,Y,NA,NA,NA,Y,NA,N,60,0,0,1,0,1,0,0,0,0,-,-,NA,NA,LOS ANGELES,MONTEREY PARK,-118.12383001,34.06254
8444380,2017,2017-09-15,1942,2017-09-04,1815,34599,1034,1,5,7,1942,0,0,0,J,0,10A21,ETIWANDA AV,JOVAN ST,45,N,N,A,-,N,NA,NA,NA,NA,NA,NA,NA,NA,NA,N,3,0,1,1,A,-,13,22515,A,M,-,I,A,-,H,-,A,D,0,NA,NA,NA,NA,Y,NA,A,01,0,1,0,0,0,0,0,0,0,-,-,NA,NA,LOS ANGELES,LOS ANGELES,-118.53168,34.18332344
8444381,2017,2017-09-13,1948,2017-06-30,1619,442,1948,5,5,5,1948,0,0,0,NA,0,003,LOMA VERDE ST,EL REPETTO DR,832,N,N,A,-,N,NA,NA,NA,NA,NA,NA,NA,NA,NA,Y,3,0,1,2,A,-,08,22107,NA,N,C,C,A,A,H,-,A,D,0,NA,NA,NA,NA,Y,NA,-,NA,0,1,0,0,0,0,0,0,0,-,-,NA,NA,LOS ANGELES,MONTEREY PARK,-118.1377727,34.04796831
8444384,2017,2017-09-15,1942,2017-09-06,0935,37226,LOS A,3,5,7,1942,0,0,0,NA,0,19U2,ROXFORD ST,EL DORADO,0,NA,Y,A,-,N,NA,NA,NA,NA,NA,NA,NA,NA,NA,Y,3,0,2,2,A,-,01,23152,A,N,D,C,A,A,H,-,C,D,0,NA,NA,NA,NA,Y,Y,A,01,0,1,1,0,0,0,0,0,0,-,-,NA,NA,LOS ANGELES,LOS ANGELES,-118.47481012,34.3085601
8444481,2017,2017-09-01,1972,2017-07-25,1205,14197,NA,2,5,6,1972,0,0,0,NA,0,NA,VAN NESS,CRAVENS AV,0,NA,Y,A,-,N,NA,NA,NA,NA,NA,NA,NA,NA,NA,Y,4,0,1,2,A,-,09,21802,A,N,D,C,A,A,H,-,A,A,0,NA,NA,NA,NA,Y,NA,A,NA,0,0,1,0,0,0,0,0,0,-,-,NA,NA,LOS ANGELES,TORRANCE,-118.31768002,33.83855005
8444482,2017,2017-09-05,1900,2017-07-25,1248,522518,0533,2,5,5,1959,0,0,0,NA,0,53AM,WALNUT GROVE AV,FERN AV,150,N,N,A,-,N,NA,NA,NA,NA,NA,NA,NA,NA,NA,N,4,0,1,2,A,-,08,22107,NA,N,G,G,A,A,H,-,A,D,0,NA,Y,NA,NA,Y,NA,L,04,0,0,1,0,0,0,1,0,0,-,-,34.0593,-118.082,LOS ANGELES,ROSEMEAD,-118.08192596,34.05945126
8444483,2017,2017-09-18,1942,2017-06-27,1840,42860,0159,2,5,7,1942,0,0,0,A,0,1A2,4TH PL,MATEO ST,5,N,N,A,-,N,NA,NA,NA,NA,NA,NA,NA,NA,NA,N,4,0,2,2,A,-,08,22107,NA,F,B,C,A,A,H,-,A,D,0,NA,NA,NA,NA,Y,NA,-,99,0,0,2,0,0,0,0,0,0,-,-,NA,NA,LOS ANGELES,LOS ANGELES,-118.23317458,34.04143317
8444484,2017,2017-08-30,1942,2017-08-10,2100,39686,1664,4,5,7,1942,0,0,0,P,0,16A77,GLENOAKS BL,BRANDFORD ST,275,S,N,A,-,N,NA,NA,NA,NA,NA,NA,NA,NA,NA,Y,2,0,2,1,A,-,03,22350,NA,N,H,I,A,A,H,-,C,D,0,NA,NA,NA,NA,Y,NA,A,01,1,0,1,0,0,0,0,0,0,-,-,NA,NA,LOS ANGELES,LOS ANGELES,-118.3928,34.254793
8444485,2017,2017-09-01,1972,2017-07-24,1711,19157,NA,1,5,6,1972,0,0,0,NA,0,NA,TORRANCE BL,ELM AV,10,E,N,A,-,N,NA,NA,NA,NA,NA,NA,NA,NA,NA,Y,3,0,1,2,A,-,03,22350,NA,N,C,C,A,A,H,-,A,D,0,NA,NA,NA,NA,Y,NA,A,NA,0,1,0,0,0,0,0,0,0,-,-,NA,NA,LOS ANGELES,TORRANCE,-118.33106715,33.83651078
8444487,2017,2017-09-01,1942,2017-06-27,1843,42860,0159,2,5,7,1942,0,0,0,A,0,1A2,SERVICE RD,SANTA FE AV,5,E,N,A,-,N,NA,NA,NA,NA,NA,NA,NA,NA,NA,N,4,0,3,2,A,-,21,22106,NA,N,C,C,A,A,H,-,A,-,0,NA,NA,NA,NA,Y,NA,-,99,0,0,3,0,0,0,0,0,0,-,-,NA,NA,LOS ANGELES,LOS ANGELES,NA,NA
8444488,2017,2017-08-30,1942,2017-08-16,1110,41857,FOOTH,3,5,7,1942,0,0,0,NA,0,1614,VAN NUYS AV,FOOTHILL BL,3,W,N,A,-,N,NA,NA,NA,NA,NA,NA,NA,NA,NA,N,4,0,1,2,A,-,04,21703,NA,N,C,C,A,A,H,-,A,A,0,NA,NA,NA,NA,Y,NA,A,01,0,0,1,0,0,0,0,0,0,-,-,NA,NA,LOS ANGELES,LOS ANGELES,-118.40188738,34.28084451
8444489,2017,2017-09-05,1972,2017-07-27,1637,18450,NA,4,5,6,1972,0,0,0,NA,0,NA,DEL AMO BL,WESTERN AV,478,W,N,A,-,N,NA,NA,NA,NA,NA,NA,NA,NA,NA,Y,4,0,1,2,A,-,03,22350,NA,N,D,C,A,A,H,-,A,D,0,NA,NA,NA,NA,Y,NA,A,NA,0,0,1,0,0,0,0,0,0,-,-,NA,NA,LOS ANGELES,TORRANCE,-118.31087044,33.84688
8444490,2017,2017-09-05,1972,2017-07-21,1821,21088,NA,5,5,6,1972,0,0,0,NA,0,NA,CRENSHAW BL,AMSLER ST,0,NA,Y,A,-,N,NA,NA,NA,NA,NA,NA,NA,NA,NA,Y,4,0,2,2,A,-,12,21453,A,N,D,C,A,A,H,-,A,A,0,NA,NA,NA,NA,Y,NA,A,NA,0,0,2,0,0,0,0,0,0,-,-,NA,NA,LOS ANGELES,TORRANCE,-118.32810002,33.80151007
8444491,2017,2017-09-01,1942,2017-06-20,1755,42656,0443,2,5,7,1942,0,0,0,D,0,LAPD,ZONAL AV,MISSION RD,25,E,N,A,-,N,NA,NA,NA,NA,NA,NA,NA,NA,NA,N,4,0,1,2,A,-,03,22350,NA,N,C,C,A,A,H,-,A,A,0,NA,NA,NA,NA,Y,NA,-,99,0,0,1,0,0,0,0,0,0,-,-,NA,NA,LOS ANGELES,LOS ANGELES,-118.21114285,34.06273881
8444492,2017,2017-08-30,1942,2017-08-09,1600,37916,1636,3,5,7,1942,0,0,0,P,0,0W4,FENWICK ST,VANORA DR,0,NA,Y,A,-,N,NA,NA,NA,NA,NA,NA,NA,NA,NA,Y,4,0,2,2,A,-,09,21801,A,N,A,C,A,A,-,-,A,D,0,NA,NA,NA,NA,Y,NA,A,01,0,0,2,0,0,0,0,0,0,-,-,NA,NA,LOS ANGELES,LOS ANGELES,-118.32789001,34.26045001
8444493,2017,2017-09-05,1972,2017-07-26,1726,19767,NA,3,5,6,1972,0,0,0,NA,0,NA,CARSON ST,HAWTHORNE BL,164,W,N,A,-,N,NA,NA,NA,NA,NA,NA,NA,NA,NA,N,4,0,1,2,A,-,03,22350,NA,N,C,C,A,A,H,-,A,D,0,NA,NA,NA,NA,Y,NA,A,NA,0,0,1,0,0,0,0,0,0,-,-,NA,NA,LOS ANGELES,TORRANCE,-118.35325683,33.83141974
8444494,2017,2017-09-05,1972,2017-07-19,1056,14629,NA,3,5,6,1972,0,0,0,NA,0,NA,CRENSHAW BL,237TH ST,0,NA,Y,A,-,N,NA,NA,NA,NA,NA,NA,NA,NA,NA,Y,3,0,1,3,A,-,09,21801,A,N,D,C,A,A,H,-,A,A,0,NA,NA,NA,NA,Y,NA,B,NA,0,1,0,0,0,0,0,0,0,-,-,NA,NA,LOS ANGELES,TORRANCE,-118.32802003,33.80985001
8444495,2017,2017-09-01,1942,2017-06-21,1543,31152,0467,3,5,7,1942,0,0,0,D,0,24TL24,SOTO ST,6TH ST,300,N,N,A,-,N,NA,NA,NA,NA,NA,NA,NA,NA,NA,N,4,0,4,4,A,-,03,22350,NA,F,B,C,A,A,H,-,A,D,0,NA,NA,NA,NA,Y,NA,-,99,0,0,4,0,0,0,0,0,0,-,-,NA,NA,LOS ANGELES,LOS ANGELES,-118.21330737,34.03819699
8444496,2017,2017-08-30,1942,2017-08-10,1130,34561,1602,4,5,7,1942,0,0,0,P,0,9TL53,FILMORE ST,GLENOAKS BL,0,NA,Y,A,-,N,NA,NA,NA,NA,NA,NA,NA,NA,NA,N,4,0,1,2,A,-,12,21453,A,N,D,C,A,A,H,-,A,A,0,NA,NA,NA,Y,Y,NA,F,25,0,0,1,0,0,0,0,0,0,-,-,NA,NA,LOS ANGELES,LOS ANGELES,-118.41482008,34.27665011
8444497,2017,2017-09-05,1972,2017-07-26,1740,14197,NA,3,5,6,1972,0,0,0,NA,0,NA,MAPLE AV,SEPULVEDA,210,S,N,A,-,N,NA,NA,NA,NA,NA,NA,NA,NA,NA,Y,4,0,1,2,A,-,09,21801,A,N,D,C,A,A,H,-,A,A,0,NA,NA,NA,NA,Y,NA,A,NA,0,0,1,0,0,0,0,0,0,-,-,NA,NA,LOS ANGELES,TORRANCE,-118.34002032,33.82361991
8444498,2017,2017-09-05,1972,2017-07-17,1743,18263,NA,1,5,6,1972,0,0,0,NA,0,NA,HENRIETTA,GARNET,0,NA,Y,A,-,N,NA,NA,NA,NA,NA,NA,NA,NA,NA,Y,3,0,1,3,A,-,12,22450,A,N,D,C,A,A,H,-,A,A,0,NA,NA,NA,NA,Y,NA,A,NA,0,1,0,0,0,0,0,0,0,-,-,NA,NA,LOS ANGELES,TORRANCE,-118.37111007,33.84303002
8444499,2017,2017-09-01,1942,2017-06-28,0830,37830,0411,3,5,7,1942,0,0,0,D,0,4A15,S AVENUE 20,PASADENA,0,NA,Y,A,-,N,NA,NA,NA,NA,NA,NA,NA,NA,NA,N,4,0,1,2,D,-,00,NA,NA,N,C,C,A,A,H,-,A,A,0,NA,NA,NA,NA,Y,NA,-,-,0,0,1,0,0,0,0,0,0,-,-,NA,NA,LOS ANGELES,LOS ANGELES,-118.22114004,34.07421009
8444500,2017,2017-08-30,1942,2017-08-12,0935,39217,1668,6,5,7,1942,0,0,0,P,0,NA,LA TUNA CANYON BL,TUJUNGA CANYON BL,0,NA,Y,A,-,N,NA,NA,NA,NA,NA,NA,NA,NA,NA,Y,4,0,1,1,A,-,03,22350,NA,N,E,I,A,A,H,-,A,A,0,NA,NA,NA,NA,Y,NA,A,01,0,0,1,0,0,0,0,0,0,-,-,NA,NA,LOS ANGELES,LOS ANGELES,-118.27029007,34.23402008