CASE_ID,ACCIDENT_YEAR,PROC_DATE,JURIS,COLLISION_DATE,COLLISION_TIME,OFFICER_ID,REPORTING_DISTRICT,DAY_OF_WEEK,CHP_SHIFT,POPULATION,CNTY_CITY_LOC,SPECIAL_COND,BEAT_TYPE,CHP_BEAT_TYPE,CITY_DIVISION_LAPD,CHP_BEAT_CLASS,BEAT_NUMBER,PRIMARY_RD,SECONDARY_RD,DISTANCE,DIRECTION,INTERSECTION,WEATHER_1,WEATHER_2,STATE_HWY_IND,CALTRANS_COUNTY,CALTRANS_DISTRICT,STATE_ROUTE,ROUTE_SUFFIX,POSTMILE_PREFIX,POSTMILE,LOCATION_TYPE,RAMP_INTERSECTION,SIDE_OF_HWY,TOW_AWAY,COLLISION_SEVERITY,NUMBER_KILLED,NUMBER_INJURED,PARTY_COUNT,PRIMARY_COLL_FACTOR,PCF_CODE_OF_VIOL,PCF_VIOL_CATEGORY,PCF_VIOLATION,PCF_VIOL_SUBSECTION,HIT_AND_RUN,TYPE_OF_COLLISION,MVIW,PED_ACTION,ROAD_SURFACE,ROAD_COND_1,ROAD_COND_2,LIGHTING,CONTROL_DEVICE,CHP_ROAD_TYPE,PEDESTRIAN_ACCIDENT,BICYCLE_ACCIDENT,MOTORCYCLE_ACCIDENT,TRUCK_ACCIDENT,NOT_PRIVATE_PROPERTY,ALCOHOL_INVOLVED,STWD_VEHTYPE_AT_FAULT,CHP_VEHTYPE_AT_FAULT,COUNT_SEVERE_INJ,COUNT_VISIBLE_INJ,COUNT_COMPLAINT_PAIN,COUNT_PED_KILLED,COUNT_PED_INJURED,COUNT_BICYCLIST_KILLED,COUNT_BICYCLIST_INJURED,COUNT_MC_KILLED,COUNT_MC_INJURED,PRIMARY_RAMP,SECONDARY_RAMP,LATITUDE,LONGITUDE,COUNTY,CITY,POINT_X,POINT_Y
8447455,2017,2017-09-29,1942,2017-07-22,1320,34458,1395,6,5,7,1942,0,0,0,M,0,24TL22,FLORENCE AV,WADSWORTH AV,90,W,N,A,-,N,NA,NA,NA,NA,NA,NA,NA,NA,NA,N,3,0,1,2,A,-,03,22350,NA,N,C,E,A,A,H,-,A,D,0,NA,NA,Y,NA,Y,NA,C,02,0,1,0,0,0,0,0,0,1,-,-,NA,NA,LOS ANGELES,LOS ANGELES,-118.25896626,33.97474
8447457,2017,2017-10-02,1975,2017-08-09,0708,353,NA,3,5,6,1975,0,0,0,NA,0,002,CORTEZ ST,CITRUS AV,0,NA,Y,A,-,N,NA,NA,NA,NA,NA,NA,NA,NA,NA,N,3,0,2,2,A,-,09,21802,A,N,D,C,A,A,H,-,A,A,0,NA,NA,NA,NA,Y,NA,-,NA,0,2,0,0,0,0,0,0,0,-,-,NA,NA,LOS ANGELES,WEST COVINA,-117.89018008,34.06454001
8447459,2017,2017-09-29,1942,2017-07-24,0910,37611,1323,1,5,7,1942,0,0,0,M,0,24TL23,GRIFFITH AV,21ST ST,0,NA,Y,A,-,N,NA,NA,NA,NA,NA,NA,NA,NA,NA,N,4,0,2,3,A,-,12,22450,A,N,D,C,A,A,H,-,A,A,0,NA,NA,NA,NA,Y,NA,A,01,0,0,2,0,0,0,0,0,0,-,-,NA,NA,LOS ANGELES,LOS ANGELES,-118.25479011,34.02412003
8447461,2017,2017-10-02,1975,2017-08-09,1506,377,NA,3,5,6,1975,0,0,0,NA,0,004,GLENDORA AV,LAKES DR,0,NA,Y,A,-,N,NA,NA,NA,NA,NA,NA,NA,NA,NA,Y,3,0,3,2,A,-,01,23153,A,N,A,C,A,A,H,-,A,A,0,NA,NA,NA,NA,Y,Y,A,01,0,3,0,0,0,0,0,0,0,-,-,34.06933,-117.92321,LOS ANGELES,WEST COVINA,-117.92318004,34.06925002
8447463,2017,2017-09-29,1942,2017-07-23,0815,34458,1365,7,5,7,1942,0,0,0,M,0,24TL22,HOOPER AV,51ST ST,0,NA,Y,A,-,N,NA,NA,NA,NA,NA,NA,NA,NA,NA,Y,3,0,3,3,A,-,09,21802,A,N,-,C,A,A,H,-,A,A,0,NA,NA,NA,NA,Y,NA,A,01,0,2,1,0,0,0,0,0,0,-,-,NA,NA,LOS ANGELES,LOS ANGELES,-118.25211008,33.99708006
8447465,2017,2017-10-02,1975,2017-08-09,1719,679,NA,3,5,6,1975,0,0,0,NA,0,001,PUENTE AV,SUNSET,50,E,N,A,-,N,NA,NA,NA,NA,NA,NA,NA,NA,NA,Y,4,0,1,2,A,-,03,22350,NA,N,C,C,A,A,H,-,A,A,0,NA,NA,NA,NA,Y,NA,A,01,0,0,1,0,0,0,0,0,0,-,-,NA,NA,LOS ANGELES,WEST COVINA,-117.93444578,34.08279953
8447467,2017,2017-09-29,1942,2017-07-20,1440,41661,1342,4,5,7,1942,0,0,0,M,0,24T51,MAIN ST,MARTIN LUTHER KING JR BL,0,NA,Y,A,-,N,NA,NA,NA,NA,NA,NA,NA,NA,NA,N,4,0,2,2,A,-,09,21801,A,N,A,C,A,A,H,-,A,A,0,NA,NA,NA,NA,Y,NA,A,01,0,0,2,0,0,0,0,0,0,-,-,NA,NA,LOS ANGELES,LOS ANGELES,-118.27402008,34.01115003
8447469,2017,2017-10-02,1975,2017-08-10,1312,640,NA,4,5,6,1975,0,0,0,NA,0,003,WEST COVINA PKWY,FASHION PLAZA WAY,30,W,N,A,-,N,NA,NA,NA,NA,NA,NA,NA,NA,NA,N,4,0,1,2,A,-,08,22107,NA,N,G,B,F,A,H,-,A,A,0,Y,NA,NA,NA,Y,NA,-,NA,0,0,1,0,1,0,0,0,0,-,-,NA,NA,LOS ANGELES,WEST COVINA,-117.93329869,34.06871442
8447471,2017,2017-09-29,1942,2017-07-20,1540,41661,1309,4,5,7,1942,0,0,0,M,0,24T51,MATEO ST,7TH PL,0,NA,Y,A,-,N,NA,NA,NA,NA,NA,NA,NA,NA,NA,Y,4,0,2,2,A,-,09,21801,A,N,A,C,A,A,H,-,A,D,0,NA,NA,NA,NA,Y,NA,A,01,0,0,2,0,0,0,0,0,0,-,-,NA,NA,LOS ANGELES,LOS ANGELES,-118.23227005,34.03358005
8447473,2017,2017-10-02,1975,2017-08-11,0133,364,NA,5,5,6,1975,0,0,0,NA,0,005,BARHAM AV,RODNEY RD,72,S,N,A,-,N,NA,NA,NA,NA,NA,NA,NA,NA,NA,Y,3,0,1,3,A,-,17,21658,NA,F,B,E,A,A,H,-,C,D,0,NA,NA,NA,NA,Y,NA,-,NA,0,1,0,0,0,0,0,0,0,-,-,NA,NA,LOS ANGELES,WEST COVINA,-117.91398,34.03528
8447474,2017,2017-10-10,1965,2017-08-17,1525,2872,0B2C,4,5,5,1965,0,0,0,NA,0,B002,23RD ST,NAVY ST,0,NA,Y,A,-,N,NA,NA,NA,NA,NA,NA,NA,NA,NA,N,3,0,1,2,A,-,09,21801,A,N,H,A,A,A,H,-,A,D,0,NA,Y,NA,NA,Y,NA,-,NA,0,1,0,0,0,0,1,0,0,-,-,37.00156,-120.97999,LOS ANGELES,SANTA MONICA,-118.45785008,34.01041005
8447477,2017,2017-10-02,1975,2017-08-11,0836,377,NA,5,5,6,1975,0,0,0,NA,0,001,WORKMAN AV,MAPLEWOOD AV,53,W,N,A,-,N,NA,NA,NA,NA,NA,NA,NA,NA,NA,N,4,0,1,2,A,-,03,22350,NA,M,C,C,A,A,H,-,A,D,0,NA,NA,NA,NA,Y,NA,-,NA,0,0,1,0,0,0,0,0,0,-,-,NA,NA,LOS ANGELES,WEST COVINA,-117.9254846,34.0754781
8447478,2017,2017-09-28,1975,2017-08-07,1701,372,NA,1,5,6,1975,0,0,0,NA,0,001,SUNSET AV,PUENTE AV,220,N,N,A,-,N,NA,NA,NA,NA,NA,NA,NA,NA,NA,Y,3,0,1,2,A,-,09,21804,A,N,D,C,A,A,H,-,A,D,0,NA,NA,NA,NA,Y,NA,-,NA,0,1,0,0,0,0,0,0,0,-,-,NA,NA,LOS ANGELES,WEST COVINA,-117.93453726,34.08341009
8447479,2017,2017-09-29,1942,2017-07-19,1355,38826,NA,3,5,7,1942,0,0,0,NA,0,13X17,49TH PL,AVALON BL,0,NA,Y,A,-,N,NA,NA,NA,NA,NA,NA,NA,NA,NA,N,4,0,1,2,A,-,10,21950,A,N,G,B,B,A,H,-,A,A,0,Y,NA,NA,NA,Y,NA,A,08,0,0,1,0,1,0,0,0,0,-,-,NA,NA,LOS ANGELES,LOS ANGELES,-118.26524006,33.99881005
8447481,2017,2017-11-28,1975,2017-08-11,1813,640,NA,5,5,6,1975,0,0,0,NA,0,004,LARK ELLEN AV,GARVEY AV SOUTH,0,NA,Y,A,-,N,NA,NA,NA,NA,NA,NA,NA,NA,NA,N,4,0,1,2,A,-,09,21801,A,N,D,C,A,A,H,-,A,A,0,NA,NA,NA,NA,Y,NA,-,NA,0,0,1,0,0,0,0,0,0,-,-,NA,NA,LOS ANGELES,WEST COVINA,-117.91659013,34.07144003
8447482,2017,2017-09-29,1942,2017-08-17,0240,38233,0427,4,5,7,1942,0,0,0,D,0,24T33,EASTERN AV,LYNNFIELD ST,0,NA,Y,A,-,N,NA,NA,NA,NA,NA,NA,NA,NA,NA,Y,3,0,2,3,A,-,09,21802,A,N,D,C,A,A,H,-,C,A,0,NA,NA,NA,NA,Y,Y,A,07,0,1,1,0,0,0,0,0,0,-,-,NA,NA,LOS ANGELES,LOS ANGELES,-118.17805012,34.08014002
8447485,2017,2017-10-02,1975,2017-08-14,1305,353,NA,1,5,6,1975,0,0,0,NA,0,NA,NOGALES AV,SHADOW OAK DR,0,NA,Y,A,-,N,NA,NA,NA,NA,NA,NA,NA,NA,NA,Y,3,0,3,2,A,-,12,21453,A,N,D,C,A,A,H,-,A,A,0,NA,NA,NA,NA,Y,NA,-,NA,0,1,2,0,0,0,0,0,0,-,-,NA,NA,LOS ANGELES,WEST COVINA,-117.89036013,34.02034006
8447489,2017,2017-10-02,1975,2017-08-14,1840,407,NA,1,5,6,1975,0,0,0,NA,0,003,FRANCISQUITO AV,WILLOW AV,740,W,N,A,-,N,NA,NA,NA,NA,NA,NA,NA,NA,NA,Y,3,0,1,2,A,-,07,21658,A,N,A,C,A,A,H,-,A,D,0,NA,NA,NA,NA,Y,NA,-,NA,0,1,0,0,0,0,0,0,0,-,-,NA,NA,LOS ANGELES,WEST COVINA,-117.96538029,34.06213995
8447490,2017,2017-09-29,1942,2017-08-03,2133,40162,1125,4,5,7,1942,0,0,0,K,0,NA,YORK BL,ARMADALE ST,0,NA,Y,A,-,N,NA,NA,NA,NA,NA,NA,NA,NA,NA,Y,4,0,2,2,A,-,08,22107,NA,N,A,C,A,A,H,-,C,A,0,NA,NA,NA,NA,Y,NA,A,01,0,0,2,0,0,0,0,0,0,-,-,NA,NA,LOS ANGELES,LOS ANGELES,-118.21205006,34.12246003
8447491,2017,2017-09-29,1942,2017-07-23,0050,37786,1232,7,5,7,1942,0,0,0,L,0,12A53,SLAUSON,8TH AV,40,E,N,A,-,N,NA,NA,NA,NA,NA,NA,NA,NA,NA,N,3,0,2,2,A,-,09,21801,NA,N,A,C,A,A,H,-,C,A,0,NA,NA,NA,NA,Y,NA,A,01,0,1,1,0,0,0,0,0,0,-,-,NA,NA,LOS ANGELES,LOS ANGELES,-118.3262983,33.98905
8447493,2017,2017-10-02,1975,2017-08-16,2125,640,NA,3,5,6,1975,0,0,0,NA,0,003,MERCED,ORANGE,0,NA,Y,A,-,N,NA,NA,NA,NA,NA,NA,NA,NA,NA,Y,4,0,2,2,A,-,09,21801,A,N,B,C,A,A,H,-,C,A,0,NA,NA,NA,NA,Y,NA,-,NA,0,0,2,0,0,0,0,0,0,-,-,NA,NA,LOS ANGELES,WEST COVINA,-117.95089011,34.0648001
8447494,2017,2017-09-29,1942,2017-08-02,1900,41990,1145,3,5,7,1942,0,0,0,K,0,11A48,GLENDALE BL,FARWELL AV,0,NA,Y,A,-,N,NA,NA,NA,NA,NA,NA,NA,NA,NA,N,3,0,3,2,A,-,03,22350,NA,N,B,E,A,A,H,-,B,A,0,NA,NA,NA,NA,Y,NA,A,01,0,1,2,0,0,0,0,0,0,-,-,NA,NA,LOS ANGELES,LOS ANGELES,-118.25981011,34.10515006
8447497,2017,2017-10-02,1975,2017-08-17,1043,682,NA,4,5,6,1975,0,0,0,NA,0,006,LA PUENTE RD,SENTOUS ST,0,NA,Y,A,-,N,NA,NA,NA,NA,NA,NA,NA,NA,NA,Y,4,0,1,2,A,-,09,21801,A,N,-,C,A,A,H,-,A,A,0,NA,NA,NA,NA,Y,NA,-,NA,0,0,1,0,0,0,0,0,0,-,-,NA,NA,LOS ANGELES,WEST COVINA,-117.88011005,34.01145004
8447498,2017,2017-09-29,1942,2017-08-02,1650,38614,1135,3,5,7,1942,0,0,0,K,0,11A72,AVENUE 36,EAGLE ROCK,0,NA,Y,A,-,N,NA,NA,NA,NA,NA,NA,NA,NA,NA,Y,4,0,3,1,A,-,03,22350,NA,N,E,I,A,A,H,-,A,A,0,NA,NA,NA,NA,Y,NA,A,07,0,0,3,0,0,0,0,0,0,-,-,NA,NA,LOS ANGELES,LOS ANGELES,-118.23453012,34.11736006
8447501,2017,2017-10-02,1975,2017-08-17,1532,679,NA,4,5,6,1975,0,0,0,NA,0,006,VALLEY BL,MORGANFIELD,0,NA,Y,A,-,N,NA,NA,NA,NA,NA,NA,NA,NA,NA,Y,4,0,1,2,A,-,09,21801,A,N,D,C,A,A,H,-,-,A,0,NA,NA,NA,NA,Y,NA,A,01,0,0,1,0,0,0,0,0,0,-,-,NA,NA,LOS ANGELES,WEST COVINA,-117.87536011,34.00218008
8447505,2017,2017-10-02,1975,2017-08-18,1325,640,NA,5,5,6,1975,0,0,0,NA,0,002,WORKMAN AV,BARRANCA,600,W,N,A,-,N,NA,NA,NA,NA,NA,NA,NA,NA,NA,N,3,0,1,2,A,-,09,21801,A,N,D,C,A,A,H,-,A,D,0,NA,NA,NA,NA,Y,NA,-,NA,0,1,0,0,0,0,0,0,0,-,-,NA,NA,LOS ANGELES,WEST COVINA,-117.88326662,34.0752756
8447509,2017,2017-10-02,1975,2017-08-18,1848,353,NA,5,5,6,1975,0,0,0,NA,0,006,AMAR RD,WESTPORT ST,0,NA,Y,A,-,N,NA,NA,NA,NA,NA,NA,NA,NA,NA,Y,3,0,2,2,A,-,12,21453,A,N,D,C,A,A,H,-,A,A,0,NA,NA,NA,NA,Y,NA,-,NA,0,1,1,0,0,0,0,0,0,-,-,NA,NA,LOS ANGELES,WEST COVINA,-117.90667011,34.02737002
8447513,2017,2017-10-02,1975,2017-08-18,2227,353,NA,5,5,6,1975,0,0,0,NA,0,006,HACKLEY AV,HOLLINGWORTH ST,205,S,N,A,-,N,NA,NA,NA,NA,NA,NA,NA,NA,NA,Y,3,0,3,2,A,-,08,22107,NA,N,B,C,A,A,H,-,C,D,0,NA,NA,NA,NA,Y,NA,-,NA,0,2,1,0,0,0,0,0,0,-,-,NA,NA,LOS ANGELES,WEST COVINA,-117.88668039,34.00701631
8447517,2017,2017-10-02,1975,2017-08-19,1735,441,NA,6,5,6,1975,0,0,0,NA,0,002,BARRANCA AV,VIRGINIA AV,313,S,N,A,-,N,NA,NA,NA,NA,NA,NA,NA,NA,NA,Y,4,0,1,2,A,-,03,22350,NA,N,A,E,A,A,H,-,A,D,0,NA,NA,NA,NA,Y,Y,-,NA,0,0,1,0,0,0,0,0,0,-,-,NA,NA,LOS ANGELES,WEST COVINA,-117.88130825,34.06863208
8447519,2017,2017-09-29,1928,2017-07-27,1053,239,516,4,5,5,1928,0,0,0,NA,0,503,HAWTHORNE BL,142ND ST N,0,NA,Y,A,-,N,NA,NA,NA,NA,NA,NA,NA,NA,NA,N,3,0,1,2,A,-,17,21663,NA,N,B,G,A,A,H,-,A,A,0,NA,Y,NA,NA,Y,NA,L,04,0,1,0,0,0,0,1,0,0,-,-,33.90297,-118.35252,LOS ANGELES,HAWTHORNE,-118.35275007,33.90280001
8447523,2017,2017-10-02,1942,2017-08-01,1510,42767,1179,2,5,7,1942,0,0,0,K,0,11A17,FIGUEROA,E AVE 39,50,N,N,A,-,N,NA,NA,NA,NA,NA,NA,NA,NA,NA,Y,4,0,2,2,A,-,08,22107,NA,N,D,C,A,A,H,-,A,D,0,NA,NA,NA,NA,Y,NA,A,01,0,0,2,0,0,0,0,0,0,-,-,NA,NA,LOS ANGELES,LOS ANGELES,-118.21102982,34.09132477
8447526,2017,2017-09-29,1942,2017-08-18,0225,39801,1249,5,5,7,1942,0,0,0,L,0,12A67,FIGUEROA ST,GAGE AV,0,NA,Y,A,-,N,NA,NA,NA,NA,NA,NA,NA,NA,NA,N,3,0,1,2,A,-,09,21801,A,F,D,G,A,A,H,-,C,A,0,NA,Y,NA,NA,Y,NA,-,99,0,1,0,0,0,0,1,0,0,-,-,NA,NA,LOS ANGELES,LOS ANGELES,-118.28267013,33.98238002
8447527,2017,2017-10-02,1942,2017-08-12,1055,37398,1162,6,5,7,1942,0,0,0,K,0,24TL23,HOOVER,MYRA,0,NA,Y,A,-,N,NA,NA,NA,NA,NA,NA,NA,NA,NA,N,4,0,1,2,A,-,03,22350,NA,F,C,D,A,A,H,-,A,D,0,NA,NA,NA,NA,Y,NA,-,99,0,0,1,0,0,0,0,0,0,-,-,NA,NA,LOS ANGELES,LOS ANGELES,-118.28452012,34.09111001
8447528,2017,2017-09-11,1975,2017-08-22,1237,418,NA,2,5,6,1975,0,0,0,NA,0,004,GLENDORA AV,ROBINDALE,87,N,N,A,-,N,NA,NA,NA,NA,NA,NA,NA,NA,NA,Y,4,0,1,2,A,-,08,22107,NA,N,-,C,A,A,H,-,A,A,0,NA,NA,NA,NA,Y,NA,A,01,0,0,1,0,0,0,0,0,0,-,-,NA,NA,LOS ANGELES,WEST COVINA,-117.93497075,34.05875911
8447530,2017,2017-09-29,1942,2017-08-17,1830,41559,1252,4,5,7,1942,0,0,0,L,0,12X56,FLORENCE AV,5TH AV,0,NA,Y,A,-,N,NA,NA,NA,NA,NA,NA,NA,NA,NA,Y,4,0,2,2,A,-,07,21658,A,N,B,C,A,A,H,-,A,D,0,NA,NA,NA,NA,Y,NA,A,01,0,0,2,0,0,0,0,0,0,-,-,NA,NA,LOS ANGELES,LOS ANGELES,-118.32265001,33.97458005
8447531,2017,2017-10-02,1942,2017-08-08,1755,38614,1141,2,5,7,1942,0,0,0,K,0,11A48,LOS FELIZ BL,BERENDO ST,150,W,N,A,-,N,NA,NA,NA,NA,NA,NA,NA,NA,NA,N,4,0,1,2,A,-,04,21703,NA,F,-,C,A,A,H,-,A,D,0,NA,NA,NA,NA,Y,NA,-,99,0,0,1,0,0,0,0,0,0,-,-,NA,NA,LOS ANGELES,LOS ANGELES,-118.29484375,34.11052438
8447532,2017,2017-09-11,1975,2017-08-22,1757,372,NA,2,5,6,1975,0,0,0,NA,0,001,PUENTE AV,EILEEN AV,0,NA,Y,A,-,N,NA,NA,NA,NA,NA,NA,NA,NA,NA,Y,3,0,4,2,A,-,09,21801,A,N,A,C,A,A,H,-,A,D,0,NA,NA,NA,NA,Y,NA,A,01,0,4,0,0,0,0,0,0,0,-,-,NA,NA,LOS ANGELES,WEST COVINA,-117.91047006,34.08278011
8447534,2017,2017-09-29,1942,2017-08-19,1800,42317,1232,6,5,7,1942,0,0,0,L,0,3A28,60TH ST,10TH AV,0,NA,Y,A,-,N,NA,NA,NA,NA,NA,NA,NA,NA,NA,N,2,0,1,2,A,-,12,22450,A,N,A,B,B,A,H,-,A,A,0,Y,NA,NA,NA,Y,NA,A,07,1,0,0,0,1,0,0,0,0,-,-,NA,NA,LOS ANGELES,LOS ANGELES,-118.32859002,33.98542007
8447535,2017,2017-10-02,1942,2017-08-21,0930,31814,1218,1,5,7,1942,0,0,0,L,0,25T41,57TH ST,HOOVER,8,S,N,A,-,N,NA,NA,NA,NA,NA,NA,NA,NA,NA,N,4,0,1,3,A,-,03,22350,A,F,B,C,A,-,H,-,A,D,0,NA,NA,NA,NA,Y,NA,-,99,0,0,1,0,0,0,0,0,0,-,-,NA,NA,LOS ANGELES,LOS ANGELES,-118.28713,33.99052
8447536,2017,2017-09-11,1975,2017-08-24,1652,343,NA,4,5,6,1975,0,0,0,NA,0,006,WEDNESDAY DR,TUESDAY DR,108,W,N,A,-,N,NA,NA,NA,NA,NA,NA,NA,NA,NA,Y,3,0,1,2,A,-,03,22350,NA,F,A,E,A,A,H,-,A,D,0,NA,NA,NA,NA,Y,NA,-,NA,0,1,0,0,0,0,0,0,0,-,-,34.0138,-117.9009,LOS ANGELES,WEST COVINA,-117.9010299,34.01398319
8447538,2017,2017-09-29,1942,2017-08-03,1535,41921,1215,4,5,7,1942,0,0,0,L,0,3T5,54TH ST,BUDLONG AV,400,W,N,A,-,N,NA,NA,NA,NA,NA,NA,NA,NA,NA,N,4,0,3,2,A,-,21,22106,NA,F,D,C,A,A,H,-,A,D,0,NA,NA,NA,NA,Y,NA,-,99,0,0,3,0,0,0,0,0,0,-,-,NA,NA,LOS ANGELES,LOS ANGELES,-118.29718705,33.99322345
8447539,2017,2017-10-02,1942,2017-08-21,2100,42338,1293,1,5,7,1942,0,0,0,L,0,25T41,CENTURY BL,WESTERN AV,170,W,N,A,-,N,NA,NA,NA,NA,NA,NA,NA,NA,NA,N,4,0,4,2,A,-,03,22350,NA,N,C,C,A,A,H,-,C,A,0,NA,NA,NA,NA,Y,Y,A,01,0,0,4,0,0,0,0,0,0,-,-,NA,NA,LOS ANGELES,LOS ANGELES,-118.30958931,33.94546
8447540,2017,2017-09-11,1975,2017-08-26,1549,422,NA,6,5,6,1975,0,0,0,NA,0,005,AMAR RD,TEMPLE AV,12,W,N,A,-,N,NA,NA,NA,NA,NA,NA,NA,NA,NA,N,2,0,1,2,A,-,00,21456,2,N,D,G,A,A,H,-,A,A,0,NA,Y,NA,NA,Y,NA,L,04,1,0,0,0,0,0,1,0,0,-,-,NA,NA,LOS ANGELES,WEST COVINA,-117.91011569,34.02921413
8447542,2017,2017-09-29,1942,2017-08-04,1710,41923,1269,5,5,7,1942,0,0,0,L,0,3T57,MANCHESTER AV,WADSWORTH AV,55,W,N,A,-,N,NA,NA,NA,NA,NA,NA,NA,NA,NA,Y,4,0,5,2,A,-,09,21801,A,N,D,C,A,A,H,-,A,D,0,NA,NA,NA,NA,Y,NA,A,01,0,0,5,0,0,0,0,0,0,-,-,NA,NA,LOS ANGELES,LOS ANGELES,-118.25880101,33.96015835
8447543,2017,2017-10-02,1942,2017-08-22,1300,42155,1259,2,5,7,1942,0,0,0,L,0,25T25,AVALON BL,75TH ST,78,S,N,A,-,N,NA,NA,NA,NA,NA,NA,NA,NA,NA,Y,4,0,1,2,A,-,13,22500,NA,F,C,C,A,A,H,-,A,A,0,NA,NA,NA,NA,Y,NA,A,01,0,0,1,0,0,0,0,0,0,-,-,NA,NA,LOS ANGELES,LOS ANGELES,-118.26517,33.97196608
8447544,2017,2017-09-11,1975,2017-08-27,0126,444,NA,7,5,6,1975,0,0,0,NA,0,001,VINCENT AV,WORKMAN AV,0,NA,Y,A,-,N,NA,NA,NA,NA,NA,NA,NA,NA,NA,Y,3,0,1,2,A,-,01,23153,A,N,D,C,A,A,H,-,C,A,0,NA,NA,NA,NA,Y,Y,A,01,0,1,0,0,0,0,0,0,0,-,-,NA,NA,LOS ANGELES,WEST COVINA,-117.92636003,34.07547008
8447546,2017,2017-10-25,1942,2017-08-07,0240,42064,1253,1,5,7,1942,0,0,0,L,0,21XL57,WESTERN AV,75TH ST,20,N,N,A,-,N,NA,NA,NA,NA,NA,NA,NA,NA,NA,N,4,0,1,2,A,-,04,21703,NA,F,C,G,A,A,H,-,A,A,0,NA,NA,Y,NA,Y,NA,-,99,0,0,1,0,0,0,0,0,1,-,-,NA,NA,LOS ANGELES,LOS ANGELES,-118.308997,33.971884
8447547,2017,2017-10-02,1942,2017-08-23,1540,41921,1243,3,5,7,1942,0,0,0,L,0,25T72,65TH PL,GRAMERCY PL,0,NA,Y,A,-,N,NA,NA,NA,NA,NA,NA,NA,NA,NA,N,4,0,1,2,A,-,12,22450,A,F,D,D,A,A,H,-,A,A,0,NA,NA,NA,NA,Y,NA,-,99,0,0,1,0,0,0,0,0,0,-,-,NA,NA,LOS ANGELES,LOS ANGELES,-118.31336001,33.97981008
8447548,2017,2017-09-11,1975,2017-08-27,1234,353,NA,7,5,6,1975,0,0,0,NA,0,001,SUNSET AV,ROWLAND AV,227,S,N,A,-,N,NA,NA,NA,NA,NA,NA,NA,NA,NA,Y,4,0,1,3,A,-,11,21950,B,N,C,E,D,A,H,-,A,D,0,Y,NA,NA,NA,Y,NA,N,60,0,0,1,0,0,0,0,0,0,-,-,NA,NA,LOS ANGELES,WEST COVINA,-117.93508414,34.07843996
8447550,2017,2017-09-29,1942,2017-08-10,2140,37786,1243,4,5,7,1942,0,0,0,L,0,12A53,70TH ST,VAN NESS,0,NA,Y,A,-,N,NA,NA,NA,NA,NA,NA,NA,NA,NA,N,4,0,2,2,A,-,09,21802,A,N,D,C,A,A,H,-,C,A,0,NA,NA,NA,NA,Y,NA,A,01,0,0,2,0,0,0,0,0,0,-,-,NA,NA,LOS ANGELES,LOS ANGELES,-118.31775007,33.97638004
8447551,2017,2017-10-02,1942,2017-08-19,2325,41683,1249,6,5,7,1942,0,0,0,L,0,25T21,FIGUEROA ST,64TH AV,10,N,N,A,-,N,NA,NA,NA,NA,NA,NA,NA,NA,NA,N,4,0,1,2,A,-,03,22350,NA,F,C,C,A,A,H,-,C,D,0,NA,NA,NA,NA,Y,NA,-,99,0,0,1,0,0,0,0,0,0,-,-,NA,NA,LOS ANGELES,LOS ANGELES,-118.28267917,33.98135742
8447552,2017,2017-09-11,1975,2017-08-28,1800,372,NA,1,5,6,1975,0,0,0,NA,0,003,ORANGE AV,MERCED AV,0,NA,Y,A,-,N,NA,NA,NA,NA,NA,NA,NA,NA,NA,N,4,0,1,2,A,-,09,21801,A,N,A,C,A,A,H,-,A,A,0,NA,NA,NA,NA,Y,NA,A,01,0,0,1,0,0,0,0,0,0,-,-,NA,NA,LOS ANGELES,WEST COVINA,-117.95089011,34.0648001
8447554,2017,2017-09-29,1942,2017-08-09,0640,35046,1255,3,5,7,1942,0,0,0,L,0,12A51,FLORENCE AV,NORMANDIE AV,0,NA,Y,A,-,N,NA,NA,NA,NA,NA,NA,NA,NA,NA,N,4,0,2,5,A,-,12,21453,A,N,D,C,A,A,H,-,A,A,0,NA,NA,NA,NA,Y,NA,A,01,0,0,2,0,0,0,0,0,0,-,-,NA,NA,LOS ANGELES,LOS ANGELES,-118.30030013,33.9745801
8447555,2017,2017-11-30,1942,2017-08-18,1710,42474,1257,5,5,7,1942,0,0,0,L,0,18X48,FIGUEROA,78TH ST,0,NA,Y,A,-,N,NA,NA,NA,NA,NA,NA,NA,NA,NA,N,4,0,1,2,A,-,09,21802,A,N,D,C,A,A,H,-,A,A,0,NA,NA,NA,NA,Y,NA,-,-,0,0,1,0,0,0,0,0,0,-,-,NA,NA,LOS ANGELES,LOS ANGELES,-118.28271,33.96882009
8447559,2017,2017-10-02,1965,2017-08-05,1840,3809,0B1J,6,5,5,1965,0,0,0,NA,0,B001,SANTA MONICA BL,6TH ST,164,W,N,A,-,N,NA,NA,NA,NA,NA,NA,NA,NA,NA,N,4,0,2,2,A,-,03,22350,NA,F,C,-,A,A,H,-,A,D,0,NA,NA,NA,NA,Y,Y,A,01,0,0,2,0,0,0,0,0,0,-,-,37.00922,-121.01661,LOS ANGELES,SANTA MONICA,-118.49368426,34.01763561
8447563,2017,2017-10-02,1965,2017-08-27,1502,3693,0B4E,7,5,5,1965,0,0,0,NA,0,B004,MONTANA AV,10TH ST,0,NA,Y,A,-,N,NA,NA,NA,NA,NA,NA,NA,NA,NA,N,3,0,1,2,A,-,10,21950,A,N,G,B,B,A,H,-,A,A,0,Y,NA,NA,NA,Y,NA,A,08,0,1,0,0,1,0,0,0,0,-,-,NA,NA,LOS ANGELES,SANTA MONICA,-118.49898003,34.02914005