CASE_ID,ACCIDENT_YEAR,PROC_DATE,JURIS,COLLISION_DATE,COLLISION_TIME,OFFICER_ID,REPORTING_DISTRICT,DAY_OF_WEEK,CHP_SHIFT,POPULATION,CNTY_CITY_LOC,SPECIAL_COND,BEAT_TYPE,CHP_BEAT_TYPE,CITY_DIVISION_LAPD,CHP_BEAT_CLASS,BEAT_NUMBER,PRIMARY_RD,SECONDARY_RD,DISTANCE,DIRECTION,INTERSECTION,WEATHER_1,WEATHER_2,STATE_HWY_IND,CALTRANS_COUNTY,CALTRANS_DISTRICT,STATE_ROUTE,ROUTE_SUFFIX,POSTMILE_PREFIX,POSTMILE,LOCATION_TYPE,RAMP_INTERSECTION,SIDE_OF_HWY,TOW_AWAY,COLLISION_SEVERITY,NUMBER_KILLED,NUMBER_INJURED,PARTY_COUNT,PRIMARY_COLL_FACTOR,PCF_CODE_OF_VIOL,PCF_VIOL_CATEGORY,PCF_VIOLATION,PCF_VIOL_SUBSECTION,HIT_AND_RUN,TYPE_OF_COLLISION,MVIW,PED_ACTION,ROAD_SURFACE,ROAD_COND_1,ROAD_COND_2,LIGHTING,CONTROL_DEVICE,CHP_ROAD_TYPE,PEDESTRIAN_ACCIDENT,BICYCLE_ACCIDENT,MOTORCYCLE_ACCIDENT,TRUCK_ACCIDENT,NOT_PRIVATE_PROPERTY,ALCOHOL_INVOLVED,STWD_VEHTYPE_AT_FAULT,CHP_VEHTYPE_AT_FAULT,COUNT_SEVERE_INJ,COUNT_VISIBLE_INJ,COUNT_COMPLAINT_PAIN,COUNT_PED_KILLED,COUNT_PED_INJURED,COUNT_BICYCLIST_KILLED,COUNT_BICYCLIST_INJURED,COUNT_MC_KILLED,COUNT_MC_INJURED,PRIMARY_RAMP,SECONDARY_RAMP,LATITUDE,LONGITUDE,COUNTY,CITY,POINT_X,POINT_Y
8447981,2017,2017-11-21,1942,2017-09-23,1135,42873,1333,6,5,7,1942,0,0,0,M,0,13X17,MAIN ST,51ST ST,15,N,N,A,-,N,NA,NA,NA,NA,NA,NA,NA,NA,NA,Y,4,0,2,4,A,-,09,21801,A,N,D,C,A,A,H,-,A,A,0,NA,NA,NA,NA,Y,NA,A,01,0,0,2,0,0,0,0,0,0,-,-,NA,NA,LOS ANGELES,LOS ANGELES,-118.27397,33.99653114
8447985,2017,2017-11-21,1942,2017-09-27,1815,42873,1307,3,5,7,1942,0,0,0,M,0,13X17,CROCKER,AGATHA,0,NA,Y,A,-,N,NA,NA,NA,NA,NA,NA,NA,NA,NA,Y,3,0,1,2,A,-,09,21802,A,N,D,C,A,A,H,-,B,A,0,NA,NA,NA,NA,Y,NA,A,01,0,1,0,0,0,0,0,0,0,-,-,NA,NA,LOS ANGELES,LOS ANGELES,-118.24717005,34.03893011
8447989,2017,2017-11-21,1942,2017-09-19,0645,39655,0807,2,5,7,1942,0,0,0,H,0,8T35,BRIARWOOD DR,BEVERLY GLEN BL,0,NA,Y,A,-,N,NA,NA,NA,NA,NA,NA,NA,NA,NA,Y,4,0,1,2,A,-,09,21802,A,N,D,C,A,A,H,-,A,D,0,NA,NA,NA,NA,Y,NA,A,01,0,0,1,0,0,0,0,0,0,-,-,NA,NA,LOS ANGELES,LOS ANGELES,-118.44617005,34.11950009
8447998,2017,2018-06-19,1900,2017-08-30,0745,614010,1012,3,5,3,1995,0,0,0,NA,0,101T4,RT 1,GUERNSEY AV,0,NA,Y,A,-,Y,LA,7,1,-,-,56.511,I,5,N,Y,4,0,1,2,A,-,09,21801,A,N,D,D,A,A,H,-,A,D,0,NA,NA,NA,Y,Y,NA,A,07,0,0,1,0,0,0,0,0,0,-,-,34.14173,-118.50212,LOS ANGELES,MALIBU,-118.83913408,34.02809055
8448000,2017,2018-04-09,1942,2017-04-08,0120,37618,2034,6,5,7,1942,0,0,0,NA,0,20A39,RT 101,GARLAND AV,45,E,N,B,-,Y,LA,7,110,-,-,22.344,R,1,S,Y,4,0,1,2,A,-,03,22350,NA,F,C,D,A,B,H,-,C,A,0,NA,NA,NA,NA,Y,Y,A,01,0,0,1,0,0,0,0,0,0,-,-,NA,NA,LOS ANGELES,LOS ANGELES,-118.26568977,34.048574
8448017,2017,2017-09-13,1900,2017-08-31,0739,D,1137,4,5,6,1992,0,0,0,NA,0,112T2,AVENUE L 8,5TH ST WEST,13.1,W,N,A,-,N,NA,NA,NA,NA,NA,NA,NA,NA,NA,Y,4,0,2,2,A,-,09,21802,A,N,D,C,A,A,H,-,A,D,0,NA,NA,NA,NA,Y,NA,-,-,0,0,2,0,0,0,0,0,0,-,-,NA,NA,LOS ANGELES,LANCASTER,-118.121147,34.653119
8448111,2017,2017-10-02,1942,2017-08-15,0830,41914,9999,2,5,7,1942,0,0,0,NA,0,18A63,92ND ST,PACE AV,50,W,N,A,-,N,NA,NA,NA,NA,NA,NA,NA,NA,NA,Y,4,0,2,2,A,-,03,22350,A,F,C,C,A,A,E,-,A,D,0,NA,NA,NA,NA,Y,NA,-,99,0,0,2,0,0,0,0,0,0,-,-,NA,NA,LOS ANGELES,LOS ANGELES,-118.25318455,33.95329
8448123,2017,2017-10-02,1942,2017-08-21,1705,42603,0522,1,5,7,1942,0,0,0,E,0,5A59,BAY VIEW AV,I ST,60,S,N,A,-,N,NA,NA,NA,NA,NA,NA,NA,NA,NA,N,4,0,1,4,A,-,03,22350,NA,N,B,E,A,A,H,-,A,A,0,NA,NA,NA,NA,Y,NA,D,22,0,0,1,0,0,0,0,0,0,-,-,NA,NA,LOS ANGELES,LOS ANGELES,-118.27001219,33.78081612
8448132,2017,2017-10-11,1942,2017-08-25,1235,41486,1218,5,5,7,1942,0,0,0,L,0,12X66,S VERMONT,58TH ST,55,N,N,A,-,N,NA,NA,NA,NA,NA,NA,NA,NA,NA,Y,4,0,1,2,A,-,03,22350,NA,N,C,E,A,A,H,-,A,A,0,NA,NA,NA,NA,Y,NA,A,01,0,0,1,0,0,0,0,0,0,-,-,NA,NA,LOS ANGELES,LOS ANGELES,-118.29148,33.98981084
8448136,2017,2017-09-20,1942,2017-08-27,1030,36572,1251,7,5,7,1942,0,0,0,L,0,12A15,10TH AV,FLORENCE AV,150,N,N,A,-,N,NA,NA,NA,NA,NA,NA,NA,NA,NA,N,4,0,1,2,A,-,21,22106,NA,F,C,E,A,A,H,-,A,D,0,NA,NA,NA,NA,Y,NA,-,99,0,0,1,0,0,0,0,0,0,-,-,NA,NA,LOS ANGELES,LOS ANGELES,-118.32863,33.97454
8448140,2017,2017-09-20,1942,2017-08-27,1330,40237,1273,7,5,7,1942,0,0,0,L,0,25T21,91ST ST,DENKER AV,0,NA,Y,A,-,N,NA,NA,NA,NA,NA,NA,NA,NA,NA,N,4,0,1,2,A,-,01,23152,A,N,D,C,A,A,H,-,A,A,0,NA,NA,NA,NA,Y,Y,A,01,0,0,1,0,0,0,0,0,0,-,-,NA,NA,LOS ANGELES,LOS ANGELES,-118.30467004,33.95452007
8448143,2017,2017-10-02,1928,2017-08-22,1100,342,515,2,5,5,1928,0,0,0,NA,0,503,HAWTHORNE BL,135TH ST,0,NA,Y,A,-,N,NA,NA,NA,NA,NA,NA,NA,NA,NA,N,3,0,1,2,A,-,07,21658,A,N,B,C,A,A,H,-,A,A,0,NA,NA,Y,NA,Y,NA,C,02,0,1,0,0,0,0,0,0,1,-,-,33.90983,-118.35258,LOS ANGELES,HAWTHORNE,-118.35276,33.90984011
8448144,2017,2017-09-19,1942,2017-08-24,2315,41056,1256,4,5,7,1942,0,0,0,L,0,25T21,BROADWAY,FLORENCE,0,NA,Y,A,-,N,NA,NA,NA,NA,NA,NA,NA,NA,NA,Y,4,0,3,2,A,-,01,23152,A,N,D,C,A,A,H,-,C,D,0,NA,NA,NA,NA,Y,Y,D,22,0,0,3,0,0,0,0,0,0,-,-,NA,NA,LOS ANGELES,LOS ANGELES,-118.27833007,33.97466012
8448148,2017,2017-11-09,1942,2017-08-26,1915,41536,0379,6,5,7,1942,0,0,0,C,0,25TL24,MARTIN LUTHER KING JR BL,WALTON AV,48,E,N,A,-,N,NA,NA,NA,NA,NA,NA,NA,NA,NA,N,4,0,2,4,A,-,07,21658,A,F,B,C,A,A,H,-,A,D,0,NA,NA,NA,NA,Y,NA,-,99,0,0,2,0,0,0,0,0,0,-,-,NA,NA,LOS ANGELES,LOS ANGELES,-118.29394192,34.01087
8448152,2017,2018-01-24,1942,2017-09-03,1708,41704,1233,7,5,7,1942,0,0,0,L,0,12A45,S WESTERN AV,W 62ND ST,0,NA,Y,A,-,N,NA,NA,NA,NA,NA,NA,NA,NA,NA,N,4,0,2,2,A,-,12,21453,A,N,D,C,A,A,H,-,A,A,0,NA,NA,NA,NA,Y,NA,-,-,0,0,2,0,0,0,0,0,0,-,-,NA,NA,LOS ANGELES,LOS ANGELES,-118.30896006,33.98338012
8448171,2017,2017-09-13,1900,2017-07-17,2008,602458,1126,1,5,6,1992,0,0,0,NA,0,111T2,20TH ST WEST,AVENUE K-4,0,NA,Y,A,-,N,NA,NA,NA,NA,NA,NA,NA,NA,NA,NA,4,0,1,2,A,-,10,21950,A,N,G,B,B,A,H,-,C,A,0,Y,NA,NA,NA,Y,NA,D,22,0,0,1,0,1,0,0,0,0,-,-,NA,NA,LOS ANGELES,LANCASTER,-118.16572008,34.67133008
8448203,2017,2017-09-22,1942,2017-07-10,1035,31573,2071,1,5,7,1942,0,0,0,NA,0,34MQ09,VENICE BL,ARLINGTON AV,0,NA,Y,A,-,N,NA,NA,NA,NA,NA,NA,NA,NA,NA,Y,4,0,1,2,A,-,09,21801,A,N,B,C,A,A,H,-,A,A,0,NA,NA,NA,NA,Y,NA,A,01,0,0,1,0,0,0,0,0,0,-,-,NA,NA,LOS ANGELES,LOS ANGELES,-118.31773011,34.04356008
8448205,2017,2017-09-13,1923,2017-08-21,1635,467,209,1,5,3,1923,0,0,0,NA,0,3M3,GRAND AV,WASHINGTON ST,0,NA,Y,A,-,N,NA,NA,NA,NA,NA,NA,NA,NA,NA,Y,4,0,1,2,A,-,08,22107,NA,N,A,C,A,A,H,-,A,D,0,NA,NA,NA,NA,Y,NA,D,22,0,0,1,0,0,0,0,0,0,-,-,33.91943,-118.39939,LOS ANGELES,EL SEGUNDO,-118.39946004,33.91944004
8448207,2017,2017-09-12,1942,2017-08-19,0910,34959,2029,6,5,7,1942,0,0,0,NA,0,20T59,5TH ST,VIRGIL AV,0,NA,Y,A,-,N,NA,NA,NA,NA,NA,NA,NA,NA,NA,Y,4,0,2,2,A,-,09,21802,A,N,D,C,A,A,H,-,A,A,0,NA,NA,NA,NA,Y,NA,A,07,0,0,2,0,0,0,0,0,0,-,-,NA,NA,LOS ANGELES,LOS ANGELES,-118.28706002,34.06518008
8448236,2017,2017-09-13,1900,2017-08-03,1226,602458,1127,4,5,6,1992,0,0,0,NA,0,111T2,LANCASTER BL,25TH ST WEST,320,E,N,A,-,N,NA,NA,NA,NA,NA,NA,NA,NA,NA,N,4,0,1,2,A,-,21,22106,NA,N,H,C,A,A,H,-,A,D,0,NA,NA,NA,NA,Y,NA,D,22,0,0,1,0,0,0,0,0,0,-,-,NA,NA,LOS ANGELES,LANCASTER,-118.17351761,34.69674
8448241,2017,2017-09-25,1900,2017-08-03,1855,602458,1135,4,5,6,1992,0,0,0,NA,0,111T2,20TH ST EAST,AVENUE J,0,NA,Y,A,-,N,NA,NA,NA,NA,NA,NA,NA,NA,NA,Y,3,0,3,2,A,-,12,21457,A,N,D,C,A,A,D,-,A,A,0,NA,NA,NA,NA,Y,NA,A,07,0,1,2,0,0,0,0,0,0,-,-,NA,NA,LOS ANGELES,LANCASTER,-118.09478003,34.68963007
8448245,2017,2017-09-25,1900,2017-08-02,2117,602458,1192,3,5,6,1992,0,0,0,NA,0,111T2,AVENUE L,30TH ST WEST,32,E,N,A,-,N,NA,NA,NA,NA,NA,NA,NA,NA,NA,Y,4,0,2,3,A,-,03,22350,NA,N,C,C,A,A,H,-,C,A,0,NA,NA,NA,NA,Y,NA,A,07,0,0,2,0,0,0,0,0,0,-,-,NA,NA,LOS ANGELES,LANCASTER,-118.18337381,34.66027
8448248,2017,2017-09-12,1942,2017-07-27,1200,42161,2064,4,5,7,1942,0,0,0,NA,0,6TL4,NORMANDIE AV,PICO BL,205,N,N,A,-,N,NA,NA,NA,NA,NA,NA,NA,NA,NA,N,4,0,2,2,A,-,05,21650,NA,N,A,C,A,A,H,-,A,D,0,NA,NA,NA,NA,Y,NA,A,01,0,0,2,0,0,0,0,0,0,-,-,NA,NA,LOS ANGELES,LOS ANGELES,-118.29997,34.0478005
8448249,2017,2017-09-25,1900,2017-08-23,1615,620752,1126,3,5,6,1992,0,0,0,NA,0,111T1,AVENUE K,20TH ST WEST,18,W,N,A,-,N,NA,NA,NA,NA,NA,NA,NA,NA,NA,N,4,0,1,3,A,-,03,22350,NA,N,-,C,A,A,H,-,A,A,0,NA,NA,NA,NA,Y,NA,A,01,0,0,1,0,0,0,0,0,0,-,-,NA,NA,LOS ANGELES,LANCASTER,-118.16578974,34.675
8448251,2017,2017-09-28,1928,2017-08-06,1705,385,520,7,5,5,1928,0,0,0,NA,0,503,ROSECRANS AV,LEMOLI AV,300,W,N,A,-,N,NA,NA,NA,NA,NA,NA,NA,NA,NA,N,4,0,1,2,A,-,08,22107,NA,N,D,C,A,A,H,-,A,A,0,NA,NA,NA,NA,Y,NA,A,01,0,0,1,0,0,0,0,0,0,-,-,33.90189,-118.33077,LOS ANGELES,HAWTHORNE,-118.33185676,33.90193
8448252,2017,2017-09-12,1942,2017-07-19,1750,38942,2019,3,5,7,1942,0,0,0,NA,0,7T38,BEVERLY BL,MADISON AV,0,NA,Y,A,-,N,NA,NA,NA,NA,NA,NA,NA,NA,NA,Y,3,0,1,2,A,-,09,21801,NA,N,D,D,A,A,H,-,A,D,0,NA,NA,NA,NA,Y,NA,A,07,0,1,0,0,0,0,0,0,0,-,-,NA,NA,LOS ANGELES,LOS ANGELES,-118.28942006,34.07631011
8448253,2017,2017-10-04,1900,2017-08-26,0900,510509,1124,6,5,6,1992,0,0,0,NA,0,112T2,SIERRA HWY,AVENUE L,2451,N,N,A,-,N,NA,NA,NA,NA,NA,NA,NA,NA,NA,Y,3,0,1,1,A,-,08,22107,NA,N,E,I,A,A,H,-,A,A,0,NA,NA,NA,NA,Y,NA,A,07,0,1,0,0,0,0,0,0,0,-,-,NA,NA,LOS ANGELES,LANCASTER,-118.13162988,34.66718381
8448254,2017,2017-09-29,1942,2017-08-15,1730,31255,0762,2,5,7,1942,0,0,0,G,0,7TL38,FAIRFAX AV,18TH ST,30,N,N,A,-,N,NA,NA,NA,NA,NA,NA,NA,NA,NA,N,4,0,1,2,A,-,03,22350,NA,F,C,C,A,A,H,-,A,D,0,NA,NA,NA,NA,Y,NA,-,99,0,0,1,0,0,0,0,0,0,-,-,NA,NA,LOS ANGELES,LOS ANGELES,-118.36917533,34.04316705
8448255,2017,2017-09-28,1928,2017-08-13,1606,390,519,7,5,5,1928,0,0,0,NA,0,503,139TH ST,DOTY AV,125,E,N,A,-,N,NA,NA,NA,NA,NA,NA,NA,NA,NA,Y,4,0,1,2,A,-,08,22107,NA,F,B,C,A,A,H,-,A,D,0,NA,NA,NA,NA,Y,NA,A,01,0,0,1,0,0,0,0,0,0,-,-,33.90556,-118.33955,LOS ANGELES,HAWTHORNE,-118.33913885,33.9055634
8448256,2017,2017-09-12,1942,2017-07-28,2135,41671,2062,5,5,7,1942,0,0,0,NA,0,20T59,WILTON PL,SAN MARINO ST,109,N,N,A,-,N,NA,NA,NA,NA,NA,NA,NA,NA,NA,Y,3,0,1,2,A,-,03,22350,NA,N,B,C,A,A,H,-,C,A,0,NA,NA,Y,NA,Y,NA,C,02,0,1,0,0,0,0,0,0,1,-,-,NA,NA,LOS ANGELES,LOS ANGELES,-118.31426715,34.05470894
8448257,2017,2017-09-25,1900,2017-08-21,2040,602965,1137,1,5,6,1992,0,0,0,NA,0,112T1,30TH ST EAST,AVENUE J,22,S,N,A,-,N,NA,NA,NA,NA,NA,NA,NA,NA,NA,N,4,0,3,2,A,-,12,21453,A,N,C,C,A,A,H,-,C,A,0,NA,NA,NA,NA,Y,NA,A,01,0,0,3,0,0,0,0,0,0,-,-,NA,NA,LOS ANGELES,LANCASTER,-118.07704,34.68976968
8448258,2017,2017-09-29,1942,2017-08-21,1140,41054,2017,1,5,7,1942,0,0,0,NA,0,7TL23,N KENMORE AV,W 1ST ST,0,NA,Y,A,-,N,NA,NA,NA,NA,NA,NA,NA,NA,NA,Y,3,0,2,2,A,-,12,22450,A,N,D,C,A,A,H,-,A,A,0,NA,NA,NA,NA,Y,NA,A,01,0,1,1,0,0,0,0,0,0,-,-,NA,NA,LOS ANGELES,LOS ANGELES,-118.29654008,34.07275001
8448259,2017,2017-09-28,1923,2017-08-26,1124,516,E110,6,5,3,1923,0,0,0,NA,0,3B4,GRAND AV,SHELDON ST,0,NA,Y,A,-,N,NA,NA,NA,NA,NA,NA,NA,NA,NA,Y,4,0,1,2,A,-,09,21802,A,N,D,C,A,A,H,-,A,D,0,NA,NA,NA,NA,Y,NA,A,01,0,0,1,0,0,0,0,0,0,-,-,33.91944,-118.41122,LOS ANGELES,EL SEGUNDO,-118.41125001,33.91942011
8448260,2017,2017-09-12,1942,2017-07-24,2125,41089,2055,1,5,7,1942,0,0,0,NA,0,20T59,KENMORE AV,PICO BL,125,N,N,A,-,N,NA,NA,NA,NA,NA,NA,NA,NA,NA,N,4,0,1,2,A,-,11,21954,A,N,G,B,E,A,H,-,C,D,0,Y,NA,NA,NA,Y,NA,N,60,0,0,1,0,1,0,0,0,0,-,-,NA,NA,LOS ANGELES,LOS ANGELES,-118.29701,34.04726
8448261,2017,2017-09-25,1900,2017-08-21,2155,602965,1120,1,5,6,1992,0,0,0,NA,0,112T1,60TH ST WEST,AVENUE F,4,S,N,A,-,N,NA,NA,NA,NA,NA,NA,NA,NA,NA,Y,3,0,2,2,A,-,12,22450,A,N,D,C,A,A,H,-,C,A,0,NA,NA,NA,NA,Y,NA,A,01,0,1,1,0,0,0,0,0,0,-,-,NA,NA,LOS ANGELES,LANCASTER,-118.23715996,34.74755903
8448263,2017,2017-09-28,1900,2017-08-26,1415,449712,2924,6,5,5,1990,0,0,0,NA,0,292K3P,S DIAMOND BAR BL,MONTEFINO AV,108,N,N,A,-,N,NA,NA,NA,NA,NA,NA,NA,NA,NA,Y,4,0,1,2,A,-,03,22350,NA,N,C,C,A,A,H,-,A,A,0,NA,NA,NA,NA,Y,NA,A,08,0,0,1,0,0,0,0,0,0,-,-,NA,NA,LOS ANGELES,DIAMOND BAR,-117.81274647,33.99832701
8448264,2017,2017-09-12,1942,2017-07-29,0840,40773,2093,6,5,7,1942,0,0,0,NA,0,7TL23,WASHINGTON BL,WESTERN AV,0,NA,Y,A,-,N,NA,NA,NA,NA,NA,NA,NA,NA,NA,Y,4,0,4,2,D,-,00,NA,NA,N,D,C,A,A,H,-,A,A,0,NA,NA,NA,NA,Y,NA,-,-,0,0,4,0,0,0,0,0,0,-,-,NA,NA,LOS ANGELES,LOS ANGELES,-118.3089901,34.03992004
8448265,2017,2017-09-25,1900,2017-08-16,1552,602488,1129,3,5,6,1992,0,0,0,NA,0,111T2,30TH ST WEST,AVENUE J-8,0,NA,Y,A,-,N,NA,NA,NA,NA,NA,NA,NA,NA,NA,N,4,0,1,2,A,-,09,21801,A,N,D,C,A,A,H,-,A,A,0,NA,NA,NA,NA,Y,NA,A,01,0,0,1,0,0,0,0,0,0,-,-,NA,NA,LOS ANGELES,LANCASTER,-118.18371009,34.68214001
8448267,2017,2017-09-28,1900,2017-08-29,0645,408957,2925,2,5,5,1990,0,0,0,NA,0,292K1,COLD SPRING LN,BARBI LN,240,E,N,A,-,N,NA,NA,NA,NA,NA,NA,NA,NA,NA,Y,4,0,1,3,A,-,03,22350,NA,N,C,E,A,A,H,-,A,D,0,NA,NA,NA,NA,Y,NA,A,01,0,0,1,0,0,0,0,0,0,-,-,NA,NA,LOS ANGELES,DIAMOND BAR,-117.84060308,33.96749892
8448268,2017,2017-09-12,1942,2017-07-17,1234,30128,2079,1,5,7,1942,0,0,0,NA,0,14T52,PICO BL,VERMONT AV,67,W,N,A,-,N,NA,NA,NA,NA,NA,NA,NA,NA,NA,N,4,0,1,3,A,-,07,21658,A,N,D,C,A,A,H,-,A,A,0,NA,NA,NA,NA,Y,NA,A,01,0,0,1,0,0,0,0,0,0,-,-,NA,NA,LOS ANGELES,LOS ANGELES,-118.29182068,34.04726441
8448269,2017,2017-09-25,1900,2017-08-30,1546,510509,1127,3,5,6,1992,0,0,0,NA,0,111T4,SIERRA HWY,JACKMAN ST,0,NA,Y,B,-,N,NA,NA,NA,NA,NA,NA,NA,NA,NA,Y,3,0,1,3,A,-,09,21801,A,N,B,C,A,A,H,-,A,D,0,NA,NA,NA,NA,Y,NA,A,07,0,1,0,0,0,0,0,0,0,-,-,NA,NA,LOS ANGELES,LANCASTER,-118.13752011,34.70197012
8448271,2017,2017-09-28,1900,2017-08-30,1500,524692,2910,3,5,4,1974,0,0,0,NA,0,291K2,AMAR RD,LEMON AV,995,E,N,A,-,N,NA,NA,NA,NA,NA,NA,NA,NA,NA,Y,4,0,1,3,A,-,03,22350,NA,N,C,C,A,A,D,-,A,D,0,NA,NA,NA,NA,Y,NA,A,01,0,0,1,0,0,0,0,0,0,-,-,NA,NA,LOS ANGELES,WALNUT,-117.87175776,34.03602306
8448272,2017,2017-09-12,1942,2017-07-05,1250,41858,2041,3,5,7,1942,0,0,0,NA,0,20TL56,CRENSHAW BL,OLYMPIC BL,75,S,N,A,-,N,NA,NA,NA,NA,NA,NA,NA,NA,NA,Y,4,0,1,3,A,-,03,22350,NA,N,C,C,A,A,H,-,A,A,0,NA,NA,NA,NA,Y,NA,A,01,0,0,1,0,0,0,0,0,0,-,-,NA,NA,LOS ANGELES,LOS ANGELES,-118.32310336,34.05447316
8448273,2017,2017-09-25,1900,2017-08-28,1549,510509,1549,1,5,6,1992,0,0,0,NA,0,111T4,AVENUE J,10TH ST WEST,424,E,N,A,-,N,NA,NA,NA,NA,NA,NA,NA,NA,NA,N,4,0,1,2,A,-,09,21801,A,N,B,C,A,A,H,-,A,D,0,NA,NA,NA,NA,Y,NA,A,01,0,0,1,0,0,0,0,0,0,-,-,NA,NA,LOS ANGELES,LANCASTER,-118.14661249,34.68945
8448275,2017,2017-09-28,1900,2017-08-09,0847,521413,2924,3,5,5,1990,0,0,0,NA,0,292K3,GOLDEN SPRINGS DR,COPLEY DR,0,NA,Y,A,-,N,NA,NA,NA,NA,NA,NA,NA,NA,NA,Y,3,0,3,2,A,-,09,21801,A,N,D,C,A,A,H,-,A,A,0,NA,NA,NA,NA,Y,NA,A,08,0,2,1,0,0,0,0,0,0,-,-,NA,NA,LOS ANGELES,DIAMOND BAR,-117.82833003,34.00270009
8448276,2017,2017-09-12,1942,2017-07-25,0725,40773,2014,2,5,7,1942,0,0,0,NA,0,7TL23,NORMANDIE AV,VENICE BL,0,NA,Y,A,-,N,NA,NA,NA,NA,NA,NA,NA,NA,NA,N,4,0,2,2,D,-,00,NA,NA,N,D,A,A,A,H,-,A,A,0,NA,NA,NA,NA,Y,NA,-,-,0,0,2,0,0,0,0,0,0,-,-,NA,NA,LOS ANGELES,LOS ANGELES,-118.30102009,34.04367004
8448277,2017,2017-10-04,1900,2017-08-26,2230,611164,1149,6,5,6,1992,0,0,0,NA,0,112T2,AVENUE N,34TH ST WEST,796,E,N,A,-,N,NA,NA,NA,NA,NA,NA,NA,NA,NA,Y,4,0,1,2,A,-,04,21703,NA,N,C,C,A,A,H,-,D,D,0,NA,NA,NA,NA,Y,NA,A,07,0,0,1,0,0,0,0,0,0,-,-,NA,NA,LOS ANGELES,LANCASTER,-118.18783951,34.63109376
8448279,2017,2017-09-15,1910,2017-09-05,2152,04924,NA,2,5,4,1910,0,0,0,NA,0,009,W OLYMPIC BL,S ROBERTSON BL,0,NA,Y,A,-,N,NA,NA,NA,NA,NA,NA,NA,NA,NA,Y,4,0,1,2,A,-,09,21801,A,N,D,C,A,A,H,-,C,A,0,NA,NA,NA,NA,Y,NA,A,07,0,0,1,0,0,0,0,0,0,-,-,34.05938,-118.38367,LOS ANGELES,BEVERLY HILLS,-118.3836401,34.05937001
8448280,2017,2017-09-12,1942,2017-07-15,1215,38942,2056,6,5,7,1942,0,0,0,NA,0,20T56,VERMONT AV,SAN MARINO ST,36,N,N,A,-,N,NA,NA,NA,NA,NA,NA,NA,NA,NA,N,4,0,1,2,A,-,03,22350,NA,N,C,C,A,A,H,-,A,D,0,NA,NA,NA,NA,Y,NA,A,01,0,0,1,0,0,0,0,0,0,-,-,NA,NA,LOS ANGELES,LOS ANGELES,-118.29164,34.05509873
8448281,2017,2017-09-25,1900,2017-08-17,1743,602458,1133,4,5,6,1992,0,0,0,NA,0,111T2,AVENUE J,CHALLENGER WY,0,NA,Y,A,-,N,NA,NA,NA,NA,NA,NA,NA,NA,NA,Y,4,0,2,2,A,-,09,21801,A,N,D,C,A,A,H,-,A,A,0,NA,NA,NA,NA,Y,NA,A,07,0,0,2,0,0,0,0,0,0,-,-,NA,NA,LOS ANGELES,LANCASTER,-118.11266,34.68948
8448284,2017,2017-09-12,1942,2017-07-26,0940,31573,2027,3,5,7,1942,0,0,0,NA,0,34MQ09,CATALINA ST,6TH ST,100,S,N,A,-,N,NA,NA,NA,NA,NA,NA,NA,NA,NA,N,4,0,1,2,A,-,11,21955,NA,N,G,B,D,A,H,-,A,A,0,Y,NA,NA,NA,Y,NA,N,60,0,0,1,0,1,0,0,0,0,-,-,NA,NA,LOS ANGELES,LOS ANGELES,-118.29537363,34.06333576
8448288,2017,2017-09-12,1942,2017-07-29,0900,36553,2074,6,5,7,1942,0,0,0,NA,0,14TL49,VENICE BL,ROOSEVELT AV,200,E,N,A,-,N,NA,NA,NA,NA,NA,NA,NA,NA,NA,Y,4,0,1,2,A,-,03,22350,NA,N,C,C,A,A,H,-,A,D,0,NA,NA,NA,NA,Y,NA,A,01,0,0,1,0,0,0,0,0,0,-,-,NA,NA,LOS ANGELES,LOS ANGELES,-118.30116282,34.04365842
8448291,2017,2017-09-15,1900,2017-09-01,1515,510509,1127,5,5,6,1992,0,0,0,NA,0,111T2,30TH ST WEST,AVENUE J4,0,NA,Y,A,-,N,NA,NA,NA,NA,NA,NA,NA,NA,NA,Y,4,0,2,3,A,-,09,21802,A,N,B,C,A,A,H,-,A,D,0,NA,NA,NA,NA,Y,NA,A,01,0,0,2,0,0,0,0,0,0,-,-,NA,NA,LOS ANGELES,LANCASTER,-118.07694011,34.68620009
8448292,2017,2017-09-12,1942,2017-07-28,0910,26281,1489,5,5,7,1942,0,0,0,N,0,7MQ56,97TH PL,LA CIENEGA BL,46,W,N,A,-,N,NA,NA,NA,NA,NA,NA,NA,NA,NA,Y,2,0,2,5,A,-,21,22106,NA,N,G,B,E,A,H,-,A,D,0,Y,NA,NA,NA,Y,NA,A,01,1,0,1,0,1,0,0,0,0,-,-,NA,NA,LOS ANGELES,LOS ANGELES,-118.37047135,33.94759709
8448293,2017,2017-09-25,1942,2017-08-11,0825,26281,2021,5,5,7,1942,0,0,0,NA,0,7MQ56,BRONSON AV,WILSHIRE BL,0,NA,Y,A,-,N,NA,NA,NA,NA,NA,NA,NA,NA,NA,N,3,0,1,2,A,-,09,21801,A,N,D,G,A,A,H,-,A,D,0,NA,Y,NA,NA,Y,NA,A,01,0,1,0,0,0,0,1,0,0,-,-,NA,NA,LOS ANGELES,LOS ANGELES,-118.31791007,34.06170004