CASE_ID,ACCIDENT_YEAR,PROC_DATE,JURIS,COLLISION_DATE,COLLISION_TIME,OFFICER_ID,REPORTING_DISTRICT,DAY_OF_WEEK,CHP_SHIFT,POPULATION,CNTY_CITY_LOC,SPECIAL_COND,BEAT_TYPE,CHP_BEAT_TYPE,CITY_DIVISION_LAPD,CHP_BEAT_CLASS,BEAT_NUMBER,PRIMARY_RD,SECONDARY_RD,DISTANCE,DIRECTION,INTERSECTION,WEATHER_1,WEATHER_2,STATE_HWY_IND,CALTRANS_COUNTY,CALTRANS_DISTRICT,STATE_ROUTE,ROUTE_SUFFIX,POSTMILE_PREFIX,POSTMILE,LOCATION_TYPE,RAMP_INTERSECTION,SIDE_OF_HWY,TOW_AWAY,COLLISION_SEVERITY,NUMBER_KILLED,NUMBER_INJURED,PARTY_COUNT,PRIMARY_COLL_FACTOR,PCF_CODE_OF_VIOL,PCF_VIOL_CATEGORY,PCF_VIOLATION,PCF_VIOL_SUBSECTION,HIT_AND_RUN,TYPE_OF_COLLISION,MVIW,PED_ACTION,ROAD_SURFACE,ROAD_COND_1,ROAD_COND_2,LIGHTING,CONTROL_DEVICE,CHP_ROAD_TYPE,PEDESTRIAN_ACCIDENT,BICYCLE_ACCIDENT,MOTORCYCLE_ACCIDENT,TRUCK_ACCIDENT,NOT_PRIVATE_PROPERTY,ALCOHOL_INVOLVED,STWD_VEHTYPE_AT_FAULT,CHP_VEHTYPE_AT_FAULT,COUNT_SEVERE_INJ,COUNT_VISIBLE_INJ,COUNT_COMPLAINT_PAIN,COUNT_PED_KILLED,COUNT_PED_INJURED,COUNT_BICYCLIST_KILLED,COUNT_BICYCLIST_INJURED,COUNT_MC_KILLED,COUNT_MC_INJURED,PRIMARY_RAMP,SECONDARY_RAMP,LATITUDE,LONGITUDE,COUNTY,CITY,POINT_X,POINT_Y
8448295,2017,2017-09-15,1900,2017-09-01,1530,615102,1126,5,5,6,1992,0,0,0,NA,0,112T2,20TH ST WEST,AVENUE J,0,NA,Y,A,-,N,NA,NA,NA,NA,NA,NA,NA,NA,NA,Y,4,0,2,2,A,-,09,21801,A,N,A,C,A,A,H,-,A,A,0,NA,NA,NA,NA,Y,NA,-,-,0,0,2,0,0,0,0,0,0,-,-,NA,NA,LOS ANGELES,LANCASTER,-118.16566004,34.68942004
8448296,2017,2017-09-13,1942,2017-07-12,0510,35330,0510,3,5,7,1942,0,0,0,E,0,1494,104TH ST,AVIATION AV,0,NA,-,A,-,N,NA,NA,NA,NA,NA,NA,NA,NA,NA,Y,3,0,1,2,A,-,01,23152,A,N,A,C,A,A,H,-,C,D,0,NA,NA,NA,NA,Y,Y,A,01,0,1,0,0,0,0,0,0,0,-,-,NA,NA,LOS ANGELES,LOS ANGELES,-118.37891005,33.94222007
8448297,2017,2017-09-25,1942,2017-08-02,2130,40690,2031,3,5,7,1942,0,0,0,NA,0,20T59,WILSHIRE BL,WESTERN AV,0,NA,Y,A,-,N,NA,NA,NA,NA,NA,NA,NA,NA,NA,Y,3,0,4,2,A,-,09,21801,A,N,D,C,A,A,H,-,C,A,0,NA,NA,NA,NA,Y,NA,A,01,0,2,2,0,0,0,0,0,0,-,-,NA,NA,LOS ANGELES,LOS ANGELES,-118.30908006,34.06168006
8448299,2017,2017-09-15,1900,2017-09-01,2316,602401,1137,5,5,6,1992,0,0,0,NA,0,114A,20TH ST EAST,AVENUE J,237,S,N,A,-,N,NA,NA,NA,NA,NA,NA,NA,NA,NA,N,2,0,1,2,A,-,11,21954,A,N,G,B,D,A,D,-,C,D,0,Y,NA,NA,NA,Y,NA,N,60,1,0,0,0,1,0,0,0,0,-,-,NA,NA,LOS ANGELES,LANCASTER,-118.09477532,34.68898024
8448300,2017,2017-09-13,1942,2017-07-14,0135,39022,1432,5,5,7,1942,0,0,0,N,0,7T23,VENICE BL,SHELL AV,0,NA,-,A,-,N,NA,NA,NA,NA,NA,NA,NA,NA,NA,Y,3,0,1,1,A,-,01,23152,A,N,E,I,A,A,H,-,C,D,0,NA,NA,NA,NA,Y,Y,A,07,0,1,0,0,0,0,0,0,0,-,-,NA,NA,LOS ANGELES,LOS ANGELES,-118.45903011,33.99098006
8448301,2017,2017-09-25,1942,2017-08-21,1015,41054,2056,1,5,7,1942,0,0,0,NA,0,7TL23,W OLYMPIC BL,S NEW HAMPSHIRE AV,0,NA,Y,A,-,N,NA,NA,NA,NA,NA,NA,NA,NA,NA,Y,3,0,2,2,A,-,09,21801,A,N,D,C,A,A,H,-,A,D,0,NA,NA,NA,NA,Y,NA,A,07,0,1,1,0,0,0,0,0,0,-,-,NA,NA,LOS ANGELES,LOS ANGELES,-118.29265,34.05267004
8448303,2017,2017-09-15,1942,2017-09-01,0035,40157,2079,5,5,7,1942,0,0,0,NA,0,8TL35,VERMONT AV,PICO BL,400,S,N,A,-,N,NA,NA,NA,NA,NA,NA,NA,NA,NA,N,3,0,1,2,A,-,01,23152,A,F,G,B,E,A,H,-,C,D,0,Y,NA,NA,NA,Y,Y,A,01,0,1,0,0,1,0,0,0,0,-,-,NA,NA,LOS ANGELES,LOS ANGELES,-118.29161,34.04616305
8448304,2017,2017-09-13,1942,2017-07-27,0530,41957,2074,4,5,7,1942,0,0,0,NA,0,7TL23,VENICE BL,NORMANDIE AV,45,E,N,A,-,N,NA,NA,NA,NA,NA,NA,NA,NA,NA,N,3,0,1,2,A,-,05,21650,1,N,H,G,A,A,G,-,C,A,0,NA,Y,NA,NA,Y,NA,L,04,0,1,0,0,0,0,1,0,0,-,-,NA,NA,LOS ANGELES,LOS ANGELES,-118.30087381,34.04369052
8448305,2017,2017-09-25,1942,2017-08-04,2340,40899,2022,5,5,7,1942,0,0,0,NA,0,20T59,WESTERN AV,4TH ST,210,N,N,A,-,N,NA,NA,NA,NA,NA,NA,NA,NA,NA,N,4,0,1,2,A,-,03,22350,NA,N,C,C,A,A,H,-,C,A,0,NA,NA,NA,NA,Y,NA,A,01,0,0,1,0,0,0,0,0,0,-,-,NA,NA,LOS ANGELES,LOS ANGELES,-118.309118,34.067716
8448308,2017,2017-09-13,1942,2017-07-13,1210,38590,2019,4,5,7,1942,0,0,0,NA,0,7TL38,VERMONT AV,BEVERLY BL,265,S,N,A,-,N,NA,NA,NA,NA,NA,NA,NA,NA,NA,N,3,0,1,2,B,-,22,NA,NA,N,D,G,A,A,H,-,A,D,0,NA,Y,NA,NA,Y,NA,L,04,0,1,0,0,0,0,1,0,0,-,-,NA,NA,LOS ANGELES,LOS ANGELES,-118.29168,34.07559328
8448309,2017,2017-09-25,1942,2017-08-21,0830,41672,2021,1,5,7,1942,0,0,0,NA,0,8TL35,W 6TH ST,S WINDSOR BL,0,NA,Y,A,-,N,NA,NA,NA,NA,NA,NA,NA,NA,NA,N,4,0,2,2,A,-,09,21801,A,N,D,C,A,A,H,-,A,D,0,NA,NA,NA,NA,Y,NA,A,01,0,0,2,0,0,0,0,0,0,-,-,NA,NA,LOS ANGELES,LOS ANGELES,-118.32143001,34.0636001
8448313,2017,2017-09-25,1942,2017-08-27,0730,34959,2044,7,5,7,1942,0,0,0,NA,0,20T59,IROLO ST,8TH ST,0,NA,Y,B,-,N,NA,NA,NA,NA,NA,NA,NA,NA,NA,N,4,0,1,2,A,-,12,21453,A,N,D,C,A,A,H,-,A,A,0,NA,NA,NA,NA,Y,NA,A,07,0,0,1,0,0,0,0,0,0,-,-,NA,NA,LOS ANGELES,LOS ANGELES,-118.30090006,34.05773001
8448317,2017,2017-09-25,1942,2017-08-26,1410,38590,2064,6,5,7,1942,0,0,0,NA,0,6TL4,NORMANDIE AV,12TH ST,100,S,N,A,-,N,NA,NA,NA,NA,NA,NA,NA,NA,NA,N,4,0,1,2,A,-,03,22350,NA,N,C,C,A,A,H,-,A,D,0,NA,NA,NA,NA,Y,NA,A,01,0,0,1,0,0,0,0,0,0,-,-,NA,NA,LOS ANGELES,LOS ANGELES,-118.29997899,34.04879575
8448318,2017,2017-09-29,1900,2017-08-28,1249,510509,1127,1,5,6,1992,0,0,0,NA,0,11T4,AVENUE J,20TH ST W,445,W,N,A,-,N,NA,NA,NA,NA,NA,NA,NA,NA,NA,N,4,0,1,2,A,-,09,21804,A,N,B,G,A,A,H,-,A,D,0,NA,Y,NA,NA,Y,NA,A,01,0,0,1,0,0,0,1,0,0,-,-,NA,NA,LOS ANGELES,LANCASTER,-118.16713725,34.68942
8448341,2017,2017-09-25,1972,2017-08-28,1514,16610,NA,1,5,6,1972,0,0,0,NA,0,NA,CRENSHAW BL,ROLLING HILLS RD,80,N,N,A,-,N,NA,NA,NA,NA,NA,NA,NA,NA,NA,N,4,0,2,3,A,-,03,22350,NA,F,C,C,A,A,H,-,A,A,0,NA,NA,NA,NA,Y,NA,A,NA,0,0,2,0,0,0,0,0,0,-,-,NA,NA,LOS ANGELES,TORRANCE,-118.34058659,33.788508039999996
8448345,2017,2017-09-25,1972,2017-08-27,0005,19049,NA,7,5,6,1972,0,0,0,NA,0,NA,CABRILLO AV,213TH ST,30,N,N,A,-,N,NA,NA,NA,NA,NA,NA,NA,NA,NA,Y,3,0,2,1,A,-,01,23152,A,N,A,I,A,A,H,-,C,D,0,NA,NA,NA,NA,Y,NA,A,NA,0,1,1,0,0,0,0,0,0,-,-,NA,NA,LOS ANGELES,TORRANCE,-118.31446287,33.83537004
8448349,2017,2017-09-25,1972,2017-08-03,1706,19767,NA,4,5,6,1972,0,0,0,NA,0,NA,MADISON ST,SKYPARK DR,0,NA,Y,A,-,N,NA,NA,NA,NA,NA,NA,NA,NA,NA,Y,3,0,2,2,A,-,09,21801,A,N,D,C,A,A,H,-,A,A,0,NA,NA,NA,NA,Y,NA,A,NA,0,2,0,0,0,0,0,0,0,-,-,NA,NA,LOS ANGELES,TORRANCE,-118.34818002,33.81100009
8448353,2017,2017-09-25,1972,2017-08-22,1519,19320,NA,2,5,6,1972,0,0,0,NA,0,NA,ANZA,190TH ST,0,NA,Y,A,-,N,NA,NA,NA,NA,NA,NA,NA,NA,NA,N,4,0,1,2,A,-,10,21950,A,N,G,B,B,A,H,-,A,A,0,Y,NA,NA,NA,Y,NA,A,NA,0,0,1,0,1,0,0,0,0,-,-,NA,NA,LOS ANGELES,TORRANCE,-118.3654801,33.85827008
8448357,2017,2017-09-25,1972,2017-08-23,0708,18450,NA,3,5,6,1972,0,0,0,NA,0,NA,ABALONE AV,216TH ST,0,NA,Y,A,-,N,NA,NA,NA,NA,NA,NA,NA,NA,NA,Y,3,0,1,1,A,-,08,22107,NA,N,E,I,A,A,H,-,A,D,0,NA,NA,NA,NA,Y,NA,A,NA,0,1,0,0,0,0,0,0,0,-,-,NA,NA,LOS ANGELES,TORRANCE,-118.31175001,33.83244011
8448365,2017,2017-09-25,1928,2017-08-29,1754,362,515,2,5,5,1928,0,0,0,NA,0,503,JEFFERSON AV,EL SEGUNDO BL,75,S,N,A,-,N,NA,NA,NA,NA,NA,NA,NA,NA,NA,Y,3,0,1,2,A,-,05,21202,A,N,H,G,A,A,H,-,A,D,0,NA,Y,NA,NA,Y,NA,L,04,0,1,0,0,0,0,1,0,0,-,-,33.91643,-118.34667,LOS ANGELES,HAWTHORNE,-118.34674813,33.9162143
8448369,2017,2017-09-25,1928,2017-08-31,2003,347,509,4,5,5,1928,0,0,0,NA,0,502,EL SEGUNDO BL,DOTY AV,0,NA,Y,A,-,N,NA,NA,NA,NA,NA,NA,NA,NA,NA,N,4,0,5,2,A,-,03,22350,NA,N,C,C,A,A,H,-,C,A,0,NA,NA,NA,NA,Y,NA,A,01,0,0,5,0,0,0,0,0,0,-,-,33.91643,-118.33955,LOS ANGELES,HAWTHORNE,-118.33956007,33.91642007
8448403,2017,2017-09-28,1942,2017-08-24,1630,42863,1239,4,5,7,1942,0,0,0,L,0,12A31,FIGUEROA ST,58TH ST,0,NA,Y,A,-,N,NA,NA,NA,NA,NA,NA,NA,NA,NA,Y,4,0,1,2,A,-,09,21802,A,N,D,C,A,A,H,-,A,D,0,NA,NA,NA,NA,Y,NA,A,01,0,0,1,0,0,0,0,0,0,-,-,NA,NA,LOS ANGELES,LOS ANGELES,-118.28268011,33.98969005
8448404,2017,2017-09-20,1907,2017-08-05,0311,235,1,6,5,4,1907,0,0,0,NA,0,NA,FLORENCE AV,BEAR AV,16,W,N,A,-,N,NA,NA,NA,NA,NA,NA,NA,NA,NA,Y,3,0,2,2,A,-,01,23152,A,N,A,C,A,A,H,-,C,A,0,NA,NA,NA,NA,Y,Y,A,01,0,1,1,0,0,0,0,0,0,-,-,33.97145,-118.19894,LOS ANGELES,BELL,-118.19901222,33.9714657
8448407,2017,2017-09-28,1942,2017-08-27,2100,41567,1203,7,5,7,1942,0,0,0,L,0,12X42,VERNON AV,WESTERN AV,105,E,N,A,-,N,NA,NA,NA,NA,NA,NA,NA,NA,NA,N,4,0,1,2,A,-,09,21804,NA,F,D,C,A,A,H,-,C,D,0,NA,NA,NA,NA,Y,NA,-,99,0,0,1,0,0,0,0,0,0,-,-,NA,NA,LOS ANGELES,LOS ANGELES,-118.30858423,34.00372
8448408,2017,2017-09-20,1907,2017-08-01,1325,202,2,2,5,4,1907,0,0,0,NA,0,NA,FLORENCE AV,CRAFTON AV,148,E,N,A,-,N,NA,NA,NA,NA,NA,NA,NA,NA,NA,N,4,0,1,2,A,-,09,21804,A,N,D,C,A,A,H,-,A,D,0,NA,NA,Y,NA,Y,NA,A,01,0,0,1,0,0,0,0,0,1,-,-,33.96861,-118.17509,LOS ANGELES,BELL,-118.17473775,33.96890278
8448411,2017,2017-09-28,1942,2017-08-21,0125,37876,1257,1,5,7,1942,0,0,0,L,0,12A31,VERMONT AV,78TH ST,45,S,N,A,-,N,NA,NA,NA,NA,NA,NA,NA,NA,NA,Y,4,0,2,1,A,-,03,22350,NA,N,E,I,A,A,H,-,C,D,0,NA,NA,NA,NA,Y,NA,A,01,0,0,2,0,0,0,0,0,0,-,-,NA,NA,LOS ANGELES,LOS ANGELES,NA,NA
8448412,2017,2017-09-20,1907,2017-08-19,2103,233,1,6,5,4,1907,0,0,0,NA,0,NA,FLORENCE AV,OTIS AV,7,E,N,A,-,N,NA,NA,NA,NA,NA,NA,NA,NA,NA,N,4,0,1,2,A,-,04,21703,NA,N,C,C,A,A,H,-,E,D,0,NA,NA,NA,NA,Y,NA,A,01,0,0,1,0,0,0,0,0,0,-,-,33.97092,-118.19383,LOS ANGELES,BELL,-118.19380712,33.97091776
8448415,2017,2017-09-28,1942,2017-08-21,2140,41488,1253,1,5,7,1942,0,0,0,L,0,12X56,S WESTERN AV,W FLORENCE AV,0,NA,Y,A,-,N,NA,NA,NA,NA,NA,NA,NA,NA,NA,N,4,0,1,2,A,-,10,21950,A,N,G,B,B,A,H,-,C,A,0,Y,NA,NA,NA,Y,NA,A,01,0,0,1,0,1,0,0,0,0,-,-,NA,NA,LOS ANGELES,LOS ANGELES,-118.30898006,33.97457001
8448416,2017,2017-09-20,1907,2017-08-24,2000,209,2,4,5,4,1907,0,0,0,NA,0,NA,FLORENCE AV,VINEVALE AV,42,W,N,A,-,N,NA,NA,NA,NA,NA,NA,NA,NA,NA,N,3,0,1,2,A,-,11,21954,A,F,G,B,D,A,H,-,C,A,0,Y,NA,NA,NA,Y,NA,N,60,0,1,0,0,1,0,0,0,0,-,-,33.96968,-118.18208,LOS ANGELES,BELL,-118.18223725,33.96968372
8448419,2017,2017-10-24,1942,2017-08-03,0900,42745,0313,4,5,7,1942,0,0,0,C,0,3A1,ADAMS BL,CRENSHAW BL,150,E,N,A,-,N,NA,NA,NA,NA,NA,NA,NA,NA,NA,Y,4,0,1,2,A,-,09,21804,A,F,D,C,A,A,H,-,A,A,0,NA,NA,NA,NA,Y,NA,-,99,0,0,1,0,0,0,0,0,0,-,-,NA,NA,LOS ANGELES,LOS ANGELES,-118.33451592,34.03258668
8448420,2017,2017-09-20,1907,2017-08-07,1530,226,3,1,5,4,1907,0,0,0,NA,0,NA,BANDINI BL,WILEY POST,0,NA,Y,A,-,N,NA,NA,NA,NA,NA,NA,NA,NA,NA,N,4,0,2,2,A,-,09,21801,A,N,D,C,A,A,H,-,A,D,0,NA,NA,NA,NA,Y,NA,A,01,0,0,2,0,0,0,0,0,0,-,-,33.99214,-118.16113,LOS ANGELES,BELL,-118.16199,33.99304002
8448423,2017,2017-09-28,1942,2017-08-04,0855,42745,0358,5,5,7,1942,0,0,0,C,0,3A1,JEFFERSON BL,VERMONT AV,450,E,N,A,-,N,NA,NA,NA,NA,NA,NA,NA,NA,NA,Y,3,0,1,1,A,-,03,22350,NA,N,E,I,A,A,H,-,A,A,0,NA,NA,NA,NA,Y,NA,A,01,0,1,0,0,0,0,0,0,0,-,-,NA,NA,LOS ANGELES,LOS ANGELES,-118.29004572,34.02544
8448425,2017,2017-09-14,1942,2017-08-26,1835,41210,1445,6,5,7,1942,0,0,0,N,0,8TL35,VENICE BL,WADE ST,0,NA,Y,A,-,N,NA,NA,NA,NA,NA,NA,NA,NA,NA,Y,4,0,1,2,A,-,09,21801,A,F,A,C,A,A,H,-,A,A,0,NA,NA,NA,NA,Y,NA,A,01,0,0,1,0,0,0,0,0,0,-,-,NA,NA,LOS ANGELES,LOS ANGELES,-118.43809013,34.00151008
8448426,2017,2017-09-14,1942,2017-08-15,1510,36865,0509,2,5,7,1942,0,0,0,E,0,5A1,WESTERN AV,242ND PL,300,S,N,A,-,N,NA,NA,NA,NA,NA,NA,NA,NA,NA,Y,4,0,4,3,A,-,03,22350,NA,N,B,C,A,A,H,-,A,A,0,NA,NA,NA,NA,Y,NA,A,01,0,0,4,0,0,0,0,0,0,-,-,NA,NA,LOS ANGELES,LOS ANGELES,-118.30773913,33.80411736
8448427,2017,2017-09-28,1942,2017-08-02,2255,39065,0326,3,5,7,1942,0,0,0,C,0,3XL95,ADAMS,NORMANDIE AV,2,W,N,A,-,N,NA,NA,NA,NA,NA,NA,NA,NA,NA,N,3,0,2,1,A,-,03,22350,NA,N,A,I,A,A,H,-,C,D,0,NA,NA,NA,NA,Y,NA,-,NA,0,2,0,0,0,0,0,0,0,-,-,NA,NA,LOS ANGELES,LOS ANGELES,-118.30024659,34.03272
8448429,2017,2017-09-14,1942,2017-08-01,1500,42161,1474,2,5,7,1942,0,0,0,N,0,14T52,LINCOLN BL,MANCHESTER AV,0,NA,N,A,-,N,NA,NA,NA,NA,NA,NA,NA,NA,NA,N,3,0,2,2,A,-,09,21801,A,N,D,C,A,A,H,-,A,D,0,NA,NA,NA,NA,Y,NA,A,01,0,1,1,0,0,0,0,0,0,-,-,NA,NA,LOS ANGELES,LOS ANGELES,-118.41932012,33.95986007
8448430,2017,2017-09-14,1942,2017-08-26,1145,40758,0581,6,5,7,1942,0,0,0,E,0,5085,25TH ST,WESTERN,100,E,N,A,-,N,NA,NA,NA,NA,NA,NA,NA,NA,NA,N,4,0,1,2,A,-,03,22350,NA,F,C,C,A,A,H,-,A,D,0,NA,NA,NA,NA,Y,NA,-,99,0,0,1,0,0,0,0,0,0,-,-,NA,NA,LOS ANGELES,LOS ANGELES,-118.31261839,33.72278387
8448431,2017,2017-09-29,1942,2017-08-28,1520,42791,0353,1,5,7,1942,0,0,0,C,0,3A74,RODEO RD,VICTORIA AV,0,NA,Y,A,-,N,NA,NA,NA,NA,NA,NA,NA,NA,NA,N,4,0,1,2,A,-,09,21801,A,N,D,C,A,A,H,-,A,D,0,NA,NA,NA,NA,Y,NA,A,01,0,0,1,0,0,0,0,0,0,-,-,NA,NA,LOS ANGELES,LOS ANGELES,-118.33635,34.0214401
8448433,2017,2017-09-14,1942,2017-08-25,1200,41054,2005,5,5,7,1942,0,0,0,NA,0,7TL23,N ARDMORE AV,MELROSE AV,11,S,N,A,-,N,NA,NA,NA,NA,NA,NA,NA,NA,NA,N,3,0,1,2,A,-,12,21453,A,F,H,G,A,A,H,-,A,A,0,NA,Y,NA,NA,Y,NA,-,99,0,1,0,0,0,0,1,0,0,-,-,NA,NA,LOS ANGELES,LOS ANGELES,-118.30173936,34.08351984
8448434,2017,2017-09-14,1942,2017-08-26,1410,42634,0522,6,5,7,1942,0,0,0,E,0,5A59,ANAHEIM ST,BAYVIEW AV,0,NA,Y,A,-,N,NA,NA,NA,NA,NA,NA,NA,NA,NA,Y,3,0,2,2,A,-,09,21804,A,N,D,C,A,A,H,-,A,D,0,NA,NA,NA,NA,Y,NA,A,01,0,1,1,0,0,0,0,0,0,-,-,NA,NA,LOS ANGELES,LOS ANGELES,-118.27028004,33.77955007
8448437,2017,2017-09-14,1942,2017-08-01,2025,35945,2023,2,5,7,1942,0,0,0,NA,0,20T59,4TH ST,HOBART BL,0,NA,Y,A,-,N,NA,NA,NA,NA,NA,NA,NA,NA,NA,Y,3,0,4,5,A,-,12,22450,A,N,D,C,B,A,H,-,C,A,0,Y,NA,NA,NA,Y,NA,A,01,0,3,1,0,2,0,0,0,0,-,-,NA,NA,LOS ANGELES,LOS ANGELES,-118.3053801,34.06719004
8448438,2017,2017-09-14,1942,2017-08-24,2020,41122,NA,4,5,7,1942,0,0,0,NA,0,NA,PACIFIC AV,7TH ST,0,NA,Y,A,-,N,NA,NA,NA,NA,NA,NA,NA,NA,NA,N,4,0,1,3,A,-,03,22350,NA,N,C,C,A,A,H,-,C,A,0,NA,NA,NA,NA,Y,NA,-,NA,0,0,1,0,0,0,0,0,0,-,-,NA,NA,LOS ANGELES,LOS ANGELES,-118.28792008,33.73788004
8448442,2017,2017-09-14,1942,2017-08-23,1750,36659,0557,3,5,7,1942,0,0,0,E,0,5A55,GRAND AV,7TH ST,0,NA,Y,A,-,N,NA,NA,NA,NA,NA,NA,NA,NA,NA,N,3,0,1,2,A,-,10,21950,A,N,G,B,B,A,H,-,A,A,0,Y,NA,NA,NA,Y,NA,A,01,0,1,0,0,1,0,0,0,0,-,-,NA,NA,LOS ANGELES,LOS ANGELES,-118.29016007,33.73787005
8448446,2017,2017-09-14,1942,2017-08-26,1603,36737,0557,6,5,7,1942,0,0,0,E,0,5X64W4,PACIFIC AV,2ND ST,0,NA,Y,A,-,N,NA,NA,NA,NA,NA,NA,NA,NA,NA,Y,4,0,1,2,A,-,09,21802,A,N,D,C,A,A,H,-,A,D,0,NA,NA,NA,NA,Y,NA,A,01,0,0,1,0,0,0,0,0,0,-,-,NA,NA,LOS ANGELES,LOS ANGELES,-118.28790011,33.74242007
8448450,2017,2017-09-14,1942,2017-08-09,1330,41927,0513,3,5,7,1942,0,0,0,E,0,25T22,VERMONT AV,PACIFIC COAST HWY,50,S,N,A,-,N,NA,NA,NA,NA,NA,NA,NA,NA,NA,N,4,0,1,2,A,-,03,22350,NA,F,C,C,A,A,H,-,A,D,0,NA,NA,NA,NA,Y,NA,-,99,0,0,1,0,0,0,0,0,0,-,-,NA,NA,LOS ANGELES,LOS ANGELES,-118.29184899,33.79090742
8448453,2017,2017-09-14,1910,2017-08-30,1817,03209,NA,3,5,4,1910,0,0,0,NA,0,007,SANTA MONICA BL,CRESCENT DR,60,W,N,A,-,N,NA,NA,NA,NA,NA,NA,NA,NA,NA,N,4,0,1,2,A,-,03,22350,NA,N,C,C,A,A,H,-,A,A,0,NA,NA,NA,NA,Y,NA,A,01,0,0,1,0,0,0,0,0,0,-,-,NA,NA,LOS ANGELES,BEVERLY HILLS,-118.40176246,34.07296518
8448454,2017,2017-09-14,1942,2017-08-22,1236,36659,0565,2,5,7,1942,0,0,0,E,0,5A55,GAFFEY ST,10TH ST,0,NA,Y,A,-,N,NA,NA,NA,NA,NA,NA,NA,NA,NA,N,3,0,1,2,A,-,11,21950,B,N,G,B,D,A,H,-,A,A,0,Y,NA,NA,NA,Y,NA,N,60,0,1,0,0,1,0,0,0,0,-,-,NA,NA,LOS ANGELES,LOS ANGELES,-118.29236004,33.73516002
8448457,2017,2017-09-14,1910,2017-08-29,1000,03633,NA,2,5,4,1910,0,0,0,NA,0,007,SWALL DR,WHITWORTH DR,0,NA,Y,A,-,N,NA,NA,NA,NA,NA,NA,NA,NA,NA,Y,3,0,1,2,A,-,09,21802,A,N,D,C,A,A,H,-,A,D,0,NA,NA,NA,NA,Y,NA,A,01,0,1,0,0,0,0,0,0,0,-,-,NA,NA,LOS ANGELES,BEVERLY HILLS,-118.38575009,34.05709006
8448458,2017,2017-09-14,1942,2017-08-18,0835,42603,0555,5,5,7,1942,0,0,0,E,0,5A59,GAFFEY ST,4TH ST,0,NA,Y,A,-,N,NA,NA,NA,NA,NA,NA,NA,NA,NA,NA,4,0,2,3,A,-,09,21804,A,N,C,C,A,A,H,-,A,A,0,NA,NA,NA,NA,Y,NA,A,01,0,0,2,0,0,0,0,0,0,-,-,NA,NA,LOS ANGELES,LOS ANGELES,-118.29232005,33.7406201
8448461,2017,2017-09-14,1910,2017-08-25,1822,04586,NA,5,5,4,1910,0,0,0,NA,0,005,NORTH SANTA MONICA BL,WILSHIRE BL,40,W,N,A,-,N,NA,NA,NA,NA,NA,NA,NA,NA,NA,NA,3,0,2,3,A,-,04,21703,NA,N,C,C,A,A,D,-,A,A,0,NA,NA,NA,NA,Y,NA,A,01,0,1,1,0,0,0,0,0,0,-,-,34.06685,-118.41049,LOS ANGELES,BEVERLY HILLS,-118.4105207,34.06699919
8448462,2017,2017-09-14,1942,2017-08-18,1600,42634,0555,5,5,7,1942,0,0,0,E,0,5A1,1ST,DUNN ST,8,W,N,A,-,N,NA,NA,NA,NA,NA,NA,NA,NA,NA,Y,3,0,2,3,A,-,05,21651,A,N,A,-,A,A,H,-,A,A,0,NA,NA,NA,NA,Y,NA,A,01,0,1,1,0,0,0,0,0,0,-,-,NA,NA,LOS ANGELES,LOS ANGELES,-118.30054626,33.74336
8448465,2017,2017-09-14,1926,2017-08-30,1505,0022,NA,3,5,5,1926,0,0,0,NA,0,003,FOOTHILL BL,LORAINE AV,0,NA,Y,A,-,N,NA,NA,NA,NA,NA,NA,NA,NA,NA,N,3,0,1,2,A,-,03,22350,NA,N,D,G,A,A,H,-,A,A,0,NA,Y,NA,NA,Y,NA,L,04,0,1,0,0,0,0,1,0,0,-,-,NA,NA,LOS ANGELES,GLENDORA,-117.84633012,34.1360901
8448466,2017,2017-09-14,1942,2017-08-17,1230,38259,521,4,5,7,1942,0,0,0,NA,0,NA,N GAFFEY ST,CAPITAL,0,NA,N,A,-,N,NA,NA,NA,NA,NA,NA,NA,NA,NA,N,4,0,1,2,A,-,21,22106,NA,F,H,B,F,A,H,-,A,D,0,Y,NA,NA,NA,Y,NA,-,99,0,0,1,0,1,0,0,0,0,-,-,NA,NA,LOS ANGELES,LOS ANGELES,-118.29260009,33.75913003
8448496,2017,2017-09-20,1900,2017-09-05,0700,281409,2914,2,5,4,1974,0,0,0,NA,0,391K2D,LEMON AV,CARREY RD,0,NA,Y,A,-,N,NA,NA,NA,NA,NA,NA,NA,NA,NA,Y,4,0,2,2,A,-,12,21453,A,N,D,C,A,A,H,-,A,A,0,NA,NA,NA,NA,Y,NA,A,07,0,0,2,0,0,0,0,0,0,-,-,NA,NA,LOS ANGELES,WALNUT,-117.86207013,34.01319004
8448500,2017,2017-09-19,1942,2017-09-03,0010,42364,1209,7,5,7,1942,0,0,0,L,0,25T21,NORMANDIE AV,48TH ST,50,S,N,A,-,N,NA,NA,NA,NA,NA,NA,NA,NA,NA,N,2,0,1,2,A,-,11,21955,NA,F,G,B,D,A,H,-,C,A,0,Y,NA,NA,NA,Y,NA,N,60,1,0,0,0,1,0,0,0,0,-,-,NA,NA,LOS ANGELES,LOS ANGELES,-118.30019,33.99994287
8448504,2017,2017-10-09,1942,2017-09-01,0411,42601,1243,5,5,7,1942,0,0,0,L,0,12A15,67TH ST,SAINT ANDREWS PL,2,W,N,A,-,N,NA,NA,NA,NA,NA,NA,NA,NA,NA,Y,4,0,1,1,A,-,01,23152,A,N,E,I,A,A,H,-,C,A,0,NA,NA,NA,NA,Y,Y,A,01,0,0,1,0,0,0,0,0,0,-,-,NA,NA,LOS ANGELES,LOS ANGELES,-118.31119658,33.97849