CASE_ID,ACCIDENT_YEAR,PROC_DATE,JURIS,COLLISION_DATE,COLLISION_TIME,OFFICER_ID,REPORTING_DISTRICT,DAY_OF_WEEK,CHP_SHIFT,POPULATION,CNTY_CITY_LOC,SPECIAL_COND,BEAT_TYPE,CHP_BEAT_TYPE,CITY_DIVISION_LAPD,CHP_BEAT_CLASS,BEAT_NUMBER,PRIMARY_RD,SECONDARY_RD,DISTANCE,DIRECTION,INTERSECTION,WEATHER_1,WEATHER_2,STATE_HWY_IND,CALTRANS_COUNTY,CALTRANS_DISTRICT,STATE_ROUTE,ROUTE_SUFFIX,POSTMILE_PREFIX,POSTMILE,LOCATION_TYPE,RAMP_INTERSECTION,SIDE_OF_HWY,TOW_AWAY,COLLISION_SEVERITY,NUMBER_KILLED,NUMBER_INJURED,PARTY_COUNT,PRIMARY_COLL_FACTOR,PCF_CODE_OF_VIOL,PCF_VIOL_CATEGORY,PCF_VIOLATION,PCF_VIOL_SUBSECTION,HIT_AND_RUN,TYPE_OF_COLLISION,MVIW,PED_ACTION,ROAD_SURFACE,ROAD_COND_1,ROAD_COND_2,LIGHTING,CONTROL_DEVICE,CHP_ROAD_TYPE,PEDESTRIAN_ACCIDENT,BICYCLE_ACCIDENT,MOTORCYCLE_ACCIDENT,TRUCK_ACCIDENT,NOT_PRIVATE_PROPERTY,ALCOHOL_INVOLVED,STWD_VEHTYPE_AT_FAULT,CHP_VEHTYPE_AT_FAULT,COUNT_SEVERE_INJ,COUNT_VISIBLE_INJ,COUNT_COMPLAINT_PAIN,COUNT_PED_KILLED,COUNT_PED_INJURED,COUNT_BICYCLIST_KILLED,COUNT_BICYCLIST_INJURED,COUNT_MC_KILLED,COUNT_MC_INJURED,PRIMARY_RAMP,SECONDARY_RAMP,LATITUDE,LONGITUDE,COUNTY,CITY,POINT_X,POINT_Y
8451456,2017,2017-09-15,1942,2017-08-16,1950,41629,1353,3,5,7,1942,0,0,0,M,0,24T31,VERNON,CENTRAL,15,W,N,A,-,N,NA,NA,NA,NA,NA,NA,NA,NA,NA,N,2,0,1,3,A,-,08,22107,NA,F,D,G,A,A,H,-,C,D,0,NA,Y,NA,NA,Y,NA,-,99,1,0,0,0,0,0,1,0,0,-,-,NA,NA,LOS ANGELES,LOS ANGELES,-118.25653939,34.00393
8451460,2017,2017-11-13,1942,2017-08-01,0200,41979,0143,2,5,7,1942,0,0,0,A,0,1A35,BROADWAY,4TH ST,0,NA,Y,A,-,N,NA,NA,NA,NA,NA,NA,NA,NA,NA,Y,4,0,3,2,A,-,05,21651,A,F,D,D,A,A,H,-,C,A,0,NA,NA,NA,NA,Y,NA,-,99,0,0,3,0,0,0,0,0,0,-,-,NA,NA,LOS ANGELES,LOS ANGELES,-118.24939,34.04952
8451464,2017,2017-09-15,1942,2017-08-24,2310,39062,0111,4,5,7,1942,0,0,0,A,0,24T34,BROADWAY,CESAR E CHAVEZ AV,300,S,N,A,-,N,NA,NA,NA,NA,NA,NA,NA,NA,NA,N,4,0,1,2,A,-,08,22107,NA,F,D,C,A,A,H,-,C,A,0,NA,NA,NA,NA,Y,NA,-,99,0,0,1,0,0,0,0,0,0,-,-,NA,NA,LOS ANGELES,LOS ANGELES,-118.24095754,34.05796321
8451468,2017,2018-02-27,1942,2017-08-21,1430,34426,0176,1,5,7,1942,0,0,0,A,0,24TL51,WALL ST,8TH ST,196,N,N,A,-,N,NA,NA,NA,NA,NA,NA,NA,NA,NA,N,3,0,1,3,A,-,21,22106,NA,F,B,B,F,A,H,-,A,D,0,Y,NA,NA,NA,Y,NA,-,99,0,1,0,0,1,0,0,0,0,-,-,NA,NA,LOS ANGELES,LOS ANGELES,-118.24997698,34.04051608
8451472,2017,2017-09-15,1942,2017-08-23,1710,41661,0162,3,5,7,1942,0,0,0,A,0,24T51,8TH ST,OLIVE ST,0,NA,Y,A,-,N,NA,NA,NA,NA,NA,NA,NA,NA,NA,N,4,0,1,2,A,-,08,22107,NA,F,B,G,A,A,H,-,A,D,0,NA,Y,NA,NA,Y,NA,-,99,0,0,1,0,0,0,1,0,0,-,-,NA,NA,LOS ANGELES,LOS ANGELES,-118.25687014,34.04515002
8451476,2017,2017-09-15,1942,2017-08-26,1850,40730,1325,6,5,7,1942,0,0,0,M,0,24T33,E 28TH ST,CENTRAL AV,0,NA,Y,A,-,N,NA,NA,NA,NA,NA,NA,NA,NA,NA,Y,2,0,2,3,A,-,12,22450,A,N,D,C,A,A,H,-,A,A,0,NA,NA,Y,NA,Y,NA,C,02,1,0,1,0,0,0,0,0,1,-,-,NA,NA,LOS ANGELES,LOS ANGELES,-118.25578009,34.0167501
8451479,2017,2017-10-03,1942,2017-07-19,1500,39217,1008,3,5,7,1942,0,0,0,J,0,17TL16,HAYVENHURST AV,VANOWEN ST,0,NA,Y,A,-,N,NA,NA,NA,NA,NA,NA,NA,NA,NA,Y,3,0,1,3,A,-,12,21453,A,F,D,C,A,A,H,-,A,A,0,NA,NA,NA,NA,Y,NA,A,01,0,1,0,0,0,0,0,0,0,-,-,NA,NA,LOS ANGELES,LOS ANGELES,-118.49240005,34.19390011
8451480,2017,2017-09-15,1942,2017-08-17,2315,40730,1153,4,5,7,1942,0,0,0,K,0,24T33,VERNON AV,CENTRAL AV,93,W,N,A,-,N,NA,NA,NA,NA,NA,NA,NA,NA,NA,N,2,0,1,2,A,-,11,21954,A,F,G,B,D,A,H,-,C,A,0,Y,NA,NA,NA,Y,NA,N,60,1,0,0,0,1,0,0,0,0,-,-,NA,NA,LOS ANGELES,LOS ANGELES,-118.25679624,34.00393
8451484,2017,2017-09-15,1942,2017-08-19,1000,30524,1352,6,5,7,1942,0,0,0,M,0,13X45,VERNON AV,SAN PEDRO ST,219,W,N,A,-,N,NA,NA,NA,NA,NA,NA,NA,NA,NA,Y,4,0,1,3,A,-,09,21804,A,F,D,C,A,A,H,-,A,D,0,NA,NA,NA,NA,Y,NA,A,01,0,0,1,0,0,0,0,0,0,-,-,NA,NA,LOS ANGELES,LOS ANGELES,-118.27036115,34.0038466
8451488,2017,2017-09-15,1942,2017-08-03,1330,40643,1309,4,5,7,1942,0,0,0,M,0,24TL57,ALAMEDA ST,22ND ST,0,NA,Y,A,-,N,NA,NA,NA,NA,NA,NA,NA,NA,NA,N,4,0,1,2,A,-,09,21802,A,F,C,C,A,A,H,-,A,A,0,NA,NA,NA,NA,Y,NA,-,99,0,0,1,0,0,0,0,0,0,-,-,NA,NA,LOS ANGELES,LOS ANGELES,-118.23964,34.01645
8451492,2017,2017-09-15,1942,2017-08-13,2035,39759,1383,7,5,7,1942,0,0,0,M,0,24T32,BROADWAY,SLAUSON AV,0,NA,Y,A,-,N,NA,NA,NA,NA,NA,NA,NA,NA,NA,N,3,0,1,2,A,-,08,22107,NA,F,D,G,A,A,H,-,C,A,0,NA,Y,NA,NA,Y,NA,-,99,0,1,0,0,0,0,1,0,0,-,-,NA,NA,LOS ANGELES,LOS ANGELES,-118.27830003,33.98918012
8451496,2017,2017-09-15,1942,2017-08-25,2255,42548,0518,5,5,7,1942,0,0,0,E,0,5A15,E LOMITA BL,S WILMINGTON AV,25,E,N,A,-,N,NA,NA,NA,NA,NA,NA,NA,NA,NA,Y,4,0,2,2,A,-,12,22450,A,N,D,C,A,A,H,-,C,D,0,NA,NA,NA,NA,Y,NA,A,01,0,0,2,0,0,0,0,0,0,-,-,NA,NA,LOS ANGELES,LOS ANGELES,-118.2751679,33.79866182
8451500,2017,2017-09-15,1942,2017-08-12,2320,41056,0354,6,5,7,1942,0,0,0,C,0,25T21,JEFFERSON,2ND AV,0,NA,Y,A,-,N,NA,NA,NA,NA,NA,NA,NA,NA,NA,Y,3,0,3,2,A,-,01,23152,A,N,D,C,A,A,H,-,C,A,0,NA,NA,NA,NA,Y,Y,A,01,0,2,1,0,0,0,0,0,0,-,-,NA,NA,LOS ANGELES,LOS ANGELES,-118.31887012,34.02554005
8451504,2017,2017-09-15,1942,2017-08-29,1340,41536,0501,2,5,7,1942,0,0,0,E,0,25T24,184TH ST,182ND ST,0,NA,Y,A,-,N,NA,NA,NA,NA,NA,NA,NA,NA,NA,N,4,0,1,2,A,-,09,21801,A,N,D,C,A,A,H,-,A,D,0,NA,NA,Y,NA,Y,NA,D,22,0,0,1,0,0,0,0,0,1,-,-,NA,NA,LOS ANGELES,LOS ANGELES,-118.28211,33.87031
8451508,2017,2018-01-31,1942,2017-08-30,1515,41921,0587,3,5,7,1942,0,0,0,E,0,5A85,S PACIFIC AV,28TH ST,18,S,N,A,-,N,NA,NA,NA,NA,NA,NA,NA,NA,NA,N,3,0,1,2,A,-,03,22350,NA,F,E,I,F,A,H,-,A,D,0,Y,NA,NA,NA,Y,NA,-,99,0,1,0,0,1,0,0,0,0,-,-,NA,NA,LOS ANGELES,LOS ANGELES,-118.28795,33.71875063
8451512,2017,2017-09-15,1942,2017-08-28,2225,41704,0376,1,5,7,1942,0,0,0,C,0,25T21,EXPOSITION BL,WESTERN AV,0,NA,Y,A,-,N,NA,NA,NA,NA,NA,NA,NA,NA,NA,Y,3,0,3,2,A,-,01,23152,A,N,D,C,A,A,H,-,C,A,0,NA,NA,NA,NA,Y,Y,A,01,0,3,0,0,0,0,0,0,0,-,-,NA,NA,LOS ANGELES,LOS ANGELES,-118.30892003,34.01846009
8451516,2017,2017-09-15,1942,2017-08-17,1210,369H,0363,4,5,7,1942,0,0,0,C,0,25T25,CRENSHAW BL,39TH ST,72,N,N,A,-,N,NA,NA,NA,NA,NA,NA,NA,NA,NA,Y,4,0,4,4,A,-,07,21658,A,F,B,C,A,A,H,-,A,D,0,NA,NA,NA,NA,Y,NA,A,01,0,0,4,0,0,0,0,0,0,-,-,NA,NA,LOS ANGELES,LOS ANGELES,-118.335103,34.014763
8451519,2017,2017-09-15,1933,2017-07-20,1803,959,29,4,5,6,1933,0,0,0,NA,0,003,CENTURY BL,VILLAGE DR,160,E,N,A,-,N,NA,NA,NA,NA,NA,NA,NA,NA,NA,N,4,0,1,2,A,-,03,22350,NA,F,C,C,A,A,H,-,A,A,0,NA,NA,NA,NA,Y,NA,A,01,0,0,1,0,0,0,0,0,0,-,-,33.9455,-118.32921,LOS ANGELES,INGLEWOOD,-118.32872346,33.94547
8451520,2017,2017-09-15,1942,2017-08-21,0835,36761,0315,1,5,7,1942,0,0,0,C,0,3A63,ADAMS BL,GRAMERCY PL,0,NA,Y,A,-,N,NA,NA,NA,NA,NA,NA,NA,NA,NA,N,4,0,1,2,A,-,09,21801,A,N,B,C,A,A,H,-,A,A,0,NA,NA,NA,NA,Y,NA,A,07,0,0,1,0,0,0,0,0,0,-,-,NA,NA,LOS ANGELES,LOS ANGELES,-118.31333008,34.03266007
8451526,2017,2017-09-19,1942,2017-08-23,0845,42309,1502,3,5,7,1942,0,0,0,O,0,15A21,STRATHERN ST,BELLAIRE AV,0,NA,Y,B,-,N,NA,NA,NA,NA,NA,NA,NA,NA,NA,Y,4,0,1,2,A,-,12,22450,A,N,D,C,A,A,H,-,A,D,0,NA,NA,NA,NA,Y,NA,A,01,0,0,1,0,0,0,0,0,0,-,-,NA,NA,LOS ANGELES,LOS ANGELES,-118.41304003,34.21578004
8451530,2017,2017-09-19,1942,2017-08-21,1839,33181,1532,1,5,7,1942,0,0,0,O,0,15A27,LAUREL CANYON BL,BURBANK,200,N,N,A,-,N,NA,NA,NA,NA,NA,NA,NA,NA,NA,Y,4,0,1,2,A,-,09,21804,A,N,D,D,A,A,H,-,A,D,0,NA,NA,NA,NA,Y,NA,A,07,0,0,1,0,0,0,0,0,0,-,-,NA,NA,LOS ANGELES,LOS ANGELES,-118.39651,34.17267856
8451534,2017,2017-09-19,1942,2017-08-30,0830,41125,1527,3,5,7,1942,0,0,0,O,0,15A27,TUJUNGA AV,HAMLIN ST,200,S,N,A,-,N,NA,NA,NA,NA,NA,NA,NA,NA,NA,Y,3,0,3,2,A,-,04,21703,NA,N,C,C,A,A,H,-,A,D,0,NA,NA,NA,NA,Y,NA,D,22,0,2,1,0,0,0,0,0,0,-,-,NA,NA,LOS ANGELES,LOS ANGELES,-118.37905251,34.18798146
8451538,2017,2017-09-19,1942,2017-08-30,1300,41553,1566,3,5,7,1942,0,0,0,O,0,15A67,LANKERSHIM BL,LANDALE ST,0,NA,Y,A,-,N,NA,NA,NA,NA,NA,NA,NA,NA,NA,Y,3,0,1,3,A,-,09,21801,A,N,D,C,A,A,H,-,A,D,0,NA,NA,NA,NA,Y,NA,A,01,0,1,0,0,0,0,0,0,0,-,-,NA,NA,LOS ANGELES,LOS ANGELES,-118.36641001,34.15128006
8451550,2017,2017-09-19,1942,2017-08-23,1050,42779,1523,3,5,7,1942,0,0,0,O,0,15A33,VICTORY BL,WHITSETT AV,25,E,N,A,-,N,NA,NA,NA,NA,NA,NA,NA,NA,NA,N,4,0,1,3,A,-,07,21658,A,N,D,C,A,A,H,-,A,A,0,NA,NA,NA,NA,Y,NA,A,01,0,0,1,0,0,0,0,0,0,-,-,NA,NA,LOS ANGELES,LOS ANGELES,-118.40517753,34.18667783
8451554,2017,2017-09-19,1942,2017-08-29,1750,41531,1523,2,5,7,1942,0,0,0,O,0,15A28,VICTORY BL,COLDWATER CANYON BL,315,W,N,A,-,N,NA,NA,NA,NA,NA,NA,NA,NA,NA,N,4,0,3,3,A,-,03,22350,NA,N,C,C,A,A,H,-,A,A,0,NA,NA,NA,NA,Y,NA,A,01,0,0,3,0,0,0,0,0,0,-,-,NA,NA,LOS ANGELES,LOS ANGELES,-118.41484967,34.18668
8451558,2017,2017-09-19,1942,2017-08-27,0235,41945,1517,7,5,7,1942,0,0,0,O,0,15A27,VANOWEN ST,CASEY ST,40,W,N,A,-,N,NA,NA,NA,NA,NA,NA,NA,NA,NA,Y,3,0,1,2,A,-,09,21801,A,N,D,C,A,A,H,-,C,D,0,NA,NA,NA,NA,Y,NA,D,22,0,1,0,0,0,0,0,0,0,-,-,NA,NA,LOS ANGELES,LOS ANGELES,-118.37242198,34.19377713
8451566,2017,2017-09-19,1942,2017-08-18,1850,42576,1523,5,5,7,1942,0,0,0,O,0,15A28,COLDWATER CANYON AV,KITTRIDGE ST,12,W,N,A,-,N,NA,NA,NA,NA,NA,NA,NA,NA,NA,N,4,0,1,2,A,-,09,21801,A,N,D,C,A,A,H,-,A,A,0,NA,NA,NA,NA,Y,Y,A,01,0,0,1,0,0,0,0,0,0,-,-,NA,NA,LOS ANGELES,LOS ANGELES,-118.4138,34.19032
8451595,2017,2017-09-19,1942,2017-08-23,1445,37464,1501,3,5,7,1942,0,0,0,O,0,15A3,SHERMAN WY,VARNA AV,0,NA,Y,A,-,N,NA,NA,NA,NA,NA,NA,NA,NA,NA,Y,4,0,1,2,A,-,09,21801,A,N,D,C,A,A,H,-,A,A,0,NA,NA,NA,NA,Y,NA,A,01,0,0,1,0,0,0,0,0,0,-,-,NA,NA,LOS ANGELES,LOS ANGELES,-118.42474011,34.20120008
8451601,2017,2017-09-15,1942,2017-08-20,1900,42662,326,7,5,7,1942,0,0,0,NA,0,3U4,ADAMS BL,HARVARD BL,0,NA,Y,A,-,N,NA,NA,NA,NA,NA,NA,NA,NA,NA,N,3,0,1,2,A,-,09,21801,A,N,G,G,A,A,H,-,B,D,0,NA,Y,NA,NA,Y,NA,A,01,0,1,0,0,0,0,1,0,0,-,-,NA,NA,LOS ANGELES,LOS ANGELES,-118.30665003,34.03271001
8451605,2017,2017-09-15,1942,2017-08-19,2000,42336,0398,6,5,7,1942,0,0,0,C,0,3X15,VERNON AV,HOOVER ST,75,W,N,A,-,N,NA,NA,NA,NA,NA,NA,NA,NA,NA,N,4,0,1,2,A,-,04,21703,NA,N,C,C,A,A,H,-,C,A,0,NA,NA,NA,NA,Y,NA,A,01,0,0,1,0,0,0,0,0,0,-,-,NA,NA,LOS ANGELES,LOS ANGELES,-118.28741693,34.00371626
8451609,2017,2017-09-15,1942,2017-08-22,2000,42718,0311,2,5,7,1942,0,0,0,C,0,3A32,ADAMS BL,THURMAN AV,0,NA,Y,A,-,N,NA,NA,NA,NA,NA,NA,NA,NA,NA,N,4,0,1,2,A,-,09,21801,A,N,A,C,A,A,H,-,B,D,0,NA,NA,NA,NA,Y,Y,A,01,0,0,1,0,0,0,0,0,0,-,-,NA,NA,LOS ANGELES,LOS ANGELES,-118.36800004,34.03245001
8451613,2017,2017-09-15,1942,2017-08-21,0840,42924,0353,1,5,7,1942,0,0,0,C,0,3A99,HILLCREST DR,RODEO RD,15,N,N,A,-,N,NA,NA,NA,NA,NA,NA,NA,NA,NA,N,4,0,1,2,A,-,03,22350,NA,N,C,C,A,A,H,-,A,A,0,NA,NA,NA,NA,Y,NA,A,01,0,0,1,0,0,0,0,0,0,-,-,NA,NA,LOS ANGELES,LOS ANGELES,-118.3432302,34.02151114
8451621,2017,2017-09-15,1942,2017-08-31,1330,36268,1256,4,5,7,1942,0,0,0,L,0,12A31,FLORENCE AV,DENVER AV,48,W,N,A,-,N,NA,NA,NA,NA,NA,NA,NA,NA,NA,N,4,0,1,2,A,-,03,22350,NA,N,C,C,A,A,H,-,A,D,0,NA,NA,NA,NA,Y,NA,A,01,0,0,1,0,0,0,0,0,0,-,-,NA,NA,LOS ANGELES,LOS ANGELES,-118.28396801,33.97466
8451625,2017,2017-09-28,1925,2017-08-26,1301,13002,237,6,5,6,1925,0,0,0,NA,0,004,GLENDALE AV,WILSON AV,47,N,N,A,-,N,NA,NA,NA,NA,NA,NA,NA,NA,NA,Y,4,0,2,3,A,-,03,22350,NA,N,C,C,A,A,H,-,A,A,0,NA,NA,NA,NA,Y,NA,A,01,0,0,2,0,0,0,0,0,0,-,-,NA,NA,LOS ANGELES,GLENDALE,-118.24639856,34.14827159
8451629,2017,2017-09-15,1925,2017-08-27,1711,25295,269,7,5,6,1925,0,0,0,NA,0,002,MAPLE ST,BRAND BL,311,W,N,A,-,N,NA,NA,NA,NA,NA,NA,NA,NA,NA,Y,4,0,4,2,A,-,09,21801,A,N,D,C,A,A,H,-,A,D,0,NA,NA,NA,NA,Y,NA,A,01,0,0,4,0,0,0,0,0,0,-,-,NA,NA,LOS ANGELES,GLENDALE,-118.256037,34.138239
8451630,2017,2017-09-29,1942,2017-09-02,2045,42434,0321,6,5,7,1942,0,0,0,C,0,3A31,REDONDO BL,BLACKWELDER ST,0,NA,Y,A,-,N,NA,NA,NA,NA,NA,NA,NA,NA,NA,Y,4,0,4,5,A,-,01,23153,A,N,B,C,A,A,H,-,C,D,0,NA,NA,NA,NA,Y,Y,A,01,0,0,4,0,0,0,0,0,0,-,-,NA,NA,LOS ANGELES,LOS ANGELES,-118.35846007,34.02710005
8451633,2017,2017-09-15,1925,2017-08-17,1242,21601,172,4,5,6,1925,0,0,0,NA,0,002,PACIFIC AV,GLENOAKS,100,S,N,A,-,N,NA,NA,NA,NA,NA,NA,NA,NA,NA,N,4,0,1,3,A,-,07,21658,A,N,A,C,A,A,H,-,A,D,0,NA,NA,NA,NA,Y,NA,A,07,0,0,1,0,0,0,0,0,0,-,-,NA,NA,LOS ANGELES,GLENDALE,-118.2641551,34.15961112
8451634,2017,2017-09-15,1942,2017-09-04,1230,33201,1842,1,5,7,1942,0,0,0,R,0,18A41W,SPRING ST,109 PL,0,NA,Y,B,-,N,NA,NA,NA,NA,NA,NA,NA,NA,NA,Y,4,0,1,2,A,-,09,21802,A,N,D,C,A,A,H,-,A,A,0,NA,NA,NA,NA,Y,NA,A,01,0,0,1,0,0,0,0,0,0,-,-,NA,NA,LOS ANGELES,LOS ANGELES,-118.27621009,33.93653003
8451637,2017,2017-09-15,1925,2017-08-16,2219,13495,1278,3,5,6,1925,0,0,0,NA,0,012,SAN FERNANDO RD,BRAND BL,0,NA,Y,A,-,N,NA,NA,NA,NA,NA,NA,NA,NA,NA,Y,3,0,3,2,A,-,09,21801,A,N,-,C,A,A,H,-,C,A,0,NA,NA,NA,NA,Y,NA,-,NA,0,2,1,0,0,0,0,0,0,-,-,NA,NA,LOS ANGELES,GLENDALE,-118.25511012,34.12395005
8451638,2017,2017-09-15,1942,2017-09-04,0630,42809,863,1,5,7,1942,0,0,0,NA,0,18A35,AVALON,118TH ST,0,NA,Y,A,-,N,NA,NA,NA,NA,NA,NA,NA,NA,NA,Y,4,0,1,2,A,-,03,22350,NA,N,B,E,A,A,H,-,A,D,0,NA,NA,NA,NA,Y,Y,A,01,0,0,1,0,0,0,0,0,0,-,-,NA,NA,LOS ANGELES,LOS ANGELES,-118.26520004,33.92646006
8451641,2017,2017-09-15,1925,2017-08-24,2017,25751,223,4,5,6,1925,0,0,0,NA,0,002,MILFORD ST,CENTRAL AV,391,W,N,A,-,N,NA,NA,NA,NA,NA,NA,NA,NA,NA,N,4,0,1,2,A,-,09,21801,A,N,D,C,A,A,H,-,C,D,0,NA,NA,NA,NA,Y,NA,A,01,0,0,1,0,0,0,0,0,0,-,-,NA,NA,LOS ANGELES,GLENDALE,-118.25792,34.15288
8451642,2017,2017-10-02,1942,2017-09-03,0030,42498,1822,7,5,7,1942,0,0,0,R,0,18A17,MAIN ST,CENTURY BL,20,S,N,A,-,N,NA,NA,NA,NA,NA,NA,NA,NA,NA,N,3,0,1,2,A,-,21,22106,NA,F,D,C,A,A,H,-,B,A,0,NA,NA,NA,NA,Y,NA,-,99,0,1,0,0,0,0,0,0,0,-,-,NA,NA,LOS ANGELES,LOS ANGELES,-118.27389,33.94550515
8451645,2017,2017-09-15,1925,2017-08-26,2113,24681,176,6,5,6,1925,0,0,0,NA,0,001,W KENNETH RD,VIRGINIA AV,122,W,N,A,-,N,NA,NA,NA,NA,NA,NA,NA,NA,NA,Y,4,0,1,2,A,-,03,22350,NA,N,C,C,A,A,H,-,C,D,0,NA,NA,NA,NA,Y,NA,A,01,0,0,1,0,0,0,0,0,0,-,-,NA,NA,LOS ANGELES,GLENDALE,-118.27122017,34.17089228
8451646,2017,2017-09-15,1942,2017-09-02,0430,39689,1864,6,5,7,1942,0,0,0,R,0,18A41,IMPERIAL HWY,SAN PEDRO,0,NA,Y,A,-,N,NA,NA,NA,NA,NA,NA,NA,NA,NA,N,4,0,1,2,A,-,10,21950,A,N,G,-,B,A,H,-,C,A,0,Y,NA,NA,NA,Y,NA,A,01,0,0,1,0,1,0,0,0,0,-,-,NA,NA,LOS ANGELES,LOS ANGELES,-118.26955002,33.93120011
8451649,2017,2017-09-15,1925,2017-08-26,1016,22416,225,6,5,6,1925,0,0,0,NA,0,002,BROADWAY,CENTRAL AV,0,NA,Y,A,-,N,NA,NA,NA,NA,NA,NA,NA,NA,NA,Y,4,0,1,2,A,-,08,22101,D,N,A,C,A,A,H,-,A,A,0,NA,NA,NA,NA,Y,NA,A,01,0,0,1,0,0,0,0,0,0,-,-,NA,NA,LOS ANGELES,GLENDALE,-118.25791013,34.14684012
8451650,2017,2017-09-15,1942,2017-09-05,2305,41056,1249,2,5,7,1942,0,0,0,L,0,25T21,FLORENCE,FLOWER,0,NA,Y,A,-,N,NA,NA,NA,NA,NA,NA,NA,NA,NA,Y,2,0,2,2,A,-,12,21453,A,N,D,C,A,A,H,-,C,A,0,NA,NA,NA,NA,Y,NA,A,01,1,0,1,0,0,0,0,0,0,-,-,NA,NA,LOS ANGELES,LOS ANGELES,-118.28126007,33.9746501
8451653,2017,2017-09-15,1925,2017-08-17,1748,20871,263,4,5,6,1925,0,0,0,NA,0,002,PACIFIC AV,COLORADO ST,0,NA,Y,A,-,N,NA,NA,NA,NA,NA,NA,NA,NA,NA,Y,4,0,2,2,A,-,09,21801,A,N,D,C,A,A,H,-,A,A,0,NA,NA,NA,NA,Y,NA,A,01,0,0,2,0,0,0,0,0,0,-,-,NA,NA,LOS ANGELES,GLENDALE,-118.26442009,34.14252001
8451654,2017,2017-09-15,1942,2017-09-09,2205,42338,1834,6,5,7,1942,0,0,0,R,0,25T21,AVALON,109TH ST,40,N,N,A,-,N,NA,NA,NA,NA,NA,NA,NA,NA,NA,N,2,0,1,2,A,-,10,21950,A,N,G,B,B,A,H,-,C,A,0,Y,NA,NA,NA,Y,NA,A,07,1,0,0,0,1,0,0,0,0,-,-,NA,NA,LOS ANGELES,LOS ANGELES,-118.26519177,33.93750969
8451657,2017,2017-09-15,1925,2017-08-18,1455,19364,271,5,5,6,1925,0,0,0,NA,0,002,CENTRAL AV,CHEVY CHASE DR,100,S,N,A,-,N,NA,NA,NA,NA,NA,NA,NA,NA,NA,N,4,0,1,2,A,-,08,22107,NA,M,D,C,A,A,H,-,A,D,0,NA,NA,NA,NA,Y,NA,D,22,0,0,1,0,0,0,0,0,0,-,-,NA,NA,LOS ANGELES,GLENDALE,-118.25782781,34.13323576
8451661,2017,2017-09-15,1925,2017-08-28,2026,22249,174,1,5,6,1925,0,0,0,NA,0,001,GLENOAKS BL,IDLEWOOD RD,0,NA,Y,A,-,N,NA,NA,NA,NA,NA,NA,NA,NA,NA,N,4,0,1,2,A,-,09,21802,A,N,D,G,A,A,H,-,C,A,0,NA,Y,NA,NA,Y,NA,A,01,0,0,1,0,0,0,1,0,0,-,-,NA,NA,LOS ANGELES,GLENDALE,-118.27917003,34.16334005
8451662,2017,2017-09-15,1965,2017-09-06,0815,3866,0B1G,3,5,5,1965,0,0,0,NA,0,B001,LINCOLN BL,OLYMPIC BL,60,N,N,A,-,N,NA,NA,NA,NA,NA,NA,NA,NA,NA,N,4,0,1,2,A,-,04,21703,NA,N,C,C,A,A,H,-,A,A,0,NA,NA,NA,NA,Y,NA,A,01,0,0,1,0,0,0,0,0,0,-,-,NA,NA,LOS ANGELES,SANTA MONICA,-118.48646187,34.01533459
8451666,2017,2017-09-18,1965,2017-09-01,1647,3833,0B4C,5,5,5,1965,0,0,0,NA,0,B004,7TH ST,MONTANA AV,81,N,N,A,-,N,NA,NA,NA,NA,NA,NA,NA,NA,NA,N,3,0,1,2,A,-,08,22107,NA,N,D,C,A,A,H,-,A,A,0,NA,NA,Y,NA,Y,NA,C,02,0,1,0,0,0,0,0,0,1,-,-,NA,NA,LOS ANGELES,SANTA MONICA,-118.50199751,34.0269881
8451670,2017,2017-11-28,1965,2017-09-04,1709,3158,0B1I,1,5,5,1965,0,0,0,NA,0,B001,BROADWAY,6TH ST,79,E,N,A,-,N,NA,NA,NA,NA,NA,NA,NA,NA,NA,Y,4,0,3,3,C,-,18,NA,NA,N,C,E,A,A,H,-,A,A,0,NA,NA,NA,NA,Y,NA,-,-,0,0,3,0,0,0,0,0,0,-,-,37.00788,-121.01501,LOS ANGELES,SANTA MONICA,-118.491534,34.01678156
8451674,2017,2017-09-18,1900,2017-09-01,0550,520746,0451,5,5,6,1949,0,0,0,NA,0,43T1D,IMPERIAL HWY,STUDEBAKER RD,528,W,N,B,-,N,NA,NA,NA,NA,NA,NA,NA,NA,NA,N,3,0,1,2,A,-,04,21703,NA,M,C,G,A,A,H,-,A,D,0,NA,Y,NA,NA,Y,NA,A,08,0,1,0,0,0,0,1,0,0,-,-,NA,NA,LOS ANGELES,NORWALK,-118.10104646,33.91717
8451678,2017,2017-09-18,1900,2017-09-06,1135,442391,0453,3,5,6,1949,0,0,0,NA,0,45T1,ROSECRANS AV,JERSEY AV,18,E,N,A,-,N,NA,NA,NA,NA,NA,NA,NA,NA,NA,N,4,0,1,2,A,-,09,21802,A,N,D,C,A,A,H,-,A,D,0,NA,NA,Y,NA,Y,NA,A,01,0,0,1,0,0,0,0,0,1,-,-,NA,NA,LOS ANGELES,NORWALK,-118.08635081,33.90223