CASE_ID,ACCIDENT_YEAR,PROC_DATE,JURIS,COLLISION_DATE,COLLISION_TIME,OFFICER_ID,REPORTING_DISTRICT,DAY_OF_WEEK,CHP_SHIFT,POPULATION,CNTY_CITY_LOC,SPECIAL_COND,BEAT_TYPE,CHP_BEAT_TYPE,CITY_DIVISION_LAPD,CHP_BEAT_CLASS,BEAT_NUMBER,PRIMARY_RD,SECONDARY_RD,DISTANCE,DIRECTION,INTERSECTION,WEATHER_1,WEATHER_2,STATE_HWY_IND,CALTRANS_COUNTY,CALTRANS_DISTRICT,STATE_ROUTE,ROUTE_SUFFIX,POSTMILE_PREFIX,POSTMILE,LOCATION_TYPE,RAMP_INTERSECTION,SIDE_OF_HWY,TOW_AWAY,COLLISION_SEVERITY,NUMBER_KILLED,NUMBER_INJURED,PARTY_COUNT,PRIMARY_COLL_FACTOR,PCF_CODE_OF_VIOL,PCF_VIOL_CATEGORY,PCF_VIOLATION,PCF_VIOL_SUBSECTION,HIT_AND_RUN,TYPE_OF_COLLISION,MVIW,PED_ACTION,ROAD_SURFACE,ROAD_COND_1,ROAD_COND_2,LIGHTING,CONTROL_DEVICE,CHP_ROAD_TYPE,PEDESTRIAN_ACCIDENT,BICYCLE_ACCIDENT,MOTORCYCLE_ACCIDENT,TRUCK_ACCIDENT,NOT_PRIVATE_PROPERTY,ALCOHOL_INVOLVED,STWD_VEHTYPE_AT_FAULT,CHP_VEHTYPE_AT_FAULT,COUNT_SEVERE_INJ,COUNT_VISIBLE_INJ,COUNT_COMPLAINT_PAIN,COUNT_PED_KILLED,COUNT_PED_INJURED,COUNT_BICYCLIST_KILLED,COUNT_BICYCLIST_INJURED,COUNT_MC_KILLED,COUNT_MC_INJURED,PRIMARY_RAMP,SECONDARY_RAMP,LATITUDE,LONGITUDE,COUNTY,CITY,POINT_X,POINT_Y
8452001,2017,2017-09-18,1942,2017-09-01,1730,42098,2118,5,5,7,1942,0,0,0,NA,0,17X24,LURLINE,ROSCOE BL,10,N,N,B,-,N,NA,NA,NA,NA,NA,NA,NA,NA,NA,Y,4,0,1,2,A,-,12,21453,A,F,D,C,A,A,H,-,A,A,0,NA,NA,NA,NA,Y,NA,A,07,0,0,1,0,0,0,0,0,0,-,-,NA,NA,LOS ANGELES,LOS ANGELES,-118.58418939,34.22006743
8452056,2017,2017-09-21,1955,2017-08-31,1347,42145,19,4,5,6,1955,0,0,0,NA,0,003,INDIAN HILL BL,AMERICAN AV,150,S,N,A,-,N,NA,NA,NA,NA,NA,NA,NA,NA,NA,N,4,0,1,2,A,-,03,22350,NA,M,C,C,A,A,H,-,A,A,0,NA,NA,NA,NA,Y,NA,-,99,0,0,1,0,0,0,0,0,0,-,-,NA,NA,LOS ANGELES,POMONA,-117.71926,34.07911887
8452074,2017,2017-09-18,1926,2017-09-05,1214,0087,3,2,5,5,1926,0,0,0,NA,0,003,ROUTE 66,COMPROMISE LINE,216,W,N,A,-,N,NA,NA,NA,NA,NA,NA,NA,NA,NA,Y,4,0,2,2,A,-,03,22350,NA,N,C,C,A,A,H,-,A,A,0,NA,NA,NA,NA,Y,NA,A,01,0,0,2,0,0,0,0,0,0,-,-,NA,NA,LOS ANGELES,GLENDORA,-117.83384201,34.12919
8452076,2017,2017-09-21,1976,2017-08-09,2134,507,NA,3,5,5,1976,0,0,0,NA,0,NA,SHOEMAKER AV,LAMBERT RD,0,NA,Y,A,-,N,NA,NA,NA,NA,NA,NA,NA,NA,NA,N,4,0,1,2,A,-,09,21801,A,N,D,G,A,A,H,-,C,D,0,NA,NA,Y,NA,Y,NA,A,07,0,0,1,0,0,0,0,0,1,-,-,NA,NA,LOS ANGELES,WHITTIER,-118.03987006,33.95956003
8452082,2017,2017-09-22,1976,2017-08-30,0945,851,NA,3,5,5,1976,0,0,0,NA,0,NA,GREENLEAF AV,LA CUARTA ST,265,S,N,A,-,N,NA,NA,NA,NA,NA,NA,NA,NA,NA,Y,3,0,1,2,A,-,09,21804,A,N,D,C,A,A,H,-,A,D,0,NA,NA,Y,NA,Y,NA,D,22,0,1,0,0,0,0,0,0,1,-,-,NA,NA,LOS ANGELES,WHITTIER,-118.03738582,33.96746341
8452086,2017,2017-09-25,1976,2017-08-30,0950,851,NA,3,5,5,1976,0,0,0,NA,0,NA,HADLEY ST,MAGNOLIA AV,175,E,N,A,-,N,NA,NA,NA,NA,NA,NA,NA,NA,NA,N,4,0,1,2,A,-,17,22517,NA,F,B,E,A,A,H,-,A,D,0,NA,NA,NA,Y,Y,NA,F,55,0,0,1,0,0,0,0,0,0,-,-,NA,NA,LOS ANGELES,WHITTIER,-118.049664,33.98274
8452088,2017,2017-09-25,1900,2017-09-04,1853,616621,1127,1,5,6,1992,0,0,0,NA,0,11177,50TH ST WEST,AVE J-8,0,NA,Y,A,-,N,NA,NA,NA,NA,NA,NA,NA,NA,NA,Y,4,0,2,2,A,-,09,21801,A,N,B,C,A,A,H,-,A,D,0,NA,NA,NA,NA,Y,NA,D,22,0,0,2,0,0,0,0,0,0,-,-,NA,NA,LOS ANGELES,LANCASTER,-118.21903,34.68211007
8452090,2017,2017-09-22,1976,2017-08-30,1712,419,NA,3,5,5,1976,0,0,0,NA,0,002,PHILADELPHIA ST,WHITTIER AV,95,W,N,A,-,N,NA,NA,NA,NA,NA,NA,NA,NA,NA,N,4,0,1,2,A,-,03,22350,NA,N,C,C,A,A,H,-,A,D,0,NA,NA,NA,NA,Y,NA,A,07,0,0,1,0,0,0,0,0,0,-,-,NA,NA,LOS ANGELES,WHITTIER,-118.04349267,33.97911
8452124,2017,2017-09-28,1941,2017-09-07,1005,11012,NA,4,5,7,1941,0,0,0,NA,0,NA,S HARBOR SCENIC DR,W OCEAN BL,1723,S,N,A,-,N,NA,NA,NA,NA,NA,NA,NA,NA,NA,N,3,0,1,2,A,-,11,21954,A,N,G,B,E,A,H,-,A,D,0,Y,NA,NA,Y,Y,NA,N,NA,0,1,0,0,1,0,0,0,0,-,-,NA,NA,LOS ANGELES,LONG BEACH,-118.20593715,33.76275941
8452125,2017,2017-09-25,1955,2017-09-01,1217,40348,67,5,5,6,1955,0,0,0,NA,0,001,VALLEY BL,POMONA BL,2640,W,N,A,-,N,NA,NA,NA,NA,NA,NA,NA,NA,NA,Y,3,0,2,3,A,-,03,22350,NA,N,C,C,A,A,H,-,A,D,0,NA,NA,NA,Y,Y,NA,F,26,0,1,1,0,0,0,0,0,0,-,-,NA,NA,LOS ANGELES,POMONA,-117.82304133,34.0388872
8452133,2017,2017-11-14,1955,2017-08-27,1510,41906,89,7,5,6,1955,0,0,0,NA,0,004,RESERVOIR ST,NEVA LN,12,N,N,A,-,N,NA,NA,NA,NA,NA,NA,NA,NA,NA,Y,4,0,2,3,A,-,08,22107,NA,N,C,E,-,A,H,-,A,D,0,Y,NA,NA,Y,Y,NA,F,25,0,0,2,0,1,0,0,0,0,-,-,NA,NA,LOS ANGELES,POMONA,-117.73197152,34.03926287
8452157,2017,2017-09-22,1976,2017-08-29,1730,406,1976,2,5,5,1976,0,0,0,NA,0,004,LAMBERT RD,GUNN AV,384,E,N,A,-,N,NA,NA,NA,NA,NA,NA,NA,NA,NA,Y,4,0,2,2,A,-,03,22350,NA,N,C,C,A,A,H,-,A,D,0,NA,NA,NA,NA,Y,NA,D,22,0,0,2,0,0,0,0,0,0,-,-,NA,NA,LOS ANGELES,WHITTIER,-118.02371113,33.94833431
8452164,2017,2017-09-26,1900,2017-04-10,1534,602458,1129,1,5,6,1992,0,0,0,NA,0,111T1,AVENUE J-8,30TH ST WEST,0,NA,Y,A,-,N,NA,NA,NA,NA,NA,NA,NA,NA,NA,N,4,0,1,2,A,-,08,22100,NA,M,D,C,A,A,H,-,A,D,0,NA,NA,NA,NA,Y,NA,A,01,0,0,1,0,0,0,0,0,0,-,-,NA,NA,LOS ANGELES,LANCASTER,-118.18371009,34.68214001
8452191,2017,2017-09-26,1973,2017-07-29,0810,529,1973,6,5,1,1973,0,0,0,NA,0,003,ATLANTIC BL,BANDINI BL,0,NA,Y,A,-,N,NA,NA,NA,NA,NA,NA,NA,NA,NA,Y,4,0,2,2,A,-,12,21453,A,N,D,C,A,A,H,-,A,A,0,NA,NA,NA,NA,Y,NA,A,01,0,0,2,0,0,0,0,0,0,-,-,NA,NA,LOS ANGELES,VERNON,-118.17546007,33.99835001
8452195,2017,2017-10-10,1973,2017-07-28,1221,614,1973,5,5,1,1973,0,0,0,NA,0,001,SANTA FE AV,48TH ST,349,N,N,A,-,N,NA,NA,NA,NA,NA,NA,NA,NA,NA,N,4,0,1,2,A,-,03,22350,NA,N,C,C,A,A,H,-,A,D,0,NA,NA,NA,NA,Y,NA,A,01,0,0,1,0,0,0,0,0,0,-,-,NA,NA,LOS ANGELES,VERNON,-118.23025,34.00147704
8452199,2017,2017-10-06,1973,2017-07-26,1707,529,1973,3,5,1,1973,0,0,0,NA,0,003,DISTRICT BL,MAYWOOD AV,0,NA,Y,A,-,N,NA,NA,NA,NA,NA,NA,NA,NA,NA,Y,2,0,1,2,A,-,09,21802,A,N,D,C,A,A,H,-,A,D,0,NA,NA,NA,NA,Y,NA,A,01,1,0,0,0,0,0,0,0,0,-,-,NA,NA,LOS ANGELES,VERNON,-118.20213002,34.00016005
8452203,2017,2017-09-26,1973,2017-07-23,0015,555,1973,7,5,1,1973,0,0,0,NA,0,002,SOTO ST,46TH ST,63,S,N,A,-,N,NA,NA,NA,NA,NA,NA,NA,NA,NA,Y,4,0,1,1,A,-,07,21658,A,M,E,I,A,A,H,-,C,D,0,NA,NA,NA,NA,Y,Y,-,NA,0,0,1,0,0,0,0,0,0,-,-,NA,NA,LOS ANGELES,VERNON,-118.21964909,34.00168724
8452205,2017,2017-09-20,1955,2017-09-02,1048,41900,89,6,5,6,1955,0,0,0,NA,0,004,RESERVOIR ST,RT 60,0,NA,Y,A,-,N,NA,NA,NA,NA,NA,NA,NA,NA,NA,Y,4,0,1,2,D,-,00,NA,NA,N,D,C,A,A,H,-,A,A,0,NA,NA,NA,NA,Y,NA,-,-,0,0,1,0,0,0,0,0,0,-,-,NA,NA,LOS ANGELES,POMONA,-117.73146001,34.02513008
8452207,2017,2017-09-26,1973,2017-07-22,1505,632,1973,6,5,1,1973,0,0,0,NA,0,001,46TH ST,PACIFIC BL,175,E,N,A,-,N,NA,NA,NA,NA,NA,NA,NA,NA,NA,N,3,0,2,3,A,-,09,21801,A,N,D,C,A,A,H,-,A,D,0,NA,NA,NA,NA,Y,NA,A,01,0,1,1,0,0,0,0,0,0,-,-,NA,NA,LOS ANGELES,VERNON,-118.224744,34.00180364
8452209,2017,2017-09-20,1955,2017-09-02,0951,42193,99,6,5,6,1955,0,0,0,NA,0,003,HOLT AV,CLARK AV,21,W,N,A,-,N,NA,NA,NA,NA,NA,NA,NA,NA,NA,N,4,0,1,2,A,-,03,22350,NA,N,C,C,A,A,H,-,A,A,0,NA,NA,NA,NA,Y,NA,A,01,0,0,1,0,0,0,0,0,0,-,-,NA,NA,LOS ANGELES,POMONA,-117.72936914,34.06288872
8452213,2017,2017-09-20,1955,2017-09-07,1032,30381,35,4,5,6,1955,0,0,0,NA,0,002,PARK AV,ARTESIA ST,0,NA,Y,A,-,N,NA,NA,NA,NA,NA,NA,NA,NA,NA,N,4,0,2,2,A,-,12,22450,A,N,D,C,A,A,H,-,A,D,0,NA,NA,NA,NA,Y,NA,A,01,0,0,2,0,0,0,0,0,0,-,-,NA,NA,LOS ANGELES,POMONA,-117.75316001,34.07678006
8452217,2017,2017-09-20,1955,2017-09-03,1209,42315,89,7,5,6,1955,0,0,0,NA,0,004,PHILADELPHIA ST,RESERVOIR ST,0,NA,Y,A,-,N,NA,NA,NA,NA,NA,NA,NA,NA,NA,Y,4,0,1,2,A,-,12,21453,A,N,D,C,A,A,H,-,-,A,0,NA,NA,NA,NA,Y,NA,-,-,0,0,1,0,0,0,0,0,0,-,-,NA,NA,LOS ANGELES,POMONA,-117.7317701,34.03372004
8452239,2017,2017-09-26,1900,2017-04-10,1430,531485,1430,1,5,4,1937,0,0,0,NA,0,143T1,TEMPLE AV,SUNSET AV,0,NA,Y,A,-,N,NA,NA,NA,NA,NA,NA,NA,NA,NA,Y,4,0,1,2,A,-,09,21801,A,N,B,C,A,A,H,-,A,A,0,NA,NA,NA,NA,Y,NA,A,01,0,0,1,0,0,0,0,0,0,-,-,NA,NA,LOS ANGELES,LA PUENTE,-117.9680601,34.04068005
8452240,2017,2017-09-26,1973,2017-07-21,0521,581,1973,5,5,1,1973,0,0,0,NA,0,001,38TH ST,IRVING ST,99,E,N,A,-,N,NA,NA,NA,NA,NA,NA,NA,NA,NA,Y,3,0,2,2,A,-,08,22102,NA,N,D,C,A,A,H,-,A,D,0,NA,NA,NA,NA,Y,NA,A,01,0,1,1,0,0,0,0,0,0,-,-,NA,NA,LOS ANGELES,VERNON,-118.23252399,34.00807
8452256,2017,2018-06-14,1942,2017-07-30,1240,38942,0898,7,5,7,1942,0,0,0,H,0,20T56,ROBERTSON BL,KINCARDINE AV,0,NA,Y,A,-,Y,LA,7,10,-,-,8.167,R,4,W,Y,3,0,3,2,A,-,12,21453,A,N,D,C,A,A,H,-,A,A,0,NA,NA,NA,NA,Y,NA,A,07,0,1,2,0,0,0,0,0,0,-,-,NA,NA,LOS ANGELES,LOS ANGELES,-118.38616697,34.03379516
8452267,2017,2018-05-08,1920,2017-07-20,1930,11952,NA,4,5,6,1920,0,0,0,NA,0,004,LAKEWOOD BL,GALLATIN RD,430,N,N,A,-,N,NA,NA,NA,NA,NA,NA,NA,NA,NA,Y,4,0,1,2,A,-,03,22350,NA,N,C,C,A,A,H,-,A,A,0,NA,NA,NA,NA,Y,NA,A,07,0,0,1,0,0,0,0,0,0,-,-,NA,NA,LOS ANGELES,DOWNEY,-118.11310264,33.95545646
8452271,2017,2018-05-08,1920,2017-07-22,1151,12609,NA,6,5,6,1920,0,0,0,NA,0,004,LAKEWOOD BL,TELEGRAPH RD,0,NA,Y,A,-,N,NA,NA,NA,NA,NA,NA,NA,NA,NA,Y,4,0,4,2,D,-,00,NA,NA,N,A,C,A,A,H,-,A,A,0,NA,NA,NA,NA,Y,NA,-,-,0,0,4,0,0,0,0,0,0,-,-,NA,NA,LOS ANGELES,DOWNEY,-118.11015007,33.96104004
8452308,2017,2018-05-11,1965,2017-08-20,2234,3770,0B1C,7,5,5,1965,0,0,0,NA,0,B001,PALISADES BEACH RD,MILEPOST 35.17,61,N,N,A,-,Y,LA,7,1,-,-,35.27,H,-,S,Y,2,0,1,1,A,-,08,22107,NA,N,E,I,A,A,H,-,C,D,0,NA,NA,Y,NA,Y,NA,C,02,1,0,0,0,0,0,0,0,1,-,-,NA,NA,LOS ANGELES,SANTA MONICA,-118.4962754,34.01158547
8452309,2017,2018-06-22,1976,2017-08-25,1223,442,NA,5,5,5,1976,0,0,0,NA,0,004,WHITTIER BL,COLE RD,50,E,N,A,-,Y,LA,7,72,-,-,1.77,H,-,N,N,4,0,1,2,A,-,04,21703,NA,F,C,C,A,A,A,-,A,A,0,NA,NA,NA,NA,Y,NA,A,01,0,0,1,0,0,0,0,0,0,-,-,NA,NA,LOS ANGELES,WHITTIER,-118.00510865,33.94843731
8452319,2017,2018-03-20,1928,2017-06-03,1100,385,513,6,5,5,1928,0,0,0,NA,0,504,HAWTHORNE BL,131ST ST,100,N,N,A,-,N,NA,NA,NA,NA,NA,NA,NA,NA,NA,N,4,0,1,2,B,-,22,NA,NA,N,G,B,D,A,H,-,A,D,0,Y,NA,NA,NA,Y,NA,A,01,0,0,1,0,1,0,0,0,0,-,-,NA,NA,LOS ANGELES,HAWTHORNE,-118.35278,33.91387428
8452335,2017,2018-06-19,1941,2017-08-29,1725,5970,NA,2,5,7,1941,0,0,0,NA,0,NA,PCH,E PACIFIC AV,15,W,N,A,-,Y,LA,7,1,-,-,6.511,I,5,N,Y,3,0,2,2,A,-,12,21453,A,N,D,C,A,A,H,-,A,A,0,NA,NA,NA,NA,Y,NA,A,NA,0,1,1,0,0,0,0,0,0,-,-,NA,NA,LOS ANGELES,LONG BEACH,-118.19362039,33.78991796
8452339,2017,2018-05-14,1941,2017-08-29,0745,5407,NA,2,5,7,1941,0,0,0,NA,0,NA,PACIFIC COAST HWY,TERMINO AV,0,NA,Y,A,-,Y,LA,7,1,-,-,3.761,I,5,S,N,3,0,1,2,A,-,12,21453,A,N,D,G,A,A,H,-,A,A,0,NA,Y,NA,NA,Y,NA,L,04,0,1,0,0,0,0,1,0,0,-,-,NA,NA,LOS ANGELES,LONG BEACH,-118.14603561,33.78979933
8452341,2017,2018-06-22,1942,2017-08-27,2115,41198,1761,7,5,7,1942,0,0,0,Q,0,10T37,TOPANGA CANYON BL,NORDHOFF ST,100,N,N,A,-,Y,LA,7,27,-,-,17.03,H,-,N,Y,4,0,2,3,A,-,08,22107,NA,N,B,C,A,A,H,-,C,D,0,NA,NA,NA,NA,Y,NA,A,07,0,0,2,0,0,0,0,0,0,-,-,NA,NA,LOS ANGELES,LOS ANGELES,-118.60509695,34.23574068
8452347,2017,2018-06-19,1965,2017-08-18,1958,3894,0B1C,5,5,5,1965,0,0,0,NA,0,B001,PACIFIC COAST HWY,CALIFORNIA INCLINE,2064,NA,N,B,-,Y,LA,7,1,-,-,36.5,H,-,N,Y,3,0,3,4,A,-,08,22107,NA,N,B,C,A,A,H,-,C,D,0,NA,NA,NA,NA,Y,NA,A,01,0,1,2,0,0,0,0,0,0,-,-,NA,NA,LOS ANGELES,SANTA MONICA,-118.51160129,34.02406107
8452360,2017,2018-05-08,1941,2017-08-29,1617,11001,NA,2,5,7,1941,0,0,0,NA,0,NA,6110 PARAMOUNT BL,PARAMOUNT BL,0,NA,Y,A,-,N,NA,NA,NA,NA,NA,NA,NA,NA,NA,Y,4,0,1,2,A,-,03,22350,NA,N,C,C,A,A,H,-,A,D,0,NA,NA,NA,NA,Y,NA,A,NA,0,0,1,0,0,0,0,0,0,-,-,NA,NA,LOS ANGELES,LONG BEACH,-118.159943,33.865854
8452363,2017,2018-05-08,1933,2017-07-28,1624,994,40,5,5,6,1933,0,0,0,NA,0,004,IMPERIAL HWY,ARDATH AV,0,NA,Y,A,-,N,NA,NA,NA,NA,NA,NA,NA,NA,NA,Y,2,0,1,2,A,-,08,22107,NA,F,B,C,A,A,H,-,A,A,0,NA,NA,Y,NA,Y,NA,A,01,1,0,0,0,0,0,0,0,1,-,-,33.93095,-118.32391,LOS ANGELES,INGLEWOOD,-118.32392003,33.93114005
8452364,2017,2018-05-14,1941,2017-08-30,0733,5617,NA,3,5,7,1941,0,0,0,NA,0,NA,PACIFIC COAST HWY,LIME,0,NA,Y,A,-,Y,LA,7,1,-,-,5.951,I,5,N,Y,4,0,1,2,A,-,09,21801,A,N,D,C,A,A,H,-,A,D,0,NA,NA,NA,NA,Y,NA,D,NA,0,0,1,0,0,0,0,0,0,-,-,NA,NA,LOS ANGELES,LONG BEACH,-118.18398145,33.78991787
8452368,2017,2018-05-14,1941,2017-08-30,1142,11023,NA,3,5,7,1941,0,0,0,NA,0,NA,PACIFIC COAST HWY,MAGNOLIA AV,0,NA,Y,A,-,Y,LA,7,1,-,-,6.771,I,5,N,Y,4,0,1,2,A,-,09,21801,A,N,A,C,A,A,H,-,A,A,0,NA,NA,NA,NA,Y,NA,A,NA,0,0,1,0,0,0,0,0,0,-,-,NA,NA,LOS ANGELES,LONG BEACH,-118.19809483,33.78992001
8452374,2017,2018-06-11,1942,2017-08-17,2110,34332,1831,4,5,7,1942,0,0,0,R,0,24T33,MANCHESTER BL,BROADWAY,350,W,N,A,-,Y,LA,7,110,-,-,15.931,R,3,N,N,3,0,1,2,A,-,10,21950,A,F,G,B,B,A,H,-,C,A,0,Y,NA,NA,NA,Y,NA,-,99,0,1,0,0,1,0,0,0,0,-,-,NA,NA,LOS ANGELES,LOS ANGELES,-118.2807197,33.9594616
8452376,2017,2018-05-14,1967,2017-08-31,1713,128,NA,4,5,2,1967,0,0,0,NA,0,SOUTH,RT 1,ORIZABA AV,0,NA,Y,A,-,Y,LA,7,1,-,-,4.391,I,5,S,Y,4,0,1,3,A,-,09,21801,A,N,D,C,A,A,H,-,A,A,0,NA,NA,NA,NA,Y,NA,A,07,0,0,1,0,0,0,0,0,0,-,-,NA,NA,LOS ANGELES,SIGNAL HILL,-118.15677733,33.7898063
8452390,2017,2019-04-09,1972,2017-02-06,0628,18059,NA,1,5,6,1972,0,0,0,NA,0,NA,WESTERN,ARTESIA,0,NA,Y,C,-,N,NA,NA,NA,NA,NA,NA,NA,NA,NA,N,1,1,0,2,A,-,11,21453,D,N,G,B,D,B,H,-,C,A,0,Y,NA,NA,NA,Y,NA,N,NA,0,0,0,1,0,0,0,0,0,-,-,NA,NA,LOS ANGELES,TORRANCE,-118.30916009,33.87281009
8452394,2017,2018-05-14,1972,2017-08-10,1642,19086,NA,4,5,6,1972,0,0,0,NA,0,NA,PACIFIC COAST HWY,ROBINSON WY,850,W,N,A,-,Y,LA,7,1,-,-,15.15,H,-,S,Y,3,0,1,3,B,-,22,NA,NA,N,A,C,A,A,H,-,A,D,0,NA,NA,Y,NA,Y,NA,C,NA,0,1,0,0,0,0,0,0,1,-,-,NA,NA,LOS ANGELES,TORRANCE,-118.33977643,33.79701213
8452395,2017,2018-05-08,1965,2017-08-31,1725,3727,0B3E,4,5,5,1965,0,0,0,NA,0,B003,CLOVERFIELD BL,VIRGINIA AV,211,N,N,B,-,N,NA,NA,NA,NA,NA,NA,NA,NA,NA,Y,4,0,1,2,A,-,09,21802,A,N,D,C,A,A,H,-,A,D,0,NA,NA,Y,NA,Y,NA,A,01,0,0,1,0,0,0,0,0,1,-,-,NA,NA,LOS ANGELES,SANTA MONICA,-118.46804937,34.02347261
8452396,2017,2018-06-21,1900,2017-08-28,0708,451512,2115,1,5,5,1943,0,0,0,NA,0,212T4D,IMPERIAL HWY,WRIGHT RD,360,E,N,A,-,Y,LA,7,710,-,-,17.114,R,4,N,Y,4,0,1,1,A,-,08,22107,NA,N,E,I,A,A,-,-,A,A,0,NA,NA,NA,NA,Y,NA,A,07,0,0,1,0,0,0,0,0,0,-,-,NA,NA,LOS ANGELES,LYNWOOD,-118.17810602,33.93266528
8452398,2017,2018-05-14,1972,2017-08-26,1132,19767,NA,6,5,6,1972,0,0,0,NA,0,NA,PACIFIC COAST HWY,AIRPORT DR,36,E,N,A,-,Y,LA,7,1,-,-,14.33,H,-,N,Y,4,0,2,2,A,-,03,22350,NA,N,C,C,A,A,H,-,A,D,0,NA,NA,NA,NA,Y,NA,A,NA,0,0,2,0,0,0,0,0,0,-,-,NA,NA,LOS ANGELES,TORRANCE,-118.32891336,33.78965778
8452485,2017,2017-09-27,1942,2017-08-23,1350,42234,1999,3,5,7,1942,0,0,0,NA,0,19A79W,VENTURA CANYON,CANTARA ST,0,NA,Y,A,-,N,NA,NA,NA,NA,NA,NA,NA,NA,NA,Y,4,0,1,2,A,-,12,22450,NA,N,D,C,A,A,H,-,A,A,0,NA,NA,NA,NA,Y,NA,A,08,0,0,1,0,0,0,0,0,0,-,-,NA,NA,LOS ANGELES,LOS ANGELES,-118.42877005,34.21983003
8452497,2017,2017-09-27,1900,2017-08-29,0713,506892,1614,2,5,5,1977,0,0,0,NA,0,164T,192ND ST,TOWNE AV,0,NA,Y,A,-,N,NA,NA,NA,NA,NA,NA,NA,NA,NA,Y,4,0,1,3,A,-,09,21801,A,N,D,C,A,A,H,-,A,A,0,NA,NA,NA,NA,Y,NA,A,01,0,0,1,0,0,0,0,0,0,-,-,NA,NA,LOS ANGELES,CARSON,-118.26796006,33.85677005
8452501,2017,2017-09-27,1900,2017-08-28,1800,518302,1617,1,5,5,1977,0,0,0,NA,0,164T1,DEL AMO BL,MAIN ST,1,W,N,A,-,N,NA,NA,NA,NA,NA,NA,NA,NA,NA,Y,4,0,1,3,A,-,04,21703,NA,N,C,C,A,A,H,-,A,A,0,NA,NA,NA,NA,Y,NA,A,01,0,0,1,0,0,0,0,0,0,-,-,NA,NA,LOS ANGELES,CARSON,-118.28021329,33.84631
8452509,2017,2017-09-27,1900,2017-08-16,1505,281265,1619,3,5,5,1977,0,0,0,NA,0,164T1,AVALON BL,CARSON PLAZA DR,0,NA,Y,A,-,N,NA,NA,NA,NA,NA,NA,NA,NA,NA,N,4,0,1,2,A,-,10,21950,A,N,G,B,B,A,H,-,A,A,0,Y,NA,NA,NA,Y,NA,A,01,0,0,1,0,1,0,0,0,0,-,-,NA,NA,LOS ANGELES,CARSON,-118.2643901,33.84525002
8452513,2017,2017-09-27,1900,2017-08-09,0804,550488,1623,3,5,5,1977,0,0,0,NA,0,168TD,SEPULVEDA BL,FIGUEROA ST,0,NA,Y,A,-,N,NA,NA,NA,NA,NA,NA,NA,NA,NA,Y,4,0,1,2,A,-,12,21453,A,N,D,C,A,A,H,-,A,A,0,NA,NA,NA,NA,Y,NA,A,01,0,0,1,0,0,0,0,0,0,-,-,NA,NA,LOS ANGELES,CARSON,-118.28451011,33.80794008
8452517,2017,2017-09-27,1900,2017-02-10,2130,281365,1610,5,5,5,1977,0,0,0,NA,0,164T1,MAIN ST,ALONDRA BL,0,NA,Y,A,-,N,NA,NA,NA,NA,NA,NA,NA,NA,NA,Y,4,0,2,2,A,-,01,23152,A,N,D,C,A,A,H,-,C,A,0,NA,NA,NA,NA,Y,Y,A,01,0,0,2,0,0,0,0,0,0,-,-,NA,NA,LOS ANGELES,CARSON,-118.27591006,33.88560002
8452521,2017,2017-09-27,1900,2017-08-12,1813,552338,1618,6,5,5,1977,0,0,0,NA,0,167T1,MAIN ST,TORRANCE BL,0,NA,Y,A,-,N,NA,NA,NA,NA,NA,NA,NA,NA,NA,N,4,0,1,2,A,-,12,21453,A,N,D,C,A,A,H,-,A,A,0,NA,NA,NA,NA,Y,NA,A,01,0,0,1,0,0,0,0,0,0,-,-,NA,NA,LOS ANGELES,CARSON,-118.27994004,33.84211
8452525,2017,2017-09-27,1900,2017-08-12,0730,523103,1620,6,5,5,1977,0,0,0,NA,0,168T,220TH ST,LOSTINE AV,0,NA,Y,B,-,N,NA,NA,NA,NA,NA,NA,NA,NA,NA,Y,4,0,1,2,A,-,09,21802,A,N,D,C,A,A,C,-,A,D,0,NA,NA,NA,NA,Y,NA,A,01,0,0,1,0,0,0,0,0,0,-,-,NA,NA,LOS ANGELES,CARSON,-118.24573009,33.82789006
8452529,2017,2017-09-27,1900,2017-08-20,1449,550488,1617,7,5,5,1977,0,0,0,NA,0,168TD,CARSON ST,MAIN ST,380,W,N,A,-,N,NA,NA,NA,NA,NA,NA,NA,NA,NA,Y,4,0,1,2,A,-,09,21804,A,N,D,C,A,A,H,-,A,A,0,NA,NA,NA,NA,Y,NA,A,01,0,0,1,0,0,0,0,0,0,-,-,NA,NA,LOS ANGELES,CARSON,-118.27932881,33.83168
8452533,2017,2017-09-27,1900,2017-08-16,1540,540312,1621,3,5,5,1977,0,0,0,NA,0,168T,CARSON ST,WILMINGTON AV,200,E,N,A,-,N,NA,NA,NA,NA,NA,NA,NA,NA,NA,Y,3,0,1,2,A,-,08,22107,NA,N,D,C,A,A,H,-,A,D,0,NA,NA,Y,NA,Y,NA,A,01,0,1,0,0,0,0,0,0,1,-,-,NA,NA,LOS ANGELES,CARSON,-118.23894734,33.83174
8452537,2017,2017-09-27,1900,2017-08-16,1150,540312,1624,3,5,5,1977,0,0,0,NA,0,168T,DOLORES ST,228TH ST,60,N,N,A,-,N,NA,NA,NA,NA,NA,NA,NA,NA,NA,Y,4,0,1,2,A,-,21,22106,NA,N,D,C,A,A,H,-,A,D,0,NA,NA,NA,NA,Y,NA,A,01,0,0,1,0,0,0,0,0,0,-,-,NA,NA,LOS ANGELES,CARSON,-118.2723584,33.81904455