CASE_ID,ACCIDENT_YEAR,PROC_DATE,JURIS,COLLISION_DATE,COLLISION_TIME,OFFICER_ID,REPORTING_DISTRICT,DAY_OF_WEEK,CHP_SHIFT,POPULATION,CNTY_CITY_LOC,SPECIAL_COND,BEAT_TYPE,CHP_BEAT_TYPE,CITY_DIVISION_LAPD,CHP_BEAT_CLASS,BEAT_NUMBER,PRIMARY_RD,SECONDARY_RD,DISTANCE,DIRECTION,INTERSECTION,WEATHER_1,WEATHER_2,STATE_HWY_IND,CALTRANS_COUNTY,CALTRANS_DISTRICT,STATE_ROUTE,ROUTE_SUFFIX,POSTMILE_PREFIX,POSTMILE,LOCATION_TYPE,RAMP_INTERSECTION,SIDE_OF_HWY,TOW_AWAY,COLLISION_SEVERITY,NUMBER_KILLED,NUMBER_INJURED,PARTY_COUNT,PRIMARY_COLL_FACTOR,PCF_CODE_OF_VIOL,PCF_VIOL_CATEGORY,PCF_VIOLATION,PCF_VIOL_SUBSECTION,HIT_AND_RUN,TYPE_OF_COLLISION,MVIW,PED_ACTION,ROAD_SURFACE,ROAD_COND_1,ROAD_COND_2,LIGHTING,CONTROL_DEVICE,CHP_ROAD_TYPE,PEDESTRIAN_ACCIDENT,BICYCLE_ACCIDENT,MOTORCYCLE_ACCIDENT,TRUCK_ACCIDENT,NOT_PRIVATE_PROPERTY,ALCOHOL_INVOLVED,STWD_VEHTYPE_AT_FAULT,CHP_VEHTYPE_AT_FAULT,COUNT_SEVERE_INJ,COUNT_VISIBLE_INJ,COUNT_COMPLAINT_PAIN,COUNT_PED_KILLED,COUNT_PED_INJURED,COUNT_BICYCLIST_KILLED,COUNT_BICYCLIST_INJURED,COUNT_MC_KILLED,COUNT_MC_INJURED,PRIMARY_RAMP,SECONDARY_RAMP,LATITUDE,LONGITUDE,COUNTY,CITY,POINT_X,POINT_Y
8455305,2017,2017-09-26,1969,2017-09-04,1839,10205,PATRO,1,5,5,1969,0,0,0,NA,0,004,JACKSON AV,TENAYA AV,275,N,N,A,-,N,NA,NA,NA,NA,NA,NA,NA,NA,NA,N,4,0,1,4,A,-,08,22107,NA,N,A,E,A,A,H,-,A,D,0,NA,NA,NA,NA,Y,Y,A,01,0,0,1,0,0,0,0,0,0,-,-,NA,NA,LOS ANGELES,SOUTH GATE,-118.18833122,33.93769127
8455306,2017,2018-05-08,1926,2017-09-12,0909,0022,NA,2,5,5,1926,0,0,0,NA,0,NA,BARRANCA AV,RT 66,0,NA,Y,A,-,N,NA,NA,NA,NA,NA,NA,NA,NA,NA,Y,3,0,1,3,A,-,09,21801,A,N,D,C,A,A,H,-,A,A,0,NA,NA,NA,Y,Y,NA,A,01,0,1,0,0,0,0,0,0,0,-,-,NA,NA,LOS ANGELES,GLENDORA,-117.88135008,34.1287901
8455310,2017,2017-09-28,1926,2017-09-12,0618,0075,NA,2,5,5,1926,0,0,0,NA,0,NA,GLADSTONE ST,SUNFLOWER AV,0,NA,Y,A,-,N,NA,NA,NA,NA,NA,NA,NA,NA,NA,Y,4,0,1,2,A,-,09,21801,A,N,D,C,A,A,H,-,A,A,0,NA,NA,NA,NA,Y,NA,A,07,0,0,1,0,0,0,0,0,0,-,-,NA,NA,LOS ANGELES,GLENDORA,-117.84637003,34.11393011
8455412,2017,2018-06-20,1900,2017-08-27,1330,443105,2607,7,5,6,1950,0,0,0,NA,0,263T1,RT 138,GOLDENVIEW WY,0,NA,Y,A,-,Y,LA,7,138,-,-,50.58,I,5,W,NA,4,0,1,2,A,-,09,21802,A,N,D,C,A,A,H,-,A,A,0,NA,NA,NA,NA,Y,NA,A,08,0,0,1,0,0,0,0,0,0,-,-,NA,NA,LOS ANGELES,PALMDALE,-118.04129319,34.55070492
8455529,2017,2018-06-11,1900,2017-09-05,1724,533363,2610,2,5,6,1950,0,0,0,NA,0,262T1,PALMDALE BL,6TH ST EAST,0,NA,Y,A,-,Y,LA,7,138,-,-,44.329,I,5,W,Y,4,0,2,2,A,-,12,21453,A,N,D,C,A,A,H,-,A,A,0,NA,NA,NA,NA,Y,NA,A,07,0,0,2,0,0,0,0,0,0,-,-,NA,NA,LOS ANGELES,PALMDALE,-118.11820721,34.57948992
8455533,2017,2018-06-11,1900,2017-09-08,0725,552548,2610,5,5,6,1950,0,0,0,NA,0,262T1,PALMDALE BL,3RD ST EAST,0,NA,Y,A,-,Y,LA,7,138,-,-,43.95,I,5,E,Y,3,0,5,2,A,-,12,21453,A,N,D,C,A,A,H,-,A,A,0,NA,NA,NA,NA,Y,NA,A,01,0,3,2,0,0,0,0,0,0,-,-,NA,NA,LOS ANGELES,PALMDALE,-118.12484221,34.57985792
8455544,2017,2018-05-14,1941,2017-09-10,1638,5754,NA,7,5,7,1941,0,0,0,NA,0,NA,PACIFIC COAST HWY,CEDAR AV,0,NA,Y,A,-,Y,LA,7,1,-,-,6.591,I,5,S,N,3,0,3,2,A,-,12,21453,A,N,D,C,A,A,H,-,A,A,0,NA,NA,NA,NA,Y,NA,A,NA,0,1,2,0,0,0,0,0,0,-,-,NA,NA,LOS ANGELES,LONG BEACH,-118.194996,33.78981006
8455548,2017,2018-06-19,1941,2017-09-13,0915,5523,NA,3,5,7,1941,0,0,0,NA,0,NA,PACIFIC COAST HWY,LOYNES DR,0,NA,Y,A,-,Y,LA,7,1,-,-,1.311,I,5,S,Y,3,0,1,2,A,-,12,21453,A,N,A,C,A,A,H,-,A,A,0,NA,NA,NA,NA,Y,NA,D,NA,0,1,0,0,0,0,0,0,0,-,-,NA,NA,LOS ANGELES,LONG BEACH,-118.11701589,33.76730792
8455563,2017,2018-06-11,1976,2017-09-01,1929,418,NA,5,5,5,1976,0,0,0,NA,0,004,WHITTIER BL,VIRGINIA AV,370,E,N,A,-,Y,LA,7,72,-,-,0.7,H,-,S,Y,4,0,3,2,A,-,09,21804,A,N,D,C,A,A,H,-,B,D,0,NA,NA,NA,NA,Y,NA,A,07,0,0,3,0,0,0,0,0,0,-,-,NA,NA,LOS ANGELES,WHITTIER,-117.98802361,33.94225086
8455583,2017,2018-06-20,1942,2017-09-12,0627,38721,1445,2,5,7,1942,0,0,0,N,0,8TL35,VENICE BL,WADE ST,7,W,N,B,-,Y,LA,7,187,-,-,4.481,I,5,E,Y,3,0,1,2,A,-,09,21801,A,N,D,C,A,A,H,-,B,A,0,NA,NA,NA,NA,Y,NA,A,01,0,1,0,0,0,0,0,0,0,-,-,NA,NA,LOS ANGELES,LOS ANGELES,-118.43796366,34.00131954
8455587,2017,2018-05-08,1942,2017-09-11,1730,41978,0855,1,5,7,1942,0,0,0,H,0,6T7,SANTA MONICA BL,SELBY AV,0,NA,Y,A,-,N,NA,NA,NA,NA,NA,NA,NA,NA,NA,N,3,0,1,2,A,-,09,21802,A,F,D,C,A,A,H,-,C,A,0,NA,NA,NA,NA,Y,NA,-,99,0,1,0,0,0,0,0,0,0,-,-,NA,NA,LOS ANGELES,LOS ANGELES,-118.43399014,34.05081009
8455603,2017,2017-09-28,1900,2017-09-13,1502,514712,0541,3,5,3,1921,0,0,0,NA,0,58T1PM,1ST ST,DUNCANNON AV,103,E,N,A,-,N,NA,NA,NA,NA,NA,NA,NA,NA,NA,N,4,0,1,2,A,-,09,21804,A,N,C,C,A,A,H,-,A,D,0,NA,NA,NA,NA,Y,NA,D,22,0,0,1,0,0,0,0,0,0,-,-,34.1424,-117.97191,LOS ANGELES,DUARTE,-117.9719604,34.14243382
8455607,2017,2017-09-28,1900,2017-09-12,1550,531921,0523,2,5,4,1971,0,0,0,NA,0,52T1,TEMPLE CITY BL,LIVE OAK AV,0,NA,Y,A,-,N,NA,NA,NA,NA,NA,NA,NA,NA,NA,N,4,0,1,2,A,-,09,21801,A,N,D,C,A,A,H,-,A,A,0,NA,NA,NA,NA,Y,NA,A,07,0,0,1,0,0,0,0,0,0,-,-,34.103,-118.0601,LOS ANGELES,TEMPLE CITY,-118.06018001,34.10305008
8455611,2017,2017-10-16,1922,2017-08-28,2049,682,NA,1,5,6,1922,0,0,0,NA,0,NA,PECK RD,BONWOOD RD,60,S,N,A,-,N,NA,NA,NA,NA,NA,NA,NA,NA,NA,N,4,0,1,2,A,-,10,21950,A,N,G,B,C,A,H,-,C,D,0,Y,NA,NA,NA,Y,Y,I,11,0,0,1,0,1,0,0,0,0,-,-,34.05446,-118.03084,LOS ANGELES,EL MONTE,-118.03059,34.05489549
8455612,2017,2017-10-16,1953,2017-08-17,2002,0720,1953,4,5,6,1953,0,0,0,NA,0,003,COLORADO BL,CATALINA AV,0,NA,Y,A,-,N,NA,NA,NA,NA,NA,NA,NA,NA,NA,N,3,0,1,2,A,-,12,21453,A,N,D,C,A,A,H,-,B,A,0,NA,NA,NA,NA,Y,NA,A,01,0,1,0,0,0,0,0,0,0,-,-,NA,NA,LOS ANGELES,PASADENA,-118.12944006,34.14592005
8455616,2017,2017-10-13,1953,2017-08-21,0909,7724,LACOU,1,5,6,1953,0,0,0,NA,0,001,FAIR OAKS AV,BELLEVUE ST,0,NA,Y,A,-,N,NA,NA,NA,NA,NA,NA,NA,NA,NA,Y,4,0,1,2,A,-,09,21801,A,N,D,C,A,A,H,-,A,A,0,NA,NA,NA,NA,Y,NA,D,22,0,0,1,0,0,0,0,0,0,-,-,NA,NA,LOS ANGELES,PASADENA,-118.15041,34.13833008
8455620,2017,2017-10-13,1953,2017-08-21,1406,0720,1953,1,5,6,1953,0,0,0,NA,0,002,DEL MONTE ST,FOREST AV,0,W,N,A,-,N,NA,NA,NA,NA,NA,NA,NA,NA,NA,Y,4,0,1,3,A,-,00,23103,NA,N,B,C,A,A,H,-,A,D,0,NA,NA,NA,NA,Y,NA,A,07,0,0,1,0,0,0,0,0,0,-,-,NA,NA,LOS ANGELES,PASADENA,-118.16264007,34.1726701
8455638,2017,2017-09-28,1900,2017-09-04,1035,600319,2844,1,5,5,1915,0,0,0,NA,0,282T1,TEMPLE AV,CALDWELL ST,171,N,N,A,-,N,NA,NA,NA,NA,NA,NA,NA,NA,NA,N,3,0,1,2,A,-,08,22107,NA,N,D,C,A,A,H,-,A,D,0,NA,NA,NA,NA,Y,NA,A,01,0,1,0,0,0,0,0,0,0,-,-,NA,NA,LOS ANGELES,COMPTON,-118.20734642,33.88541891
8455640,2017,2018-05-08,1900,2017-09-07,1026,457374,1418,4,5,1,1932,0,0,0,NA,0,141T3,VALLEY BL,ATHENS WY,0,NA,Y,A,-,N,NA,NA,NA,NA,NA,NA,NA,NA,NA,Y,4,0,1,2,A,-,01,23152,A,N,D,C,A,A,H,-,A,A,0,NA,NA,NA,Y,Y,Y,D,22,0,0,1,0,0,0,0,0,0,-,-,NA,NA,LOS ANGELES,INDUSTRY,-117.984306,34.041426
8455642,2017,2017-10-13,1900,2017-08-26,0900,551884,2813,6,5,5,1915,0,0,0,NA,0,282T1,132ND ST,CENTRAL AV,0,NA,Y,A,-,N,NA,NA,NA,NA,NA,NA,NA,NA,NA,N,4,0,1,2,A,-,09,21801,A,N,D,C,A,A,H,-,A,D,0,NA,NA,NA,NA,Y,NA,A,01,0,0,1,0,0,0,0,0,0,-,-,NA,NA,LOS ANGELES,COMPTON,-118.25473004,33.91242012
8455646,2017,2017-10-13,1976,2017-08-27,1306,451,1976,7,5,5,1976,0,0,0,NA,0,003,FLOMAR DR,GUNN AV,195,W,N,A,-,N,NA,NA,NA,NA,NA,NA,NA,NA,NA,N,4,0,1,3,A,-,03,22350,NA,N,C,E,A,A,H,-,A,D,0,NA,NA,NA,NA,Y,NA,A,01,0,0,1,0,0,0,0,0,0,-,-,NA,NA,LOS ANGELES,WHITTIER,-118.02338273,33.95023533
8455648,2017,2017-10-03,1900,2017-08-26,0300,515583,1419,6,5,1,1932,0,0,0,NA,0,141TI,WALNUT DR S,FAIRWAY DR,0,NA,Y,A,-,N,NA,NA,NA,NA,NA,NA,NA,NA,NA,Y,3,0,1,1,A,-,03,22350,NA,N,E,I,A,A,H,-,D,D,0,NA,NA,NA,NA,Y,NA,D,22,0,1,0,0,0,0,0,0,0,-,-,NA,NA,LOS ANGELES,INDUSTRY,-117.86991007,33.99288001
8455652,2017,2017-10-03,1900,2017-08-26,1455,478216,1414,6,5,1,1932,0,0,0,NA,0,141T5,HACIENDA BL,NELSON AV,191,S,N,A,-,N,NA,NA,NA,NA,NA,NA,NA,NA,NA,Y,4,0,1,2,A,-,03,22350,NA,N,C,C,A,A,H,-,A,A,0,NA,NA,NA,NA,Y,NA,A,07,0,0,1,0,0,0,0,0,0,-,-,NA,NA,LOS ANGELES,INDUSTRY,-117.95780216,34.02581452
8455654,2017,2017-09-28,1976,2017-09-14,0313,397,NA,4,5,5,1976,0,0,0,NA,0,NA,BEVERLY BL,CARLEY ST,270,E,N,A,-,N,NA,NA,NA,NA,NA,NA,NA,NA,NA,Y,3,0,1,1,A,-,01,23152,A,N,E,I,A,A,H,-,C,D,0,NA,NA,NA,NA,Y,Y,D,22,0,1,0,0,0,0,0,0,0,-,-,NA,NA,LOS ANGELES,WHITTIER,-118.05776634,34.00025696
8455664,2017,2017-10-03,1900,2017-08-25,1725,479155,1432,5,5,4,1937,0,0,0,NA,0,143TI,AMAR RD,MOLINAR AV,24,E,N,A,-,N,NA,NA,NA,NA,NA,NA,NA,NA,NA,N,4,0,3,4,A,-,04,21703,NA,N,C,C,A,A,H,-,A,A,0,NA,NA,NA,NA,Y,NA,D,22,0,0,3,0,0,0,0,0,0,-,-,34.03675,-117.94439,LOS ANGELES,LA PUENTE,-117.94448117,34.03684528
8455680,2017,2017-10-03,1900,2017-08-09,1523,478216,1412,3,5,1,1932,0,0,0,NA,0,141T6,TEMPLE AV,BALDWIN PARK BL,0,NA,Y,A,-,N,NA,NA,NA,NA,NA,NA,NA,NA,NA,Y,4,0,2,3,A,-,09,21801,A,N,C,C,A,A,H,-,A,A,0,NA,NA,NA,NA,Y,NA,A,01,0,0,2,0,0,0,0,0,0,-,-,NA,NA,LOS ANGELES,INDUSTRY,-117.99177004,34.05719003
8455683,2017,2017-09-27,1941,2017-09-10,1241,6204,901-T,7,5,7,1941,0,0,0,NA,0,NA,2ND ST,SORRENTO DR,60,E,N,A,-,N,NA,NA,NA,NA,NA,NA,NA,NA,NA,N,4,0,1,3,A,-,17,22517,NA,N,H,G,A,A,H,-,A,A,0,NA,Y,NA,NA,Y,NA,-,NA,0,0,1,0,0,0,1,0,0,-,-,NA,NA,LOS ANGELES,LONG BEACH,-118.12826143,33.75788055
8455687,2017,2017-09-27,1941,2017-09-13,0202,6050,NA,3,5,7,1941,0,0,0,NA,0,NA,ORANGE AV,7TH ST,177,S,N,A,-,N,NA,NA,NA,NA,NA,NA,NA,NA,NA,Y,3,0,1,2,A,-,03,22350,NA,N,C,G,A,A,H,-,A,D,0,NA,Y,NA,NA,Y,Y,-,NA,0,1,0,0,0,0,1,0,0,-,-,NA,NA,LOS ANGELES,LONG BEACH,-118.17637191,33.77485466
8455706,2017,2017-10-09,1941,2017-09-08,1538,10680,NA,5,5,7,1941,0,0,0,NA,0,NA,DEL AMO,ATLANTIC AV,0,NA,Y,A,-,N,NA,NA,NA,NA,NA,NA,NA,NA,NA,N,3,0,1,2,A,-,12,21453,A,F,D,C,A,A,H,-,A,A,0,NA,NA,Y,NA,Y,NA,A,NA,0,1,0,0,0,0,0,0,1,-,-,NA,NA,LOS ANGELES,LONG BEACH,-118.18502009,33.84528008
8455710,2017,2017-10-09,1941,2017-09-11,1926,5615,NA,1,5,7,1941,0,0,0,NA,0,NA,XIMENO AV,ANAHEIM ST,0,NA,Y,B,-,N,NA,NA,NA,NA,NA,NA,NA,NA,NA,N,3,0,1,2,A,-,09,21804,A,N,D,G,A,A,H,-,C,A,0,NA,Y,NA,NA,Y,NA,L,NA,0,1,0,0,0,0,1,0,0,-,-,NA,NA,LOS ANGELES,LONG BEACH,-118.14154001,33.78260003
8455714,2017,2017-10-20,1941,2017-09-12,0820,6204,NA,2,5,7,1941,0,0,0,NA,0,NA,APPIAN WY,EAST 2ND ST,0,NA,Y,A,-,N,NA,NA,NA,NA,NA,NA,NA,NA,NA,Y,3,0,1,2,A,-,12,22450,A,N,D,J,A,A,H,-,A,A,0,NA,NA,Y,NA,Y,NA,A,NA,0,1,0,0,0,0,0,0,1,-,-,NA,NA,LOS ANGELES,LONG BEACH,-118.11982,33.75647011
8455718,2017,2018-05-08,1941,2017-09-05,1042,5617,NA,2,5,7,1941,0,0,0,NA,0,NA,WILLOW,RT 103,0,NA,Y,A,-,N,NA,NA,NA,NA,NA,NA,NA,NA,NA,Y,3,0,1,2,-,-,-,NA,NA,N,D,C,A,A,H,-,A,A,0,NA,NA,NA,NA,Y,NA,-,-,0,1,0,0,0,0,0,0,0,-,-,NA,NA,LOS ANGELES,LONG BEACH,-118.2207401,33.8043801
8455719,2017,2017-09-27,1967,2017-09-20,2021,131,NA,3,5,2,1967,0,0,0,NA,0,NA,JUNIPERO AV,28TH ST,248,S,N,A,-,N,NA,NA,NA,NA,NA,NA,NA,NA,NA,Y,4,0,1,2,A,-,09,21801,A,N,A,C,A,A,H,-,A,D,0,NA,NA,NA,NA,Y,NA,A,01,0,0,1,0,0,0,0,0,0,-,-,NA,NA,LOS ANGELES,SIGNAL HILL,-118.16328626,33.80736992
8455722,2017,2017-10-09,1941,2017-09-06,1805,11003,NA,3,5,7,1941,0,0,0,NA,0,NA,4TH ST,TERMINO AV,0,NA,Y,A,-,N,NA,NA,NA,NA,NA,NA,NA,NA,NA,Y,4,0,3,2,A,-,03,22350,NA,N,C,D,A,A,H,-,A,A,0,NA,NA,NA,NA,Y,NA,A,NA,0,0,3,0,0,0,0,0,0,-,-,NA,NA,LOS ANGELES,LONG BEACH,-118.14593011,33.77169003
8455723,2017,2017-09-27,1967,2017-09-19,1330,136,NA,2,5,2,1967,0,0,0,NA,0,NORTH,LOUIS AV,SAINT LOUIS AV,175,N,N,A,-,N,NA,NA,NA,NA,NA,NA,NA,NA,NA,N,4,0,2,2,A,-,09,21804,A,N,D,C,A,A,H,-,A,D,0,NA,NA,NA,NA,Y,NA,A,01,0,0,2,0,0,0,0,0,0,-,-,NA,NA,LOS ANGELES,SIGNAL HILL,NA,NA
8455726,2017,2017-10-20,1941,2017-09-07,0300,6159,NA,4,5,7,1941,0,0,0,NA,0,NA,ANAHEIM WY,PIER B ST,0,NA,-,A,-,N,NA,NA,NA,NA,NA,NA,NA,NA,NA,Y,4,0,1,2,A,-,-,NA,NA,N,D,F,A,A,H,-,C,D,0,NA,NA,NA,NA,Y,NA,A,NA,0,0,1,0,0,0,0,0,0,-,-,NA,NA,LOS ANGELES,LONG BEACH,-118.22339011,33.7817701
8455727,2017,2017-09-27,1967,2017-09-18,1750,131,NA,1,5,2,1967,0,0,0,NA,0,NORTH,27TH,OLIVE AV,0,NA,Y,A,-,N,NA,NA,NA,NA,NA,NA,NA,NA,NA,Y,4,0,1,2,A,-,09,21802,A,N,D,C,A,A,H,-,A,A,0,NA,NA,NA,NA,Y,NA,A,01,0,0,1,0,0,0,0,0,0,-,-,NA,NA,LOS ANGELES,SIGNAL HILL,-118.18287009,33.80619007
8455730,2017,2017-10-09,1941,2017-09-07,0708,5707,NA,4,5,7,1941,0,0,0,NA,0,NA,33RD ST,PACIFIC PL,0,NA,Y,A,-,N,NA,NA,NA,NA,NA,NA,NA,NA,NA,N,3,0,1,2,A,-,10,21950,A,N,-,B,-,A,H,-,A,D,0,Y,NA,NA,NA,Y,NA,A,NA,0,1,0,0,1,0,0,0,0,-,-,NA,NA,LOS ANGELES,LONG BEACH,-118.19482006,33.81709005
8455731,2017,2017-09-27,1967,2017-09-14,0702,128,NA,4,5,2,1967,0,0,0,NA,0,SOUTH,WILLOW,ORANGE AV,285,E,N,A,-,N,NA,NA,NA,NA,NA,NA,NA,NA,NA,N,3,0,1,2,C,-,18,NA,NA,N,H,G,A,A,H,-,A,D,0,NA,Y,NA,NA,Y,NA,-,-,0,1,0,0,0,0,1,0,0,-,-,NA,NA,LOS ANGELES,SIGNAL HILL,-118.17539379,33.8044
8455734,2017,2017-10-09,1941,2017-09-08,1037,10845,NA,5,5,7,1941,0,0,0,NA,0,NA,LOS COYOTES DIAGONAL,STUDEBAKER RD,0,NA,Y,A,-,N,NA,NA,NA,NA,NA,NA,NA,NA,NA,Y,3,0,1,2,D,-,00,NA,NA,N,D,C,A,A,H,-,A,A,0,NA,NA,NA,NA,Y,NA,-,-,0,1,0,0,0,0,0,0,0,-,-,NA,NA,LOS ANGELES,LONG BEACH,-118.09973,33.82929011
8455735,2017,2017-09-27,1944,2017-09-08,1919,224,2M72,5,5,4,1944,0,0,0,NA,0,003,HIGHLAND AV,45TH ST,0,NA,Y,A,-,N,NA,NA,NA,NA,NA,NA,NA,NA,NA,Y,4,0,1,2,A,-,09,21801,A,N,D,C,A,A,H,-,A,A,0,NA,NA,NA,NA,Y,NA,A,01,0,0,1,0,0,0,0,0,0,-,-,NA,NA,LOS ANGELES,MANHATTAN BEACH,-118.42057012,33.90583012
8455738,2017,2017-10-09,1941,2017-09-09,1130,10245,NA,6,5,7,1941,0,0,0,NA,0,NA,PARK AV,7TH ST,292,S,N,A,-,N,NA,NA,NA,NA,NA,NA,NA,NA,NA,Y,4,0,1,3,A,-,08,22107,NA,N,C,E,A,A,H,-,A,A,0,NA,NA,NA,NA,Y,NA,D,NA,0,0,1,0,0,0,0,0,0,-,-,NA,NA,LOS ANGELES,LONG BEACH,-118.13721,33.7746256
8455742,2017,2017-10-09,1941,2017-09-09,1331,11005,NA,6,5,7,1941,0,0,0,NA,0,NA,PACIFIC COAST HWY,GARDENIA AV,0,NA,Y,A,-,N,NA,NA,NA,NA,NA,NA,NA,NA,NA,Y,4,0,1,2,A,-,09,21801,A,N,A,C,A,A,H,-,A,D,0,NA,NA,NA,NA,Y,NA,A,NA,0,0,1,0,0,0,0,0,0,-,-,NA,NA,LOS ANGELES,LONG BEACH,-118.16877,33.78986004
8455746,2017,2017-10-09,1941,2017-09-10,1351,10993,NA,7,5,7,1941,0,0,0,NA,0,NA,HARBOR AV,W 19TH ST,0,NA,Y,A,-,N,NA,NA,NA,NA,NA,NA,NA,NA,NA,Y,2,0,2,2,A,-,08,22107,NA,N,A,C,A,A,H,-,A,D,0,NA,NA,NA,NA,Y,NA,A,NA,1,1,0,0,0,0,0,0,0,-,-,NA,NA,LOS ANGELES,LONG BEACH,-118.21051009,33.79169009
8455750,2017,2018-05-04,1941,2017-09-10,1730,10140,NA,7,5,7,1941,0,0,0,NA,0,NA,PARAMOUNT BL,RT 91,0,NA,-,A,-,N,NA,NA,NA,NA,NA,NA,NA,NA,NA,Y,3,0,1,2,A,-,08,22107,NA,N,C,E,A,A,H,-,A,D,0,NA,NA,NA,NA,Y,NA,A,NA,0,1,0,0,0,0,0,0,0,-,-,NA,NA,LOS ANGELES,LONG BEACH,-118.15999005,33.87622009
8455754,2017,2017-10-09,1941,2017-09-11,1724,11013,NA,1,5,7,1941,0,0,0,NA,0,NA,PACIFIC PL,S 33RD ST,18,N,N,A,-,N,NA,NA,NA,NA,NA,NA,NA,NA,NA,N,3,0,1,2,A,-,09,21801,A,N,D,C,A,A,H,-,A,D,0,NA,NA,NA,NA,Y,NA,A,NA,0,1,0,0,0,0,0,0,0,-,-,NA,NA,LOS ANGELES,LONG BEACH,-118.19484278,33.81713556
8455758,2017,2017-10-20,1941,2017-09-11,1904,11001,NA,1,5,7,1941,0,0,0,NA,0,NA,ARTESIA BL,OBISPO AV,0,W,N,A,-,N,NA,NA,NA,NA,NA,NA,NA,NA,NA,N,4,0,5,2,A,-,04,21703,NA,N,C,C,A,A,H,-,A,A,0,NA,NA,NA,NA,Y,NA,A,NA,0,0,5,0,0,0,0,0,0,-,-,NA,NA,LOS ANGELES,LONG BEACH,-118.15565012,33.87477006
8455799,2017,2017-09-20,1933,2017-08-26,0225,981,I23,6,5,6,1933,0,0,0,NA,0,002,LA CIENEGA BL,CENTURY BL,0,NA,Y,A,-,N,NA,NA,NA,NA,NA,NA,NA,NA,NA,Y,4,0,1,2,A,-,12,21453,A,F,D,C,A,A,H,-,C,A,0,NA,NA,NA,NA,Y,Y,A,07,0,0,1,0,0,0,0,0,0,-,-,33.94551,-118.37005,LOS ANGELES,INGLEWOOD,-118.37006002,33.94541002
8455803,2017,2017-09-20,1933,2017-08-25,1534,959,22,5,5,6,1933,0,0,0,NA,0,003,MANCHESTER BL,11TH AV,0,NA,Y,A,-,N,NA,NA,NA,NA,NA,NA,NA,NA,NA,N,4,0,1,2,A,-,09,21801,A,N,D,C,A,A,H,-,A,A,0,NA,NA,Y,NA,Y,NA,A,01,0,0,1,0,0,0,0,0,1,-,-,33.95999,-118.32877,LOS ANGELES,INGLEWOOD,-118.32876004,33.95999011
8455807,2017,2017-09-20,1933,2017-08-25,1040,826,29,5,5,6,1933,0,0,0,NA,0,003,CENTURY BL,5TH AV,20,E,N,A,-,N,NA,NA,NA,NA,NA,NA,NA,NA,NA,Y,4,0,1,2,A,-,03,22350,NA,N,C,C,A,A,H,-,A,A,0,NA,NA,NA,NA,Y,NA,A,01,0,0,1,0,0,0,0,0,0,-,-,33.94548,-118.32211,LOS ANGELES,INGLEWOOD,-118.32207418,33.94547
8455811,2017,2017-09-20,1933,2017-08-24,1900,941,I22,4,5,6,1933,0,0,0,NA,0,003,MANCHESTER BL,BRIARWOOD LN E,0,NA,Y,A,-,N,NA,NA,NA,NA,NA,NA,NA,NA,NA,Y,4,0,1,2,A,-,09,21801,A,N,D,C,A,A,H,-,A,A,0,NA,NA,NA,NA,Y,NA,A,01,0,0,1,0,0,0,0,0,0,-,-,33.95999,-118.3323,LOS ANGELES,INGLEWOOD,-118.33512013,33.95997004
8455815,2017,2017-09-20,1933,2017-08-24,1341,1015,I36,4,5,6,1933,0,0,0,NA,0,004,CRENSHAW BL,THOREAU ST,0,NA,Y,A,-,N,NA,NA,NA,NA,NA,NA,NA,NA,NA,Y,4,0,2,2,A,-,08,22107,NA,N,A,C,A,A,H,-,A,A,0,NA,NA,NA,NA,Y,NA,A,01,0,0,2,0,0,0,0,0,0,-,-,33.93375,-118.32648,LOS ANGELES,INGLEWOOD,-118.32629006,33.93375006
8455819,2017,2017-09-22,1933,2017-08-21,1459,868,NA,1,5,6,1933,0,0,0,NA,0,NA,IMPERIAL HWY,CRENSHAW BL,250,W,N,A,-,N,NA,NA,NA,NA,NA,NA,NA,NA,NA,Y,4,0,1,2,A,-,07,21658,A,N,B,C,A,A,H,-,A,A,0,NA,NA,NA,NA,Y,NA,A,01,0,0,1,0,0,0,0,0,0,-,-,33.93096,-118.3265,LOS ANGELES,INGLEWOOD,-118.32740258,33.93102
8455821,2017,2017-09-29,1900,2017-08-31,1626,550488,1626,4,5,5,1977,0,0,0,NA,0,167T1P,WILMINGTON AV,223RD ST,289,N,N,A,-,N,NA,NA,NA,NA,NA,NA,NA,NA,NA,N,4,0,1,2,A,-,07,21658,A,N,B,C,A,A,H,-,A,A,0,NA,NA,NA,Y,Y,NA,A,01,0,0,1,0,0,0,0,0,0,-,-,NA,NA,LOS ANGELES,CARSON,-118.241899,33.825037
8455823,2017,2017-09-20,1933,2017-08-18,1105,828,31,5,5,6,1933,0,0,0,NA,0,004,YUKON AV,104TH ST,0,NA,Y,A,-,N,NA,NA,NA,NA,NA,NA,NA,NA,NA,N,4,0,2,2,A,-,12,21453,A,N,D,C,A,A,H,-,A,A,0,NA,NA,NA,NA,Y,NA,A,01,0,0,2,0,0,0,0,0,0,-,-,33.94184,-118.33513,LOS ANGELES,INGLEWOOD,-118.33519008,33.94181012
8455827,2017,2017-10-09,1933,2017-08-30,1634,959,32,3,5,6,1933,0,0,0,NA,0,004,CRENSHAW BL,CENTURY BL,340,S,N,A,-,N,NA,NA,NA,NA,NA,NA,NA,NA,NA,N,4,0,1,2,A,-,11,21954,A,N,G,B,F,A,H,-,A,A,0,Y,NA,NA,NA,Y,NA,-,-,0,0,1,0,1,0,0,0,0,-,-,33.94549,-118.32647,LOS ANGELES,INGLEWOOD,-118.32655,33.94454712