CASE_ID,ACCIDENT_YEAR,PROC_DATE,JURIS,COLLISION_DATE,COLLISION_TIME,OFFICER_ID,REPORTING_DISTRICT,DAY_OF_WEEK,CHP_SHIFT,POPULATION,CNTY_CITY_LOC,SPECIAL_COND,BEAT_TYPE,CHP_BEAT_TYPE,CITY_DIVISION_LAPD,CHP_BEAT_CLASS,BEAT_NUMBER,PRIMARY_RD,SECONDARY_RD,DISTANCE,DIRECTION,INTERSECTION,WEATHER_1,WEATHER_2,STATE_HWY_IND,CALTRANS_COUNTY,CALTRANS_DISTRICT,STATE_ROUTE,ROUTE_SUFFIX,POSTMILE_PREFIX,POSTMILE,LOCATION_TYPE,RAMP_INTERSECTION,SIDE_OF_HWY,TOW_AWAY,COLLISION_SEVERITY,NUMBER_KILLED,NUMBER_INJURED,PARTY_COUNT,PRIMARY_COLL_FACTOR,PCF_CODE_OF_VIOL,PCF_VIOL_CATEGORY,PCF_VIOLATION,PCF_VIOL_SUBSECTION,HIT_AND_RUN,TYPE_OF_COLLISION,MVIW,PED_ACTION,ROAD_SURFACE,ROAD_COND_1,ROAD_COND_2,LIGHTING,CONTROL_DEVICE,CHP_ROAD_TYPE,PEDESTRIAN_ACCIDENT,BICYCLE_ACCIDENT,MOTORCYCLE_ACCIDENT,TRUCK_ACCIDENT,NOT_PRIVATE_PROPERTY,ALCOHOL_INVOLVED,STWD_VEHTYPE_AT_FAULT,CHP_VEHTYPE_AT_FAULT,COUNT_SEVERE_INJ,COUNT_VISIBLE_INJ,COUNT_COMPLAINT_PAIN,COUNT_PED_KILLED,COUNT_PED_INJURED,COUNT_BICYCLIST_KILLED,COUNT_BICYCLIST_INJURED,COUNT_MC_KILLED,COUNT_MC_INJURED,PRIMARY_RAMP,SECONDARY_RAMP,LATITUDE,LONGITUDE,COUNTY,CITY,POINT_X,POINT_Y
8455831,2017,2017-09-20,1933,2017-08-30,0800,826,29,3,5,6,1933,0,0,0,NA,0,003,CENTURY BL,5TH AV,0,NA,Y,A,-,N,NA,NA,NA,NA,NA,NA,NA,NA,NA,Y,4,0,1,3,A,-,12,21453,A,F,D,C,A,A,H,-,A,A,0,NA,NA,NA,NA,Y,NA,A,01,0,0,1,0,0,0,0,0,0,-,-,33.94548,-118.32211,LOS ANGELES,INGLEWOOD,-118.32214009,33.94547
8455835,2017,2017-09-20,1933,2017-08-29,1213,670,02,2,5,6,1933,0,0,0,NA,0,001,CENTINELA AV,LA BREA AV,225,W,N,A,-,N,NA,NA,NA,NA,NA,NA,NA,NA,NA,N,4,0,2,2,A,-,09,21804,A,N,D,C,A,A,H,-,A,D,0,NA,NA,NA,NA,Y,NA,A,07,0,0,2,0,0,0,0,0,0,-,-,33.97634,-118.35756,LOS ANGELES,INGLEWOOD,-118.35835631,33.97631719
8455836,2017,2017-09-20,1933,2017-08-17,1659,959,1,4,5,6,1933,0,0,0,NA,0,001,LA CIENEGA BL,GLENWAY DR,0,NA,Y,A,-,N,NA,NA,NA,NA,NA,NA,NA,NA,NA,N,4,0,2,2,A,-,03,22350,NA,F,C,C,A,A,H,-,A,A,0,NA,NA,NA,NA,Y,NA,A,01,0,0,2,0,0,0,0,0,0,-,-,33.97236,-118.37001,LOS ANGELES,INGLEWOOD,-118.37018002,33.97231005
8455839,2017,2017-09-20,1933,2017-08-28,1357,869,08,1,5,6,1933,0,0,0,NA,0,001,FLORENCE AV,OAK ST,12,W,N,A,-,N,NA,NA,NA,NA,NA,NA,NA,NA,NA,N,3,0,2,2,A,-,03,22350,NA,N,A,C,A,A,H,-,A,A,0,NA,NA,NA,NA,Y,NA,A,01,0,1,1,0,0,0,0,0,0,-,-,33.96516,-118.36615,LOS ANGELES,INGLEWOOD,-118.36634572,33.96511595
8456016,2017,2017-10-06,1941,2017-09-04,1246,10802,902-T,1,5,7,1941,0,0,0,NA,0,NA,COLORADO ST,ROYCROFT AV,0,NA,Y,A,-,N,NA,NA,NA,NA,NA,NA,NA,NA,NA,Y,3,0,2,2,A,-,08,22107,NA,N,D,C,A,A,H,-,A,D,0,NA,NA,NA,NA,Y,NA,A,01,0,2,0,0,0,0,0,0,0,-,-,NA,NA,LOS ANGELES,LONG BEACH,-118.13831004,33.76987002
8456088,2017,2017-10-13,1953,2017-08-22,1708,5911,4,2,5,6,1953,0,0,0,NA,0,2L45,EAST FOOTHILL BL,SANTA PAULA AV,350,E,N,A,-,N,NA,NA,NA,NA,NA,NA,NA,NA,NA,Y,4,0,1,2,A,-,03,22350,NA,N,B,C,A,A,H,-,A,D,0,NA,NA,NA,NA,Y,NA,A,01,0,0,1,0,0,0,0,0,0,-,-,34.15,-118.0841,LOS ANGELES,PASADENA,-118.08407586,34.15005626
8456092,2017,2017-11-01,1953,2017-08-22,1927,3136,1953,2,5,6,1953,0,0,0,NA,0,003,CATALINA AV,CLAREMONT ST,0,NA,Y,A,-,N,NA,NA,NA,NA,NA,NA,NA,NA,NA,Y,2,0,1,3,A,-,03,22350,A,N,B,C,A,A,H,-,B,A,0,NA,NA,NA,NA,Y,NA,-,-,1,0,0,0,0,0,0,0,0,-,-,NA,NA,LOS ANGELES,PASADENA,-118.12957007,34.16693003
8456095,2017,2017-09-27,1941,2017-08-26,2003,10562,NA,6,5,7,1941,0,0,0,NA,0,NA,THE TOLEDO,POMONA AV,80,W,N,A,-,N,NA,NA,NA,NA,NA,NA,NA,NA,NA,N,2,0,1,3,A,-,11,21954,A,N,G,B,D,A,H,-,C,D,0,Y,NA,NA,NA,Y,NA,N,NA,1,0,0,0,1,0,0,0,0,-,-,NA,NA,LOS ANGELES,LONG BEACH,-118.13090941,33.76121539
8456096,2017,2018-06-20,1953,2017-08-23,1530,3367,1953,3,5,6,1953,0,0,0,NA,0,004,SIERRA MADRE VILLA AV,RT 210,0,NA,Y,A,-,Y,LA,7,210,-,R,29.378,R,4,W,Y,4,0,2,2,A,-,12,21453,A,N,D,C,A,A,H,-,A,A,0,NA,NA,NA,NA,Y,NA,-,-,0,0,2,0,0,0,0,0,0,-,WF,NA,NA,LOS ANGELES,PASADENA,-118.0791302,34.14802457
8456100,2017,2017-10-13,1953,2017-08-24,1541,5472,1953,4,5,6,1953,0,0,0,NA,0,002,NORTH LOS ROBLES AV,VILLA ST,150,S,N,A,-,N,NA,NA,NA,NA,NA,NA,NA,NA,NA,N,3,0,1,2,A,-,09,21804,A,N,D,G,A,A,H,-,A,D,0,NA,Y,NA,NA,Y,NA,A,01,0,1,0,0,0,0,1,0,0,-,-,NA,NA,LOS ANGELES,PASADENA,-118.14149,34.15378879
8456103,2017,2018-05-08,1942,2017-08-02,1545,30521,1454,3,5,7,1942,0,0,0,N,0,14A45,CULVER BL,RT 90,300,W,N,A,-,N,NA,NA,NA,NA,NA,NA,NA,NA,NA,N,4,0,1,2,A,-,08,22107,NA,N,A,C,A,A,H,-,A,-,0,NA,NA,NA,NA,Y,NA,A,01,0,0,1,0,0,0,0,0,0,-,SF,NA,NA,LOS ANGELES,LOS ANGELES,-118.42929781,33.98055528
8456104,2017,2017-11-01,1953,2017-08-25,0929,9511,1953,5,5,6,1953,0,0,0,NA,0,002,E VILLA ST,E VILLA ST 264,0,NA,Y,A,-,N,NA,NA,NA,NA,NA,NA,NA,NA,NA,Y,3,0,1,1,A,-,03,22350,NA,N,E,I,A,A,H,-,A,D,0,NA,NA,NA,NA,Y,NA,A,01,0,1,0,0,0,0,0,0,0,-,-,NA,NA,LOS ANGELES,PASADENA,-118.145027,34.154133
8456107,2017,2017-11-14,1969,2017-08-25,1804,10134,1969,5,5,5,1969,0,0,0,NA,0,001,SOUTHERN AV,SANTA FE AV,320,E,N,A,-,N,NA,NA,NA,NA,NA,NA,NA,NA,NA,Y,4,0,1,3,A,-,03,22350,NA,F,C,C,A,A,H,-,A,D,0,NA,NA,NA,NA,Y,NA,A,01,0,0,1,0,0,0,0,0,0,-,-,NA,NA,LOS ANGELES,SOUTH GATE,-118.22327493,33.95287203
8456108,2017,2017-10-13,1953,2017-08-26,1057,2367,1953,6,5,6,1953,0,0,0,NA,0,002,HAMMOND ST,MARENGO AV,50,W,N,A,-,N,NA,NA,NA,NA,NA,NA,NA,NA,NA,N,4,0,1,2,A,-,11,21954,A,F,G,B,E,A,H,-,A,D,0,Y,NA,NA,NA,Y,Y,N,60,0,0,1,0,1,0,0,0,0,-,-,NA,NA,LOS ANGELES,PASADENA,-118.14631492,34.16517221
8456111,2017,2017-09-27,1900,2017-08-16,1415,542311,COMPT,3,5,5,1977,0,0,0,NA,0,164T,AVALON BL,ELSMERE DR,0,NA,Y,A,-,N,NA,NA,NA,NA,NA,NA,NA,NA,NA,N,4,0,1,2,A,-,08,22107,NA,N,D,G,A,A,H,-,A,A,0,NA,Y,NA,NA,Y,NA,A,01,0,0,1,0,0,0,1,0,0,-,-,NA,NA,LOS ANGELES,CARSON,-118.26563008,33.85327012
8456112,2017,2017-11-02,1953,2017-08-26,1324,5033,1953,6,5,6,1953,0,0,0,NA,0,004,SIERRA MADRE VILLA AV,FOOTHILL BL,0,NA,Y,A,-,N,NA,NA,NA,NA,NA,NA,NA,NA,NA,N,3,0,1,2,A,-,11,21453,D,M,A,B,B,A,H,-,A,A,0,Y,NA,NA,NA,Y,Y,-,-,0,1,0,0,1,0,0,0,0,-,-,NA,NA,LOS ANGELES,PASADENA,-118.08249008,34.1500801
8456116,2017,2017-11-02,1953,2017-08-27,0920,5267,1953,7,5,6,1953,0,0,0,NA,0,004,ORANGE GROVE BL,SIERRA MADRE BL,0,NA,Y,A,-,N,NA,NA,NA,NA,NA,NA,NA,NA,NA,Y,3,0,1,2,A,-,09,21453,C,N,D,C,A,A,H,-,A,A,0,NA,NA,NA,NA,Y,NA,A,01,0,1,0,0,0,0,0,0,0,-,-,NA,NA,LOS ANGELES,PASADENA,-118.09416009,34.15840005
8456120,2017,2017-10-13,1953,2017-08-28,1344,1582,19563,1,5,6,1953,0,0,0,NA,0,001,CALIFORNIA BL,EUCLID AV,0,NA,Y,A,-,N,NA,NA,NA,NA,NA,NA,NA,NA,NA,Y,3,0,1,2,A,-,09,21802,NA,N,D,C,A,A,H,-,A,A,0,NA,NA,NA,NA,Y,NA,A,01,0,1,0,0,0,0,0,0,0,-,-,NA,NA,LOS ANGELES,PASADENA,-118.14285,34.13584009
8456123,2017,2017-09-27,1976,2017-08-29,1950,450,NA,2,5,5,1976,0,0,0,NA,0,NA,RINCON DR,OXSEE AV,15,W,N,A,-,N,NA,NA,NA,NA,NA,NA,NA,NA,NA,N,4,0,1,2,A,-,05,21650,1,M,H,G,A,A,H,-,B,A,0,NA,Y,NA,NA,Y,NA,L,04,0,0,1,0,0,0,1,0,0,-,-,NA,NA,LOS ANGELES,WHITTIER,-118.06309,33.98681
8456124,2017,2017-10-13,1953,2017-08-28,1601,0322,1953,1,5,6,1953,0,0,0,NA,0,005,MARENGO AV,GREEN ST,0,NA,Y,A,-,N,NA,NA,NA,NA,NA,NA,NA,NA,NA,N,4,0,1,2,A,-,03,22350,NA,F,C,C,A,A,H,-,A,A,0,NA,NA,NA,NA,Y,NA,A,01,0,0,1,0,0,0,0,0,0,-,-,NA,NA,LOS ANGELES,PASADENA,-118.14596013,34.14450005
8456127,2017,2017-09-27,1900,2017-08-17,2035,547938,0541,4,5,3,1921,0,0,0,NA,0,58T1PM,HUNTINGTON DR,BRADBURY AV,600,W,N,A,-,N,NA,NA,NA,NA,NA,NA,NA,NA,NA,N,3,0,1,2,A,-,10,21952,NA,N,G,B,D,A,H,-,C,D,0,Y,NA,NA,NA,Y,NA,A,01,0,1,0,0,1,0,0,0,0,-,-,34.13974,-117.97985,LOS ANGELES,DUARTE,-117.98385747,34.13953
8456128,2017,2017-10-13,1953,2017-08-29,1414,7724,LACOU,2,5,6,1953,0,0,0,NA,0,001,RAYMOND AV,DEL MAR BL,40,S,N,A,-,N,NA,NA,NA,NA,NA,NA,NA,NA,NA,N,4,0,1,2,A,-,03,22350,NA,N,G,B,F,A,H,-,A,D,0,Y,NA,NA,NA,Y,NA,A,07,0,0,1,0,1,0,0,0,0,-,-,NA,NA,LOS ANGELES,PASADENA,-118.14882901,34.14046032
8456131,2017,2017-09-27,1922,2017-08-29,0327,682,NA,2,5,6,1922,0,0,0,NA,0,NA,SANTA ANITA AV,LOWER AZUSA AV,0,NA,Y,A,-,N,NA,NA,NA,NA,NA,NA,NA,NA,NA,Y,4,0,1,2,A,-,07,21658,A,F,A,C,A,A,H,-,C,A,0,NA,NA,NA,NA,Y,NA,A,01,0,0,1,0,0,0,0,0,0,-,-,34.09213,-118.02636,LOS ANGELES,EL MONTE,-118.02639001,34.09211003
8456132,2017,2017-10-13,1953,2017-08-19,0420,1801,1953,6,5,6,1953,0,0,0,NA,0,001,S ORANGE GROVE BL,COLUMBIA ST,0,NA,Y,A,-,N,NA,NA,NA,NA,NA,NA,NA,NA,NA,Y,4,0,1,2,A,-,12,21453,A,M,D,C,A,A,H,-,C,A,0,NA,NA,NA,NA,Y,NA,A,07,0,0,1,0,0,0,0,0,0,-,-,NA,NA,LOS ANGELES,PASADENA,-118.15799,34.12404005
8456135,2017,2017-09-27,1922,2017-08-30,1742,463,NA,3,5,6,1922,0,0,0,NA,0,NA,TYLER AV,DODSON ST,0,NA,Y,A,-,N,NA,NA,NA,NA,NA,NA,NA,NA,NA,Y,4,0,2,2,D,-,00,NA,NA,N,D,C,A,A,H,-,A,D,0,NA,NA,NA,NA,Y,NA,-,-,0,0,2,0,0,0,0,0,0,-,-,34.06049,-118.03565,LOS ANGELES,EL MONTE,-118.03561012,34.06044006
8456136,2017,2017-10-13,1953,2017-08-20,1500,9500,1953,7,5,6,1953,0,0,0,NA,0,002,ELIZABETH ST,N SIERRA BONITA AV,100,W,N,A,-,N,NA,NA,NA,NA,NA,NA,NA,NA,NA,Y,4,0,1,2,A,-,03,22350,NA,N,B,E,A,A,H,-,A,D,0,NA,NA,NA,NA,Y,NA,A,01,0,0,1,0,0,0,0,0,0,-,-,NA,NA,LOS ANGELES,PASADENA,-118.11839976,34.17373176
8456139,2017,2017-09-27,1922,2017-08-12,1152,675,NA,6,5,6,1922,0,0,0,NA,0,003,PECK RD,WEAVER ST,150,S,N,A,-,N,NA,NA,NA,NA,NA,NA,NA,NA,NA,N,3,0,1,2,A,-,00,23123,A,N,C,G,A,A,H,-,A,D,0,NA,Y,NA,NA,Y,NA,A,01,0,1,0,0,0,0,1,0,0,-,-,34.04937,-118.03095,LOS ANGELES,EL MONTE,-118.03063514,34.04957875
8456140,2017,2017-11-01,1900,2017-08-30,1608,406363,1415,3,5,1,1932,0,0,0,NA,0,141T5,STIMSON AV,ROBIN WY,84,S,N,A,-,N,NA,NA,NA,NA,NA,NA,NA,NA,NA,Y,3,0,1,2,A,-,07,21658,A,N,B,C,A,A,H,-,A,D,0,NA,NA,NA,NA,Y,NA,-,-,0,1,0,0,0,0,0,0,0,-,-,NA,NA,LOS ANGELES,INDUSTRY,-117.95571685,34.00945429
8456143,2017,2017-09-27,1922,2017-08-29,1911,632,P2,2,5,6,1922,0,0,0,NA,0,002,RAMONA BL,PECK RD,300,E,N,A,-,N,NA,NA,NA,NA,NA,NA,NA,NA,NA,Y,4,0,2,2,A,-,01,23152,A,N,D,D,A,-,H,-,A,D,0,NA,NA,NA,NA,Y,Y,A,01,0,0,2,0,0,0,0,0,0,-,-,NA,NA,LOS ANGELES,EL MONTE,-118.02192251,34.07421194
8456147,2017,2017-09-27,1922,2017-08-22,0555,576,NA,2,5,6,1922,0,0,0,NA,0,NA,MOUNTAIN VIEW RD,PECK RD,0,NA,Y,A,-,N,NA,NA,NA,NA,NA,NA,NA,NA,NA,N,3,0,1,2,A,-,10,21950,A,N,G,B,B,A,H,-,B,A,0,Y,NA,NA,NA,Y,NA,A,08,0,1,0,0,1,0,0,0,0,-,-,NA,NA,LOS ANGELES,EL MONTE,-118.03058003,34.05531006
8456151,2017,2017-09-27,1922,2017-08-14,0859,576,NA,1,5,6,1922,0,0,0,NA,0,NA,LOWER AZUSA RD,EL MONTE AV,0,NA,Y,A,-,N,NA,NA,NA,NA,NA,NA,NA,NA,NA,N,4,0,1,3,A,-,12,21453,A,N,D,C,A,A,H,-,A,A,0,NA,NA,NA,NA,Y,NA,A,01,0,0,1,0,0,0,0,0,0,-,-,NA,NA,LOS ANGELES,EL MONTE,-118.03538001,34.09267002
8456155,2017,2017-09-27,1922,2017-08-19,1104,680,P1,6,5,6,1922,0,0,0,NA,0,001,LAMBERT,FANDON,50,E,N,A,-,N,NA,NA,NA,NA,NA,NA,NA,NA,NA,N,3,0,1,2,A,-,11,21956,A,N,G,B,D,A,H,-,A,D,0,Y,NA,NA,NA,Y,NA,N,60,0,1,0,0,1,0,0,0,0,-,-,34.08179,-118.01739,LOS ANGELES,EL MONTE,-118.01718979,34.08171367
8456159,2017,2017-09-27,1922,2017-08-17,1902,551,NA,4,5,6,1922,0,0,0,NA,0,NA,TELSTAR,FLAIR,300,E,N,A,-,N,NA,NA,NA,NA,NA,NA,NA,NA,NA,N,4,0,1,2,D,-,00,NA,NA,N,B,C,A,A,H,-,A,D,0,NA,NA,NA,NA,Y,NA,-,-,0,0,1,0,0,0,0,0,0,-,-,NA,NA,LOS ANGELES,EL MONTE,-118.06961097,34.06881108
8456160,2017,2017-09-28,1900,2017-09-11,1820,451502,1434,1,5,4,1937,0,0,0,NA,0,141T6,MAIN ST,HILLCREST DR,156,E,N,A,-,N,NA,NA,NA,NA,NA,NA,NA,NA,NA,Y,2,0,1,2,A,-,08,22103,NA,N,B,C,A,A,H,-,A,D,0,NA,NA,Y,NA,Y,NA,A,01,1,0,0,0,0,0,0,0,1,-,-,34.01959,-117.94338,LOS ANGELES,LA PUENTE,-117.9432025,34.01922382
8456169,2017,2019-04-10,1942,2017-09-06,0040,41978,0727,3,5,7,1942,0,0,0,G,0,14T47,N HIGHLAND AV,BEVERLY BL,0,NA,Y,A,-,N,NA,NA,NA,NA,NA,NA,NA,NA,NA,Y,1,1,1,2,A,-,12,21453,A,N,D,C,A,A,H,-,C,A,0,NA,NA,NA,NA,Y,Y,D,22,1,0,0,0,0,0,0,0,0,-,-,NA,NA,LOS ANGELES,LOS ANGELES,-118.33865006,34.0761901
8456177,2017,2017-09-27,1942,2017-08-31,0955,41054,0735,4,5,7,1942,0,0,0,G,0,6TL7,S CLOVERDALE AV,W 6TH ST,0,NA,Y,A,-,N,NA,NA,NA,NA,NA,NA,NA,NA,NA,Y,3,0,4,3,A,-,09,21802,A,N,D,C,A,-,A,H,A,A,0,NA,NA,NA,NA,Y,NA,A,01,0,2,2,0,0,0,0,0,0,-,-,NA,NA,LOS ANGELES,LOS ANGELES,-118.34620004,34.06488003
8456189,2017,2017-09-27,1942,2017-08-01,2050,41853,1499,2,5,7,1942,0,0,0,N,0,14A13,LA CIENEGA BL,111TH ST,0,NA,Y,A,-,N,NA,NA,NA,NA,NA,NA,NA,NA,NA,Y,3,0,3,3,A,-,09,21801,A,N,A,C,A,A,H,-,C,A,0,NA,NA,NA,NA,Y,NA,A,01,0,1,2,0,0,0,0,0,0,-,-,NA,NA,LOS ANGELES,LOS ANGELES,-118.37011006,33.93457008
8456214,2017,2017-09-22,1933,2017-09-06,1531,828,35,3,5,6,1933,0,0,0,NA,0,004,YUKON AV,110TH ST,0,NA,Y,A,-,N,NA,NA,NA,NA,NA,NA,NA,NA,NA,Y,4,0,1,2,A,-,12,22450,A,F,D,C,A,A,H,-,A,A,0,NA,NA,NA,NA,Y,NA,A,01,0,0,1,0,0,0,0,0,0,-,-,33.93582,-118.33488,LOS ANGELES,INGLEWOOD,-118.33489006,33.93578011
8456218,2017,2017-09-22,1933,2017-09-05,1400,684,29,2,5,6,1933,0,0,0,NA,0,003,CENTURY BL,5TH AV,200,W,N,A,-,N,NA,NA,NA,NA,NA,NA,NA,NA,NA,N,4,0,3,3,A,-,03,22350,NA,N,C,C,A,A,D,E,A,D,0,NA,NA,NA,NA,Y,NA,A,01,0,0,3,0,0,0,0,0,0,-,-,33.94548,-118.32211,LOS ANGELES,INGLEWOOD,-118.32279817,33.94547
8456222,2017,2017-09-22,1933,2017-09-01,1735,959,34,5,5,6,1933,0,0,0,NA,0,004,PRAIRIE AV,111TH ST,0,NA,Y,A,-,N,NA,NA,NA,NA,NA,NA,NA,NA,NA,Y,4,0,1,2,A,-,09,21801,A,N,D,C,A,A,H,-,A,A,0,NA,NA,NA,NA,Y,NA,A,01,0,0,1,0,0,0,0,0,0,-,-,33.93462,-118.3439,LOS ANGELES,INGLEWOOD,-118.3439101,33.93484003
8456267,2017,2017-09-26,1900,2017-09-12,1308,506392,1610,2,5,5,1977,0,0,0,NA,0,164T,AVALON BL,ALBERTONI ST,0,NA,Y,A,-,N,NA,NA,NA,NA,NA,NA,NA,NA,NA,N,4,0,1,2,A,-,10,21950,A,N,D,B,B,A,H,-,A,A,0,Y,NA,NA,NA,Y,NA,A,01,0,0,1,0,1,0,0,0,0,-,-,NA,NA,LOS ANGELES,CARSON,-118.26630013,33.87189006
8456271,2017,2017-09-26,1900,2017-09-01,1613,552338,1617,5,5,5,1977,0,0,0,NA,0,16777,MAIN ST,TORRANCE BL,400,S,N,A,-,N,NA,NA,NA,NA,NA,NA,NA,NA,NA,Y,3,0,1,2,C,-,18,NA,NA,N,B,I,A,A,H,-,A,D,0,NA,NA,NA,NA,Y,NA,-,-,0,1,0,0,0,0,0,0,0,-,-,NA,NA,LOS ANGELES,CARSON,-118.27987888,33.84101415
8456275,2017,2017-09-26,1900,2017-09-06,1557,281365,1613,3,5,5,1977,0,0,0,NA,0,164T1,UNIVERSITY DR,WADLEY AV,200,W,N,A,-,N,NA,NA,NA,NA,NA,NA,NA,NA,NA,N,3,0,1,2,A,-,09,21801,A,N,D,C,A,A,H,-,A,D,0,NA,NA,NA,NA,Y,NA,A,07,0,1,0,0,0,0,0,0,0,-,-,NA,NA,LOS ANGELES,CARSON,-118.26357733,33.85827
8456279,2017,2017-09-26,1900,2017-09-05,1304,514205,1613,2,5,5,1977,0,0,0,NA,0,168F,VICTORIA ST,BISHOP AV,0,NA,Y,A,-,N,NA,NA,NA,NA,NA,NA,NA,NA,NA,Y,4,0,3,2,A,-,09,21453,C,N,A,C,A,A,H,-,A,A,0,NA,NA,NA,NA,Y,NA,A,01,0,0,3,0,0,0,0,0,0,-,-,NA,NA,LOS ANGELES,CARSON,-118.24266008,33.86766008
8456283,2017,2017-09-26,1900,2017-09-01,0115,502177,1622,5,5,5,1977,0,0,0,NA,0,160T,ALAMEDA ST,CARSON ST,0,NA,Y,A,-,N,NA,NA,NA,NA,NA,NA,NA,NA,NA,Y,4,0,1,2,A,-,09,21801,A,N,D,C,A,A,H,-,C,A,0,NA,NA,NA,NA,Y,NA,A,01,0,0,1,0,0,0,0,0,0,-,-,NA,NA,LOS ANGELES,CARSON,-118.22597012,33.83176011
8456287,2017,2017-09-26,1900,2017-09-02,1911,552338,1630,6,5,5,1977,0,0,0,NA,0,164T1,VICTORIA ST,TORO SENTER DR,500,W,N,A,-,N,NA,NA,NA,NA,NA,NA,NA,NA,NA,Y,3,0,1,2,A,-,09,21804,A,N,D,C,A,A,H,-,C,D,0,NA,NA,NA,NA,Y,NA,A,08,0,1,0,0,0,0,0,0,0,-,-,NA,NA,LOS ANGELES,CARSON,-118.25916278,33.86719122
8456291,2017,2017-09-26,1900,2017-09-03,2022,606663,1614,7,5,5,1977,0,0,0,NA,0,164T1,DEL AMO BL,AVALON BL,0,NA,Y,C,-,N,NA,NA,NA,NA,NA,NA,NA,NA,NA,Y,4,0,1,2,A,-,09,21453,C,N,D,D,A,B,H,-,C,A,0,NA,NA,NA,NA,Y,NA,A,01,0,0,1,0,0,0,0,0,0,-,-,NA,NA,LOS ANGELES,CARSON,-118.26492004,33.84761011
8456321,2017,2017-09-28,1942,2017-09-03,0850,34959,2029,7,5,7,1942,0,0,0,NA,0,20TL59,VERMONT AV,6TH ST,0,NA,Y,A,-,N,NA,NA,NA,NA,NA,NA,NA,NA,NA,N,4,0,1,2,A,-,12,21453,A,N,D,C,A,A,H,-,A,A,0,NA,NA,NA,NA,Y,NA,A,01,0,0,1,0,0,0,0,0,0,-,-,NA,NA,LOS ANGELES,LOS ANGELES,-118.29164,34.06364
8456325,2017,2017-09-28,1942,2017-08-01,1600,37614,2031,2,5,7,1942,0,0,0,NA,0,20TL56,WESTERN AV,WILSHIRE BL,78,S,N,A,-,N,NA,NA,NA,NA,NA,NA,NA,NA,NA,Y,3,0,1,4,A,-,07,21658,A,N,B,C,A,A,H,-,A,A,0,NA,NA,NA,NA,Y,NA,A,01,0,1,0,0,0,0,0,0,0,-,-,NA,NA,LOS ANGELES,LOS ANGELES,-118.30908419,34.06146611
8456326,2017,2017-10-24,1942,2017-09-08,1830,40099,1177,5,5,7,1942,0,0,0,K,0,24T55,SAN FERNANDO RD,LOOSMORE,0,NA,Y,A,-,N,NA,NA,NA,NA,NA,NA,NA,NA,NA,Y,3,0,4,2,A,-,09,21801,A,N,D,C,A,A,H,-,A,D,0,NA,NA,NA,NA,Y,NA,D,22,0,1,3,0,0,0,0,0,0,-,-,NA,NA,LOS ANGELES,LOS ANGELES,-118.22849007,34.09193005
8456329,2017,2017-10-10,1942,2017-07-31,0335,41286,2039,1,5,7,1942,0,0,0,NA,0,20A39,WILSHIRE PL,7TH ST,3,N,N,A,-,N,NA,NA,NA,NA,NA,NA,NA,NA,NA,N,3,0,1,2,A,-,09,21804,A,N,H,G,A,A,H,-,C,A,0,NA,Y,NA,NA,Y,NA,D,22,0,1,0,0,0,0,1,0,0,-,-,NA,NA,LOS ANGELES,LOS ANGELES,-118.28782991,34.05980823
8456333,2017,2017-09-28,1942,2017-09-08,1500,37966,0646,5,5,7,1942,0,0,0,F,0,6TL4,SUNSET BL,LAS PALMAS AV,45,E,N,A,-,N,NA,NA,NA,NA,NA,NA,NA,NA,NA,Y,4,0,1,3,A,-,03,22350,NA,F,C,C,A,A,H,-,A,D,0,NA,NA,NA,Y,Y,NA,-,99,0,0,1,0,0,0,0,0,0,-,-,NA,NA,LOS ANGELES,LOS ANGELES,-118.33644171,34.09797166
8456334,2017,2017-09-28,1942,2017-09-08,0200,41911,1367,5,5,7,1942,0,0,0,M,0,25TL22,ALAMEDA ST,VERNON AV,50,S,N,A,-,N,NA,NA,NA,NA,NA,NA,NA,NA,NA,N,4,0,2,2,A,-,08,22102,NA,F,A,C,A,A,H,-,A,D,0,NA,NA,NA,NA,Y,NA,D,22,0,0,2,0,0,0,0,0,0,-,-,NA,NA,LOS ANGELES,LOS ANGELES,-118.23917087,34.00379309
8456337,2017,2017-09-28,1942,2017-09-05,1425,41179,0625,2,5,7,1942,0,0,0,F,0,8TL26,MULHOLLAND DR,WOODROW WILSON DR,5000,S,N,A,-,N,NA,NA,NA,NA,NA,NA,NA,NA,NA,Y,4,0,3,3,A,-,07,21658,A,N,A,C,A,A,H,-,A,D,0,NA,NA,NA,Y,Y,NA,A,01,0,0,3,0,0,0,0,0,0,-,-,NA,NA,LOS ANGELES,LOS ANGELES,-118.38708609,34.12261265
8456338,2017,2017-09-28,1942,2017-07-18,1600,42789,0152,2,5,7,1942,0,0,0,A,0,1A41,GRAND AV,5TH ST,200,S,N,A,-,N,NA,NA,NA,NA,NA,NA,NA,NA,NA,N,4,0,1,2,A,-,03,22350,NA,N,B,G,A,A,H,-,A,D,0,NA,Y,NA,NA,Y,NA,D,22,0,0,1,0,0,0,1,0,0,-,-,NA,NA,LOS ANGELES,LOS ANGELES,-118.29016,33.73914147