CASE_ID,ACCIDENT_YEAR,PROC_DATE,JURIS,COLLISION_DATE,COLLISION_TIME,OFFICER_ID,REPORTING_DISTRICT,DAY_OF_WEEK,CHP_SHIFT,POPULATION,CNTY_CITY_LOC,SPECIAL_COND,BEAT_TYPE,CHP_BEAT_TYPE,CITY_DIVISION_LAPD,CHP_BEAT_CLASS,BEAT_NUMBER,PRIMARY_RD,SECONDARY_RD,DISTANCE,DIRECTION,INTERSECTION,WEATHER_1,WEATHER_2,STATE_HWY_IND,CALTRANS_COUNTY,CALTRANS_DISTRICT,STATE_ROUTE,ROUTE_SUFFIX,POSTMILE_PREFIX,POSTMILE,LOCATION_TYPE,RAMP_INTERSECTION,SIDE_OF_HWY,TOW_AWAY,COLLISION_SEVERITY,NUMBER_KILLED,NUMBER_INJURED,PARTY_COUNT,PRIMARY_COLL_FACTOR,PCF_CODE_OF_VIOL,PCF_VIOL_CATEGORY,PCF_VIOLATION,PCF_VIOL_SUBSECTION,HIT_AND_RUN,TYPE_OF_COLLISION,MVIW,PED_ACTION,ROAD_SURFACE,ROAD_COND_1,ROAD_COND_2,LIGHTING,CONTROL_DEVICE,CHP_ROAD_TYPE,PEDESTRIAN_ACCIDENT,BICYCLE_ACCIDENT,MOTORCYCLE_ACCIDENT,TRUCK_ACCIDENT,NOT_PRIVATE_PROPERTY,ALCOHOL_INVOLVED,STWD_VEHTYPE_AT_FAULT,CHP_VEHTYPE_AT_FAULT,COUNT_SEVERE_INJ,COUNT_VISIBLE_INJ,COUNT_COMPLAINT_PAIN,COUNT_PED_KILLED,COUNT_PED_INJURED,COUNT_BICYCLIST_KILLED,COUNT_BICYCLIST_INJURED,COUNT_MC_KILLED,COUNT_MC_INJURED,PRIMARY_RAMP,SECONDARY_RAMP,LATITUDE,LONGITUDE,COUNTY,CITY,POINT_X,POINT_Y
8461479,2017,2017-11-21,1942,2017-08-29,1255,26514,0429,2,5,7,1942,0,0,0,D,0,4A3,HUNTINGTON DR SOUTH,VAN HORNE AV,45,W,N,A,-,N,NA,NA,NA,NA,NA,NA,NA,NA,NA,Y,3,0,2,3,A,-,03,22350,NA,N,C,C,A,A,H,-,A,D,0,NA,NA,NA,NA,Y,NA,A,01,0,1,1,0,0,0,0,0,0,-,-,NA,NA,LOS ANGELES,LOS ANGELES,-118.17084292,34.08914702
8461483,2017,2017-11-20,1942,2017-08-30,1830,38614,1161,3,5,7,1942,0,0,0,K,0,11A26,FOUNTAIN AV,ALEXANDRIA,0,NA,Y,A,-,N,NA,NA,NA,NA,NA,NA,NA,NA,NA,N,4,0,1,2,A,-,12,21453,A,N,D,C,A,A,H,-,A,A,0,NA,NA,NA,NA,Y,NA,M,NA,0,0,1,0,0,0,0,0,0,-,-,NA,NA,LOS ANGELES,LOS ANGELES,-118.29842013,34.09530009
8461487,2017,2017-12-07,1942,2017-08-23,1510,40726,1323,3,5,7,1942,0,0,0,M,0,24T57,25TH ST,SAN PEDRO ST,6,W,N,A,-,N,NA,NA,NA,NA,NA,NA,NA,NA,NA,N,3,0,1,2,A,-,05,21650,A,N,G,B,E,A,H,-,A,A,0,Y,NA,NA,NA,Y,NA,A,07,0,1,0,0,1,0,0,0,0,-,-,NA,NA,LOS ANGELES,LOS ANGELES,-118.26077,34.02247
8461491,2017,2017-11-21,1942,2017-08-19,0940,39028,1172,6,5,7,1942,0,0,0,K,0,11A71,GLENDALE BL,BRANDEN ST,0,NA,Y,A,-,N,NA,NA,NA,NA,NA,NA,NA,NA,NA,N,3,0,2,3,A,-,10,21950,A,N,G,B,B,A,H,-,A,A,0,Y,NA,NA,NA,Y,NA,A,01,0,1,1,0,2,0,0,0,0,-,-,NA,NA,LOS ANGELES,LOS ANGELES,-118.25958008,34.08792011
8461495,2017,2017-11-20,1942,2017-08-29,1040,39010,1117,2,5,7,1942,0,0,0,K,0,24TL28,EAGLE ROCK BL,YOSEMITE DR,0,NA,Y,A,-,N,NA,NA,NA,NA,NA,NA,NA,NA,NA,Y,3,0,2,2,A,-,09,21801,A,N,A,C,A,A,H,-,A,A,0,NA,NA,NA,NA,Y,NA,A,01,0,2,0,0,0,0,0,0,0,-,-,NA,NA,LOS ANGELES,LOS ANGELES,-118.21531011,34.13512004
8461498,2017,2017-11-20,1942,2017-08-16,0750,40275,1303,3,5,7,1942,0,0,0,M,0,24TL24,SAN PEDRO ST,12TH ST,0,N,N,A,-,N,NA,NA,NA,NA,NA,NA,NA,NA,NA,N,4,0,1,2,A,-,09,21804,A,N,H,G,A,A,H,-,A,A,0,NA,Y,NA,NA,Y,NA,L,04,0,0,1,0,0,0,1,0,0,-,-,NA,NA,LOS ANGELES,LOS ANGELES,-118.25333006,34.03372008
8461499,2017,2017-11-20,1942,2017-08-23,1814,42961,1127,3,5,7,1942,0,0,0,K,0,11A26,YORK BL,EAST FIGUEROA ST,70,E,N,A,-,N,NA,NA,NA,NA,NA,NA,NA,NA,NA,N,4,0,1,2,A,-,07,21658,A,N,B,C,A,A,H,-,A,A,0,NA,NA,Y,NA,Y,NA,A,01,0,0,1,0,0,0,0,0,1,-,-,NA,NA,LOS ANGELES,LOS ANGELES,-118.18413959,34.1154048
8461502,2017,2017-11-20,1942,2017-08-04,1220,37758,1372,5,5,7,1942,0,0,0,M,0,NA,52ND ST,SAN PEDRO,0,NA,N,-,-,N,NA,NA,NA,NA,NA,NA,NA,NA,NA,N,4,0,2,2,A,-,00,20015,A,N,D,C,A,A,H,-,A,A,0,NA,NA,NA,NA,Y,NA,-,-,0,0,2,0,0,0,0,0,0,-,-,NA,NA,LOS ANGELES,LOS ANGELES,-118.27016008,33.99524001
8461503,2017,2017-11-20,1942,2017-08-20,0200,42812,1124,7,5,7,1942,0,0,0,K,0,4A15,SAN FERNANDO RD,FLETCHER DR,45,E,N,A,-,N,NA,NA,NA,NA,NA,NA,NA,NA,NA,Y,4,0,1,2,A,-,07,21658,A,N,B,C,A,A,H,-,C,D,0,NA,NA,NA,NA,Y,NA,A,01,0,0,1,0,0,0,0,0,0,-,-,NA,NA,LOS ANGELES,LOS ANGELES,-118.24577512,34.11478512
8461506,2017,2017-11-20,1942,2017-08-19,1310,42707,1394,6,5,7,1942,0,0,0,M,0,4X4,FLORENCE ST,MAIN ST,0,NA,Y,A,-,N,NA,NA,NA,NA,NA,NA,NA,NA,NA,Y,4,0,2,3,A,-,12,21457,A,N,D,C,A,A,H,-,A,B,0,NA,NA,NA,NA,Y,NA,A,01,0,0,2,0,0,0,0,0,0,-,-,NA,NA,LOS ANGELES,LOS ANGELES,-118.27394008,33.97468005
8461507,2017,2017-11-21,1942,2017-08-30,1545,38171,1309,3,5,7,1942,0,0,0,M,0,24TL54,7TH ST,CHANNING ST,35,W,N,A,-,N,NA,NA,NA,NA,NA,NA,NA,NA,NA,Y,4,0,1,3,A,-,03,22350,NA,N,C,C,A,A,H,-,A,D,0,NA,NA,NA,NA,Y,NA,A,01,0,0,1,0,0,0,0,0,0,-,-,NA,NA,LOS ANGELES,LOS ANGELES,-118.23755529,34.03492
8461510,2017,2017-11-20,1942,2017-08-18,1810,40574,1343,5,5,7,1942,0,0,0,M,0,13A27,AVALON,SAN PEDRO,0,NA,N,A,-,N,NA,NA,NA,NA,NA,NA,NA,NA,NA,Y,4,0,3,2,A,-,09,21801,A,N,D,C,A,A,H,-,A,A,0,NA,NA,NA,NA,Y,NA,A,01,0,0,3,0,0,0,0,0,0,-,-,NA,NA,LOS ANGELES,LOS ANGELES,-118.2652701,34.01534008
8461511,2017,2017-11-20,1942,2017-08-31,0750,37540,1347,4,5,7,1942,0,0,0,M,0,24TL25,LONG BEACH AV,41ST PL,30,S,N,A,-,N,NA,NA,NA,NA,NA,NA,NA,NA,NA,N,4,0,1,2,A,-,03,22350,NA,N,C,C,A,A,H,-,A,D,0,NA,NA,NA,NA,Y,NA,A,07,0,0,1,0,0,0,0,0,0,-,-,NA,NA,LOS ANGELES,LOS ANGELES,-118.24324274,34.00710776
8461515,2017,2017-11-20,1942,2017-08-13,2035,31713,1372,7,5,7,1942,0,0,0,M,0,24T34,53RD ST,SAN PEDRO ST,0,NA,Y,A,-,N,NA,NA,NA,NA,NA,NA,NA,NA,NA,N,4,0,1,2,A,-,12,21453,A,N,D,G,A,A,H,-,C,A,0,NA,Y,NA,NA,Y,NA,L,04,0,0,1,0,0,0,1,0,0,-,-,NA,NA,LOS ANGELES,LOS ANGELES,-118.27014009,33.99424011
8461519,2017,2017-12-07,1942,2017-08-29,2030,38229,0437,2,5,7,1942,0,0,0,D,0,4A12,KLAMATH PL,EASTERN AV,12,E,N,A,-,N,NA,NA,NA,NA,NA,NA,NA,NA,NA,Y,3,0,1,1,A,-,00,12500,A,N,H,A,A,A,H,-,B,A,0,NA,NA,NA,NA,Y,NA,A,01,0,1,0,0,0,0,0,0,0,-,-,NA,NA,LOS ANGELES,LOS ANGELES,-118.18020045,34.07505
8461524,2017,2017-11-28,1942,2017-09-22,0100,42944,1794,5,5,7,1942,0,0,0,Q,0,17A67,PARTHENIA ST,LINDLEY AV,0,NA,Y,A,-,N,NA,NA,NA,NA,NA,NA,NA,NA,NA,Y,4,0,2,2,A,-,12,21453,A,N,D,C,A,A,H,-,C,A,0,NA,NA,NA,NA,Y,Y,A,01,0,0,2,0,0,0,0,0,0,-,-,NA,NA,LOS ANGELES,LOS ANGELES,-118.52735007,34.22867008
8461528,2017,2017-11-28,1942,2017-09-05,0640,37398,1151,2,5,7,1942,0,0,0,K,0,24TL43,HOLLYWOOD BL,VERMONT AV,0,NA,Y,A,-,N,NA,NA,NA,NA,NA,NA,NA,NA,NA,Y,3,0,2,2,A,-,12,21453,A,N,D,D,A,A,H,-,A,A,0,NA,NA,NA,NA,Y,NA,A,07,0,1,1,0,0,0,0,0,0,-,-,NA,NA,LOS ANGELES,LOS ANGELES,-118.29177012,34.10117002
8461532,2017,2017-11-28,1942,2017-09-27,0800,35554,17 92,3,5,7,1942,0,0,0,Q,0,17A81,PARTHENIA ST,TAMPA AV,0,NA,Y,A,-,N,NA,NA,NA,NA,NA,NA,NA,NA,NA,N,4,0,1,2,A,-,09,21801,A,N,A,C,A,A,H,-,A,A,0,NA,NA,NA,NA,Y,NA,-,NA,0,0,1,0,0,0,0,0,0,-,-,NA,NA,LOS ANGELES,LOS ANGELES,-118.55355009,34.22823004
8461536,2017,2017-11-28,1942,2017-09-23,0340,42353,0152,6,5,7,1942,0,0,0,A,0,1A1,EAST 7TH ST,S GRAND ST,0,NA,Y,A,-,N,NA,NA,NA,NA,NA,NA,NA,NA,NA,N,4,0,1,2,A,-,10,21950,A,N,G,B,B,A,H,-,C,A,0,Y,NA,NA,NA,Y,Y,A,01,0,0,1,0,1,0,0,0,0,-,-,NA,NA,LOS ANGELES,LOS ANGELES,-118.29016007,33.73787005
8461540,2017,2017-11-28,1942,2017-09-18,1755,41800,0157,1,5,7,1942,0,0,0,A,0,1A12,SAN PEDRO ST,6TH ST,200,S,N,A,-,N,NA,NA,NA,NA,NA,NA,NA,NA,NA,N,4,0,1,2,A,-,05,21460,A,N,A,G,A,A,H,-,A,D,0,NA,Y,NA,NA,Y,NA,L,04,0,0,1,0,0,0,1,0,0,-,-,NA,NA,LOS ANGELES,LOS ANGELES,-118.24564118,34.04180882
8461544,2017,2017-11-28,1942,2017-09-18,1240,42746,1785,1,5,7,1942,0,0,0,Q,0,17A67,ETIWANDA AV,PARTHENIA ST,500,N,N,A,-,N,NA,NA,NA,NA,NA,NA,NA,NA,NA,N,3,0,1,2,A,-,06,21750,A,N,D,C,A,A,H,-,A,A,0,NA,NA,NA,NA,Y,NA,A,01,0,1,0,0,0,0,0,0,0,-,-,NA,NA,LOS ANGELES,LOS ANGELES,-118.5323566,34.23006155
8461552,2017,2018-01-18,1942,2017-09-06,0757,31152,1143,3,5,7,1942,0,0,0,K,0,24TL21,TRACY ST,SAINT GEORGE ST,300,W,N,A,-,N,NA,NA,NA,NA,NA,NA,NA,NA,NA,Y,3,0,1,2,C,-,18,NA,NA,N,B,G,A,A,H,-,A,D,0,NA,Y,NA,NA,Y,NA,-,-,0,1,0,0,0,0,1,0,0,-,-,NA,NA,LOS ANGELES,LOS ANGELES,-118.27769667,34.10777395
8461556,2017,2017-11-28,1942,2017-09-20,1400,37600,1347,3,5,7,1942,0,0,0,M,0,13E1,LONG BEACH BL,41ST ST,0,NA,Y,A,-,N,NA,NA,NA,NA,NA,NA,NA,NA,NA,N,4,0,1,2,A,-,12,22451,A,N,D,C,A,A,H,-,A,A,0,NA,NA,NA,NA,Y,NA,A,01,0,0,1,0,0,0,0,0,0,-,-,NA,NA,LOS ANGELES,LOS ANGELES,-118.24323002,34.00809011
8461560,2017,2017-11-28,1942,2017-09-20,1600,42709,1352,3,5,7,1942,0,0,0,M,0,13X42,VERNON,CROCKER ST,0,NA,Y,A,-,N,NA,NA,NA,NA,NA,NA,NA,NA,NA,N,4,0,3,3,A,-,04,21703,NA,N,A,C,A,A,H,-,A,A,0,NA,NA,NA,NA,Y,NA,-,NA,0,0,3,0,0,0,0,0,0,-,-,NA,NA,LOS ANGELES,LOS ANGELES,-118.26873003,34.00386005
8461567,2017,2017-11-21,1942,2017-10-03,2020,36336,1663,2,5,7,1942,0,0,0,P,0,16A77,SHELDON ST,TELFAIR AV,100,E,N,A,-,N,NA,NA,NA,NA,NA,NA,NA,NA,NA,Y,3,0,1,2,A,-,08,22102,NA,F,D,C,A,A,H,-,C,D,0,NA,NA,NA,NA,Y,NA,A,01,0,1,0,0,0,0,0,0,0,-,-,NA,NA,LOS ANGELES,LOS ANGELES,-118.39696401,34.236923
8461568,2017,2017-11-28,1942,2017-09-01,1253,37398,1367,5,5,7,1942,0,0,0,M,0,24TL23,AVALON BL,62ND ST,0,NA,Y,A,-,N,NA,NA,NA,NA,NA,NA,NA,NA,NA,N,4,0,2,2,A,-,09,21802,A,N,D,D,A,A,H,-,A,A,0,NA,NA,NA,NA,Y,NA,A,07,0,0,2,0,0,0,0,0,0,-,-,NA,NA,LOS ANGELES,LOS ANGELES,-118.26519005,33.9833601
8461601,2017,2017-10-23,1967,2017-10-01,1904,139,NA,7,5,2,1967,0,0,0,NA,0,SOUTH,ORANGE AV,WILLOW,0,NA,Y,A,-,N,NA,NA,NA,NA,NA,NA,NA,NA,NA,Y,4,0,1,2,A,-,12,21453,A,F,D,C,A,A,H,-,C,A,0,NA,NA,NA,NA,Y,NA,A,08,0,0,1,0,0,0,0,0,0,-,-,NA,NA,LOS ANGELES,SIGNAL HILL,-118.17633012,33.80440003
8461605,2017,2017-10-20,1967,2017-09-17,1632,128,NA,7,5,2,1967,0,0,0,NA,0,NORTH,ORANGE AV,SPRING,0,NA,Y,A,-,N,NA,NA,NA,NA,NA,NA,NA,NA,NA,Y,4,0,3,2,A,-,12,21453,A,N,D,C,A,A,H,-,A,A,0,NA,NA,NA,NA,Y,NA,A,07,0,0,3,0,0,0,0,0,0,-,-,NA,NA,LOS ANGELES,SIGNAL HILL,-118.17631013,33.81168011
8461621,2017,2017-10-20,1967,2017-09-26,1030,136,NA,2,5,2,1967,0,0,0,NA,0,NORTH,29TH,GARDENA AV,0,NA,Y,A,-,N,NA,NA,NA,NA,NA,NA,NA,NA,NA,N,4,0,1,2,A,-,09,21802,A,N,D,C,A,A,H,-,A,A,0,NA,NA,NA,NA,Y,NA,A,01,0,0,1,0,0,0,0,0,0,-,-,NA,NA,LOS ANGELES,SIGNAL HILL,-118.16873007,33.8098601
8461629,2017,2017-10-20,1920,2017-08-24,2032,11241,NA,4,5,6,1920,0,0,0,NA,0,NA,FIRESTONE BL,DOWNEY AV,0,NA,Y,A,-,N,NA,NA,NA,NA,NA,NA,NA,NA,NA,Y,4,0,3,2,D,-,00,NA,NA,N,D,C,A,A,H,-,C,A,0,NA,NA,NA,NA,Y,NA,-,-,0,0,3,0,0,0,0,0,0,-,-,NA,NA,LOS ANGELES,DOWNEY,-118.13318004,33.94007006
8461661,2017,2017-10-20,1946,2017-08-14,0956,A9,NA,1,5,4,1946,0,0,0,NA,0,001,FOOTHILL,STEDMAN,5,E,N,A,-,N,NA,NA,NA,NA,NA,NA,NA,NA,NA,N,4,0,1,2,A,-,08,22100,B,N,D,C,A,A,H,-,A,D,0,NA,NA,Y,NA,Y,NA,A,01,0,0,1,0,0,0,0,0,1,-,-,NA,NA,LOS ANGELES,MONROVIA,-118.00211351,34.15134
8461665,2017,2017-10-20,1946,2017-08-23,0435,P21,PASAD,3,5,4,1946,0,0,0,NA,0,001,FOOTHILL,SHAMROCK,166,E,N,A,-,N,NA,NA,NA,NA,NA,NA,NA,NA,NA,Y,3,0,1,4,A,-,03,22350,NA,N,B,E,A,A,H,-,C,D,0,NA,NA,NA,NA,Y,NA,A,01,0,1,0,0,0,0,0,0,0,-,-,NA,NA,LOS ANGELES,MONROVIA,-117.99013259,34.15149367
8461666,2017,2017-10-23,1909,2017-10-02,0835,577,1909,1,5,4,1909,0,0,0,NA,0,NORTH,GAGE AV,COLMAR AV,5,E,N,A,-,N,NA,NA,NA,NA,NA,NA,NA,NA,NA,N,4,0,1,2,A,-,09,21804,A,N,G,B,D,A,H,-,A,D,0,Y,NA,NA,NA,Y,NA,A,07,0,0,1,0,1,0,0,0,0,-,-,NA,NA,LOS ANGELES,BELL GARDENS,-118.15695367,33.97477826
8461669,2017,2017-10-20,1946,2017-08-18,0901,P20,NA,5,5,4,1946,0,0,0,NA,0,002,DUARTE,MAYFLOWER,0,NA,Y,A,-,N,NA,NA,NA,NA,NA,NA,NA,NA,NA,Y,3,0,2,3,A,-,12,21453,A,N,B,C,A,A,H,-,A,A,0,NA,NA,NA,NA,Y,NA,A,01,0,1,1,0,0,0,0,0,0,-,-,NA,NA,LOS ANGELES,MONROVIA,-118.00944006,34.13222007
8461673,2017,2017-11-02,1946,2017-08-28,2040,P21,PASA,1,5,4,1946,0,0,0,NA,0,001,FOOTHILL,N SUNSET,28,W,N,A,-,N,NA,NA,NA,NA,NA,NA,NA,NA,NA,N,4,0,1,2,A,-,03,22350,NA,N,C,C,A,A,H,-,C,D,0,NA,NA,NA,NA,Y,NA,A,01,0,0,1,0,0,0,0,0,0,-,-,NA,NA,LOS ANGELES,MONROVIA,-118.01540232,34.15117858
8461677,2017,2017-10-20,1946,2017-08-02,1649,P44,NA,3,5,4,1946,0,0,0,NA,0,002,MONTEREY,HUNTINGTON,208,N,N,A,-,N,NA,NA,NA,NA,NA,NA,NA,NA,NA,Y,3,0,1,2,A,-,05,21650,NA,N,B,E,A,A,H,-,A,D,0,NA,NA,NA,NA,Y,Y,A,01,0,1,0,0,0,0,0,0,0,-,-,NA,NA,LOS ANGELES,MONROVIA,-118.01421,34.1408902
8461692,2017,2017-10-06,1965,2017-09-23,2015,3820,0B2A,6,5,5,1965,0,0,0,NA,0,B001,MAIN ST,BAY ST,10,S,N,A,-,N,NA,NA,NA,NA,NA,NA,NA,NA,NA,N,4,0,1,2,A,-,03,22350,NA,N,C,C,A,A,H,-,C,-,0,NA,NA,NA,NA,Y,NA,A,01,0,0,1,0,0,0,0,0,0,-,-,36.99842,-121.01229,LOS ANGELES,SANTA MONICA,-118.48895908,34.00715881
8461696,2017,2017-10-06,1965,2017-09-06,1050,3344,0B2B,3,5,5,1965,0,0,0,NA,0,B002,14TH ST,PICO BL,0,NA,Y,A,-,N,NA,NA,NA,NA,NA,NA,NA,NA,NA,Y,3,0,1,2,A,-,08,22107,NA,N,B,C,A,A,H,-,A,A,0,NA,NA,NA,NA,Y,NA,A,01,0,1,0,0,0,0,0,0,0,-,-,NA,NA,LOS ANGELES,SANTA MONICA,-118.47613008,34.01593012
8461699,2017,2017-10-09,1909,2017-08-28,1921,352,1909,1,5,4,1909,0,0,0,NA,0,NORTH,EASTERN AV,GAGE AV,27,S,N,A,-,N,NA,NA,NA,NA,NA,NA,NA,NA,NA,N,4,0,2,2,A,-,21,22106,NA,F,C,C,A,A,H,-,B,A,0,NA,NA,NA,NA,Y,NA,-,NA,0,0,2,0,0,0,0,0,0,-,-,NA,NA,LOS ANGELES,BELL GARDENS,-118.16377038,33.97542647
8461707,2017,2017-10-19,1901,2017-08-07,1524,654,24,1,5,5,1901,0,0,0,NA,0,003,MAIN ST,MARGUERITA AV,250,E,N,A,-,N,NA,NA,NA,NA,NA,NA,NA,NA,NA,Y,4,0,2,2,A,-,03,22350,NA,N,C,C,A,A,H,-,A,A,0,NA,NA,NA,NA,Y,NA,A,01,0,0,2,0,0,0,0,0,0,-,-,NA,NA,LOS ANGELES,ALHAMBRA,-118.13752606,34.09154681
8461711,2017,2017-10-09,1901,2017-08-09,0840,146,18,3,5,5,1901,0,0,0,NA,0,004,RAMONA RD,MARGUERITA,360,W,N,A,-,N,NA,NA,NA,NA,NA,NA,NA,NA,NA,Y,4,0,3,2,A,-,03,22350,NA,N,C,C,A,A,H,-,A,D,0,NA,NA,NA,NA,Y,NA,A,01,0,0,3,0,0,0,0,0,0,-,-,NA,NA,LOS ANGELES,ALHAMBRA,-118.13823,34.07177
8461715,2017,2017-10-09,1901,2017-08-13,0018,171,10,7,5,5,1901,0,0,0,NA,0,002,ATLANTIC,SHORB,140,S,N,A,-,N,NA,NA,NA,NA,NA,NA,NA,NA,NA,N,4,0,4,2,A,-,03,22350,NA,N,C,C,A,A,H,-,C,A,0,NA,NA,NA,NA,Y,NA,A,01,0,0,4,0,0,0,0,0,0,-,-,NA,NA,LOS ANGELES,ALHAMBRA,-118.13452,34.07903611
8461719,2017,2017-10-09,1901,2017-08-04,1258,239,16,5,5,5,1901,0,0,0,NA,0,004,VALLEY BL,GRANDVIEW DR,160,W,N,A,-,N,NA,NA,NA,NA,NA,NA,NA,NA,NA,Y,3,0,1,2,A,-,05,21651,B,M,A,E,A,A,H,-,A,A,0,NA,NA,NA,NA,Y,NA,A,07,0,1,0,0,0,0,0,0,0,-,-,NA,NA,LOS ANGELES,ALHAMBRA,-118.15546514,34.07664062
8461723,2017,2017-10-19,1901,2017-08-14,2023,108,28,1,5,5,1901,0,0,0,NA,0,003,MISSION RD,CURTIS AV,235,E,N,A,-,N,NA,NA,NA,NA,NA,NA,NA,NA,NA,N,4,0,1,2,A,-,00,21760,NA,N,B,G,A,A,H,-,C,D,0,NA,Y,NA,NA,Y,NA,-,-,0,0,1,0,0,0,1,0,0,-,-,NA,NA,LOS ANGELES,ALHAMBRA,-118.13637476,34.08396028
8461731,2017,2017-10-20,1901,2017-08-17,0713,239,6,4,5,5,1901,0,0,0,NA,0,001,COMMONWEALTH AV,6TH ST,6,E,N,A,-,N,NA,NA,NA,NA,NA,NA,NA,NA,NA,N,4,0,1,2,A,-,10,21950,A,N,G,B,B,A,H,-,A,A,0,Y,NA,NA,NA,Y,NA,A,01,0,0,1,0,1,0,0,0,0,-,-,NA,NA,LOS ANGELES,ALHAMBRA,-118.13114265,34.08913789
8461735,2017,2017-10-09,1901,2017-08-18,1305,239,18,5,5,5,1901,0,0,0,NA,0,004,EDITH AV,SHORB ST,361,N,N,A,-,N,NA,NA,NA,NA,NA,NA,NA,NA,NA,Y,3,0,2,2,A,-,09,21804,A,N,D,C,A,A,H,-,A,D,0,NA,NA,NA,NA,Y,NA,A,08,0,1,1,0,0,0,0,0,0,-,-,NA,NA,LOS ANGELES,ALHAMBRA,-118.13636005,34.08039987
8461739,2017,2017-10-09,1901,2017-08-20,1845,108,28,7,5,5,1901,0,0,0,NA,0,003,MAIN ST,CURTIS AV,6,W,N,A,-,N,NA,NA,NA,NA,NA,NA,NA,NA,NA,N,4,0,2,3,A,-,10,21950,A,N,G,B,B,A,H,-,A,A,0,Y,NA,NA,NA,Y,NA,A,01,0,0,2,0,2,0,0,0,0,-,-,NA,NA,LOS ANGELES,ALHAMBRA,-118.13715978,34.09154984
8461743,2017,2017-10-09,1901,2017-08-20,1943,277,23,7,5,5,1901,0,0,0,NA,0,003,MAIN ST,PRIMROSE AV,0,NA,Y,A,-,N,NA,NA,NA,NA,NA,NA,NA,NA,NA,N,4,0,1,2,A,-,05,21650,1,N,D,G,A,A,H,-,C,D,0,NA,Y,NA,NA,Y,NA,L,04,0,0,1,0,0,0,1,0,0,-,-,NA,NA,LOS ANGELES,ALHAMBRA,-118.14949002,34.09452003
8461747,2017,2018-06-22,1901,2017-08-03,1202,239,14,4,5,5,1901,0,0,0,NA,0,002,RT 10,GARFIELD AV,4,W,N,A,-,Y,LA,7,10,-,-,24.031,R,1,W,N,4,0,1,2,A,-,10,21950,A,M,G,B,B,A,H,-,A,A,0,Y,NA,NA,NA,Y,NA,A,08,0,0,1,0,1,0,0,0,0,WF,-,NA,NA,LOS ANGELES,ALHAMBRA,-118.1222948,34.07181663
8461751,2017,2017-10-19,1901,2017-08-03,1047,239,NA,4,5,5,1901,0,0,0,NA,0,001,MISSION RD,CHAPEL AV,0,NA,Y,A,-,N,NA,NA,NA,NA,NA,NA,NA,NA,NA,Y,4,0,2,2,A,-,09,21453,C,N,D,C,A,A,H,-,A,A,0,NA,NA,NA,NA,Y,NA,A,01,0,0,2,0,0,0,0,0,0,-,-,NA,NA,LOS ANGELES,ALHAMBRA,-118.1197601,34.09104012
8461755,2017,2017-10-09,1901,2017-08-02,0550,108,11,3,5,5,1901,0,0,0,NA,0,002,VALLEY BL,MONTEREY,7,E,N,B,-,N,NA,NA,NA,NA,NA,NA,NA,NA,NA,N,4,0,1,2,A,-,10,21950,A,N,G,B,B,A,H,-,B,A,0,Y,NA,NA,NA,Y,NA,A,01,0,0,1,0,1,0,0,0,0,-,-,NA,NA,LOS ANGELES,ALHAMBRA,-118.12080698,34.07873128
8461759,2017,2017-10-09,1901,2017-08-26,1927,285,07,6,5,5,1901,0,0,0,NA,0,001,GARFIELD AV,ALHAMBRA PL,3,S,N,A,-,N,NA,NA,NA,NA,NA,NA,NA,NA,NA,N,4,0,1,2,A,-,10,21950,A,N,G,B,C,A,H,-,A,A,0,Y,NA,NA,NA,Y,NA,A,01,0,0,1,0,1,0,0,0,0,-,-,NA,NA,LOS ANGELES,ALHAMBRA,-118.13068497,34.10064292
8461760,2017,2017-10-06,1909,2017-09-16,1354,575,1909,6,5,4,1909,0,0,0,NA,0,SOUTH,MULLER ST,GARFIELD AV,37,E,N,A,-,N,NA,NA,NA,NA,NA,NA,NA,NA,NA,Y,4,0,1,2,A,-,07,21658,A,N,D,C,A,A,H,-,A,D,0,NA,NA,NA,NA,Y,NA,A,01,0,0,1,0,0,0,0,0,0,-,-,NA,NA,LOS ANGELES,BELL GARDENS,-118.15888205,33.95765205
8461768,2017,2017-10-16,1901,2017-08-09,0724,239,10,3,5,5,1901,0,0,0,NA,0,002,GARFIELD AV,VALLEY BL,0,NA,Y,A,-,N,NA,NA,NA,NA,NA,NA,NA,NA,NA,Y,3,0,2,2,A,-,12,21453,A,N,D,C,A,A,H,-,A,A,0,NA,NA,NA,NA,Y,NA,D,22,0,1,1,0,0,0,0,0,0,-,-,NA,NA,LOS ANGELES,ALHAMBRA,-118.12301003,34.07864011
8461775,2017,2017-10-11,1901,2017-07-29,1352,288,29,6,5,5,1901,0,0,0,NA,0,003,FREMONT AV,SOUTH FREMONT AV,51,N,N,A,-,N,NA,NA,NA,NA,NA,NA,NA,NA,NA,N,4,0,1,3,A,-,03,22350,NA,N,C,C,A,A,H,-,A,A,0,NA,NA,NA,NA,Y,NA,A,01,0,0,1,0,0,0,0,0,0,-,-,NA,NA,LOS ANGELES,ALHAMBRA,-118.15209,34.0951
8461795,2017,2017-10-09,1901,2017-08-01,0807,239,12,2,5,5,1901,0,0,0,NA,0,002,VALLEY BL,ALMANSOR ST,0,NA,Y,C,-,N,NA,NA,NA,NA,NA,NA,NA,NA,NA,Y,4,0,1,2,A,-,12,21453,A,N,D,C,A,B,H,-,A,A,0,NA,NA,NA,NA,Y,NA,D,22,0,0,1,0,0,0,0,0,0,-,-,NA,NA,LOS ANGELES,ALHAMBRA,-118.11691007,34.07896011