CASE_ID,ACCIDENT_YEAR,PROC_DATE,JURIS,COLLISION_DATE,COLLISION_TIME,OFFICER_ID,REPORTING_DISTRICT,DAY_OF_WEEK,CHP_SHIFT,POPULATION,CNTY_CITY_LOC,SPECIAL_COND,BEAT_TYPE,CHP_BEAT_TYPE,CITY_DIVISION_LAPD,CHP_BEAT_CLASS,BEAT_NUMBER,PRIMARY_RD,SECONDARY_RD,DISTANCE,DIRECTION,INTERSECTION,WEATHER_1,WEATHER_2,STATE_HWY_IND,CALTRANS_COUNTY,CALTRANS_DISTRICT,STATE_ROUTE,ROUTE_SUFFIX,POSTMILE_PREFIX,POSTMILE,LOCATION_TYPE,RAMP_INTERSECTION,SIDE_OF_HWY,TOW_AWAY,COLLISION_SEVERITY,NUMBER_KILLED,NUMBER_INJURED,PARTY_COUNT,PRIMARY_COLL_FACTOR,PCF_CODE_OF_VIOL,PCF_VIOL_CATEGORY,PCF_VIOLATION,PCF_VIOL_SUBSECTION,HIT_AND_RUN,TYPE_OF_COLLISION,MVIW,PED_ACTION,ROAD_SURFACE,ROAD_COND_1,ROAD_COND_2,LIGHTING,CONTROL_DEVICE,CHP_ROAD_TYPE,PEDESTRIAN_ACCIDENT,BICYCLE_ACCIDENT,MOTORCYCLE_ACCIDENT,TRUCK_ACCIDENT,NOT_PRIVATE_PROPERTY,ALCOHOL_INVOLVED,STWD_VEHTYPE_AT_FAULT,CHP_VEHTYPE_AT_FAULT,COUNT_SEVERE_INJ,COUNT_VISIBLE_INJ,COUNT_COMPLAINT_PAIN,COUNT_PED_KILLED,COUNT_PED_INJURED,COUNT_BICYCLIST_KILLED,COUNT_BICYCLIST_INJURED,COUNT_MC_KILLED,COUNT_MC_INJURED,PRIMARY_RAMP,SECONDARY_RAMP,LATITUDE,LONGITUDE,COUNTY,CITY,POINT_X,POINT_Y
8462435,2017,2017-10-09,1942,2017-08-26,1320,42222,2022,6,5,7,1942,0,0,0,NA,0,2A44,WILTON PL,5TH ST,0,NA,Y,A,-,N,NA,NA,NA,NA,NA,NA,NA,NA,NA,N,4,0,1,2,A,-,12,21453,A,N,D,C,A,A,H,-,A,A,0,NA,NA,NA,NA,Y,NA,A,01,0,0,1,0,0,0,0,0,0,-,-,NA,NA,LOS ANGELES,LOS ANGELES,-118.31406007,34.06532005
8462437,2017,2017-10-06,1900,2017-08-18,2000,623660,0986,5,5,4,1979,0,0,0,NA,0,93O,SUNSET BL,LARRABEE ST,68,E,N,B,-,N,NA,NA,NA,NA,NA,NA,NA,NA,NA,Y,4,0,1,2,A,-,07,21658,A,N,B,C,A,A,H,-,B,A,0,NA,NA,NA,NA,Y,NA,A,01,0,0,1,0,0,0,0,0,0,-,-,NA,NA,LOS ANGELES,WEST HOLLYWOOD,-118.38423582,34.09066
8462439,2017,2017-10-09,1942,2017-08-27,0020,41082,2049,7,5,7,1942,0,0,0,NA,0,20A13,HOOVER ST,8TH ST,150,N,N,A,-,N,NA,NA,NA,NA,NA,NA,NA,NA,NA,N,3,0,1,2,A,-,11,21954,A,N,G,B,D,A,H,-,C,D,0,Y,NA,NA,NA,Y,NA,N,60,0,1,0,0,1,0,0,0,0,-,-,NA,NA,LOS ANGELES,LOS ANGELES,-118.28421,34.05812138
8462443,2017,2017-10-09,1942,2017-08-22,1100,33057,2036,2,5,7,1942,0,0,0,NA,0,20XL3,8TH ST,VERMONT AV,10,W,N,A,-,N,NA,NA,NA,NA,NA,NA,NA,NA,NA,Y,4,0,1,2,A,-,04,21703,NA,N,C,C,A,A,H,-,A,D,0,NA,NA,NA,NA,Y,NA,A,01,0,0,1,0,0,0,0,0,0,-,-,NA,NA,LOS ANGELES,LOS ANGELES,-118.29168294,34.05775946
8462467,2017,2017-10-09,1942,2017-08-22,1920,37845,0994,2,5,7,1942,0,0,0,I,0,9X84,BEVERLY GLEN,COY DR,0,NA,Y,A,-,N,NA,NA,NA,NA,NA,NA,NA,NA,NA,N,4,0,1,2,A,-,04,21703,NA,N,C,C,A,A,H,-,D,D,0,NA,NA,NA,NA,Y,NA,A,01,0,0,1,0,0,0,0,0,0,-,-,NA,NA,LOS ANGELES,LOS ANGELES,-118.44339001,34.1305601
8462479,2017,2017-10-20,1953,2017-08-21,2017,3055,1953,1,5,6,1953,0,0,0,NA,0,003,ALLEN AV,WALNUT ST,0,NA,Y,A,-,N,NA,NA,NA,NA,NA,NA,NA,NA,NA,N,4,0,1,2,-,-,-,NA,NA,N,G,B,B,A,H,-,C,A,0,Y,NA,NA,NA,Y,NA,-,-,0,0,1,0,1,0,0,0,0,-,-,NA,NA,LOS ANGELES,PASADENA,-118.11318011,34.14956006
8462510,2017,2017-10-11,1953,2017-08-24,1556,5416,1953,4,5,6,1953,0,0,0,NA,0,004,SIERRA MADRE BL,ORANGE GROVE BL,0,NA,Y,A,-,N,NA,NA,NA,NA,NA,NA,NA,NA,NA,Y,4,0,1,2,A,-,12,21453,A,N,D,C,A,A,H,-,A,A,0,NA,NA,NA,NA,Y,NA,A,07,0,0,1,0,0,0,0,0,0,-,-,NA,NA,LOS ANGELES,PASADENA,-118.09416009,34.15840005
8462544,2017,2017-11-01,1953,2017-08-23,2200,8981,`PASA,3,5,6,1953,0,0,0,NA,0,005,UNION ST,CATALINA AV,100,E,N,A,-,N,NA,NA,NA,NA,NA,NA,NA,NA,NA,N,2,0,1,2,A,-,00,21955,A,F,G,B,D,A,H,-,C,D,0,Y,NA,NA,NA,Y,NA,N,60,1,0,0,0,1,0,0,0,0,-,-,NA,NA,LOS ANGELES,PASADENA,-118.12913019,34.14808
8462548,2017,2017-10-13,1953,2017-08-26,1711,1645,1953,6,5,6,1953,0,0,0,NA,0,004,FOOTHILL BL,SIERRA MADRE VILLA AV,200,E,N,A,-,N,NA,NA,NA,NA,NA,NA,NA,NA,NA,N,4,0,1,2,A,-,12,22450,A,F,A,B,C,A,H,-,A,A,0,Y,NA,NA,NA,Y,NA,A,01,0,0,1,0,1,0,0,0,0,-,-,NA,NA,LOS ANGELES,PASADENA,-118.08183049,34.15008916
8462590,2017,2017-10-11,1969,2017-07-19,0813,10216,TRAFF,3,5,5,1969,0,0,0,NA,0,002,SOUTHERN AV,MADISON AV,0,NA,Y,A,-,N,NA,NA,NA,NA,NA,NA,NA,NA,NA,N,4,0,1,2,A,-,17,21200,A,N,D,G,A,A,H,-,A,A,0,NA,Y,NA,NA,Y,NA,L,04,0,0,1,0,0,0,1,0,0,-,-,NA,NA,LOS ANGELES,SOUTH GATE,-118.21388002,33.95188004
8462602,2017,2018-05-08,1900,2017-07-19,0710,434609,0812,3,5,4,1960,0,0,0,NA,0,81T1,BONITA AV,ARROW HWY,0,N,N,A,-,N,NA,NA,NA,NA,NA,NA,NA,NA,NA,N,4,0,1,2,A,-,08,22107,NA,N,D,G,A,A,H,-,A,D,0,NA,Y,NA,NA,Y,NA,A,01,0,0,1,0,0,0,1,0,0,-,-,NA,NA,LOS ANGELES,SAN DIMAS,-117.81948011,34.1062201
8462606,2017,2018-05-08,1900,2017-07-11,1450,517860,0814,2,5,4,1960,0,0,0,NA,0,81T2,ARROW HWY,CIENEGA AV,50,W,N,A,-,N,NA,NA,NA,NA,NA,NA,NA,NA,NA,N,4,0,1,2,A,-,09,21804,A,N,B,C,A,A,H,-,A,D,0,NA,NA,NA,NA,Y,NA,A,01,0,0,1,0,0,0,0,0,0,-,-,NA,NA,LOS ANGELES,SAN DIMAS,-117.81669756,34.10343544
8462610,2017,2017-10-11,1900,2017-07-12,2000,517860,0815,3,5,4,1960,0,0,0,NA,0,81T2,SAN DIMAS AV,PUDDINGSTONE DR,0,NA,Y,A,-,N,NA,NA,NA,NA,NA,NA,NA,NA,NA,Y,3,0,3,2,A,-,09,21802,A,N,D,C,A,A,H,-,A,D,0,NA,NA,NA,NA,Y,NA,A,01,0,3,0,0,0,0,0,0,0,-,-,NA,NA,LOS ANGELES,SAN DIMAS,-117.80830001,34.09767008
8462614,2017,2017-10-11,1900,2017-07-18,1545,517860,0813,2,5,4,1960,0,0,0,NA,0,81T2,SAN DIMAS AV,BASELINE RD,0,NA,Y,A,-,N,NA,NA,NA,NA,NA,NA,NA,NA,NA,N,3,0,1,2,A,-,10,21950,A,N,-,B,B,A,H,-,A,D,0,Y,NA,NA,NA,Y,NA,A,01,0,1,0,0,1,0,0,0,0,-,-,NA,NA,LOS ANGELES,SAN DIMAS,-117.80719004,34.12116006
8462618,2017,2017-10-11,1900,2017-07-04,1120,434609,0813,2,5,4,1960,0,0,0,NA,0,81T1,SAN DIMAS AV,5TH ST,0,NA,Y,A,-,N,NA,NA,NA,NA,NA,NA,NA,NA,NA,Y,3,0,1,2,A,-,09,21801,A,N,D,C,A,A,H,-,A,A,0,NA,NA,NA,NA,Y,NA,A,01,0,1,0,0,0,0,0,0,0,-,-,NA,NA,LOS ANGELES,SAN DIMAS,-117.80713007,34.11167003
8462626,2017,2017-10-11,1942,2017-07-22,1730,42243,0246,6,5,7,1942,0,0,0,B,0,2A17,3RD ST,BONNIE BRAE,25,S,N,A,-,N,NA,NA,NA,NA,NA,NA,NA,NA,NA,Y,4,0,3,2,A,-,12,21453,A,F,D,C,A,A,H,-,A,A,0,NA,NA,NA,NA,Y,NA,-,99,0,0,3,0,0,0,0,0,0,-,-,NA,NA,LOS ANGELES,LOS ANGELES,-118.27013733,34.0618377
8462647,2017,2017-11-28,1910,2017-09-05,0742,03494,NA,2,5,4,1910,0,0,0,NA,0,009,ROBERTSON BL,CHARLEVILLE BL,0,NA,Y,A,-,N,NA,NA,NA,NA,NA,NA,NA,NA,NA,Y,4,0,2,2,A,-,09,21801,A,N,D,C,A,A,H,-,A,A,0,NA,NA,NA,NA,Y,NA,A,01,0,0,2,0,0,0,0,0,0,-,-,NA,NA,LOS ANGELES,BEVERLY HILLS,-118.38366007,34.06498011
8462651,2017,2017-11-28,1910,2017-09-06,0812,02230,NA,3,5,4,1910,0,0,0,NA,0,004,CANON DR,CARMELITA AV,623,N,N,A,-,N,NA,NA,NA,NA,NA,NA,NA,NA,NA,Y,3,0,1,2,A,-,09,21801,A,N,D,C,A,A,H,-,A,D,0,NA,NA,NA,NA,Y,NA,A,01,0,1,0,0,0,0,0,0,0,-,-,NA,NA,LOS ANGELES,BEVERLY HILLS,-118.40646218,34.07677106
8462655,2017,2017-11-28,1900,2017-09-22,2200,543253,0542,5,5,3,1921,0,0,0,NA,0,58FPM,ROYAL OAKS DR,VINEYARD AV,0,NA,Y,A,-,N,NA,NA,NA,NA,NA,NA,NA,NA,NA,Y,4,0,2,2,A,-,09,21801,A,N,A,C,A,A,H,-,C,D,0,NA,NA,NA,NA,Y,NA,A,01,0,0,2,0,0,0,0,0,0,-,-,34.14342,-117.94913,LOS ANGELES,DUARTE,-117.94910005,34.14341007
8462673,2017,2017-11-17,1942,2017-09-18,0200,42622,1377,1,5,7,1942,0,0,0,M,0,13A93,COMPTON AV,SLAUSON AV,0,NA,Y,A,-,N,NA,NA,NA,NA,NA,NA,NA,NA,NA,Y,4,0,2,2,A,-,12,21453,A,N,D,C,A,A,H,-,C,A,0,NA,NA,NA,NA,Y,NA,A,01,0,0,2,0,0,0,0,0,0,-,-,NA,NA,LOS ANGELES,LOS ANGELES,-118.24776008,33.98934007
8462681,2017,2017-11-17,1900,2017-09-24,1320,606666,0456,7,5,6,1949,0,0,0,NA,0,34K2,PIONEER BL,MAPLEDALE ST,0,NA,Y,A,-,N,NA,NA,NA,NA,NA,NA,NA,NA,NA,N,4,0,1,2,D,-,00,NA,NA,N,A,C,A,A,H,-,A,A,0,NA,NA,NA,NA,Y,NA,-,-,0,0,1,0,0,0,0,0,0,-,-,NA,NA,LOS ANGELES,NORWALK,-118.08280001,33.89846011
8462687,2017,2017-11-27,1942,2017-09-21,1800,NA,1313,4,5,7,1942,0,0,0,M,0,13X45,15TH ST,MAPLE ST,0,NA,Y,A,-,N,NA,NA,NA,NA,NA,NA,NA,NA,NA,N,4,0,1,2,A,-,09,21802,A,N,D,C,A,A,H,-,A,D,0,NA,NA,NA,NA,Y,NA,A,01,0,0,1,0,0,0,0,0,0,-,-,NA,NA,LOS ANGELES,LOS ANGELES,-118.25887,34.03252011
8462707,2017,2017-11-28,1901,2017-09-02,1754,BATES,26,6,5,5,1901,0,0,0,NA,0,003,COMMONWEALTH,DATE,0,NA,Y,A,-,N,NA,NA,NA,NA,NA,NA,NA,NA,NA,Y,4,0,4,2,A,-,09,21801,A,N,D,C,A,A,H,-,-,A,0,NA,NA,NA,NA,Y,NA,A,01,0,0,4,0,0,0,0,0,0,-,-,NA,NA,LOS ANGELES,ALHAMBRA,-118.14816004,34.08785
8462728,2017,2017-11-08,1910,2017-10-03,1452,03209,NA,2,5,4,1910,0,0,0,NA,0,004,N CANON DR,PARK WY,0,NA,Y,A,-,N,NA,NA,NA,NA,NA,NA,NA,NA,NA,Y,4,0,5,5,A,-,09,21802,A,N,D,C,A,A,H,-,A,A,0,NA,NA,NA,NA,Y,NA,A,01,0,0,5,0,0,0,0,0,0,-,-,NA,NA,LOS ANGELES,BEVERLY HILLS,-118.40324007,34.07301008
8462766,2017,2017-12-26,1942,2017-09-06,2320,39540,1132,3,5,7,1942,0,0,0,K,0,11XL12,GRIFFITH PARK BL,SHANNON RD,50,N,N,A,-,N,NA,NA,NA,NA,NA,NA,NA,NA,NA,Y,3,0,1,1,A,-,03,22350,NA,N,A,J,A,A,H,-,C,D,0,NA,NA,NA,NA,Y,NA,A,01,0,1,0,0,0,0,0,0,0,-,-,NA,NA,LOS ANGELES,LOS ANGELES,-118.2737,34.11827
8462798,2017,2017-12-26,1942,2017-09-17,1740,33471,1375,7,5,7,1942,0,0,0,M,0,13X42,SLAUSON AV,HOOPER AV,0,NA,Y,A,-,N,NA,NA,NA,NA,NA,NA,NA,NA,NA,N,4,0,2,2,A,-,04,21703,NA,M,C,C,A,A,H,-,A,A,0,NA,NA,NA,NA,Y,NA,-,99,0,0,2,0,0,0,0,0,0,-,-,NA,NA,LOS ANGELES,LOS ANGELES,-118.25212004,33.98932007
8462803,2017,2017-11-06,1900,2017-09-18,1430,447537,0642,1,5,6,1985,0,0,0,NA,0,64T1,HILLSBOROUGH PKWY,DECORO DR,0,NA,Y,A,-,N,NA,NA,NA,NA,NA,NA,NA,NA,NA,Y,4,0,1,2,A,-,09,21801,A,N,D,C,A,A,H,-,A,A,0,NA,NA,NA,NA,Y,NA,A,01,0,0,1,0,0,0,0,0,0,-,-,NA,NA,LOS ANGELES,SANTA CLARITA,-118.54512012000001,34.44182008
8462804,2017,2017-10-25,1976,2017-08-30,1605,597,NA,3,5,3,1964,0,0,0,NA,0,NA,SANTA FE SPRINGS RD,TELEGRAPH RD,0,NA,Y,A,-,N,NA,NA,NA,NA,NA,NA,NA,NA,NA,Y,4,0,1,3,A,-,09,21801,A,N,D,C,A,A,H,-,A,A,0,NA,NA,NA,NA,Y,NA,A,01,0,0,1,0,0,0,0,0,0,-,-,NA,NA,LOS ANGELES,SANTA FE SPRINGS,-118.06407,33.94193009
8462807,2016,2017-11-06,1900,2016-09-16,1610,609736,NA,5,5,6,1985,0,0,0,NA,0,63T1,SANDY DR,ANNES CIR,20,E,N,A,-,N,NA,NA,NA,NA,NA,NA,NA,NA,NA,N,4,0,1,2,A,-,09,21804,A,N,D,C,A,A,H,-,A,A,0,NA,NA,NA,NA,Y,NA,A,01,0,0,1,0,0,0,0,0,0,-,-,NA,NA,LOS ANGELES,SANTA CLARITA,-118.45231409,34.41232493
8462811,2017,2018-11-07,1900,2017-09-15,1700,609736,0641,5,5,6,1985,0,0,0,NA,0,64T1,CENTURION WY,BOUQUET CANYON RD,21,W,N,A,-,N,NA,NA,NA,NA,NA,NA,NA,NA,NA,N,3,0,1,2,A,-,12,21453,A,N,G,G,A,A,H,-,A,A,0,NA,NA,Y,NA,Y,NA,C,03,0,1,0,0,0,0,0,0,1,-,-,NA,NA,LOS ANGELES,SANTA CLARITA,-118.51467676,34.43995263
8462815,2017,2017-11-28,1900,2017-09-15,0600,607120,0629,5,5,6,1985,0,0,0,NA,0,62T1,LYONS AV,RT 5,270,E,N,A,-,N,NA,NA,NA,NA,NA,NA,NA,NA,NA,N,3,0,1,3,A,-,09,21801,A,N,D,C,A,A,H,-,A,D,0,NA,NA,NA,NA,Y,NA,A,01,0,1,0,0,0,0,0,0,0,-,NF,NA,NA,LOS ANGELES,SANTA CLARITA,-118.56489791,34.37859988
8462816,2017,2017-10-25,1976,2017-09-06,0818,391,NA,3,5,3,1964,0,0,0,NA,0,NA,CARMENITA RD,CAMBRIDGE ST,0,NA,Y,A,-,N,NA,NA,NA,NA,NA,NA,NA,NA,NA,N,4,0,1,2,A,-,09,21801,A,N,D,C,A,A,H,-,A,D,0,NA,NA,NA,NA,Y,NA,D,22,0,0,1,0,0,0,0,0,0,-,-,NA,NA,LOS ANGELES,SANTA FE SPRINGS,-118.04667001,33.90653004
8462821,2017,2017-10-23,1942,2017-10-02,1540,42173,0355,1,5,7,1942,0,0,0,C,0,3A58W7,WESTERN AV,35TH ST,0,NA,Y,A,-,N,NA,NA,NA,NA,NA,NA,NA,NA,NA,Y,2,0,2,2,A,-,01,23153,NA,N,A,C,A,A,H,-,A,D,0,NA,NA,NA,NA,Y,Y,A,01,1,0,1,0,0,0,0,0,0,-,-,NA,NA,LOS ANGELES,LOS ANGELES,-118.3089,34.02463
8462830,2017,2017-11-06,1900,2017-09-05,1740,472724,0633,2,5,6,1985,0,0,0,NA,0,63T1,JAKES WY,SANDY DR,0,NA,Y,A,-,N,NA,NA,NA,NA,NA,NA,NA,NA,NA,N,3,0,1,2,A,-,10,21950,A,N,G,B,B,A,H,-,A,A,0,Y,NA,NA,NA,Y,NA,A,07,0,1,0,0,1,0,0,0,0,-,-,NA,NA,LOS ANGELES,SANTA CLARITA,-118.44994003,34.41134008
8462832,2017,2017-11-13,1976,2017-09-13,2331,568,NA,3,5,3,1964,0,0,0,NA,0,003,ALONDRA BL,VALLEY VIEW AV,0,NA,Y,A,-,N,NA,NA,NA,NA,NA,NA,NA,NA,NA,Y,4,0,1,2,A,-,12,21453,A,N,D,C,A,A,H,-,C,A,0,NA,NA,NA,NA,Y,NA,-,-,0,0,1,0,0,0,0,0,0,-,-,NA,NA,LOS ANGELES,SANTA FE SPRINGS,-118.02907005,33.88804004
8462834,2017,2017-11-06,1900,2017-09-06,0920,600125,0624,3,5,6,1985,0,0,0,NA,0,62T1,ORCHARD VILLAGE RD,16TH ST,0,NA,Y,A,-,N,NA,NA,NA,NA,NA,NA,NA,NA,NA,N,3,0,2,2,A,-,09,21801,A,N,D,C,A,A,H,-,A,A,0,NA,NA,NA,NA,Y,NA,A,01,0,1,1,0,0,0,0,0,0,-,-,NA,NA,LOS ANGELES,SANTA CLARITA,-118.54567,34.38767006
8462838,2017,2017-11-06,1900,2017-09-07,1040,482931,0623,4,5,6,1985,0,0,0,NA,0,60T1,ROTUNDA RD,VIA ESCOVAR,8,W,N,A,-,N,NA,NA,NA,NA,NA,NA,NA,NA,NA,Y,4,0,1,3,A,-,08,22107,NA,N,A,E,A,A,H,-,A,D,0,NA,NA,NA,NA,Y,NA,A,07,0,0,1,0,0,0,0,0,0,-,-,NA,NA,LOS ANGELES,SANTA CLARITA,-118.55073689,34.38599311
8462842,2017,2017-11-06,1900,2017-09-07,1630,609736,0622,4,5,6,1985,0,0,0,NA,0,64T1,VALENCIA BL,MAGIC MOUNTAIN PKWY,303,S,N,A,-,N,NA,NA,NA,NA,NA,NA,NA,NA,NA,N,4,0,1,2,A,-,07,21658,A,N,B,C,A,A,H,-,A,A,0,NA,NA,Y,NA,Y,NA,A,07,0,0,1,0,0,0,0,0,1,-,-,NA,NA,LOS ANGELES,SANTA CLARITA,-118.55019379,34.41518309
8462844,2017,2017-10-24,1976,2017-09-19,1846,210,NA,2,5,3,1964,0,0,0,NA,0,002,FLORENCE AV,LAKE CENTER PARK LN,336,W,N,A,-,N,NA,NA,NA,NA,NA,NA,NA,NA,NA,Y,4,0,1,3,A,-,03,22350,NA,N,C,C,A,A,H,-,A,D,0,NA,NA,NA,NA,Y,NA,D,22,0,0,1,0,0,0,0,0,0,-,-,NA,NA,LOS ANGELES,SANTA FE SPRINGS,-118.08558216,33.93526
8462846,2017,2017-11-06,1900,2017-09-07,1800,609135,0623,4,5,6,1985,0,0,0,NA,0,62T1,MASTERS CUP WY,VISTA FAIRWAYS DR,55,E,N,A,-,N,NA,NA,NA,NA,NA,NA,NA,NA,NA,N,3,0,1,2,A,-,08,22107,NA,N,A,G,A,A,H,-,A,D,0,NA,Y,NA,NA,Y,NA,L,04,0,1,0,0,0,0,1,0,0,-,-,NA,NA,LOS ANGELES,SANTA CLARITA,-118.56533865,34.38837265
8462850,2017,2017-11-06,1900,2017-09-08,1240,530600,0641,5,5,6,1985,0,0,0,NA,0,61T1,MC BEAN PKWY,CREEKSIDE DR,388,N,N,A,-,N,NA,NA,NA,NA,NA,NA,NA,NA,NA,N,4,0,2,3,A,-,04,21703,NA,M,C,C,A,A,H,-,C,D,0,NA,NA,NA,NA,Y,NA,A,01,0,0,2,0,0,0,0,0,0,-,-,NA,NA,LOS ANGELES,SANTA CLARITA,-118.56260694,34.42274005
8462852,2017,2017-10-25,1976,2017-09-24,2147,452,1976,7,5,3,1964,0,0,0,NA,0,001,SLAUSON AV,SORENSEN AV,0,NA,Y,A,-,N,NA,NA,NA,NA,NA,NA,NA,NA,NA,Y,3,0,2,2,A,-,12,21453,A,N,D,C,A,A,H,-,C,A,0,NA,NA,NA,NA,Y,NA,A,01,0,1,1,0,0,0,0,0,0,-,-,NA,NA,LOS ANGELES,SANTA FE SPRINGS,-118.06043007,33.96356002
8462854,2017,2017-11-06,1900,2017-09-08,1444,609135,0622,5,5,6,1985,0,0,0,NA,0,62T1,RAILROAD AV,DRAYTON ST,665,S,N,A,-,N,NA,NA,NA,NA,NA,NA,NA,NA,NA,N,4,0,1,2,A,-,03,22350,NA,N,C,C,A,A,D,-,A,D,0,NA,NA,NA,NA,Y,NA,A,07,0,0,1,0,0,0,0,0,0,-,-,NA,NA,LOS ANGELES,SANTA CLARITA,-118.54028562,34.40953753
8462858,2017,2017-11-06,1900,2017-09-09,1015,480759,0645,6,5,6,1985,0,0,0,NA,0,62T1,RYE CANYON RD,AVENUE STANFORD,0,NA,Y,A,-,N,NA,NA,NA,NA,NA,NA,NA,NA,NA,Y,4,0,1,2,D,-,00,NA,NA,N,D,C,A,A,H,-,A,A,0,NA,NA,NA,NA,Y,NA,-,-,0,0,1,0,0,0,0,0,0,-,-,NA,NA,LOS ANGELES,SANTA CLARITA,-118.5868801,34.43231008
8462860,2017,2017-10-28,1900,2017-07-28,1528,510209,1122,5,5,6,1992,0,0,0,NA,0,112T2,SIERRA HWY,AVENUE 7,137,N,N,A,-,N,NA,NA,NA,NA,NA,NA,NA,NA,NA,N,4,0,1,2,A,-,03,22350,NA,M,C,C,A,A,H,-,A,D,0,NA,NA,NA,NA,Y,NA,D,22,0,0,1,0,0,0,0,0,0,-,-,NA,NA,LOS ANGELES,LANCASTER,NA,NA
8462862,2017,2017-11-06,1900,2017-09-12,0700,600125,0622,2,5,6,1985,0,0,0,NA,0,62T1,RAILROAD AV,DRAYTON ST,105,S,N,A,-,N,NA,NA,NA,NA,NA,NA,NA,NA,NA,Y,3,0,2,2,A,-,03,22350,NA,N,C,C,A,A,D,E,A,D,0,NA,NA,NA,NA,Y,NA,A,01,0,1,1,0,0,0,0,0,0,-,-,NA,NA,LOS ANGELES,SANTA CLARITA,-118.54057347,34.41105461
8462866,2017,2017-11-06,1900,2017-09-21,0855,266586,0647,4,5,6,1985,0,0,0,NA,0,61T1,SOLEDAD CANYON RD,GOLDEN OAK RD,37,E,N,B,-,N,NA,NA,NA,NA,NA,NA,NA,NA,NA,Y,3,0,2,3,A,-,09,21453,B,N,C,C,A,A,H,-,A,A,0,NA,NA,NA,NA,Y,NA,A,01,0,1,1,0,0,0,0,0,0,-,-,NA,NA,LOS ANGELES,SANTA CLARITA,-118.51309117,34.41635648
8462870,2017,2017-11-06,1900,2017-09-19,0635,600125,0611,2,5,6,1985,0,0,0,NA,0,62T1,GOLDEN VALLEY RD,CLAREMORE WY,0,NA,Y,A,-,N,NA,NA,NA,NA,NA,NA,NA,NA,NA,Y,4,0,1,2,D,-,00,NA,NA,N,A,C,A,A,H,-,B,A,0,NA,NA,NA,NA,Y,NA,-,-,0,0,1,0,0,0,0,0,0,-,-,NA,NA,LOS ANGELES,SANTA CLARITA,-118.49507,34.43772
8462872,2017,2017-10-25,1900,2017-08-09,2154,602965,1125,3,5,6,1992,0,0,0,NA,0,111T1,AVENUE J,KINGTREE AV,54,E,N,A,-,N,NA,NA,NA,NA,NA,NA,NA,NA,NA,N,4,0,1,3,A,-,12,21453,A,M,C,C,A,A,H,-,C,A,0,NA,NA,NA,NA,Y,NA,D,22,0,0,1,0,0,0,0,0,0,-,-,NA,NA,LOS ANGELES,LANCASTER,-118.15110077,34.68942276
8462874,2017,2018-05-08,1900,2017-09-19,1215,600125,0629,2,5,6,1985,0,0,0,NA,0,62T1,LYONS AV,RT 5,160,E,N,A,-,N,NA,NA,NA,NA,NA,NA,NA,NA,NA,N,4,0,1,2,D,-,00,NA,NA,N,C,C,A,A,H,-,A,D,0,NA,NA,NA,NA,Y,NA,-,-,0,0,1,0,0,0,0,0,0,-,NO,NA,NA,LOS ANGELES,SANTA CLARITA,-118.56525381,34.37866295
8462875,2017,2017-11-01,1976,2017-08-24,1406,332,NA,4,5,3,1964,0,0,0,NA,0,NA,VALLEY VIEW AV,ALONDRA BL,120,N,N,A,-,N,NA,NA,NA,NA,NA,NA,NA,NA,NA,N,4,0,1,2,A,-,03,22350,NA,N,C,C,A,A,H,-,A,D,0,NA,NA,NA,Y,Y,NA,F,27,0,0,1,0,0,0,0,0,0,-,-,NA,NA,LOS ANGELES,SANTA FE SPRINGS,-118.02907,33.88836902
8462878,2017,2017-11-06,1900,2017-09-18,1745,482931,0642,1,5,6,1985,0,0,0,NA,0,64T1,NEWHALL RANCH RD,BRIDGEVIEW LN,0,NA,Y,A,-,N,NA,NA,NA,NA,NA,NA,NA,NA,NA,Y,3,0,1,2,A,-,12,21453,A,N,D,C,A,A,H,-,B,A,0,NA,NA,NA,NA,Y,NA,A,01,0,1,0,0,0,0,0,0,0,-,-,NA,NA,LOS ANGELES,SANTA CLARITA,-118.55419005,34.42924002
8462893,2017,2017-10-16,1942,2017-08-18,1520,40057,1354,5,5,7,1942,0,0,0,M,0,13A93,43RD ST,MAIN ST,0,NA,Y,A,-,N,NA,NA,NA,NA,NA,NA,NA,NA,NA,NA,4,0,1,2,A,-,11,21954,A,N,G,B,D,A,H,-,A,D,0,Y,NA,NA,NA,Y,NA,N,60,0,0,1,0,0,0,0,0,0,-,-,NA,NA,LOS ANGELES,LOS ANGELES,-118.27401012,34.00564011
8462897,2017,2017-10-16,1942,2017-08-09,1345,37540,1373,3,5,7,1942,0,0,0,M,0,24TL23,SLAUSON AV,CENTRAL AV,0,NA,Y,A,-,N,NA,NA,NA,NA,NA,NA,NA,NA,NA,Y,3,0,2,2,A,-,12,21453,A,N,D,C,A,A,H,-,A,A,0,NA,NA,NA,NA,Y,NA,A,07,0,1,1,0,0,0,0,0,0,-,-,NA,NA,LOS ANGELES,LOS ANGELES,-118.25646009,33.98934006
8462901,2017,2017-10-16,1942,2017-08-27,1240,37611,1129,7,5,7,1942,0,0,0,K,0,24TL21,AVENUE 64,YORK BL,145,S,N,A,-,N,NA,NA,NA,NA,NA,NA,NA,NA,NA,N,4,0,2,2,A,-,09,21804,A,N,D,C,A,A,H,-,A,D,0,NA,NA,NA,NA,Y,NA,A,01,0,0,2,0,0,0,0,0,0,-,-,NA,NA,LOS ANGELES,LOS ANGELES,-118.18166045,34.11405927