CASE_ID,ACCIDENT_YEAR,PROC_DATE,JURIS,COLLISION_DATE,COLLISION_TIME,OFFICER_ID,REPORTING_DISTRICT,DAY_OF_WEEK,CHP_SHIFT,POPULATION,CNTY_CITY_LOC,SPECIAL_COND,BEAT_TYPE,CHP_BEAT_TYPE,CITY_DIVISION_LAPD,CHP_BEAT_CLASS,BEAT_NUMBER,PRIMARY_RD,SECONDARY_RD,DISTANCE,DIRECTION,INTERSECTION,WEATHER_1,WEATHER_2,STATE_HWY_IND,CALTRANS_COUNTY,CALTRANS_DISTRICT,STATE_ROUTE,ROUTE_SUFFIX,POSTMILE_PREFIX,POSTMILE,LOCATION_TYPE,RAMP_INTERSECTION,SIDE_OF_HWY,TOW_AWAY,COLLISION_SEVERITY,NUMBER_KILLED,NUMBER_INJURED,PARTY_COUNT,PRIMARY_COLL_FACTOR,PCF_CODE_OF_VIOL,PCF_VIOL_CATEGORY,PCF_VIOLATION,PCF_VIOL_SUBSECTION,HIT_AND_RUN,TYPE_OF_COLLISION,MVIW,PED_ACTION,ROAD_SURFACE,ROAD_COND_1,ROAD_COND_2,LIGHTING,CONTROL_DEVICE,CHP_ROAD_TYPE,PEDESTRIAN_ACCIDENT,BICYCLE_ACCIDENT,MOTORCYCLE_ACCIDENT,TRUCK_ACCIDENT,NOT_PRIVATE_PROPERTY,ALCOHOL_INVOLVED,STWD_VEHTYPE_AT_FAULT,CHP_VEHTYPE_AT_FAULT,COUNT_SEVERE_INJ,COUNT_VISIBLE_INJ,COUNT_COMPLAINT_PAIN,COUNT_PED_KILLED,COUNT_PED_INJURED,COUNT_BICYCLIST_KILLED,COUNT_BICYCLIST_INJURED,COUNT_MC_KILLED,COUNT_MC_INJURED,PRIMARY_RAMP,SECONDARY_RAMP,LATITUDE,LONGITUDE,COUNTY,CITY,POINT_X,POINT_Y
8462905,2017,2017-10-16,1942,2017-08-21,1920,38703,465,1,5,7,1942,0,0,0,NA,0,4EL4,6TH ST,EUCLID AV,0,NA,Y,A,-,N,NA,NA,NA,NA,NA,NA,NA,NA,NA,N,4,0,1,2,D,-,00,NA,NA,N,D,C,A,A,H,-,C,D,0,NA,NA,NA,NA,Y,NA,-,-,0,0,1,0,0,0,0,0,0,-,-,NA,NA,LOS ANGELES,LOS ANGELES,-118.2053901,34.0337801
8462917,2017,2017-11-01,1942,2017-08-23,1825,41159,1864,3,5,7,1942,0,0,0,R,0,18A44,CENTRAL AV,IMPERIAL HWY,200,S,N,A,-,N,NA,NA,NA,NA,NA,NA,NA,NA,NA,N,4,0,1,2,A,-,07,21658,A,N,B,C,A,A,H,-,A,A,0,NA,NA,NA,NA,Y,NA,-,-,0,0,1,0,0,0,0,0,0,-,-,NA,NA,LOS ANGELES,LOS ANGELES,-118.25424447,33.92892165
8462920,2017,2017-11-06,1900,2017-09-21,1230,523421,0644,4,5,6,1985,0,0,0,NA,0,64T1,MCBEAN PKWY,MALL ENT,54,S,N,A,-,N,NA,NA,NA,NA,NA,NA,NA,NA,NA,Y,4,0,1,3,A,-,03,22350,NA,N,C,C,A,A,H,-,A,D,0,NA,NA,NA,NA,Y,NA,A,07,0,0,1,0,0,0,0,0,0,-,-,NA,NA,LOS ANGELES,SANTA CLARITA,-118.560858,34.415658
8462924,2017,2017-10-25,1942,2017-09-19,1445,523421,0641,2,5,7,1942,0,0,0,F,0,64T1,BOUQUET CANYON RD,HASKELL CANYON RD,49,N,N,A,-,N,NA,NA,NA,NA,NA,NA,NA,NA,NA,N,4,0,2,2,A,-,21,22106,NA,N,C,C,A,A,H,-,A,D,0,NA,NA,NA,NA,Y,NA,D,22,0,0,2,0,0,0,0,0,0,-,-,NA,NA,LOS ANGELES,LOS ANGELES,-118.51216506,34.44272039
8462932,2017,2017-10-23,1900,2017-09-15,1250,523421,0642,5,5,6,1985,0,0,0,NA,0,64T1,COPPER HILL DR,GOLD CANYON DR,12,E,N,A,-,N,NA,NA,NA,NA,NA,NA,NA,NA,NA,Y,4,0,1,2,A,-,09,21801,A,N,A,C,A,A,H,-,A,D,0,NA,NA,NA,NA,Y,NA,D,22,0,0,1,0,0,0,0,0,0,-,-,NA,NA,LOS ANGELES,SANTA CLARITA,-118.528049,34.460757
8462936,2017,2017-10-30,1900,2017-09-12,1700,600125,0625,2,5,6,1985,0,0,0,NA,0,62T1,RAILROAD AV,15TH ST,168,N,N,A,-,N,NA,NA,NA,NA,NA,NA,NA,NA,NA,N,4,0,1,2,A,-,03,22350,NA,N,C,C,A,A,H,-,A,D,0,NA,NA,NA,NA,Y,NA,D,22,0,0,1,0,0,0,0,0,0,-,-,NA,NA,LOS ANGELES,SANTA CLARITA,-118.53433888,34.38864856
8462945,2017,2017-10-16,1953,2017-08-30,0757,5651,1953,3,5,6,1953,0,0,0,NA,0,004,CALIFORNIA BL,SIDNEY AV,0,NA,Y,A,-,N,NA,NA,NA,NA,NA,NA,NA,NA,NA,N,3,0,1,2,A,-,05,21650,1,N,A,G,A,A,H,-,A,D,0,NA,Y,NA,NA,Y,NA,L,04,0,1,0,0,0,0,1,0,0,-,-,NA,NA,LOS ANGELES,PASADENA,-118.08824006,34.13581003
8462949,2017,2017-10-16,1953,2017-08-17,1536,5651,1953,4,5,6,1953,0,0,0,NA,0,005,COLORADO BL,HUDSON AV,0,NA,Y,A,-,N,NA,NA,NA,NA,NA,NA,NA,NA,NA,Y,4,0,1,2,A,-,12,21453,A,N,D,C,A,A,H,-,A,A,0,NA,NA,NA,NA,Y,NA,A,01,0,0,1,0,0,0,0,0,0,-,-,NA,NA,LOS ANGELES,PASADENA,-118.13389001,34.14589011
8462953,2017,2017-10-16,1953,2017-08-11,1150,5651,1953,5,5,6,1953,0,0,0,NA,0,003,DEL MAR BL,SAN MARINO AV,0,NA,Y,A,-,N,NA,NA,NA,NA,NA,NA,NA,NA,NA,Y,4,0,1,2,A,-,09,21802,A,N,A,C,A,A,H,-,A,A,0,NA,NA,NA,NA,Y,NA,A,01,0,0,1,0,0,0,0,0,0,-,-,NA,NA,LOS ANGELES,PASADENA,-118.10830009,34.14199005
8462957,2017,2017-10-16,1953,2017-08-03,1515,5651,1953,4,5,6,1953,0,0,0,NA,0,003,FOOTHILL BL,CARMELO AV,103,E,N,A,-,N,NA,NA,NA,NA,NA,NA,NA,NA,NA,N,3,0,1,1,A,-,21,22106,NA,N,H,J,A,A,H,-,A,D,0,NA,NA,Y,NA,Y,NA,C,02,0,1,0,0,0,0,0,0,1,-,-,NA,NA,LOS ANGELES,PASADENA,-118.10026056,34.14983
8462960,2017,2017-10-27,1941,2017-09-30,0931,11014,NA,6,5,7,1941,0,0,0,NA,0,NA,NEWPORT AV,7TH ST,9,N,N,A,-,N,NA,NA,NA,NA,NA,NA,NA,NA,NA,Y,4,0,1,2,D,-,00,NA,NA,N,B,C,A,A,H,-,A,A,0,NA,NA,Y,Y,Y,NA,-,-,0,0,1,0,0,0,0,0,1,-,-,NA,NA,LOS ANGELES,LONG BEACH,-118.15135,33.77536468
8462961,2017,2017-10-20,1909,2017-10-06,0141,527,1909,5,5,4,1909,0,0,0,NA,0,SOUTH,EASTERN AV,GOTHAM ST,72,N,N,A,-,N,NA,NA,NA,NA,NA,NA,NA,NA,NA,Y,3,0,1,3,A,-,01,23140,NA,N,C,E,A,A,H,-,C,B,0,NA,NA,NA,NA,Y,Y,-,NA,0,1,0,0,0,0,0,0,0,-,-,NA,NA,LOS ANGELES,BELL GARDENS,-118.16570268,33.96136612
8462981,2017,2017-11-03,1965,2017-10-06,2132,3894,0B3A,5,5,5,1965,0,0,0,NA,0,B003,WILSHIRE BL,16TH ST,26,E,N,A,-,N,NA,NA,NA,NA,NA,NA,NA,NA,NA,Y,4,0,1,2,A,-,08,22107,NA,N,D,C,A,A,H,-,C,D,0,NA,NA,NA,NA,Y,NA,A,01,0,0,1,0,0,0,0,0,0,-,-,37.01956,-121.00987,LOS ANGELES,SANTA MONICA,-118.48693823,34.02835941
8462985,2017,2017-10-23,1902,2017-10-07,0810,757,30,6,5,5,1902,0,0,0,NA,0,005,HOLLY AV,LONGDEN AV,0,NA,Y,A,-,N,NA,NA,NA,NA,NA,NA,NA,NA,NA,Y,4,0,1,2,A,-,12,22450,A,N,D,C,A,A,H,-,A,A,0,NA,NA,NA,NA,Y,NA,A,08,0,0,1,0,0,0,0,0,0,-,-,NA,NA,LOS ANGELES,ARCADIA,-118.04562,34.11513008
8463001,2017,2017-10-23,1900,2017-10-03,1755,541589,0462,2,5,4,1936,0,0,0,NA,0,0PM,ROSECRANS AV,ESTERO RD,30,W,N,A,-,N,NA,NA,NA,NA,NA,NA,NA,NA,NA,Y,3,0,1,2,A,-,04,21703,NA,N,C,C,A,A,H,-,A,D,0,NA,NA,NA,NA,Y,NA,A,01,0,1,0,0,0,0,0,0,0,-,-,NA,NA,LOS ANGELES,LA MIRADA,-118.02496861,33.90265228
8463009,2017,2017-10-23,1900,2017-10-01,1925,523489,1365,7,5,5,1952,0,0,0,NA,0,136D,DOWNEY AV,CENTURY BL,100,S,N,A,-,N,NA,NA,NA,NA,NA,NA,NA,NA,NA,Y,4,0,2,3,A,-,04,21703,NA,N,C,C,A,A,H,-,C,D,0,NA,NA,NA,NA,Y,NA,A,01,0,0,2,0,0,0,0,0,0,-,-,NA,NA,LOS ANGELES,PARAMOUNT,-118.15151,33.90613578
8463132,2017,2017-10-31,1976,2017-09-17,1817,419,WHITT,7,5,5,1976,0,0,0,NA,0,003,GUNN AV,LAMBERT RD,24,S,N,A,-,N,NA,NA,NA,NA,NA,NA,NA,NA,NA,Y,3,0,2,2,A,-,08,22100,A,N,D,C,A,A,H,-,A,A,0,NA,NA,NA,NA,Y,NA,A,01,0,1,1,0,0,0,0,0,0,-,-,NA,NA,LOS ANGELES,WHITTIER,-118.024746,33.94897388
8463152,2017,2017-10-31,1900,2017-09-19,1125,523421,0641,2,5,6,1985,0,0,0,NA,0,64T1,HYSSOP LN,SCALLION DR,21,S,N,A,-,N,NA,NA,NA,NA,NA,NA,NA,NA,NA,N,3,0,1,2,A,-,08,22107,NA,N,D,G,A,A,H,-,A,D,0,NA,Y,NA,NA,Y,NA,L,04,0,1,0,0,0,0,1,0,0,-,-,NA,NA,LOS ANGELES,SANTA CLARITA,-118.51735095,34.4433508
8463164,2017,2017-10-31,1920,2017-09-16,2302,13391,NA,6,5,6,1920,0,0,0,NA,0,005,LAKEWOOD BL,5TH ST,0,NA,Y,A,-,N,NA,NA,NA,NA,NA,NA,NA,NA,NA,Y,4,0,1,3,D,-,00,NA,NA,N,D,C,A,A,H,-,C,A,0,NA,NA,NA,NA,Y,Y,-,-,0,0,1,0,0,0,0,0,0,-,-,NA,NA,LOS ANGELES,DOWNEY,-118.12198,33.93907006
8463172,2017,2017-11-17,1942,2017-09-22,2130,42919,0789,5,5,7,1942,0,0,0,G,0,7A85,WASHINGTON BL,8TH AV,20,N,N,A,B,N,NA,NA,NA,NA,NA,NA,NA,NA,NA,N,3,0,1,2,C,-,18,NA,NA,N,H,B,E,A,H,-,C,D,0,Y,NA,NA,NA,Y,NA,-,-,0,1,0,0,1,0,0,0,0,-,-,NA,NA,LOS ANGELES,LOS ANGELES,-118.32602,34.03989
8463176,2017,2017-10-31,1942,2017-09-14,1830,42264,0853,4,5,7,1942,0,0,0,H,0,8A59,SAWTELLE BL,MISSOURI AV,0,NA,Y,A,-,N,NA,NA,NA,NA,NA,NA,NA,NA,NA,Y,2,0,2,2,A,-,09,21802,A,N,D,C,A,A,H,-,A,D,0,NA,NA,NA,NA,Y,NA,A,01,1,0,1,0,0,0,0,0,0,-,-,NA,NA,LOS ANGELES,LOS ANGELES,-118.44498008,34.04251009
8463200,2017,2017-10-31,1925,2017-09-02,1503,22416,287,6,5,6,1925,0,0,0,NA,0,003,TYBURN ST,SAN FERNANDO RD,1,S,N,A,-,N,NA,NA,NA,NA,NA,NA,NA,NA,NA,N,4,0,1,2,A,-,05,21650,1,N,D,E,A,A,H,-,A,A,0,NA,Y,NA,NA,Y,NA,L,NA,0,0,1,0,0,0,1,0,0,-,-,NA,NA,LOS ANGELES,GLENDALE,-118.25161253,34.12062824
8463201,2017,2017-11-22,1953,2017-09-16,1021,7508,1953,6,5,6,1953,0,0,0,NA,0,005,FAIR OAKS AV,DEL MAR BL,100,S,N,A,-,N,NA,NA,NA,NA,NA,NA,NA,NA,NA,Y,3,0,2,3,A,-,08,22107,NA,N,A,C,A,A,H,-,A,A,0,NA,NA,NA,NA,Y,NA,A,01,0,1,1,0,0,0,0,0,0,-,-,NA,NA,LOS ANGELES,PASADENA,-118.15043,34.14034579
8463205,2017,2017-11-22,1953,2017-09-14,1331,7724,LACOU,4,5,6,1953,0,0,0,NA,0,001,CALIFORNIA BL,MARENGO AV,15,E,N,A,-,N,NA,NA,NA,NA,NA,NA,NA,NA,NA,N,4,0,1,2,A,-,11,21954,A,N,G,B,D,A,H,-,A,A,0,Y,NA,NA,NA,Y,NA,N,60,0,0,1,0,1,0,0,0,0,-,-,NA,NA,LOS ANGELES,PASADENA,-118.14581054,34.13581034
8463209,2017,2017-11-22,1907,2017-09-11,1815,238,2,1,5,4,1907,0,0,0,NA,0,NA,FLORENCE AV,HELIOTROPE AV,95,E,N,A,-,N,NA,NA,NA,NA,NA,NA,NA,NA,NA,N,3,0,1,2,A,-,09,21804,A,N,D,C,A,A,H,-,A,D,0,NA,NA,NA,NA,Y,NA,A,01,0,1,0,0,0,0,0,0,0,-,-,33.96951,-118.18047,LOS ANGELES,BELL,-118.18047928,33.96950087
8463213,2017,2017-11-22,1907,2017-09-09,1255,226,1,6,5,4,1907,0,0,0,NA,0,NA,FLORENCE AV,SAN LUIS AV,50,W,N,A,-,N,NA,NA,NA,NA,NA,NA,NA,NA,NA,Y,3,0,2,2,A,-,09,21804,A,N,A,C,A,A,H,-,A,D,0,NA,NA,NA,NA,Y,NA,A,01,0,1,1,0,0,0,0,0,0,-,-,33.97177,-118.19827,LOS ANGELES,BELL,-118.19805333,33.97136679
8463217,2017,2017-11-22,1907,2017-09-11,0006,234,BG,1,5,4,1907,0,0,0,NA,0,NA,FLORENCE AV,ABUTMENT,221,E,N,A,-,N,NA,NA,NA,NA,NA,NA,NA,NA,NA,Y,4,0,3,3,A,-,17,21658,NA,N,A,C,A,A,H,-,C,A,0,NA,NA,NA,NA,Y,NA,A,01,0,0,3,0,0,0,0,0,0,-,-,33.96847,-118.1708,LOS ANGELES,BELL,NA,NA
8463221,2017,2017-11-22,1907,2017-09-25,1322,226,2,1,5,4,1907,0,0,0,NA,0,NA,GAGE AV,WILCOX AV,0,NA,Y,A,-,N,NA,NA,NA,NA,NA,NA,NA,NA,NA,Y,4,0,1,2,A,-,12,21453,A,N,B,C,A,A,H,-,A,A,0,NA,NA,NA,NA,Y,NA,A,01,0,0,1,0,0,0,0,0,0,-,-,33.97691,-118.17665,LOS ANGELES,BELL,-118.17666004,33.97689007
8463222,2017,2017-10-30,1942,2017-09-14,0835,36911,0514,4,5,7,1942,0,0,0,E,0,5A15,WILMINGTON BL,ROBIDOUX ST,50,S,N,A,-,N,NA,NA,NA,NA,NA,NA,NA,NA,NA,N,4,0,1,2,A,-,07,21658,A,N,B,G,A,A,H,-,A,D,0,NA,Y,NA,NA,Y,NA,L,04,0,0,1,0,0,0,1,0,0,-,-,NA,NA,LOS ANGELES,LOS ANGELES,-118.27485045,33.7877631
8463226,2017,2017-10-30,1942,2017-09-03,1310,36075,0522,7,5,7,1942,0,0,0,E,0,5A25,ANAHEIM ST,GULF AV,0,NA,Y,A,-,N,NA,NA,NA,NA,NA,NA,NA,NA,NA,N,3,0,1,3,A,-,04,21703,NA,N,C,C,A,A,H,-,A,D,0,NA,NA,NA,NA,Y,NA,-,NA,0,1,0,0,0,0,0,0,0,-,-,NA,NA,LOS ANGELES,LOS ANGELES,-118.27290002,33.779410060000004
8463237,2017,2017-11-22,1900,2017-09-23,1145,609135,0621,6,5,6,1985,0,0,0,NA,0,62T1,VALENCIA BL,MALL ENTRANCE,0,NA,Y,A,-,N,NA,NA,NA,NA,NA,NA,NA,NA,NA,Y,4,0,1,3,A,-,12,21453,A,N,B,C,A,A,H,-,A,A,0,NA,NA,NA,NA,Y,NA,A,01,0,0,1,0,0,0,0,0,0,-,-,NA,NA,LOS ANGELES,SANTA CLARITA,-118.55753008,34.41319003
8463241,2017,2017-11-22,1920,2017-09-26,0756,12605,NA,2,5,6,1920,0,0,0,NA,0,002,STEWART AND GRAY RD,PERNELL AV,42,W,N,A,-,N,NA,NA,NA,NA,NA,NA,NA,NA,NA,Y,4,0,1,2,A,-,09,21801,A,N,D,C,A,A,H,-,A,D,0,NA,NA,NA,NA,Y,NA,A,01,0,0,1,0,0,0,0,0,0,-,-,NA,NA,LOS ANGELES,DOWNEY,-118.15978755,33.94318056
8463245,2017,2017-11-22,1920,2017-09-21,0952,12609,NA,4,5,6,1920,0,0,0,NA,0,NA,OLD RIVER SCHOOL RD,ARNETT ST,0,NA,Y,C,-,N,NA,NA,NA,NA,NA,NA,NA,NA,NA,N,4,0,1,2,D,-,00,NA,NA,N,D,G,A,B,H,-,A,A,0,NA,Y,NA,NA,Y,NA,-,-,0,0,1,0,0,0,1,0,0,-,-,NA,NA,LOS ANGELES,DOWNEY,-118.15013006,33.94568006
8463246,2017,2017-10-30,1942,2017-09-12,1330,41000,0666,2,5,7,1942,0,0,0,F,0,6A15,GOWER ST,AFTON PL,0,NA,Y,A,-,N,NA,NA,NA,NA,NA,NA,NA,NA,NA,N,4,0,1,2,A,-,21,22106,NA,N,C,C,A,A,H,-,A,D,0,NA,NA,NA,NA,Y,NA,A,01,0,0,1,0,0,0,0,0,0,-,-,NA,NA,LOS ANGELES,LOS ANGELES,-118.32230007,34.09529007
8463249,2017,2017-11-22,1920,2017-09-15,1500,10216,NA,5,5,6,1920,0,0,0,NA,0,005,FLORENCE AV,BELLMAN AV,130,W,N,A,-,N,NA,NA,NA,NA,NA,NA,NA,NA,NA,Y,4,0,2,2,A,-,09,21801,A,N,D,C,A,A,H,-,A,D,0,NA,NA,NA,NA,Y,NA,A,07,0,0,2,0,0,0,0,0,0,-,-,NA,NA,LOS ANGELES,DOWNEY,-118.11879901,33.94831024
8463250,2017,2017-10-30,1942,2017-09-08,0800,40918,NA,5,5,7,1942,0,0,0,NA,0,6A45,SUNSET BL,IVAR AV,0,NA,Y,A,-,N,NA,NA,NA,NA,NA,NA,NA,NA,NA,Y,4,0,2,2,A,-,09,21801,A,N,D,C,A,A,H,-,A,A,0,NA,NA,NA,NA,Y,NA,A,01,0,0,2,0,0,0,0,0,0,-,-,NA,NA,LOS ANGELES,LOS ANGELES,-118.3288,34.09800009
8463253,2017,2017-11-22,1920,2017-09-06,2318,11241,1920,3,5,6,1920,0,0,0,NA,0,006,LAKEWOOD BL,COLUMBIA WY,0,NA,Y,A,-,N,NA,NA,NA,NA,NA,NA,NA,NA,NA,N,4,0,1,1,C,-,18,NA,NA,N,E,I,A,A,H,-,C,A,0,NA,NA,NA,NA,Y,NA,-,-,0,0,1,0,0,0,0,0,0,-,-,NA,NA,LOS ANGELES,DOWNEY,-118.13415013,33.92183004
8463257,2017,2017-11-22,1920,2017-09-07,1114,10216,NA,4,5,6,1920,0,0,0,NA,0,006,IMPERIAL HWY,DOWNEY AV,0,NA,Y,A,-,N,NA,NA,NA,NA,NA,NA,NA,NA,NA,Y,4,0,1,3,A,-,09,21801,B,N,D,C,A,A,H,-,A,A,0,NA,NA,NA,NA,Y,NA,A,07,0,0,1,0,0,0,0,0,0,-,-,NA,NA,LOS ANGELES,DOWNEY,-118.14688009,33.92131006
8463262,2017,2017-10-30,1953,2017-09-16,1130,2379,1953,6,5,6,1953,0,0,0,NA,0,003,WASHINGTON BL,ALLEN AV,0,NA,Y,A,-,N,NA,NA,NA,NA,NA,NA,NA,NA,NA,Y,3,0,2,2,A,-,00,21453,NA,N,D,C,A,A,H,-,A,A,0,NA,NA,NA,NA,Y,NA,A,01,0,1,1,0,0,0,0,0,0,-,-,NA,NA,LOS ANGELES,PASADENA,-118.11302003,34.16914011
8463265,2017,2017-11-22,1965,2017-09-29,0636,3833,OB3C,5,5,5,1965,0,0,0,NA,0,B003,11TH ST,BROADWAY,0,NA,Y,A,-,N,NA,NA,NA,NA,NA,NA,NA,NA,NA,Y,3,0,2,2,A,-,12,21453,A,N,D,C,A,A,H,-,A,A,0,NA,NA,NA,NA,Y,NA,A,07,0,2,0,0,0,0,0,0,0,-,-,37.01169,-121.01002,LOS ANGELES,SANTA MONICA,-118.48701004,34.02046011
8463266,2017,2017-10-30,1953,2017-09-18,1158,0440,1953,1,5,6,1953,0,0,0,NA,0,002,LAKE AV,VILLA ST,15,S,N,A,-,N,NA,NA,NA,NA,NA,NA,NA,NA,NA,N,4,0,1,2,A,-,03,22350,NA,N,C,C,A,A,H,-,A,A,0,NA,NA,NA,NA,Y,NA,A,01,0,0,1,0,0,0,0,0,0,-,-,NA,NA,LOS ANGELES,PASADENA,-118.13243762,34.15422936
8463269,2017,2017-11-22,1965,2017-09-29,2230,3927,OB1K,5,5,5,1965,0,0,0,NA,0,B001,BROADWAY,2ND ST,158,N,N,A,-,N,NA,NA,NA,NA,NA,NA,NA,NA,NA,N,4,0,1,2,A,-,08,22102,NA,N,H,G,A,A,H,-,C,A,0,NA,Y,NA,NA,Y,NA,A,01,0,0,1,0,0,0,1,0,0,-,-,37.00482,-121.01899,LOS ANGELES,SANTA MONICA,-118.49510683,34.01388045
8463270,2017,2017-10-30,1953,2017-09-18,1501,4817,1953,1,5,6,1953,0,0,0,NA,0,002,EL MOLINO AV,VILLA ST,3,S,N,A,-,N,NA,NA,NA,NA,NA,NA,NA,NA,NA,N,4,0,1,2,A,-,10,21950,A,N,G,B,B,A,H,-,A,A,0,Y,NA,NA,NA,Y,NA,A,01,0,0,1,0,1,0,0,0,0,-,-,NA,NA,LOS ANGELES,PASADENA,-118.13696983,34.15423177
8463274,2017,2017-11-14,1953,2017-09-19,1205,7724,LA CO,2,5,6,1953,0,0,0,NA,0,002,FAIR OAKS AV,WASHINGTON BL,0,NA,Y,A,-,N,NA,NA,NA,NA,NA,NA,NA,NA,NA,Y,4,0,2,2,A,-,09,21801,A,N,D,C,A,A,H,-,A,A,0,NA,NA,NA,NA,Y,NA,A,01,0,0,2,0,0,0,0,0,0,-,-,NA,NA,LOS ANGELES,PASADENA,-118.15069003,34.16883005
8463287,2017,2017-11-13,1942,2017-08-19,0815,30211,0763,6,5,7,1942,0,0,0,G,0,7L60,FAIRFAX AV,AIRDROME ST,0,NA,Y,A,-,N,NA,NA,NA,NA,NA,NA,NA,NA,NA,Y,3,0,3,2,A,-,05,21460,A,N,B,C,A,A,H,-,A,D,0,NA,NA,NA,NA,Y,NA,A,08,0,1,2,0,0,0,0,0,0,-,-,NA,NA,LOS ANGELES,LOS ANGELES,-118.36810002,34.04561007
8463291,2017,2017-11-13,1942,2017-08-30,1742,42683,LOSAN,3,5,7,1942,0,0,0,NA,0,7X58,PICKFORD ST,CURSON AV,0,NA,Y,A,-,N,NA,NA,NA,NA,NA,NA,NA,NA,NA,N,4,0,1,2,A,-,12,22450,NA,N,B,C,A,A,H,-,A,A,0,NA,NA,NA,NA,Y,NA,A,01,0,0,1,0,0,0,0,0,0,-,-,NA,NA,LOS ANGELES,LOS ANGELES,-118.36104014,34.04622004
8463302,2017,2017-11-14,1942,2017-08-31,1045,42499,0363,4,5,7,1942,0,0,0,C,0,3A55,CRENSHAW BL,MLK KING BL,50,N,N,A,-,N,NA,NA,NA,NA,NA,NA,NA,NA,NA,N,4,0,1,2,A,-,09,21804,A,N,D,C,A,A,H,-,A,B,0,NA,NA,Y,NA,Y,Y,A,01,0,0,1,0,0,0,0,0,0,-,-,NA,NA,LOS ANGELES,LOS ANGELES,-118.335124,34.011066
8463303,2017,2017-11-06,1942,2017-08-17,2010,42552,774,4,5,7,1942,0,0,0,NA,0,7A85W3,LA BREA AV,WASHINGTON BL,0,NA,Y,A,-,N,NA,NA,NA,NA,NA,NA,NA,NA,NA,N,4,0,2,2,A,-,12,21453,A,N,A,C,A,A,H,-,C,A,0,NA,NA,NA,NA,Y,NA,A,01,0,0,2,0,0,0,0,0,0,-,-,NA,NA,LOS ANGELES,LOS ANGELES,-118.34752009,34.0404001
8463306,2017,2017-11-14,1942,2017-08-31,1805,41613,0311,4,5,7,1942,0,0,0,C,0,0311,JEFFERSON BL,CLYDE AV,0,NA,Y,A,-,N,NA,NA,NA,NA,NA,NA,NA,NA,NA,Y,3,0,2,2,A,-,09,21801,A,N,D,C,A,A,H,-,A,D,0,NA,NA,Y,NA,Y,NA,A,01,0,1,1,0,0,0,0,0,2,-,-,NA,NA,LOS ANGELES,LOS ANGELES,-118.36860011,34.02631003
8463307,2017,2017-11-06,1942,2017-08-25,1915,41762,0701,5,5,7,1942,0,0,0,G,0,7A53,N LA CIENEGA,WILLOUGHBY,100,S,N,A,-,N,NA,NA,NA,NA,NA,NA,NA,NA,NA,N,3,0,1,2,A,-,11,21954,A,N,G,B,E,A,H,-,C,A,0,Y,NA,NA,NA,Y,NA,N,60,0,1,0,0,1,0,0,0,0,-,-,NA,NA,LOS ANGELES,LOS ANGELES,-118.37645614,34.08673577
8463310,2017,2017-10-30,1942,2017-08-29,1750,41167,0563,2,5,7,1942,0,0,0,E,0,5XL3,GAFFEY ST,17TH ST,0,NA,Y,A,-,N,NA,NA,NA,NA,NA,NA,NA,NA,NA,N,4,0,1,2,A,-,12,21453,A,F,G,B,B,A,H,-,A,A,0,Y,NA,NA,NA,Y,NA,-,99,0,0,1,0,1,0,0,0,0,-,-,NA,NA,LOS ANGELES,LOS ANGELES,-118.29239004,33.72880002
8463311,2017,2017-11-06,1942,2017-08-13,1830,42884,0886,7,5,7,1942,0,0,0,H,0,NA,BEVERWIL DR,PICO,0,NA,Y,A,-,N,NA,NA,NA,NA,NA,NA,NA,NA,NA,N,4,0,1,1,A,-,08,22107,NA,N,E,I,A,A,H,-,A,D,0,NA,NA,NA,NA,Y,NA,A,07,0,0,1,0,0,0,0,0,0,-,-,NA,NA,LOS ANGELES,LOS ANGELES,-118.39908005,34.05497011
8463314,2017,2017-10-30,1942,2017-08-30,1715,38720,0555,3,5,7,1942,0,0,0,E,0,5A58,OLIVER ST,BANDINI ST,0,NA,Y,A,-,N,NA,NA,NA,NA,NA,NA,NA,NA,NA,N,4,0,1,2,A,-,21,22106,NA,F,C,C,A,A,H,-,A,D,0,NA,NA,NA,NA,Y,NA,A,01,0,0,1,0,0,0,0,0,0,-,-,NA,NA,LOS ANGELES,LOS ANGELES,-118.29893,33.74684009
8463315,2017,2017-11-06,1900,2017-08-01,2230,515583,1453,2,5,2,1999,0,0,0,NA,0,141T1,HARBOR BL,FULLERTON RD,0,NA,Y,A,-,N,NA,NA,NA,NA,NA,NA,NA,NA,NA,N,4,0,1,2,A,-,09,21802,A,N,D,C,A,A,H,-,C,D,0,NA,NA,NA,NA,Y,NA,A,01,0,0,1,0,0,0,0,0,0,-,-,NA,NA,LOS ANGELES,LA HABRA HEIGHTS,-117.92487002,33.95385007
8463319,2017,2017-11-06,1942,2017-08-26,0430,42823,2027,6,5,7,1942,0,0,0,NA,0,20A45,5TH ST,ALEXANDER AV,0,NA,Y,A,-,N,NA,NA,NA,NA,NA,NA,NA,NA,NA,N,3,0,1,2,A,-,03,22350,NA,N,A,E,A,A,H,-,C,D,0,NA,NA,NA,NA,Y,NA,A,01,0,1,0,0,0,0,0,0,0,-,-,NA,NA,LOS ANGELES,LOS ANGELES,-118.43520003,34.29037009
8463330,2017,2017-10-30,1900,2017-08-13,0012,454552,1260,7,5,3,1991,0,0,0,NA,0,121T1,OCEAN VIEW BL,FAIRHURST DR,176,N,N,A,-,N,NA,NA,NA,NA,NA,NA,NA,NA,NA,Y,4,0,1,2,A,-,03,22350,NA,N,A,I,A,A,H,-,D,D,0,NA,NA,NA,NA,Y,Y,A,01,0,0,1,0,0,0,0,0,0,-,-,34.23364,-118.22671,LOS ANGELES,LA CANADA-FLINTRIDGE,-118.22668638,34.23368452