CASE_ID,ACCIDENT_YEAR,PROC_DATE,JURIS,COLLISION_DATE,COLLISION_TIME,OFFICER_ID,REPORTING_DISTRICT,DAY_OF_WEEK,CHP_SHIFT,POPULATION,CNTY_CITY_LOC,SPECIAL_COND,BEAT_TYPE,CHP_BEAT_TYPE,CITY_DIVISION_LAPD,CHP_BEAT_CLASS,BEAT_NUMBER,PRIMARY_RD,SECONDARY_RD,DISTANCE,DIRECTION,INTERSECTION,WEATHER_1,WEATHER_2,STATE_HWY_IND,CALTRANS_COUNTY,CALTRANS_DISTRICT,STATE_ROUTE,ROUTE_SUFFIX,POSTMILE_PREFIX,POSTMILE,LOCATION_TYPE,RAMP_INTERSECTION,SIDE_OF_HWY,TOW_AWAY,COLLISION_SEVERITY,NUMBER_KILLED,NUMBER_INJURED,PARTY_COUNT,PRIMARY_COLL_FACTOR,PCF_CODE_OF_VIOL,PCF_VIOL_CATEGORY,PCF_VIOLATION,PCF_VIOL_SUBSECTION,HIT_AND_RUN,TYPE_OF_COLLISION,MVIW,PED_ACTION,ROAD_SURFACE,ROAD_COND_1,ROAD_COND_2,LIGHTING,CONTROL_DEVICE,CHP_ROAD_TYPE,PEDESTRIAN_ACCIDENT,BICYCLE_ACCIDENT,MOTORCYCLE_ACCIDENT,TRUCK_ACCIDENT,NOT_PRIVATE_PROPERTY,ALCOHOL_INVOLVED,STWD_VEHTYPE_AT_FAULT,CHP_VEHTYPE_AT_FAULT,COUNT_SEVERE_INJ,COUNT_VISIBLE_INJ,COUNT_COMPLAINT_PAIN,COUNT_PED_KILLED,COUNT_PED_INJURED,COUNT_BICYCLIST_KILLED,COUNT_BICYCLIST_INJURED,COUNT_MC_KILLED,COUNT_MC_INJURED,PRIMARY_RAMP,SECONDARY_RAMP,LATITUDE,LONGITUDE,COUNTY,CITY,POINT_X,POINT_Y
8465950,2018,2019-07-25,1906,2018-12-16,1657,2884,1906,7,5,5,1906,0,0,0,NA,0,003,DALEWOOD AV,POLE #2218983E,125,E,N,A,-,N,NA,NA,NA,NA,NA,NA,NA,NA,NA,Y,1,1,1,1,A,-,22,23123,A,N,E,I,A,A,H,-,B,D,0,NA,NA,Y,NA,Y,Y,C,02,0,0,1,0,0,0,0,1,1,-,-,NA,NA,LOS ANGELES,BALDWIN PARK,NA,NA
8465954,2019,2021-05-25,1910,2019-03-10,1408,03620,NA,7,5,4,1910,0,0,0,NA,0,006,NORTH SANTA MONICA BL,N HILLCREST RD,0,NA,Y,A,-,N,NA,NA,NA,NA,NA,NA,NA,NA,NA,Y,1,1,0,2,A,-,01,23153,A,N,D,C,A,A,H,-,A,A,0,NA,NA,Y,NA,Y,NA,A,07,0,0,0,0,0,0,0,1,0,-,-,NA,NA,LOS ANGELES,BEVERLY HILLS,-118.39452362060548,34.07793045043945
8465956,2019,2019-07-25,1976,2019-06-19,0836,241,NA,3,5,3,1964,0,0,0,NA,0,002,ORR AND DAY RD,CLARKMAN ST,722,N,N,A,-,N,NA,NA,NA,NA,NA,NA,NA,NA,NA,N,1,1,0,2,A,-,11,21956,NA,N,G,B,E,A,H,-,A,D,0,Y,NA,NA,Y,Y,NA,N,60,0,0,0,1,0,0,0,0,0,-,-,NA,NA,LOS ANGELES,SANTA FE SPRINGS,-118.0907974243164,33.941280364990234
8465957,2019,2019-07-25,1953,2019-06-13,0641,8091,PASAD,4,5,6,1953,0,0,0,NA,0,002,VILLA ST,EL MOLINO AV,0,NA,Y,B,-,N,NA,NA,NA,NA,NA,NA,NA,NA,NA,Y,1,1,4,2,A,-,12,21453,A,N,D,C,A,A,H,-,A,A,0,NA,NA,NA,NA,Y,NA,A,07,0,1,3,0,0,0,0,0,0,-,-,NA,NA,LOS ANGELES,PASADENA,-118.13697052001952,34.154239654541016
8465962,2019,2019-07-31,1942,2019-06-10,2130,37618,1263,1,5,7,1942,0,0,0,L,0,12A73,W MANCHESTER AV,CIMARRON ST,0,NA,Y,A,-,N,NA,NA,NA,NA,NA,NA,NA,NA,NA,N,1,1,0,2,A,-,10,21950,A,F,G,B,B,A,H,-,C,D,0,Y,NA,NA,NA,Y,NA,-,99,0,0,0,1,0,0,0,0,0,-,-,NA,NA,LOS ANGELES,LOS ANGELES,-118.3161392211914,33.9599609375
8465964,2019,2021-05-20,1942,2019-06-23,1815,42471,1232,7,5,7,1942,0,0,0,L,0,12A31,W 59TH ST,CRENSHAW BL,227,E,N,A,-,N,NA,NA,NA,NA,NA,NA,NA,NA,NA,Y,1,1,0,2,A,-,03,22350,NA,N,C,E,A,A,H,-,A,D,0,NA,NA,Y,NA,Y,NA,C,02,0,0,0,0,0,0,0,1,0,-,-,NA,NA,LOS ANGELES,LOS ANGELES,-118.33016967773438,33.9871826171875
8465965,2019,2019-08-06,1900,2019-01-14,1210,531410,NA,1,5,4,1945,0,0,0,NA,0,028,LOMA VISTA AV,FRUITLAND AV,0,NA,N,B,-,N,NA,NA,NA,NA,NA,NA,NA,NA,NA,Y,1,1,1,2,A,-,12,22450,NA,N,B,C,A,B,H,-,A,D,0,NA,NA,NA,NA,Y,NA,-,NA,0,0,1,0,0,0,0,0,0,-,-,NA,NA,LOS ANGELES,MAYWOOD,-118.19756317138672,33.99605941772461
8465972,2019,2021-05-25,1955,2019-03-28,0609,41871,91,4,5,6,1955,0,0,0,NA,0,004,MISSION BL,RESERVOIR ST,138,E,N,A,-,N,NA,NA,NA,NA,NA,NA,NA,NA,NA,N,1,1,0,2,D,-,00,NA,NA,F,G,B,E,A,H,-,C,A,0,Y,NA,NA,Y,Y,NA,-,-,0,0,0,1,0,0,0,0,0,-,-,NA,NA,LOS ANGELES,POMONA,-117.7321548461914,34.0555534362793
8465973,2018,2019-08-02,1975,2018-12-13,0703,427,NA,4,5,6,1975,0,0,0,NA,0,TRAFFI,SUNSET AV,FAIRGROVE AV,0,NA,Y,A,-,N,NA,NA,NA,NA,NA,NA,NA,NA,NA,Y,1,1,1,3,A,-,10,21950,A,N,G,B,B,A,H,-,B,A,0,Y,NA,NA,NA,Y,NA,-,NA,0,1,0,1,1,0,0,0,0,-,-,34.04917907714844,-117.95912933349608,LOS ANGELES,WEST COVINA,-117.95909118652344,34.04916000366211
8465974,2018,2019-08-02,1975,2018-10-31,1845,427,NA,3,5,6,1975,0,0,0,NA,0,TRAFFI,NOGALES ST,AMAR RD,0,NA,Y,A,-,N,NA,NA,NA,NA,NA,NA,NA,NA,NA,Y,1,2,0,2,A,-,08,22107,NA,N,G,B,F,A,H,-,C,A,0,Y,NA,NA,NA,Y,Y,-,NA,0,0,0,1,0,0,0,0,0,-,-,34.02758026123047,-117.89569854736328,LOS ANGELES,WEST COVINA,-117.8957290649414,34.0275993347168
8465975,2019,2019-08-02,1942,2019-05-24,1220,37540,1341,5,5,7,1942,0,0,0,M,0,13A41,W 37TH PL,S BROADWAY,0,NA,Y,A,-,N,NA,NA,NA,NA,NA,NA,NA,NA,NA,Y,1,1,1,2,A,-,09,21802,A,N,D,C,A,A,H,-,A,A,0,NA,NA,NA,NA,Y,NA,A,01,0,1,0,0,0,0,0,0,0,-,-,NA,NA,LOS ANGELES,LOS ANGELES,-118.27645874023438,34.01493835449219
8465976,2019,2021-05-20,1942,2019-05-09,2035,33452,1309,4,5,7,1942,0,0,0,M,0,24T33,S ALAMEDA ST,E 25TH ST,30,N,N,B,-,N,NA,NA,NA,NA,NA,NA,NA,NA,NA,Y,1,1,1,2,A,-,12,21453,A,N,D,G,A,-,H,-,C,A,0,NA,Y,NA,NA,Y,Y,-,-,0,1,0,0,0,1,0,0,0,-,-,NA,NA,LOS ANGELES,LOS ANGELES,-118.23964691162108,34.01482391357422
8465977,2019,2021-05-20,1941,2019-03-28,2005,10365,NA,4,5,7,1941,0,0,0,NA,0,NA,BELLFLOWER BL,HARVEY WY,0,NA,Y,A,-,N,NA,NA,NA,NA,NA,NA,NA,NA,NA,Y,1,1,0,2,A,-,01,23152,A,N,A,B,B,A,H,-,C,A,0,Y,NA,NA,NA,Y,Y,A,NA,0,0,0,1,0,0,0,0,0,-,-,NA,NA,LOS ANGELES,LONG BEACH,-118.12513732910156,33.83607864379883
8465978,2019,2019-08-02,1975,2019-04-28,0130,436,CITRU,7,5,6,1975,0,0,0,NA,0,005,AMAR RD,MAGDALENA DR,196,W,N,A,-,N,NA,NA,NA,NA,NA,NA,NA,NA,NA,Y,1,1,0,1,A,-,01,23152,B,N,E,I,A,A,H,-,C,A,0,NA,NA,NA,NA,Y,Y,A,01,0,0,0,0,0,0,0,0,0,-,-,NA,NA,LOS ANGELES,WEST COVINA,-117.89023590087892,34.02921676635742
8465982,2019,2019-08-06,1941,2019-01-11,2036,6023,NA,5,5,7,1941,0,0,0,NA,0,NA,OBISPO AV,BROADWAY,85,S,N,B,-,N,NA,NA,NA,NA,NA,NA,NA,NA,NA,Y,1,1,1,3,A,-,05,21650,NA,N,A,C,A,A,H,-,C,D,0,NA,NA,NA,NA,Y,NA,A,NA,0,0,1,0,0,0,0,0,0,-,-,NA,NA,LOS ANGELES,LONG BEACH,-118.15460205078124,33.764347076416016
8465983,2019,2021-05-25,1941,2019-05-07,1138,11222,NA,2,5,7,1941,0,0,0,NA,0,NA,3RD ST,TEMPLE AV,0,NA,Y,B,-,N,NA,NA,NA,NA,NA,NA,NA,NA,NA,Y,1,1,1,6,A,-,12,22450,A,N,D,C,A,A,H,-,A,A,0,NA,NA,NA,NA,Y,NA,M,NA,0,0,1,0,0,0,0,0,0,-,-,NA,NA,LOS ANGELES,LONG BEACH,-118.15894317626952,33.76805877685547
8465986,2019,2019-08-06,1900,2019-07-18,1456,541469,0523,4,5,4,1971,0,0,0,NA,0,52T1PM,BALDWIN AV,LIVE OAK AV,0,NA,Y,A,-,N,NA,NA,NA,NA,NA,NA,NA,NA,NA,Y,1,1,8,3,A,-,12,21453,A,N,D,C,A,A,H,-,A,A,0,NA,NA,NA,NA,Y,NA,A,08,0,8,0,0,0,0,0,0,0,-,-,34.10432052612305,-118.05162811279295,LOS ANGELES,TEMPLE CITY,-118.05162048339844,34.10429000854492
8465987,2019,2019-08-06,1942,2019-06-29,1000,40099,0158,6,5,7,1942,0,0,0,A,0,1A29,S CENTRAL AV,INDUSTRIAL ST,0,NA,N,A,-,N,NA,NA,NA,NA,NA,NA,NA,NA,NA,N,1,1,0,2,A,-,08,22102,NA,N,G,B,E,A,H,-,A,D,0,Y,NA,NA,NA,Y,NA,A,07,0,0,0,1,0,0,0,0,0,-,-,NA,NA,LOS ANGELES,LOS ANGELES,-118.24059295654295,34.03738021850586
8465989,2019,2019-08-08,1941,2019-03-06,1826,6172,NA,3,5,7,1941,0,0,0,NA,0,NA,ANAHEIM ST,CEDAR AV,186,W,N,C,-,N,NA,NA,NA,NA,NA,NA,NA,NA,NA,N,1,1,0,2,A,-,11,21954,A,F,H,B,D,-,H,-,C,A,0,Y,NA,NA,NA,Y,Y,N,NA,0,0,0,1,0,0,0,0,0,-,-,NA,NA,LOS ANGELES,LONG BEACH,-118.19567108154295,33.78260040283203
8465990,2019,2021-05-25,1941,2019-03-03,0120,11023,NA,7,5,7,1941,0,0,0,NA,0,NA,2ND ST,MARINA DR,0,NA,Y,B,-,N,NA,NA,NA,NA,NA,NA,NA,NA,NA,Y,1,1,0,1,A,-,03,22350,NA,N,A,I,A,B,D,-,C,A,0,NA,NA,NA,NA,Y,Y,A,NA,0,0,0,0,0,0,0,0,0,-,-,NA,NA,LOS ANGELES,LONG BEACH,-118.11324310302734,33.75762939453125
8465991,2019,2019-08-08,1941,2019-06-07,2223,5660,NA,5,5,7,1941,0,0,0,NA,0,NA,DEL AMO BL,ORANGE AV,0,NA,Y,A,-,N,NA,NA,NA,NA,NA,NA,NA,NA,NA,Y,1,1,5,2,A,-,01,23152,A,N,D,C,A,A,H,-,C,A,0,NA,NA,NA,NA,Y,Y,D,NA,4,0,1,0,0,0,0,0,0,-,-,NA,NA,LOS ANGELES,LONG BEACH,-118.17685699462892,33.84703826904297
8465993,2019,2019-09-04,1942,2019-06-29,1110,41747,1243,6,5,7,1942,0,0,0,L,0,25TL27,FLORENCE AV,GRAMERCY PL,108,W,N,A,-,N,NA,NA,NA,NA,NA,NA,NA,NA,NA,Y,1,1,3,2,A,-,05,21460,A,N,A,C,A,A,H,-,A,A,0,NA,NA,NA,NA,Y,NA,A,07,0,1,2,0,0,0,0,0,0,-,-,NA,NA,LOS ANGELES,LOS ANGELES,-118.31373596191406,33.974578857421875
8465995,2019,2021-05-20,1928,2019-02-18,2255,410,531,1,5,5,1928,0,0,0,NA,0,501,IMPERIAL HWY,INGLEWOOD AV,0,NA,Y,A,-,N,NA,NA,NA,NA,NA,NA,NA,NA,NA,Y,1,1,1,2,A,-,12,21453,A,N,D,C,A,A,H,-,C,A,0,NA,NA,NA,NA,Y,Y,-,-,0,0,1,0,0,0,0,0,0,-,-,33.930931091308594,-118.36132049560548,LOS ANGELES,HAWTHORNE,-118.3613510131836,33.930931091308594
8465998,2019,2019-08-08,1900,2019-07-16,1355,611431,1625,2,5,5,1977,0,0,0,NA,0,164T1,WATSON CENTER RD,LUCERNE ST,0,NA,Y,A,-,N,NA,NA,NA,NA,NA,NA,NA,NA,NA,Y,1,1,0,2,A,-,03,22350,NA,N,D,C,A,A,H,-,A,A,0,NA,NA,Y,NA,Y,NA,C,02,0,0,0,0,0,0,0,1,0,-,-,33.82025146484375,-118.25061798095705,LOS ANGELES,CARSON,-118.25061798095705,33.82027816772461
8466002,2019,2021-05-20,1900,2019-08-03,1240,610418,1192,6,5,6,1992,0,0,0,NA,0,111T1,AVENUE L,40TH ST WEST,0,NA,Y,A,-,N,NA,NA,NA,NA,NA,NA,NA,NA,NA,Y,1,1,4,2,A,-,01,23152,A,N,A,C,A,A,H,-,A,A,0,NA,NA,NA,NA,Y,Y,D,22,0,3,1,0,0,0,0,0,0,-,-,NA,NA,LOS ANGELES,LANCASTER,-118.20136260986328,34.66017150878906
8466003,2019,2019-08-13,1942,2019-05-05,0110,30083,1129,7,5,7,1942,0,0,0,K,0,11A25,SAN PASCUAL AV,POLLARD ST,0,NA,Y,A,-,N,NA,NA,NA,NA,NA,NA,NA,NA,NA,Y,1,2,0,5,A,-,03,22350,NA,F,D,C,A,A,H,-,C,D,0,NA,NA,NA,NA,Y,NA,D,22,0,0,0,0,0,0,0,0,0,-,-,NA,NA,LOS ANGELES,LOS ANGELES,-118.17314910888672,34.117679595947266
8466008,2019,2020-08-20,1900,2019-07-23,0702,533363,2607,2,5,6,1950,0,0,0,NA,0,260T1,RT 138,70TH ST EAST,2482,W,N,B,-,Y,LA,7,138,-,-,52.64,H,-,W,Y,1,3,1,2,A,-,01,23153,F,N,A,C,A,A,H,-,B,D,0,NA,NA,NA,Y,Y,NA,D,22,0,1,0,0,0,0,0,0,0,-,-,34.53112030029297,-118.0142822265625,LOS ANGELES,PALMDALE,-118.01430511474608,34.53120040893555
8466009,2019,2019-08-14,1963,2019-07-04,1036,00356,237,4,5,3,1963,0,0,0,NA,0,002,HUNTINGTON DR,KENILWORTH AV,0,E,N,A,-,N,NA,NA,NA,NA,NA,NA,NA,NA,NA,Y,1,1,1,3,A,-,08,22107,NA,N,G,C,F,A,H,-,A,D,0,Y,NA,NA,NA,Y,NA,A,01,0,0,1,1,0,0,0,0,0,-,-,NA,NA,LOS ANGELES,SAN MARINO,-118.10337829589844,34.12303161621094
8466012,2019,2019-08-19,1942,2019-08-03,0205,37511,0824,6,5,7,1942,0,0,0,H,0,8A1,RT 1,ENTRADA AV,568,S,N,A,-,Y,LA,7,1,-,-,36.89,H,-,N,Y,1,1,0,2,A,-,11,21954,A,N,G,B,E,A,H,-,D,D,0,Y,NA,NA,NA,Y,NA,N,60,0,0,0,1,0,0,0,0,0,-,-,NA,NA,LOS ANGELES,LOS ANGELES,-118.5172119140625,34.02700424194336
8466014,2019,2021-05-20,1942,2019-07-12,2230,38090,881,5,5,7,1942,0,0,0,NA,0,6T7,CENTINELA AV,VIRGINIA AV,5,N,N,A,-,N,NA,NA,NA,NA,NA,NA,NA,NA,NA,Y,1,1,0,2,A,-,09,21801,A,N,F,A,A,A,A,-,C,D,0,NA,NA,Y,NA,Y,NA,A,07,0,0,0,0,0,0,0,1,0,-,-,NA,NA,LOS ANGELES,LOS ANGELES,-118.45521545410156,34.02902603149414
8466015,2019,2019-08-14,1942,2019-08-01,2230,37900,0702,4,5,7,1942,0,0,0,G,0,7A1,MELROSE AV,N MARTEL AV,0,NA,Y,A,-,N,NA,NA,NA,NA,NA,NA,NA,NA,NA,Y,1,1,2,3,A,-,01,23152,A,N,D,C,F,A,H,-,C,A,0,Y,NA,NA,NA,Y,Y,A,01,0,1,1,1,0,0,0,0,0,-,-,NA,NA,LOS ANGELES,LOS ANGELES,-118.35114288330078,34.08359909057617
8466016,2019,2021-05-20,1942,2019-08-04,0001,40876,1799,7,5,7,1942,0,0,0,Q,0,NA,ROSCOE BL,HASKELL AV,60,W,N,A,-,N,NA,NA,NA,NA,NA,NA,NA,NA,NA,N,1,1,0,2,A,-,11,21954,A,F,G,B,D,A,H,-,C,D,0,Y,NA,NA,NA,Y,NA,N,60,0,0,0,1,0,0,0,0,0,-,-,NA,NA,LOS ANGELES,LOS ANGELES,-118.47666168212892,34.221351623535156
8466017,2018,2020-05-26,1905,2018-08-30,0950,1174,444,4,5,4,1905,0,0,0,NA,0,001,E ARROW HWY,CITRUS AV,560,W,N,A,-,N,NA,NA,NA,NA,NA,NA,NA,NA,NA,N,1,1,0,2,A,-,11,21954,A,N,G,B,D,A,H,-,A,D,0,Y,NA,NA,NA,Y,Y,N,60,0,0,0,1,0,0,0,0,0,-,-,34.10675811767578,-117.90299224853516,LOS ANGELES,AZUSA,-117.8921127319336,34.10680389404297
8466018,2018,2020-05-26,1928,2018-07-16,2149,405,506,1,5,5,1928,0,0,0,NA,0,501,120TH ST,GALE AV,15,E,N,A,-,N,NA,NA,NA,NA,NA,NA,NA,NA,NA,Y,1,1,0,2,A,-,11,21954,A,N,G,B,D,A,H,-,C,D,0,Y,NA,NA,NA,Y,Y,N,60,0,0,0,1,0,0,0,0,0,-,-,33.923641204833984,-118.36035919189452,LOS ANGELES,HAWTHORNE,-118.36013793945313,33.923648834228516
8466020,2018,2020-05-26,1972,2018-08-11,0213,15555,NA,6,5,6,1972,0,0,0,NA,0,NA,RT 1,MADISON ST,75,W,N,A,-,Y,LA,7,1,-,-,15.81,H,-,N,Y,1,1,0,1,A,-,03,22350,NA,N,E,I,A,A,H,-,C,A,0,NA,NA,NA,NA,Y,Y,A,NA,0,0,0,0,0,0,0,0,0,-,-,NA,NA,LOS ANGELES,TORRANCE,-118.34810638427734,33.80379104614258
8466021,2019,2021-05-20,1941,2019-01-07,1208,5660,NA,1,5,7,1941,0,0,0,NA,0,NA,N LAKEWOOD BL,E WILLOW ST,183,N,N,A,-,N,NA,NA,NA,NA,NA,NA,NA,NA,NA,Y,1,1,0,2,A,-,03,22350,NA,N,H,C,A,A,H,-,A,D,0,NA,NA,Y,NA,Y,Y,C,NA,0,0,0,0,0,0,0,1,0,-,-,NA,NA,LOS ANGELES,LONG BEACH,-118.14278411865234,33.80391311645508
8466022,2019,2019-08-26,1956,2019-08-11,1824,1329,42,7,5,5,1956,0,0,0,NA,0,004,ARTESIA BL,RINDGE LN,0,NA,Y,A,-,N,NA,NA,NA,NA,NA,NA,NA,NA,NA,Y,1,1,0,2,A,-,01,23153,A,N,B,C,A,A,H,-,A,A,0,NA,NA,Y,NA,Y,Y,A,01,0,0,0,0,0,0,0,1,0,-,-,NA,NA,LOS ANGELES,REDONDO BEACH,-118.3727569580078,33.87289810180664
8466023,2019,2019-08-26,1972,2019-04-18,2041,16610,NA,4,5,6,1972,0,0,0,NA,0,NA,HAWTHORNE BL,SEPULVEDA BL,0,NA,Y,B,-,Y,LA,7,107,-,-,1.43,H,-,S,Y,1,1,1,4,A,-,01,23153,F,N,D,B,F,A,H,-,C,A,0,Y,NA,NA,NA,Y,Y,A,NA,0,1,0,1,0,0,0,0,0,-,-,NA,NA,LOS ANGELES,TORRANCE,-118.35163116455078,33.825862884521484
8466024,2019,2021-05-25,1972,2019-03-16,0611,20190,NA,6,5,6,1972,0,0,0,NA,0,NA,CRENSHAW BL,MARICOPA ST,0,NA,Y,A,-,N,NA,NA,NA,NA,NA,NA,NA,NA,NA,Y,1,1,0,2,A,-,11,21956,A,N,G,B,E,A,H,-,C,A,0,Y,NA,NA,NA,Y,Y,N,NA,0,0,0,1,0,0,0,0,0,-,-,NA,NA,LOS ANGELES,TORRANCE,-118.32874298095705,33.839351654052734
8466025,2019,2019-08-22,1972,2019-03-26,2055,19999,NA,2,5,6,1972,0,0,0,NA,0,NA,DEL AMO BL,MADRID AV,75,E,N,A,-,N,NA,NA,NA,NA,NA,NA,NA,NA,NA,Y,1,1,0,2,A,-,11,21954,A,N,A,B,D,A,H,-,C,A,0,Y,NA,NA,NA,Y,NA,N,NA,0,0,0,1,0,0,0,0,0,-,-,NA,NA,LOS ANGELES,TORRANCE,-118.324919,33.846773
8466028,2019,2019-08-22,1901,2019-06-10,0826,214,26,1,5,5,1901,0,0,0,NA,0,003,FREMONT AV,POPLAR BL,51,S,N,A,-,N,NA,NA,NA,NA,NA,NA,NA,NA,NA,Y,1,1,0,2,A,-,03,22350,A,N,D,C,A,A,H,-,A,D,0,NA,NA,Y,Y,Y,Y,C,02,0,0,0,0,0,0,0,1,0,-,-,NA,NA,LOS ANGELES,ALHAMBRA,-118.15203857421876,34.09122085571289
8466030,2019,2021-05-28,1942,2019-08-03,0800,39473,1974,6,5,7,1942,0,0,0,NA,0,19A85,NORDHOFF ST,TOBIAS AV,0,NA,N,A,-,N,NA,NA,NA,NA,NA,NA,NA,NA,NA,Y,1,1,1,2,A,-,11,21954,A,F,G,B,E,A,H,-,A,A,0,Y,NA,NA,NA,Y,Y,-,99,0,0,1,1,0,0,0,0,0,-,-,NA,NA,LOS ANGELES,LOS ANGELES,-118.45169830322266,34.23542022705078
8466031,2019,2019-08-22,1942,2019-07-03,0500,39280,1802,3,5,7,1942,0,0,0,R,0,18A1,S MAIN ST,E 87TH PL,17,S,N,A,-,N,NA,NA,NA,NA,NA,NA,NA,NA,NA,Y,1,1,2,2,A,-,01,23152,A,N,G,B,A,A,H,-,C,A,0,NA,NA,NA,NA,Y,Y,A,01,2,0,0,0,0,0,0,0,0,-,-,NA,NA,LOS ANGELES,LOS ANGELES,-118.2738800048828,33.958003997802734
8466032,2019,2019-08-22,1942,2019-08-09,0045,37575,1409,5,5,7,1942,0,0,0,N,0,14A27,VENICE BL,ROBERTSON BL,0,NA,Y,A,-,N,NA,NA,NA,NA,NA,NA,NA,NA,NA,N,1,1,0,2,A,-,11,21456,B,N,G,B,B,A,H,-,C,A,0,Y,NA,NA,NA,Y,NA,N,60,0,0,0,1,0,0,0,0,0,-,-,NA,NA,LOS ANGELES,LOS ANGELES,-118.39037322998048,34.028289794921875
8466033,2019,2019-08-22,1907,2019-05-20,0653,240,NA,1,5,4,1907,0,0,0,NA,0,NA,SLAUSON AV,SLAUSON AV 5200,0,NA,N,A,-,N,NA,NA,NA,NA,NA,NA,NA,NA,NA,Y,1,1,1,2,A,-,03,22350,NA,N,E,I,A,A,H,-,A,D,0,NA,NA,NA,NA,Y,NA,I,11,0,1,0,0,0,0,0,0,0,-,-,33.98646926879883,-118.17099761962892,LOS ANGELES,BELL,-118.171524,33.986389
8466034,2018,2020-05-22,1900,2018-07-21,1150,525735,0263,6,5,4,1917,0,0,0,NA,0,26T,ATLANTIC AV,SANTA ANA ST,0,NA,Y,A,-,N,NA,NA,NA,NA,NA,NA,NA,NA,NA,Y,1,1,0,2,A,-,17,21461,A,N,A,G,A,A,H,-,A,A,0,NA,Y,NA,NA,Y,NA,A,01,0,0,0,0,0,1,0,0,0,-,-,NA,NA,LOS ANGELES,CUDAHY,-118.18582153320313,33.96086120605469
8466035,2019,2019-09-04,1909,2019-02-06,1925,507,NA,3,5,4,1909,0,0,0,NA,0,NORTH,EASTERN AV,LUBEC ST,0,NA,Y,A,-,N,NA,NA,NA,NA,NA,NA,NA,NA,NA,Y,1,1,1,2,A,-,09,21801,A,N,D,C,A,A,H,-,C,A,0,NA,NA,Y,NA,Y,NA,A,01,0,0,1,0,0,0,0,1,0,-,-,NA,NA,LOS ANGELES,BELL GARDENS,-118.164306640625,33.971561431884766
8466037,2019,2019-09-04,1942,2019-08-12,2225,42664,1427,1,5,7,1942,0,0,0,N,0,14A27,SEPULVEDA BL,PALMS BL,367,S,N,A,-,N,NA,NA,NA,NA,NA,NA,NA,NA,NA,Y,1,1,0,2,A,-,11,21954,A,F,G,B,D,A,H,-,C,D,0,Y,NA,NA,NA,Y,NA,N,60,0,0,0,1,0,0,0,0,0,-,-,NA,NA,LOS ANGELES,LOS ANGELES,-118.42153930664064,34.01839828491211
8466064,2019,2019-12-04,1942,2019-08-29,0755,42499,0515,4,5,7,1942,0,0,0,E,0,5A55,WILNINGTON,R ST,0,NA,Y,A,-,N,NA,NA,NA,NA,NA,NA,NA,NA,NA,Y,3,0,4,2,A,-,12,21453,A,N,B,C,A,A,-,-,A,A,0,NA,NA,NA,NA,Y,NA,A,01,0,1,3,0,0,0,0,0,0,-,-,NA,NA,LOS ANGELES,LOS ANGELES,-118.27526092529295,33.796958923339844
8466067,2019,2019-12-13,1947,2019-08-26,1140,1412,NA,1,5,5,1947,0,0,0,NA,0,00A,E BEVERLY BL,N GARFIELD AV N,0,NA,Y,A,-,N,NA,NA,NA,NA,NA,NA,NA,NA,NA,Y,4,0,2,2,A,-,09,21801,A,N,D,C,A,A,H,-,A,A,0,NA,NA,NA,NA,Y,NA,A,01,0,0,2,0,0,0,0,0,0,-,-,34.02246856689453,-118.13400268554688,LOS ANGELES,MONTEBELLO,-118.134033203125,34.02239990234375
8466068,2019,2019-12-04,1942,2019-08-28,1610,42630,0835,3,5,7,1942,0,0,0,H,0,8A36,MISSISSIPPI ST,GLENDON AV,0,NA,-,A,-,N,NA,NA,NA,NA,NA,NA,NA,NA,NA,N,4,0,1,2,A,-,11,21954,A,N,G,B,E,A,H,-,A,D,0,Y,NA,NA,NA,Y,NA,N,60,0,0,1,0,1,0,0,0,0,-,-,NA,NA,LOS ANGELES,LOS ANGELES,-118.43202209472656,34.045799255371094
8466071,2019,2019-12-04,1925,2019-09-07,1503,20871,222,6,5,6,1925,0,0,0,NA,0,001,CENTRAL AV,BURCHETT ST,9,S,N,A,-,N,NA,NA,NA,NA,NA,NA,NA,NA,NA,N,3,0,1,2,A,-,10,21950,A,N,G,B,B,A,H,-,A,A,0,Y,NA,NA,NA,Y,NA,A,01,0,1,0,0,1,0,0,0,0,-,-,NA,NA,LOS ANGELES,GLENDALE,-118.25794219970705,34.15737533569336
8466148,2017,2017-10-16,1902,2017-09-29,0519,760,17,5,5,5,1902,0,0,0,NA,0,003,HUNTINGTON DR,BALDWIN AV,0,NA,Y,A,-,N,NA,NA,NA,NA,NA,NA,NA,NA,NA,Y,4,0,2,2,A,-,12,21453,A,N,D,C,A,A,H,-,C,A,0,NA,NA,NA,NA,Y,NA,D,22,0,0,2,0,0,0,0,0,0,-,-,NA,NA,LOS ANGELES,ARCADIA,-118.05460009,34.13157012