CASE_ID,ACCIDENT_YEAR,PROC_DATE,JURIS,COLLISION_DATE,COLLISION_TIME,OFFICER_ID,REPORTING_DISTRICT,DAY_OF_WEEK,CHP_SHIFT,POPULATION,CNTY_CITY_LOC,SPECIAL_COND,BEAT_TYPE,CHP_BEAT_TYPE,CITY_DIVISION_LAPD,CHP_BEAT_CLASS,BEAT_NUMBER,PRIMARY_RD,SECONDARY_RD,DISTANCE,DIRECTION,INTERSECTION,WEATHER_1,WEATHER_2,STATE_HWY_IND,CALTRANS_COUNTY,CALTRANS_DISTRICT,STATE_ROUTE,ROUTE_SUFFIX,POSTMILE_PREFIX,POSTMILE,LOCATION_TYPE,RAMP_INTERSECTION,SIDE_OF_HWY,TOW_AWAY,COLLISION_SEVERITY,NUMBER_KILLED,NUMBER_INJURED,PARTY_COUNT,PRIMARY_COLL_FACTOR,PCF_CODE_OF_VIOL,PCF_VIOL_CATEGORY,PCF_VIOLATION,PCF_VIOL_SUBSECTION,HIT_AND_RUN,TYPE_OF_COLLISION,MVIW,PED_ACTION,ROAD_SURFACE,ROAD_COND_1,ROAD_COND_2,LIGHTING,CONTROL_DEVICE,CHP_ROAD_TYPE,PEDESTRIAN_ACCIDENT,BICYCLE_ACCIDENT,MOTORCYCLE_ACCIDENT,TRUCK_ACCIDENT,NOT_PRIVATE_PROPERTY,ALCOHOL_INVOLVED,STWD_VEHTYPE_AT_FAULT,CHP_VEHTYPE_AT_FAULT,COUNT_SEVERE_INJ,COUNT_VISIBLE_INJ,COUNT_COMPLAINT_PAIN,COUNT_PED_KILLED,COUNT_PED_INJURED,COUNT_BICYCLIST_KILLED,COUNT_BICYCLIST_INJURED,COUNT_MC_KILLED,COUNT_MC_INJURED,PRIMARY_RAMP,SECONDARY_RAMP,LATITUDE,LONGITUDE,COUNTY,CITY,POINT_X,POINT_Y
8472271,2017,2017-10-25,1947,2017-09-29,1132,1404,NA,5,5,5,1947,0,0,0,NA,0,00B,N WILCOX AV,W VIA CAMPO AV,0,NA,Y,A,-,N,NA,NA,NA,NA,NA,NA,NA,NA,NA,Y,4,0,1,2,A,-,09,21801,A,N,D,C,A,A,H,-,A,A,0,NA,NA,NA,NA,Y,NA,A,01,0,0,1,0,0,0,0,0,0,-,-,34.0328,-118.12504,LOS ANGELES,MONTEBELLO,-118.12507013,34.03279006
8472275,2017,2017-10-25,1947,2017-09-13,0810,1404,NA,3,5,5,1947,0,0,0,NA,0,00B,W HARDING AV,N VAIL AV,0,NA,Y,A,-,N,NA,NA,NA,NA,NA,NA,NA,NA,NA,Y,3,0,1,2,A,-,09,21804,A,N,D,C,A,A,H,-,A,A,0,NA,NA,NA,NA,Y,NA,A,01,0,1,0,0,0,0,0,0,0,-,-,34.01777,-118.1176,LOS ANGELES,MONTEBELLO,-118.11763009,34.01777006
8472279,2017,2017-10-25,1947,2017-09-08,1344,1337,NA,5,5,5,1947,0,0,0,NA,0,00A,N HENDRICKS ST,BARR AV,30,N,N,A,-,N,NA,NA,NA,NA,NA,NA,NA,NA,NA,Y,4,0,1,2,A,-,03,22350,NA,N,C,E,A,-,H,-,A,A,0,NA,NA,NA,NA,Y,NA,A,01,0,0,1,0,0,0,0,0,0,-,-,NA,NA,LOS ANGELES,MONTEBELLO,-118.13900059,34.02770226
8472283,2017,2017-10-25,1947,2017-09-11,1628,1385,NA,1,5,5,1947,0,0,0,NA,0,00C,E BEVERLY BL,POPLAR AV,0,NA,Y,A,-,N,NA,NA,NA,NA,NA,NA,NA,NA,NA,N,4,0,1,2,A,-,10,21950,A,N,G,B,B,A,H,-,A,A,0,Y,NA,NA,NA,Y,NA,A,08,0,0,1,0,1,0,0,0,0,-,-,34.01543,-118.09753,LOS ANGELES,MONTEBELLO,-118.0975601,34.01541011
8472287,2017,2017-10-25,1947,2017-09-09,2116,1365,NA,6,5,5,1947,0,0,0,NA,0,00F,N MONTEBELLO BL,JEFFERSON BL,16,S,N,A,-,N,NA,NA,NA,NA,NA,NA,NA,NA,NA,Y,3,0,1,2,A,-,01,23152,A,N,C,C,A,A,H,-,C,A,0,NA,NA,NA,NA,Y,Y,A,07,0,1,0,0,0,0,0,0,0,-,-,NA,NA,LOS ANGELES,MONTEBELLO,-118.10177,34.02607613
8472295,2017,2017-10-25,1947,2017-09-01,1638,1319,NA,5,5,5,1947,0,0,0,NA,0,00F,N MONTEBELLO BL,PARAMOUNT BL,2640,S,N,A,-,N,NA,NA,NA,NA,NA,NA,NA,NA,NA,N,4,0,1,2,A,-,04,21703,NA,N,C,C,A,A,H,-,A,D,0,NA,NA,NA,NA,Y,NA,A,07,0,0,1,0,0,0,0,0,0,-,-,NA,NA,LOS ANGELES,MONTEBELLO,-118.09821661,34.03140336
8472299,2017,2017-10-25,1947,2017-09-02,1035,1337,NA,6,5,5,1947,0,0,0,NA,0,00B,E BEVERLY BL,VIA VAL VERDE,100,E,N,A,-,N,NA,NA,NA,NA,NA,NA,NA,NA,NA,NA,3,0,2,3,A,-,08,22107,NA,N,B,C,A,A,H,-,-,D,0,NA,NA,NA,NA,Y,NA,A,01,0,1,1,0,0,0,0,0,0,-,-,NA,NA,LOS ANGELES,MONTEBELLO,-118.12548968,34.02136661
8472355,2017,2017-10-25,1942,2017-09-05,1100,40717,329,2,5,7,1942,0,0,0,NA,0,3A99W2,FIGUEROA,32ND ST,15,S,N,A,-,N,NA,NA,NA,NA,NA,NA,NA,NA,NA,N,3,0,1,2,A,-,08,22102,NA,N,-,C,A,A,H,-,A,D,0,NA,NA,Y,NA,Y,NA,A,07,0,1,0,0,0,0,0,0,1,-,-,NA,NA,LOS ANGELES,LOS ANGELES,-118.278983,34.02347359
8472363,2017,2017-10-25,1942,2017-09-04,1019,26217,0361,1,5,7,1942,0,0,0,C,0,3A41,RODEO RD,S LA BREA AV,0,NA,Y,A,-,N,NA,NA,NA,NA,NA,NA,NA,NA,NA,Y,4,0,3,2,A,-,12,21453,A,N,D,C,A,A,H,-,A,A,0,NA,NA,NA,NA,Y,NA,A,07,0,0,3,0,0,0,0,0,0,-,-,NA,NA,LOS ANGELES,LOS ANGELES,-118.35561006,34.02153003
8472367,2017,2017-10-25,1942,2017-09-05,0820,39069,NA,2,5,7,1942,0,0,0,NA,0,3A99,REDONDO BL,BLACKWELDER ST,0,NA,Y,A,-,N,NA,NA,NA,NA,NA,NA,NA,NA,NA,Y,4,0,2,2,A,-,09,21802,A,N,A,C,A,A,H,-,A,A,0,NA,NA,NA,NA,Y,NA,A,01,0,0,2,0,0,0,0,0,0,-,-,NA,NA,LOS ANGELES,LOS ANGELES,-118.35846007,34.02710005
8472371,2017,2017-10-25,1942,2017-09-10,1930,37733,0376,7,5,7,1942,0,0,0,C,0,0373,MARTIN LUTHER KING BL,WESTERN AV,50,E,N,A,-,N,NA,NA,NA,NA,NA,NA,NA,NA,NA,N,4,0,1,2,A,-,11,21955,NA,N,G,B,D,A,H,-,C,A,0,Y,NA,NA,NA,Y,NA,N,60,0,0,1,0,1,0,0,0,0,-,-,NA,NA,LOS ANGELES,LOS ANGELES,-118.30876533,34.01085
8472375,2017,2017-10-25,1942,2017-09-12,1200,42991,0313,2,5,7,1942,0,0,0,C,0,3A15,MENLO AV,40TH PL,0,NA,Y,A,-,N,NA,NA,NA,NA,NA,NA,NA,NA,NA,N,4,0,1,2,A,-,12,22450,A,F,D,C,A,A,H,-,A,D,0,NA,NA,NA,NA,Y,NA,-,99,0,0,1,0,0,0,0,0,0,-,-,NA,NA,LOS ANGELES,LOS ANGELES,-118.29000011,34.01003001
8472379,2017,2017-10-25,1942,2017-09-10,1600,40717,374,7,5,7,1942,0,0,0,NA,0,3A41,BUDLONG AV,40TH PL,0,NA,Y,A,-,N,NA,NA,NA,NA,NA,NA,NA,NA,NA,N,3,0,2,2,A,-,09,21800,C,N,D,C,A,A,H,-,A,D,0,NA,NA,NA,NA,Y,NA,-,NA,0,1,1,0,0,0,0,0,0,-,-,NA,NA,LOS ANGELES,LOS ANGELES,-118.29589002,34.0099201
8472383,2017,2017-12-07,1942,2017-09-11,0910,42319,LOSAN,1,5,7,1942,0,0,0,NA,0,3A55,LA BREA AV,EXPOSITION BL,500,S,N,A,-,N,NA,NA,NA,NA,NA,NA,NA,NA,NA,N,4,0,1,2,A,-,08,22107,NA,N,B,C,A,A,H,-,A,D,0,NA,NA,NA,NA,Y,NA,-,-,0,0,1,0,0,0,0,0,0,-,-,NA,NA,LOS ANGELES,LOS ANGELES,-118.35561246,34.02333223
8472387,2017,2017-10-25,1942,2017-09-11,1340,42791,0308,1,5,7,1942,0,0,0,C,0,3A73,HOOVER ST,23RD ST,0,NA,Y,A,-,N,NA,NA,NA,NA,NA,NA,NA,NA,NA,Y,4,0,1,2,A,-,09,21801,A,N,A,C,A,A,H,-,A,A,0,NA,NA,Y,NA,Y,NA,A,01,0,0,1,0,0,0,0,0,1,-,-,NA,NA,LOS ANGELES,LOS ANGELES,-118.28401006,34.03517001
8472391,2017,2017-10-25,1900,2017-09-10,0100,532991,1432,7,5,4,1937,0,0,0,NA,0,143T2,AMAR RD,ELLIOTT AV,109,E,N,A,-,N,NA,NA,NA,NA,NA,NA,NA,NA,NA,Y,4,0,1,4,A,-,01,23152,A,N,B,E,A,A,H,-,C,D,0,NA,NA,NA,NA,Y,Y,A,01,0,0,1,0,0,0,0,0,0,-,-,NA,NA,LOS ANGELES,LA PUENTE,-117.95169471,34.03730341
8472395,2017,2017-10-25,1942,2017-09-21,0700,40088,0529,4,5,7,1942,0,0,0,E,0,5A17,ANAHEIM,EUBANK,20,W,N,A,-,N,NA,NA,NA,NA,NA,NA,NA,NA,NA,N,4,0,1,2,A,-,07,21658,A,N,B,C,A,A,H,-,A,A,0,NA,NA,NA,NA,Y,NA,A,01,0,0,1,0,0,0,0,0,0,-,-,NA,NA,LOS ANGELES,LOS ANGELES,-118.25509551,33.78035603
8472399,2017,2017-10-25,1942,2017-09-22,0745,25635,0566,5,5,7,1942,0,0,0,E,0,5A59,7TH ST,MESA ST,0,NA,Y,A,-,N,NA,NA,NA,NA,NA,NA,NA,NA,NA,N,3,0,3,2,A,-,12,22450,A,N,-,C,A,A,H,-,A,A,0,NA,NA,NA,NA,Y,NA,A,01,0,1,2,0,0,0,0,0,0,-,-,NA,NA,LOS ANGELES,LOS ANGELES,-118.28572009,33.737860069999996
8472402,2017,2017-12-05,1947,2017-09-29,1947,1320,NA,5,5,5,1947,0,0,0,NA,0,NA,KENSINGTON WY,NORTHSIDE,0,NA,Y,A,-,N,NA,NA,NA,NA,NA,NA,NA,NA,NA,N,4,0,1,2,-,-,-,NA,NA,N,D,C,A,A,H,-,E,D,0,NA,NA,NA,NA,Y,NA,-,-,0,0,1,0,0,0,0,0,0,-,-,34.01133,-118.12374,LOS ANGELES,MONTEBELLO,-118.12438006,34.01103008
8472411,2017,2017-10-27,1942,2017-10-08,2140,42929,0325,7,5,7,1942,0,0,0,C,0,3A99,VERMONT,28TH ST,40,N,N,A,-,N,NA,NA,NA,NA,NA,NA,NA,NA,NA,N,3,0,2,2,A,-,01,23152,A,N,C,C,A,A,H,-,C,A,0,NA,NA,NA,NA,Y,Y,D,22,0,1,1,0,0,0,0,0,0,-,-,NA,NA,LOS ANGELES,LOS ANGELES,-118.291544,34.029689
8472412,2017,2017-10-26,1900,2017-09-17,0300,438154,1419,7,5,1,1932,0,0,0,NA,0,141T1,LEMON AV,VALLEY BL,0,NA,Y,A,-,N,NA,NA,NA,NA,NA,NA,NA,NA,NA,Y,4,0,1,2,A,-,12,21453,A,N,D,C,A,A,H,-,C,A,0,NA,NA,NA,NA,Y,NA,A,01,0,0,1,0,0,0,0,0,0,-,-,NA,NA,LOS ANGELES,INDUSTRY,-117.85889008,34.00977009
8472415,2017,2017-11-08,1942,2017-10-02,0920,36865,0527,1,5,7,1942,0,0,0,E,0,5A25,HARRY BRIDGES BL,NORTH ACCESS RD,0,NA,Y,A,-,N,NA,NA,NA,NA,NA,NA,NA,NA,NA,Y,2,0,1,2,A,-,12,21453,A,N,D,C,A,A,H,-,A,A,0,NA,NA,NA,NA,Y,NA,A,07,1,0,0,0,0,0,0,0,0,-,-,NA,NA,LOS ANGELES,LOS ANGELES,-118.26750005,33.77096011
8472419,2017,2018-06-15,1942,2017-10-05,0823,41439,0513,4,5,7,1942,0,0,0,E,0,5A11,EAST PACIFIC COAST HWY,FRAMPTON AV,0,NA,Y,A,-,Y,LA,7,1,-,-,12.662,I,5,S,N,4,0,2,3,A,-,09,21801,A,F,-,C,A,A,H,-,A,A,0,NA,NA,NA,NA,Y,Y,-,99,0,0,2,0,0,0,0,0,0,-,-,NA,NA,LOS ANGELES,LOS ANGELES,-118.29993778,33.78940714
8472427,2017,2017-10-30,1900,2017-09-20,0400,438154,1430,3,5,1,1932,0,0,0,NA,0,143T2,AMAR RD,PUENTE AV,0,NA,Y,A,-,N,NA,NA,NA,NA,NA,NA,NA,NA,NA,Y,4,0,1,2,A,-,12,21453,A,N,D,C,A,A,H,-,C,A,0,NA,NA,NA,NA,Y,NA,D,22,0,0,1,0,0,0,0,0,0,-,-,NA,NA,LOS ANGELES,INDUSTRY,-117.97810003,34.05452002
8472434,2017,2018-06-13,1942,2017-10-09,0950,34370,1861,1,5,7,1942,0,0,0,R,0,25MQ14,FIGUEROA ST,IMPERIAL HWY,0,NA,Y,A,-,N,NA,NA,NA,NA,NA,NA,NA,NA,NA,Y,2,0,3,2,A,-,12,21453,A,N,D,C,A,A,H,-,A,A,0,NA,NA,NA,NA,Y,NA,A,01,1,1,1,0,0,0,0,0,0,-,-,NA,NA,LOS ANGELES,LOS ANGELES,-118.28260006,33.9310001
8472438,2017,2018-06-13,1900,2017-10-05,0835,541581,0524,4,5,4,1971,0,0,0,NA,0,52AM,ROSEMEAD BL,SERENO DR,0,NA,Y,A,-,N,NA,NA,NA,NA,NA,NA,NA,NA,NA,N,4,0,1,2,A,-,09,21801,A,N,D,C,A,A,H,-,A,D,0,NA,NA,NA,NA,Y,NA,A,07,0,0,1,0,0,0,0,0,0,-,-,34.0955,-118.07331,LOS ANGELES,TEMPLE CITY,-118.07337005,34.09560009
8472439,2017,2017-11-14,1900,2017-09-08,2205,515235,1435,5,5,4,1937,0,0,0,NA,0,143T2,VALLEY BL,DORA GUZMAN AV,0,NA,Y,A,-,N,NA,NA,NA,NA,NA,NA,NA,NA,NA,Y,4,0,1,2,A,-,09,21801,A,M,A,C,A,A,H,-,D,D,0,NA,NA,NA,NA,Y,NA,D,22,0,0,1,0,0,0,0,0,0,-,-,NA,NA,LOS ANGELES,LA PUENTE,-117.92848006,34.00953007
8472443,2017,2017-11-14,1900,2017-09-13,1616,526692,1430,3,5,4,1937,0,0,0,NA,0,143T1,TEMPLE AV,WILLOW AV,0,NA,Y,A,-,N,NA,NA,NA,NA,NA,NA,NA,NA,NA,N,3,0,1,2,A,-,09,21804,A,N,D,G,A,A,H,-,A,A,0,NA,Y,NA,NA,Y,NA,L,04,0,1,0,0,0,0,1,0,0,-,-,34.04767,-117.97738,LOS ANGELES,LA PUENTE,-117.97758004,34.04765002
8472447,2017,2017-10-27,1900,2017-10-06,0507,403161,1415,5,5,1,1932,0,0,0,NA,0,141T2,GALE AV,BIXBY DR,1000,S,N,A,-,N,NA,NA,NA,NA,NA,NA,NA,NA,NA,Y,3,0,1,2,A,-,08,22107,NA,N,B,C,A,A,H,-,C,D,0,NA,NA,NA,Y,Y,NA,G,25,0,1,0,0,0,0,0,0,0,-,-,34.00331,-117.94157,LOS ANGELES,INDUSTRY,-117.94176497,34.00331675
8472450,2017,2018-06-13,1900,2017-10-08,1114,509847,0521,7,5,4,1971,0,0,0,NA,0,52T1,RT 164,CALLITA AV,48,S,N,A,-,N,NA,NA,NA,NA,NA,NA,NA,NA,NA,N,4,0,1,2,A,-,11,21954,A,N,G,B,D,A,H,-,A,D,0,Y,NA,NA,NA,Y,NA,N,60,0,0,1,0,1,0,0,0,0,-,-,34.11786,-118.07295,LOS ANGELES,TEMPLE CITY,-118.073129,34.117915000000004
8472454,2017,2018-05-08,1942,2017-09-24,0705,41739,1235,7,5,7,1942,0,0,0,L,0,12A39,SLAUSON AV,NORMANDIE AV,0,NA,Y,A,-,N,NA,NA,NA,NA,NA,NA,NA,NA,NA,Y,4,0,1,3,A,-,03,22350,NA,N,C,C,A,A,H,-,A,A,0,NA,NA,NA,NA,Y,NA,A,01,0,0,1,0,0,0,0,0,0,-,-,NA,NA,LOS ANGELES,LOS ANGELES,-118.30019011,33.98914002
8472463,2017,2017-11-09,1900,2017-09-22,0815,528222,1412,5,5,1,1932,0,0,0,NA,0,141T4,AMAR RD,CANAL PL,40,E,N,A,-,N,NA,NA,NA,NA,NA,NA,NA,NA,NA,Y,4,0,1,2,A,-,03,22350,NA,N,C,C,A,A,H,-,A,D,0,NA,NA,NA,Y,Y,NA,-,NA,0,0,1,0,0,0,0,0,0,-,-,34.05975,-117.85936,LOS ANGELES,INDUSTRY,-117.98598514,34.05978359
8472466,2017,2018-06-11,1925,2017-09-25,1051,21995,219,1,5,6,1925,0,0,0,NA,0,001,CENTRAL AV,GOODE AV,0,NA,Y,A,-,Y,LA,7,134,-,R,6.709,R,4,W,Y,4,0,1,2,A,-,09,21453,B,N,D,C,A,A,H,-,A,A,0,NA,NA,NA,NA,Y,NA,A,01,0,0,1,0,0,0,0,0,0,-,-,NA,NA,LOS ANGELES,GLENDALE,-118.26211827,34.15642624
8472467,2017,2017-12-27,1947,2017-09-04,1130,1302,NA,1,5,5,1947,0,0,0,NA,0,00E,W WASHINGTON,VAIL AV,180,W,N,A,-,N,NA,NA,NA,NA,NA,NA,NA,NA,NA,Y,4,0,1,2,A,-,03,22350,NA,N,C,C,A,A,H,-,A,A,0,NA,NA,NA,NA,Y,NA,A,01,0,0,1,0,0,0,0,0,0,-,-,33.99821,-118.12683,LOS ANGELES,MONTEBELLO,-118.12736123,33.99841874
8472471,2017,2017-10-26,1947,2017-09-14,1815,1412,NA,4,5,5,1947,0,0,0,NA,0,00B,WEST BEVERLY BL,TAYLOR AV,50,E,N,A,-,N,NA,NA,NA,NA,NA,NA,NA,NA,NA,N,4,0,1,2,A,-,09,21801,A,N,A,C,A,A,H,-,A,D,0,NA,NA,NA,NA,Y,NA,A,01,0,0,1,0,0,0,0,0,0,-,-,34.0182,-118.11098,LOS ANGELES,MONTEBELLO,-118.11171122,34.01840371
8472473,2017,2017-10-27,1900,2017-10-06,1130,547278,2261,5,5,2,1993,0,0,0,NA,0,226T1,ROYAL GLEN RD,WALLINGTON CT,42,S,N,A,-,N,NA,NA,NA,NA,NA,NA,NA,NA,NA,Y,4,0,1,2,A,-,03,22350,NA,N,C,E,A,A,H,-,A,A,0,NA,NA,NA,NA,Y,NA,A,01,0,0,1,0,0,0,0,0,0,-,-,34.14123,-118.81816,LOS ANGELES,WESTLAKE VILLAGE,-118.81866097,34.14179942
8472474,2017,2018-06-11,1942,2017-08-18,0915,37540,0211,5,5,7,1942,0,0,0,B,0,24TL22,VERMONT AV,RT 101,3,N,N,-,-,Y,LA,7,101,-,-,4.291,R,4,N,N,3,0,1,2,A,-,09,21804,A,N,D,C,A,-,-,-,-,-,0,NA,NA,Y,NA,Y,NA,C,02,0,1,0,0,0,0,0,0,1,-,-,NA,NA,LOS ANGELES,LOS ANGELES,-118.29019474,34.07944252
8472475,2017,2018-01-05,1947,2017-09-07,0748,1402,NA,4,5,5,1947,0,0,0,NA,0,00D,SOUTH GREENWOOD AV,WEST WASHINGTON BL,0,NA,Y,A,-,N,NA,NA,NA,NA,NA,NA,NA,NA,NA,Y,3,0,1,3,A,-,12,21453,A,N,D,C,A,A,H,-,A,A,0,NA,NA,NA,NA,Y,NA,A,01,0,1,0,0,0,0,0,0,0,-,-,33.99515,-118.1193,LOS ANGELES,MONTEBELLO,-118.11931007,33.99513001
8472478,2017,2018-03-21,1942,2017-06-27,1215,39397,1862,2,5,7,1942,0,0,0,R,0,3TL5,IMPERIAL HWY,FIGUEROA ST,150,W,N,A,-,N,NA,NA,NA,NA,NA,NA,NA,NA,NA,Y,4,0,2,6,A,-,07,21658,A,F,C,C,A,A,H,-,A,D,0,NA,NA,NA,NA,Y,NA,-,99,0,0,2,0,0,0,0,0,0,-,-,NA,NA,LOS ANGELES,LOS ANGELES,-118.28309353,33.931
8472479,2017,2018-01-05,1947,2017-09-09,1617,1402,NA,6,5,5,1947,0,0,0,NA,0,00B,WEST BEVERLY BL,10TH ST,95,W,N,A,-,N,NA,NA,NA,NA,NA,NA,NA,NA,NA,Y,3,0,1,3,A,-,08,22107,NA,N,D,C,A,A,H,-,A,D,0,NA,NA,NA,NA,Y,NA,D,22,0,1,0,0,0,0,0,0,0,-,-,37.01776,-118.10862,LOS ANGELES,MONTEBELLO,-118.10890398,34.01781152
8472482,2017,2017-11-08,1942,2017-09-11,1450,30830,1795,1,5,7,1942,0,0,0,Q,0,17A95,BALBOA BL,PARTHENIA ST,179,N,N,A,-,N,NA,NA,NA,NA,NA,NA,NA,NA,NA,Y,3,0,2,2,A,-,09,21801,A,N,D,C,A,A,H,-,A,D,0,NA,NA,NA,NA,Y,NA,A,07,0,2,0,0,0,0,0,0,0,-,-,NA,NA,LOS ANGELES,LOS ANGELES,-118.50257,34.22900092
8472483,2017,2017-11-01,1942,2017-08-12,1725,34426,1367,6,5,7,1942,0,0,0,M,0,24T51,ALAMEDA ST,48TH PL,0,NA,Y,A,-,N,NA,NA,NA,NA,NA,NA,NA,NA,NA,Y,4,0,2,2,A,-,03,22350,NA,F,D,C,A,A,H,-,A,A,0,NA,NA,NA,NA,Y,NA,-,99,0,0,2,0,0,0,0,0,0,-,-,NA,NA,LOS ANGELES,LOS ANGELES,-118.23894001,34.00066001
8472485,2017,2018-11-26,1942,2017-09-06,1952,40542,2136,3,5,7,1942,0,0,0,NA,0,21A5,CANOGA AV,VALERIO ST,200,S,N,A,-,N,NA,NA,NA,NA,NA,NA,NA,NA,NA,N,4,0,1,2,A,-,03,22350,NA,F,C,C,A,A,H,-,C,D,0,NA,NA,NA,NA,Y,NA,-,99,0,0,1,0,0,0,0,0,0,-,-,NA,NA,LOS ANGELES,LOS ANGELES,-118.59752,34.20408134
8472486,2017,2017-11-08,1942,2017-09-21,1615,36755,1793,4,5,7,1942,0,0,0,Q,0,17A81,TAMPA AV,BUSINESS CENTER DR,40,S,N,A,-,N,NA,NA,NA,NA,NA,NA,NA,NA,NA,N,4,0,1,2,A,-,03,22350,NA,N,C,C,A,A,H,-,A,D,0,NA,NA,NA,NA,Y,NA,A,07,0,0,1,0,0,0,0,0,0,-,-,NA,NA,LOS ANGELES,LOS ANGELES,-118.55354776,34.23085029
8472487,2017,2017-11-21,1942,2017-08-29,1545,38171,0451,2,5,7,1942,0,0,0,D,0,24TL54,MISSION RD,ALISO ST,180,N,N,A,-,N,NA,NA,NA,NA,NA,NA,NA,NA,NA,Y,4,0,1,2,A,-,12,21453,A,N,D,C,A,A,H,-,A,A,0,NA,NA,NA,NA,Y,NA,-,-,0,0,1,0,0,0,0,0,0,-,-,NA,NA,LOS ANGELES,LOS ANGELES,-118.22663,34.05264
8472490,2017,2017-11-08,1942,2017-09-01,1800,34599,1794,5,5,7,1942,0,0,0,Q,0,17A95,LINDLEY AV,CHASE ST,561,S,N,A,-,N,NA,NA,NA,NA,NA,NA,NA,NA,NA,N,3,0,1,1,A,-,03,22350,NA,N,E,I,A,A,H,-,B,D,0,NA,NA,NA,NA,Y,NA,A,01,0,1,0,0,0,0,0,0,0,-,-,NA,NA,LOS ANGELES,LOS ANGELES,-118.52735,34.22305111
8472491,2017,2017-11-20,1942,2017-08-31,1550,37591,1112,4,5,7,1942,0,0,0,K,0,11X14,VERDUGO RD,YORK BL,0,NA,Y,A,-,N,NA,NA,NA,NA,NA,NA,NA,NA,NA,Y,3,0,1,2,A,-,03,22350,NA,F,D,C,A,A,H,-,A,D,0,NA,NA,NA,NA,Y,NA,-,-,0,1,0,0,0,0,0,0,0,-,-,NA,NA,LOS ANGELES,LOS ANGELES,-118.23171999,34.12500011
8472494,2017,2017-11-08,1942,2017-09-05,0121,37304,1752,2,5,7,1942,0,0,0,Q,0,17A23,DEVONSHIRE ST,DE SOTO AV,0,NA,Y,A,-,N,NA,NA,NA,NA,NA,NA,NA,NA,NA,Y,4,0,1,2,A,-,12,21453,A,N,D,C,A,A,H,-,C,A,0,NA,NA,NA,NA,Y,NA,A,01,0,0,1,0,0,0,0,0,0,-,-,NA,NA,LOS ANGELES,LOS ANGELES,-118.58858012,34.25725004
8472495,2017,2017-11-01,1942,2017-08-25,2350,40875,1145,5,5,7,1942,0,0,0,K,0,11A61,RIVERSIDE DR,NEWELL ST,0,NA,Y,A,-,N,NA,NA,NA,NA,NA,NA,NA,NA,NA,N,4,0,1,2,A,-,09,21801,A,F,D,C,A,A,H,-,C,A,0,NA,NA,NA,NA,Y,NA,-,99,0,0,1,0,0,0,0,0,0,-,-,NA,NA,LOS ANGELES,LOS ANGELES,-118.24825004,34.09843005
8472497,2017,2017-10-27,1942,2017-10-11,0510,35433,2146,3,5,7,1942,0,0,0,NA,0,21A57,HART ST,MILWOOD AV,124,W,N,A,-,N,NA,NA,NA,NA,NA,NA,NA,NA,NA,Y,3,0,1,4,A,-,08,22107,NA,N,B,C,A,A,H,-,D,D,0,NA,NA,NA,NA,Y,NA,A,01,0,1,0,0,0,0,0,0,0,-,-,NA,NA,LOS ANGELES,LOS ANGELES,-118.59466937,34.19738659
8472498,2017,2017-11-08,1942,2017-09-04,1330,30830,1735,1,5,7,1942,0,0,0,Q,0,17A35,ZELZAH AV,TULSA ST,237,S,N,A,-,N,NA,NA,NA,NA,NA,NA,NA,NA,NA,Y,3,0,1,2,A,-,08,22107,NA,N,B,E,A,A,H,-,A,D,0,NA,NA,NA,NA,Y,NA,A,07,0,1,0,0,0,0,0,0,0,-,-,NA,NA,LOS ANGELES,LOS ANGELES,-118.52343791,34.2679099
8472499,2017,2017-11-01,1942,2017-08-22,0725,35291,1115,2,5,7,1942,0,0,0,K,0,24TL26,EAGLE ROCK BL,YOSEMITE DR,0,NA,Y,A,-,N,NA,NA,NA,NA,NA,NA,NA,NA,NA,N,4,0,1,2,A,-,10,21950,A,F,G,B,-,A,H,-,A,-,0,Y,NA,NA,NA,Y,NA,-,99,0,0,1,0,1,0,0,0,0,-,-,NA,NA,LOS ANGELES,LOS ANGELES,-118.21531011,34.13512004
8472502,2017,2017-11-08,1942,2017-09-25,0725,39217,1718,1,5,7,1942,0,0,0,Q,0,17A49,N COLLETT AV,LAHEY ST,185,N,N,A,-,N,NA,NA,NA,NA,NA,NA,NA,NA,NA,N,3,0,1,3,A,-,08,22107,NA,N,B,E,A,A,H,-,A,D,0,NA,NA,NA,NA,Y,NA,A,01,0,1,0,0,0,0,0,0,0,-,-,NA,NA,LOS ANGELES,LOS ANGELES,-118.4836189,34.27332633
8472503,2017,2017-11-14,1942,2017-09-17,1530,37867,1759,7,5,7,1942,0,0,0,Q,0,17X36W,LASSEN ST,AQUEDUCT AV,0,NA,Y,A,-,N,NA,NA,NA,NA,NA,NA,NA,NA,NA,N,3,0,1,2,A,-,09,21801,A,N,D,C,A,A,H,-,A,A,0,NA,NA,Y,NA,Y,NA,A,01,0,1,0,0,0,0,0,0,1,-,-,NA,NA,LOS ANGELES,LOS ANGELES,-118.47402013,34.25008004
8472505,2017,2018-07-09,1942,2017-10-07,0920,38338,1612,6,5,7,1942,0,0,0,P,0,16A11,PAXTON ST,RT 210,30,W,N,A,-,Y,LA,7,210,-,R,5.919,R,4,W,Y,4,0,1,2,A,-,12,21453,A,F,D,C,A,A,H,-,A,A,0,NA,NA,NA,NA,Y,NA,A,07,0,0,1,0,0,0,0,0,0,-,WO,NA,NA,LOS ANGELES,LOS ANGELES,-118.40819769,34.28882994