CASE_ID,ACCIDENT_YEAR,PROC_DATE,JURIS,COLLISION_DATE,COLLISION_TIME,OFFICER_ID,REPORTING_DISTRICT,DAY_OF_WEEK,CHP_SHIFT,POPULATION,CNTY_CITY_LOC,SPECIAL_COND,BEAT_TYPE,CHP_BEAT_TYPE,CITY_DIVISION_LAPD,CHP_BEAT_CLASS,BEAT_NUMBER,PRIMARY_RD,SECONDARY_RD,DISTANCE,DIRECTION,INTERSECTION,WEATHER_1,WEATHER_2,STATE_HWY_IND,CALTRANS_COUNTY,CALTRANS_DISTRICT,STATE_ROUTE,ROUTE_SUFFIX,POSTMILE_PREFIX,POSTMILE,LOCATION_TYPE,RAMP_INTERSECTION,SIDE_OF_HWY,TOW_AWAY,COLLISION_SEVERITY,NUMBER_KILLED,NUMBER_INJURED,PARTY_COUNT,PRIMARY_COLL_FACTOR,PCF_CODE_OF_VIOL,PCF_VIOL_CATEGORY,PCF_VIOLATION,PCF_VIOL_SUBSECTION,HIT_AND_RUN,TYPE_OF_COLLISION,MVIW,PED_ACTION,ROAD_SURFACE,ROAD_COND_1,ROAD_COND_2,LIGHTING,CONTROL_DEVICE,CHP_ROAD_TYPE,PEDESTRIAN_ACCIDENT,BICYCLE_ACCIDENT,MOTORCYCLE_ACCIDENT,TRUCK_ACCIDENT,NOT_PRIVATE_PROPERTY,ALCOHOL_INVOLVED,STWD_VEHTYPE_AT_FAULT,CHP_VEHTYPE_AT_FAULT,COUNT_SEVERE_INJ,COUNT_VISIBLE_INJ,COUNT_COMPLAINT_PAIN,COUNT_PED_KILLED,COUNT_PED_INJURED,COUNT_BICYCLIST_KILLED,COUNT_BICYCLIST_INJURED,COUNT_MC_KILLED,COUNT_MC_INJURED,PRIMARY_RAMP,SECONDARY_RAMP,LATITUDE,LONGITUDE,COUNTY,CITY,POINT_X,POINT_Y
8472506,2017,2017-11-08,1942,2017-09-30,1025,26347,1722,6,5,7,1942,0,0,0,Q,0,17A23,DEVONSHIRE ST,OWENSMOUTH AV,250,E,N,A,-,N,NA,NA,NA,NA,NA,NA,NA,NA,NA,Y,4,0,2,2,A,-,09,21801,A,N,A,C,A,A,H,-,A,D,0,NA,NA,NA,NA,Y,NA,A,01,0,0,2,0,0,0,0,0,0,-,-,NA,NA,LOS ANGELES,LOS ANGELES,-118.60085403,34.25724
8472507,2017,2017-11-14,1942,2017-09-09,2100,42636,1764,6,5,7,1942,0,0,0,Q,0,17A67,DEVONSHIRE,TAMPA AV,0,NA,Y,A,-,N,NA,NA,NA,NA,NA,NA,NA,NA,NA,Y,3,0,1,2,A,-,12,21453,A,N,D,D,A,A,H,-,C,A,0,NA,NA,NA,NA,Y,NA,A,01,0,1,0,0,0,0,0,0,0,-,-,NA,NA,LOS ANGELES,LOS ANGELES,-118.55361002,34.25726
8472509,2017,2017-10-27,1942,2017-10-13,2026,39410,1678,5,5,7,1942,0,0,0,P,0,16A77,WILDWOOD AV,LA TUNA CANYON RD,20,S,N,A,-,N,NA,NA,NA,NA,NA,NA,NA,NA,NA,Y,4,0,3,2,A,-,03,22350,NA,F,C,C,A,A,H,-,C,A,0,NA,NA,NA,NA,Y,NA,A,07,0,0,3,0,0,0,0,0,0,-,-,NA,NA,LOS ANGELES,LOS ANGELES,-118.35391029,34.23402515
8472510,2017,2017-11-08,1942,2017-09-30,1045,38767,1768,6,5,7,1942,0,0,0,Q,0,17X36W,LASSEN ST,BALBOA BL,60,W,N,A,-,N,NA,NA,NA,NA,NA,NA,NA,NA,NA,Y,4,0,2,2,A,-,09,21801,A,N,D,C,A,A,H,-,A,A,0,NA,NA,NA,NA,Y,NA,A,01,0,0,2,0,0,0,0,0,0,-,-,NA,NA,LOS ANGELES,LOS ANGELES,-118.5025882,34.25027
8472511,2017,2017-11-14,1942,2017-09-12,2255,38734,DEVON,2,5,7,1942,0,0,0,NA,0,1777,PLUMMER ST,VALJEAN AV,0,NA,Y,A,-,N,NA,NA,NA,NA,NA,NA,NA,NA,NA,Y,4,0,1,2,A,-,08,22107,NA,N,D,C,A,A,H,-,C,D,0,NA,NA,NA,NA,Y,NA,A,01,0,0,1,0,0,0,0,0,0,-,-,NA,NA,LOS ANGELES,LOS ANGELES,-118.48730011,34.24291008
8472513,2017,2017-10-27,1942,2017-10-05,2245,32642,1581,4,5,7,1942,0,0,0,O,0,15A21,MOORPARK ST,LAUREL GROVE AV,10,W,N,A,-,N,NA,NA,NA,NA,NA,NA,NA,NA,NA,N,3,0,1,4,A,-,03,22350,NA,F,B,E,A,B,H,-,C,D,0,NA,NA,NA,NA,Y,Y,-,NA,0,1,0,0,0,0,0,0,0,-,-,NA,NA,LOS ANGELES,LOS ANGELES,-118.40091299,34.15037
8472514,2017,2017-11-21,1942,2017-09-23,1945,40383,1764,6,5,7,1942,0,0,0,Q,0,17A81,TAMPA AV,LASSEN ST,0,NA,Y,A,-,N,NA,NA,NA,NA,NA,NA,NA,NA,NA,Y,4,0,3,2,A,-,12,21453,A,N,D,C,A,A,H,-,C,A,0,NA,NA,NA,NA,Y,NA,-,-,0,0,3,0,0,0,0,0,0,-,-,NA,NA,LOS ANGELES,LOS ANGELES,-118.55360006,34.25000007
8472515,2017,2017-11-14,1942,2017-09-18,1745,40029,LOS A,1,5,7,1942,0,0,0,NA,0,17X36,CHATSWORTH ST,YARMOUTH AV,0,NA,Y,A,-,N,NA,NA,NA,NA,NA,NA,NA,NA,NA,N,4,0,1,2,A,-,09,21801,A,N,D,C,A,A,H,-,A,A,0,NA,NA,NA,NA,Y,NA,A,01,0,0,1,0,0,0,0,0,0,-,-,NA,NA,LOS ANGELES,LOS ANGELES,-118.52157002,34.26490006
8472517,2017,2017-10-27,1942,2017-10-14,2000,42671,2113,6,5,7,1942,0,0,0,NA,0,21A43,SALE AV,ROSCOE BL,0,NA,Y,A,-,N,NA,NA,NA,NA,NA,NA,NA,NA,NA,Y,4,0,2,2,A,-,01,23152,A,N,A,C,A,A,H,-,D,D,0,NA,NA,NA,NA,Y,Y,A,01,0,0,2,0,0,0,0,0,0,-,-,NA,NA,LOS ANGELES,LOS ANGELES,-118.61907009,34.21945007
8472518,2017,2017-11-08,1942,2017-09-08,2220,38995,1788,5,5,7,1942,0,0,0,Q,0,17A95,BALBOA BL,NORDHOFF ST,0,NA,Y,A,-,N,NA,NA,NA,NA,NA,NA,NA,NA,NA,Y,4,0,2,2,A,-,09,21453,C,N,D,C,A,A,H,-,C,A,0,NA,NA,NA,NA,Y,NA,A,01,0,0,2,0,0,0,0,0,0,-,-,NA,NA,LOS ANGELES,LOS ANGELES,-118.50251009,34.23572005
8472519,2017,2017-11-14,1942,2017-09-13,1730,33696,1797,3,5,7,1942,0,0,0,Q,0,17A74,WOODLEY ST,NAPA ST,50,N,N,A,-,N,NA,NA,NA,NA,NA,NA,NA,NA,NA,Y,4,0,3,2,A,-,09,21804,A,N,D,C,A,A,H,-,A,A,0,NA,NA,NA,NA,Y,NA,A,01,0,0,3,0,0,0,0,0,0,-,-,NA,NA,LOS ANGELES,LOS ANGELES,-118.48517,34.22673715
8472522,2017,2017-11-08,1942,2017-09-18,1502,40119,1795,1,5,7,1942,0,0,0,Q,0,15TL46,BALBOA BL,PARTHENIA ST,146,N,N,A,-,N,NA,NA,NA,NA,NA,NA,NA,NA,NA,Y,3,0,2,3,A,-,09,21804,A,N,D,C,F,A,H,-,A,A,0,Y,NA,NA,NA,Y,NA,A,01,0,1,1,0,0,0,0,0,0,-,-,NA,NA,LOS ANGELES,LOS ANGELES,-118.50257,34.2289104
8472523,2017,2017-11-14,1942,2017-09-19,2010,33620,1798,2,5,7,1942,0,0,0,Q,0,19A25,NORDHOFF ST,HASKELL AV,0,NA,Y,A,-,N,NA,NA,NA,NA,NA,NA,NA,NA,NA,Y,4,0,1,2,A,-,09,21801,A,N,D,C,A,A,H,-,C,A,0,NA,NA,NA,NA,Y,NA,A,01,0,0,1,0,0,0,0,0,0,-,-,NA,NA,LOS ANGELES,LOS ANGELES,-118.47634004,34.23557008
8472526,2017,2017-11-08,1942,2017-09-25,1450,40119,1751,1,5,7,1942,0,0,0,Q,0,15TL46,TOPANGA CANYON BL,DUPONT ST,15,S,N,A,-,N,NA,NA,NA,NA,NA,NA,NA,NA,NA,N,4,0,1,2,A,-,06,21755,A,N,-,C,A,-,H,-,A,D,0,NA,NA,NA,NA,Y,NA,A,01,0,0,1,0,0,0,0,0,0,-,-,NA,NA,LOS ANGELES,LOS ANGELES,-118.60607,34.25351885
8472527,2017,2017-11-14,1942,2017-09-14,0145,39578,1743,4,5,7,1942,0,0,0,Q,0,17A35,RESEDA BL,CHATSWORTH ST,0,NA,Y,A,-,N,NA,NA,NA,NA,NA,NA,NA,NA,NA,N,4,0,1,3,A,-,04,21703,NA,N,C,C,A,A,H,-,B,D,0,NA,NA,NA,NA,Y,NA,A,01,0,0,1,0,0,0,0,0,0,-,-,NA,NA,LOS ANGELES,LOS ANGELES,-118.53611002,34.26454011
8472530,2017,2017-11-08,1942,2017-09-25,0745,30989,1716,1,5,7,1942,0,0,0,Q,0,17A35,BALBOA BL,KNOLLWOOD PLAZA,0,NA,Y,A,-,N,NA,NA,NA,NA,NA,NA,NA,NA,NA,Y,4,0,1,2,A,-,09,21801,A,N,D,C,A,A,H,-,A,A,0,NA,NA,NA,NA,Y,NA,A,07,0,0,1,0,0,0,0,0,0,-,-,NA,NA,LOS ANGELES,LOS ANGELES,-118.50185004,34.28871011
8472531,2017,2017-11-14,1942,2017-09-14,0745,36709,1745,4,5,7,1942,0,0,0,Q,0,17A49,ZELZAH AV,SAN JOSE ST,0,NA,Y,A,-,N,NA,NA,NA,NA,NA,NA,NA,NA,NA,NA,4,0,3,2,A,-,09,21801,A,N,D,C,A,A,H,-,A,A,0,NA,NA,NA,NA,Y,NA,A,01,0,0,3,0,0,0,0,0,0,-,-,NA,NA,LOS ANGELES,LOS ANGELES,-118.52336002,34.26129007
8472532,2017,2017-11-01,1942,2017-08-30,1710,37353,1751,3,5,7,1942,0,0,0,Q,0,17A23,TOPANGA CANYON BL,DUPONT ST,0,NA,Y,A,-,N,NA,NA,NA,NA,NA,NA,NA,NA,NA,N,4,0,1,2,A,-,06,21755,A,N,A,C,A,A,H,-,A,D,0,NA,NA,NA,NA,Y,NA,A,01,0,0,1,0,0,0,0,0,0,-,-,NA,NA,LOS ANGELES,LOS ANGELES,-118.60607011,34.25356002
8472534,2017,2017-11-08,1942,2017-09-28,0930,42815,1781,4,5,7,1942,0,0,0,Q,0,17A35,MASON AV,NORDHOFF ST,300,N,N,A,-,N,NA,NA,NA,NA,NA,NA,NA,NA,NA,Y,2,0,1,2,A,-,09,21801,A,N,D,C,A,A,H,-,A,D,0,NA,NA,Y,NA,Y,NA,A,01,1,0,0,0,0,0,0,0,1,-,-,NA,NA,LOS ANGELES,LOS ANGELES,-118.57974902,34.23264294
8472535,2017,2017-11-14,1942,2017-09-11,1610,37353,1723,1,5,7,1942,0,0,0,Q,0,17A23,DE SOTO AV,DEVONSHIRE ST,80,S,N,A,-,N,NA,NA,NA,NA,NA,NA,NA,NA,NA,Y,3,0,1,2,A,-,07,21658,A,N,D,C,A,A,H,-,A,A,0,NA,NA,NA,NA,Y,NA,A,07,0,1,0,0,0,0,0,0,0,-,-,NA,NA,LOS ANGELES,LOS ANGELES,-118.58857657,34.25703056
8472536,2017,2017-11-01,1942,2017-08-31,0705,37505,1373,4,5,7,1942,0,0,0,M,0,24TL24,BROADWAY,SLAUSON AV,0,NA,Y,A,-,N,NA,NA,NA,NA,NA,NA,NA,NA,NA,N,4,0,1,2,A,-,12,21453,A,F,D,C,A,A,H,-,A,A,0,NA,NA,NA,NA,Y,NA,-,99,0,0,1,0,0,0,0,0,0,-,-,NA,NA,LOS ANGELES,LOS ANGELES,-118.27830003,33.98918012
8472538,2017,2017-11-08,1942,2017-09-29,1520,41316,1787,5,5,7,1942,0,0,0,Q,0,17A67,ZELZAH AV,LASSEN ST,0,NA,Y,A,-,N,NA,NA,NA,NA,NA,NA,NA,NA,NA,Y,3,0,2,2,A,-,09,21801,A,N,A,C,A,A,H,-,A,A,0,NA,NA,NA,NA,Y,NA,A,01,0,1,1,0,0,0,0,0,0,-,-,NA,NA,LOS ANGELES,LOS ANGELES,-118.52332001,34.25039
8472539,2017,2017-11-14,1942,2017-09-10,1940,38743,1771,7,5,7,1942,0,0,0,Q,0,17A95,WINNETKA AV,PRAIRIE ST,300,S,N,A,-,N,NA,NA,NA,NA,NA,NA,NA,NA,NA,Y,4,0,4,2,A,-,09,21801,A,N,D,C,A,A,H,-,C,D,0,NA,NA,NA,NA,Y,NA,A,01,0,0,4,0,0,0,0,0,0,-,-,NA,NA,LOS ANGELES,LOS ANGELES,-118.57108,34.23839708
8472540,2017,2017-11-01,1942,2017-08-20,2235,39745,1309,7,5,7,1942,0,0,0,M,0,24TL33,SAN PEDRO ST,20TH ST,5,S,N,A,-,N,NA,NA,NA,NA,NA,NA,NA,NA,NA,N,4,0,1,3,A,-,11,21950,B,F,G,B,B,A,H,-,C,D,0,Y,NA,NA,NA,Y,NA,N,60,0,0,1,0,1,0,0,0,0,-,-,NA,NA,LOS ANGELES,LOS ANGELES,-118.25800773,34.02672789
8472542,2017,2017-11-08,1942,2017-09-07,0750,30107,1787,4,5,7,1942,0,0,0,Q,0,35M26,PLUMMER ST,WHITE OAK AV,0,NA,Y,A,-,N,NA,NA,NA,NA,NA,NA,NA,NA,NA,Y,3,0,2,2,A,-,09,21802,A,N,D,C,A,A,H,-,A,A,0,NA,NA,NA,NA,Y,NA,A,07,0,1,1,0,0,0,0,0,0,-,-,NA,NA,LOS ANGELES,LOS ANGELES,-118.51995013,34.24312004
8472543,2017,2017-11-14,1942,2017-09-16,1735,33696,1716,6,5,7,1942,0,0,0,Q,0,17A74,RINALDI ST,RUFFNER AV,65,W,N,A,-,N,NA,NA,NA,NA,NA,NA,NA,NA,NA,Y,3,0,1,3,A,-,03,22350,NA,N,C,E,A,A,H,-,A,A,0,NA,NA,NA,NA,Y,NA,A,01,0,1,0,0,0,0,0,0,0,-,-,NA,NA,LOS ANGELES,LOS ANGELES,-118.49798468,34.27926565
8472544,2017,2017-11-01,1942,2017-08-30,1430,37353,1751,3,5,7,1942,0,0,0,Q,0,17A23,RESEDA BL,CHATSWORTH ST,150,S,N,A,-,N,NA,NA,NA,NA,NA,NA,NA,NA,NA,N,4,0,1,2,A,-,09,21801,A,N,A,C,A,A,H,-,A,D,0,NA,NA,NA,NA,Y,NA,A,01,0,0,1,0,0,0,0,0,0,-,-,NA,NA,LOS ANGELES,LOS ANGELES,-118.53611,34.26412853
8472546,2017,2017-11-08,1942,2017-09-28,1800,40029,LOSAN,4,5,7,1942,0,0,0,NA,0,17X98,SAN FERNANDO RD,SEPULVEDA BL,0,NA,Y,A,-,N,NA,NA,NA,NA,NA,NA,NA,NA,NA,N,4,0,1,2,A,-,09,21801,A,N,D,C,A,A,H,-,B,A,0,NA,NA,Y,NA,Y,NA,A,01,0,0,1,0,0,0,0,0,1,-,-,NA,NA,LOS ANGELES,LOS ANGELES,-118.49066009,34.31511005
8472547,2017,2017-11-14,1942,2017-09-29,1555,30830,1793,5,5,7,1942,0,0,0,Q,0,17A81,TAMPA AV,BUSINESS CENTER DR,285,N,N,A,-,N,NA,NA,NA,NA,NA,NA,NA,NA,NA,N,4,0,2,2,A,-,09,21801,A,N,D,C,A,A,H,-,A,D,0,NA,NA,NA,NA,Y,NA,A,01,0,0,2,0,0,0,0,0,0,-,-,NA,NA,LOS ANGELES,LOS ANGELES,-118.55355,34.23174181
8472548,2017,2017-11-01,1942,2017-08-29,0800,39217,1753,2,5,7,1942,0,0,0,Q,0,17A23,MASON AV,DEVONSHIRE ST,267,N,N,A,-,N,NA,NA,NA,NA,NA,NA,NA,NA,NA,Y,3,0,2,2,A,-,06,21755,A,N,D,C,A,A,H,-,A,D,0,NA,NA,NA,NA,Y,NA,A,01,0,2,0,0,0,0,0,0,0,-,-,NA,NA,LOS ANGELES,LOS ANGELES,-118.57984,34.25799245
8472550,2017,2017-11-08,1942,2017-09-27,1710,42917,1754,3,5,7,1942,0,0,0,Q,0,17X66,RESEDA BL,LEMARSH ST,0,NA,Y,A,-,N,NA,NA,NA,NA,NA,NA,NA,NA,NA,N,4,0,2,2,A,-,09,21801,A,N,D,C,A,A,H,-,A,A,0,NA,NA,NA,NA,Y,NA,A,01,0,0,2,0,0,0,0,0,0,-,-,NA,NA,LOS ANGELES,LOS ANGELES,-118.53609002,34.25544006
8472551,2017,2017-11-14,1942,2017-09-08,1640,40165,1749,5,5,7,1942,0,0,0,Q,0,9TL56,WOODLEY AV,DEVONSHIRE ST,0,NA,Y,A,-,N,NA,NA,NA,NA,NA,NA,NA,NA,NA,N,3,0,1,2,D,-,00,NA,NA,N,D,C,A,A,H,-,A,A,0,NA,NA,NA,NA,Y,NA,-,-,0,1,0,0,0,0,0,0,0,-,-,NA,NA,LOS ANGELES,LOS ANGELES,-118.48484003,34.25741011
8472552,2017,2017-11-21,1942,2017-08-13,0315,42650,1383,7,5,7,1942,0,0,0,M,0,1383,BROADWAY,60TH ST,100,N,N,A,-,N,NA,NA,NA,NA,NA,NA,NA,NA,NA,N,4,0,1,2,A,-,11,21954,A,F,G,B,E,A,H,-,C,D,0,Y,NA,NA,NA,Y,NA,-,-,0,0,1,0,1,0,0,0,0,-,-,NA,NA,LOS ANGELES,LOS ANGELES,-118.278299,33.985358
8472554,2017,2017-11-08,1942,2017-09-22,1425,40353,1737,5,5,7,1942,0,0,0,Q,0,15T44,BALBOA BL,LOS ALIMOS ST,0,NA,Y,A,-,N,NA,NA,NA,NA,NA,NA,NA,NA,NA,Y,3,0,2,2,A,-,03,22350,NA,N,D,C,A,A,H,-,A,D,0,NA,NA,NA,NA,Y,NA,A,01,0,1,1,0,0,0,0,0,0,-,-,NA,NA,LOS ANGELES,LOS ANGELES,-118.50226007,34.2660201
8472555,2017,2017-11-14,1942,2017-09-30,1235,40398,1756,6,5,7,1942,0,0,0,Q,0,17A49,LOUISE AV,MAYALL ST,0,NA,Y,A,-,N,NA,NA,NA,NA,NA,NA,NA,NA,NA,N,3,0,1,3,A,-,09,21802,A,N,D,C,A,A,H,-,A,A,0,NA,NA,NA,NA,Y,NA,A,01,0,1,0,0,0,0,0,0,0,-,-,NA,NA,LOS ANGELES,LOS ANGELES,-118.51113001,34.25395001
8472556,2017,2017-11-01,1942,2017-08-02,2045,41144,1342,3,5,7,1942,0,0,0,M,0,0W3,MLK BL,MAIN ST,3,E,N,A,-,N,NA,NA,NA,NA,NA,NA,NA,NA,NA,N,4,0,1,2,D,-,00,NA,NA,F,-,G,A,A,H,-,C,A,0,NA,Y,NA,NA,Y,Y,-,-,0,0,1,0,0,0,1,0,0,-,-,NA,NA,LOS ANGELES,LOS ANGELES,-118.27401012,34.01115
8472558,2017,2017-11-08,1942,2017-09-21,0900,33361,1781,4,5,7,1942,0,0,0,Q,0,17A67,DE SOTO AV,NORDHOFF ST,0,NA,Y,B,-,N,NA,NA,NA,NA,NA,NA,NA,NA,NA,Y,3,0,3,2,A,-,09,21801,A,N,B,C,A,A,H,-,A,A,0,NA,NA,NA,NA,Y,NA,A,01,0,1,2,0,0,0,0,0,0,-,-,NA,NA,LOS ANGELES,LOS ANGELES,-118.58855001,34.23548003
8472559,2017,2017-11-14,1942,2017-09-22,1045,38273,1792,5,5,7,1942,0,0,0,Q,0,21TL61,CORBIN AV,PARTHENIA ST,0,NA,Y,A,-,N,NA,NA,NA,NA,NA,NA,NA,NA,NA,Y,4,0,4,3,A,-,12,21453,A,N,D,C,A,A,H,-,A,A,0,NA,NA,NA,NA,Y,NA,A,01,0,0,4,0,0,0,0,0,0,-,-,NA,NA,LOS ANGELES,LOS ANGELES,-118.56229,34.22823
8472560,2017,2017-11-01,1942,2017-08-13,1410,40057,1342,7,5,7,1942,0,0,0,M,0,13A93,MARTIN LUTHER KING BL,SAN PEDRO ST,0,NA,Y,A,-,N,NA,NA,NA,NA,NA,NA,NA,NA,NA,Y,4,0,1,2,A,-,12,21453,A,F,D,C,A,A,H,-,A,A,0,NA,NA,NA,NA,Y,NA,-,99,0,0,1,0,0,0,0,0,0,-,-,NA,NA,LOS ANGELES,LOS ANGELES,-118.26796003,34.01115
8472564,2017,2017-11-15,1942,2017-10-03,0905,35433,1788,2,5,7,1942,0,0,0,Q,0,19TL77,PARTHENIA ST,BALBOA BL,0,NA,Y,A,-,N,NA,NA,NA,NA,NA,NA,NA,NA,NA,Y,3,0,1,2,A,-,09,21801,A,N,A,C,A,A,H,-,A,A,0,NA,NA,NA,NA,Y,NA,A,07,0,1,0,0,0,0,0,0,0,-,-,NA,NA,LOS ANGELES,LOS ANGELES,-118.5025801,34.22851012
8472568,2017,2017-11-15,1942,2017-10-07,0930,39473,1759,6,5,7,1942,0,0,0,Q,0,17A49,DEVONSHIRE ST,AQUEDUCT AV,0,NA,Y,A,-,N,NA,NA,NA,NA,NA,NA,NA,NA,NA,N,3,0,1,2,A,-,09,21801,A,N,D,G,A,A,H,-,A,A,0,NA,Y,NA,NA,Y,NA,A,01,0,1,0,0,0,0,1,0,0,-,-,NA,NA,LOS ANGELES,LOS ANGELES,-118.47395011,34.25734001
8472572,2017,2017-11-15,1942,2017-10-11,1305,37353,1756,3,5,7,1942,0,0,0,Q,0,17A49,ZELZAH AV,DEVONSHIRE ST,16,S,N,A,-,N,NA,NA,NA,NA,NA,NA,NA,NA,NA,Y,4,0,1,2,A,-,03,22350,NA,N,C,C,A,A,H,-,A,A,0,NA,NA,NA,NA,Y,NA,A,01,0,0,1,0,0,0,0,0,0,-,-,NA,NA,LOS ANGELES,LOS ANGELES,-118.52333,34.25756611
8472576,2017,2017-11-15,1942,2017-10-05,0730,37686,1766,4,5,7,1942,0,0,0,Q,0,17A81,LASSEN ST,TAMPA AV,0,NA,Y,A,-,N,NA,NA,NA,NA,NA,NA,NA,NA,NA,Y,3,0,4,3,A,-,12,21453,A,N,D,C,F,A,H,-,A,A,0,Y,NA,NA,NA,Y,NA,A,07,0,1,3,0,1,0,0,0,0,-,-,NA,NA,LOS ANGELES,LOS ANGELES,-118.55360006,34.25000007
8472577,2017,2017-10-26,1942,2017-09-08,1150,41316,1794,5,5,7,1942,0,0,0,Q,0,17A67,RESEDA BL,CHASE ST,15,S,N,A,-,N,NA,NA,NA,NA,NA,NA,NA,NA,NA,N,3,0,1,1,A,-,03,22350,NA,N,E,I,A,A,H,-,A,A,0,NA,NA,NA,NA,Y,NA,D,22,0,1,0,0,0,0,0,0,0,-,-,NA,NA,LOS ANGELES,LOS ANGELES,-118.536089,34.22455886
8472580,2017,2017-11-15,1942,2017-10-08,1400,41316,1796,7,5,7,1942,0,0,0,Q,0,10A17,ROSCOE BL,BALBOA BL,378,E,N,A,-,N,NA,NA,NA,NA,NA,NA,NA,NA,NA,N,2,0,1,2,A,-,03,22350,NA,N,D,G,A,A,H,-,B,D,0,NA,Y,NA,NA,Y,NA,L,04,1,0,0,0,0,0,1,0,0,-,-,NA,NA,LOS ANGELES,LOS ANGELES,-118.50139202,34.22120807
8472582,2017,2017-10-27,1942,2017-08-02,1840,40057,1361,3,5,7,1942,0,0,0,M,0,13X17,MAIN ST,VERNON AV,100,S,N,A,-,N,NA,NA,NA,NA,NA,NA,NA,NA,NA,NA,4,0,1,2,A,-,04,21703,NA,M,C,C,A,A,H,-,A,-,0,NA,NA,NA,NA,Y,NA,-,99,0,0,1,0,0,0,0,0,0,-,-,NA,NA,LOS ANGELES,LOS ANGELES,-118.27401,34.00355575
8472584,2017,2017-11-29,1942,2017-10-05,0210,39578,1756,4,5,7,1942,0,0,0,Q,0,17A35,WHITE OAK AV,MERRIDY ST,0,NA,Y,A,-,N,NA,NA,NA,NA,NA,NA,NA,NA,NA,Y,4,0,1,2,C,-,18,NA,NA,N,C,E,A,A,H,-,C,D,0,NA,NA,NA,NA,Y,NA,-,-,0,0,1,0,0,0,0,0,0,-,-,NA,NA,LOS ANGELES,LOS ANGELES,-118.51979,34.25219004
8472585,2017,2018-05-08,1942,2017-09-15,0555,32963,1797,5,5,7,1942,0,0,0,Q,0,17A95,PARTHENIA ST,HAYVENHURST AV,0,NA,Y,B,-,N,NA,NA,NA,NA,NA,NA,NA,NA,NA,Y,3,0,3,2,A,-,12,21453,A,N,D,C,A,A,H,-,C,A,0,NA,NA,NA,NA,Y,NA,-,-,0,1,2,0,0,0,0,0,0,-,-,NA,NA,LOS ANGELES,LOS ANGELES,-118.49387009,34.22845002
8472588,2017,2017-11-15,1942,2017-10-12,1655,42344,1788,4,5,7,1942,0,0,0,Q,0,16T28,BALBOA BL,NORDHOFF ST,0,NA,Y,A,-,N,NA,NA,NA,NA,NA,NA,NA,NA,NA,Y,4,0,1,2,A,-,09,21801,A,N,A,C,A,A,H,-,A,A,0,NA,NA,NA,NA,Y,NA,A,01,0,0,1,0,0,0,0,0,0,-,-,NA,NA,LOS ANGELES,LOS ANGELES,-118.50251009,34.23572005
8472589,2017,2017-10-26,1942,2017-09-05,1540,30830,1727,2,5,7,1942,0,0,0,Q,0,17A35,TAMPA AV,CHATSWORTH ST,0,NA,Y,A,-,N,NA,NA,NA,NA,NA,NA,NA,NA,NA,Y,3,0,2,2,A,-,09,21801,A,N,D,C,A,A,H,-,A,A,0,NA,NA,NA,NA,Y,NA,A,01,0,1,1,0,0,0,0,0,0,-,-,NA,NA,LOS ANGELES,LOS ANGELES,-118.55528007,34.26626012
8472592,2017,2017-11-15,1942,2017-10-13,0705,38273,1788,5,5,7,1942,0,0,0,Q,0,21TL61,PARTHENIA ST,BALBOA BL,480,E,N,A,-,N,NA,NA,NA,NA,NA,NA,NA,NA,NA,N,4,0,2,2,A,-,09,21804,A,N,D,C,A,A,H,-,A,D,0,NA,NA,NA,NA,Y,NA,A,07,0,0,2,0,0,0,0,0,0,-,-,NA,NA,LOS ANGELES,LOS ANGELES,-118.50099511,34.22849
8472593,2017,2017-10-26,1942,2017-09-15,0625,36257,1799,5,5,7,1942,0,0,0,Q,0,17A95,WOODLEY AV,PARTHENIA ST,0,NA,Y,A,-,N,NA,NA,NA,NA,NA,NA,NA,NA,NA,Y,4,0,2,2,A,-,09,21801,A,N,D,C,A,A,H,-,A,A,0,NA,NA,NA,NA,Y,NA,D,22,0,0,2,0,0,0,0,0,0,-,-,NA,NA,LOS ANGELES,LOS ANGELES,-118.48515011,34.22838004
8472597,2017,2017-11-07,1942,2017-09-12,1925,34561,1766,2,5,7,1942,0,0,0,Q,0,17A67,LASSEN ST,WILBUR AV,0,NA,Y,A,-,N,NA,NA,NA,NA,NA,NA,NA,NA,NA,Y,4,0,2,4,A,-,09,21801,A,N,D,C,A,A,H,-,B,A,0,NA,NA,NA,NA,Y,NA,D,22,0,0,2,0,0,0,0,0,0,-,-,NA,NA,LOS ANGELES,LOS ANGELES,-118.54484003,34.25000006
8472600,2017,2017-12-05,1942,2017-10-01,1420,32372,1743,7,5,7,1942,0,0,0,Q,0,16TL28,DEVONSHIRE ST,ETIWANDA AV,0,NA,Y,A,-,N,NA,NA,NA,NA,NA,NA,NA,NA,NA,Y,3,0,2,2,A,-,12,21453,A,N,D,C,A,A,H,-,A,A,0,NA,NA,NA,NA,Y,NA,A,01,0,2,0,0,0,0,0,0,0,-,-,NA,NA,LOS ANGELES,LOS ANGELES,-118.53172009,34.25728008
8472601,2017,2017-10-27,1942,2017-10-12,1838,32372,1752,4,5,7,1942,0,0,0,Q,0,17A23,W LASSEN ST,CANOGA AV,669,E,N,A,-,N,NA,NA,NA,NA,NA,NA,NA,NA,NA,Y,2,0,4,5,A,-,05,21650,NA,N,A,C,A,A,H,-,C,D,0,NA,NA,NA,NA,Y,NA,A,01,1,2,1,0,0,0,0,0,0,-,-,NA,NA,LOS ANGELES,LOS ANGELES,-118.5951099,34.24999