CASE_ID,ACCIDENT_YEAR,PROC_DATE,JURIS,COLLISION_DATE,COLLISION_TIME,OFFICER_ID,REPORTING_DISTRICT,DAY_OF_WEEK,CHP_SHIFT,POPULATION,CNTY_CITY_LOC,SPECIAL_COND,BEAT_TYPE,CHP_BEAT_TYPE,CITY_DIVISION_LAPD,CHP_BEAT_CLASS,BEAT_NUMBER,PRIMARY_RD,SECONDARY_RD,DISTANCE,DIRECTION,INTERSECTION,WEATHER_1,WEATHER_2,STATE_HWY_IND,CALTRANS_COUNTY,CALTRANS_DISTRICT,STATE_ROUTE,ROUTE_SUFFIX,POSTMILE_PREFIX,POSTMILE,LOCATION_TYPE,RAMP_INTERSECTION,SIDE_OF_HWY,TOW_AWAY,COLLISION_SEVERITY,NUMBER_KILLED,NUMBER_INJURED,PARTY_COUNT,PRIMARY_COLL_FACTOR,PCF_CODE_OF_VIOL,PCF_VIOL_CATEGORY,PCF_VIOLATION,PCF_VIOL_SUBSECTION,HIT_AND_RUN,TYPE_OF_COLLISION,MVIW,PED_ACTION,ROAD_SURFACE,ROAD_COND_1,ROAD_COND_2,LIGHTING,CONTROL_DEVICE,CHP_ROAD_TYPE,PEDESTRIAN_ACCIDENT,BICYCLE_ACCIDENT,MOTORCYCLE_ACCIDENT,TRUCK_ACCIDENT,NOT_PRIVATE_PROPERTY,ALCOHOL_INVOLVED,STWD_VEHTYPE_AT_FAULT,CHP_VEHTYPE_AT_FAULT,COUNT_SEVERE_INJ,COUNT_VISIBLE_INJ,COUNT_COMPLAINT_PAIN,COUNT_PED_KILLED,COUNT_PED_INJURED,COUNT_BICYCLIST_KILLED,COUNT_BICYCLIST_INJURED,COUNT_MC_KILLED,COUNT_MC_INJURED,PRIMARY_RAMP,SECONDARY_RAMP,LATITUDE,LONGITUDE,COUNTY,CITY,POINT_X,POINT_Y
8472785,2017,2017-10-30,1922,2017-10-08,1935,659,NA,7,5,6,1922,0,0,0,NA,0,002,LA MADERA AV,FERRIS RD,150,N,N,A,-,N,NA,NA,NA,NA,NA,NA,NA,NA,NA,N,4,0,1,3,A,-,03,22350,NA,N,G,B,E,A,H,-,C,D,0,Y,NA,NA,NA,Y,NA,A,07,0,0,1,0,1,0,0,0,0,-,-,34.07252,-118.01826,LOS ANGELES,EL MONTE,-118.01833656,34.0724216
8472788,2017,2017-11-03,1956,2017-10-12,1434,1257,02,4,5,5,1956,0,0,0,NA,0,001,SOUTH CATALINA AV,AVENUE H,0,NA,Y,A,-,N,NA,NA,NA,NA,NA,NA,NA,NA,NA,Y,3,0,1,2,A,-,09,21802,A,N,D,C,A,A,H,-,A,D,0,NA,NA,Y,NA,Y,NA,A,01,0,1,0,0,0,0,0,0,1,-,-,NA,NA,LOS ANGELES,REDONDO BEACH,-118.38836013,33.82033003
8472791,2017,2017-11-02,1942,2017-09-05,1840,41927,1373,2,5,7,1942,0,0,0,M,0,13A93,SLAUSON AV,MCKENLEY AV,50,E,N,A,-,N,NA,NA,NA,NA,NA,NA,NA,NA,NA,N,4,0,1,2,A,-,09,21804,A,N,D,C,A,A,H,-,A,D,0,NA,NA,NA,NA,Y,NA,A,01,0,0,1,0,0,0,0,0,0,-,-,NA,NA,LOS ANGELES,LOS ANGELES,-118.2606954,33.98928183
8472793,2017,2017-10-30,1922,2017-10-10,1040,607,NA,2,5,6,1922,0,0,0,NA,0,NA,ELLIOTT AV,TYLER AV,0,NA,Y,A,-,N,NA,NA,NA,NA,NA,NA,NA,NA,NA,N,4,0,2,2,D,-,00,NA,NA,N,D,C,A,A,H,-,A,A,0,NA,NA,NA,NA,Y,NA,-,-,0,0,2,0,0,0,0,0,0,-,-,34.05862,-118.03566,LOS ANGELES,EL MONTE,-118.03563005,34.05859006
8472795,2017,2017-11-02,1942,2017-09-10,0205,40325,0411,7,5,7,1942,0,0,0,D,0,4A15,N BROADWAY,PASADENA AV,44,W,N,A,-,N,NA,NA,NA,NA,NA,NA,NA,NA,NA,N,2,0,1,2,A,-,03,22350,NA,F,C,G,A,A,H,-,C,A,0,NA,Y,NA,NA,Y,NA,-,99,1,0,0,0,0,0,1,0,0,-,-,NA,NA,LOS ANGELES,LOS ANGELES,-118.224305,34.07202
8472799,2017,2017-11-02,1942,2017-09-12,1710,41661,0454,2,5,7,1942,0,0,0,D,0,4A71,EAST 4TH ST,S BOYLE AV,0,NA,Y,A,-,N,NA,NA,NA,NA,NA,NA,NA,NA,NA,Y,4,0,2,2,A,-,09,21801,A,N,D,C,A,A,H,-,A,A,0,NA,NA,NA,NA,Y,NA,A,01,0,0,2,0,0,0,0,0,0,-,-,NA,NA,LOS ANGELES,LOS ANGELES,-118.21964012,34.04306001
8472800,2017,2017-11-03,1956,2017-10-13,1057,1257,15,5,5,5,1956,0,0,0,NA,0,002,RT 1,RUBY ST,0,NA,Y,A,-,N,NA,NA,NA,NA,NA,NA,NA,NA,NA,Y,4,0,1,2,A,-,12,21453,A,N,D,C,A,A,H,-,A,A,0,NA,NA,NA,NA,Y,NA,A,01,0,0,1,0,0,0,0,0,0,-,-,NA,NA,LOS ANGELES,REDONDO BEACH,-118.38516,33.83469
8472856,2017,2017-10-30,1922,2017-09-25,2310,640,NA,1,5,6,1922,0,0,0,NA,0,003,SASTRE AV,GARVEY AV,0,NA,Y,A,-,N,NA,NA,NA,NA,NA,NA,NA,NA,NA,N,4,0,1,2,A,-,05,21650,1,N,D,C,A,A,H,-,C,A,0,NA,Y,NA,NA,Y,Y,L,04,0,0,1,0,0,0,1,0,0,-,-,34.06271,-118.05434,LOS ANGELES,EL MONTE,-118.05435007,34.06273011
8472860,2017,2017-10-30,1922,2017-09-27,1621,633,NA,3,5,6,1922,0,0,0,NA,0,NA,DURFEE AV,VALLEY BL,0,NA,Y,A,-,N,NA,NA,NA,NA,NA,NA,NA,NA,NA,N,3,0,1,2,A,-,05,21202,A,N,D,G,A,A,H,-,A,A,0,NA,Y,NA,NA,Y,NA,L,04,0,1,0,0,0,0,1,0,0,-,-,34.05976,-118.01328,LOS ANGELES,EL MONTE,-118.01325001,34.0597301
8472865,2017,2017-11-27,1922,2017-09-13,0914,683,NA,3,5,6,1922,0,0,0,NA,0,002,RAMONA,PECK RD,250,S,N,A,-,N,NA,NA,NA,NA,NA,NA,NA,NA,NA,Y,4,0,1,2,A,-,09,21804,A,N,C,-,A,A,H,-,A,B,0,NA,NA,NA,NA,Y,NA,D,22,0,0,1,0,0,0,0,0,0,-,-,34.0747,-118.02074,LOS ANGELES,EL MONTE,-118.02371507,34.07399103
8472983,2017,2017-10-31,1922,2017-09-12,1432,683,NA,2,5,6,1922,0,0,0,NA,0,003,PECK RD,ASHER,200,S,N,A,-,N,NA,NA,NA,NA,NA,NA,NA,NA,NA,Y,4,0,1,2,A,-,08,22107,NA,N,A,C,A,A,H,-,A,D,0,NA,NA,NA,NA,Y,NA,A,01,0,0,1,0,0,0,0,0,0,-,-,34.06675,-118.03014,LOS ANGELES,EL MONTE,-118.02984378,34.06695339
8472989,2017,2017-11-28,1900,2017-09-16,2215,523432,2316,6,5,5,1919,0,0,0,NA,0,230T/P,NORWALK BL,RT 91,21,S,N,A,-,N,NA,NA,NA,NA,NA,NA,NA,NA,NA,Y,4,0,1,2,A,-,03,22350,NA,N,C,C,A,A,H,-,C,A,0,NA,NA,NA,NA,Y,NA,A,01,0,0,1,0,0,0,0,0,0,-,-,NA,NA,LOS ANGELES,CERRITOS,-118.07265662,33.87652249
8473112,2017,2017-11-07,1900,2017-09-15,1455,499039,1515,5,5,5,1954,0,0,0,NA,0,151T2,PASSONS BL,MINES AV,0,NA,Y,A,-,N,NA,NA,NA,NA,NA,NA,NA,NA,NA,Y,3,0,1,2,A,-,10,21950,A,N,B,B,B,A,H,-,A,D,0,Y,NA,NA,NA,Y,NA,D,22,0,1,0,0,1,0,0,0,0,-,-,NA,NA,LOS ANGELES,PICO RIVERA,-118.08391002,33.9890401
8473125,2017,2017-11-28,1900,2017-09-18,1635,529141,1519,1,5,5,1954,0,0,0,NA,0,151T2,TELEGRAPH RD,KLINEDALE AV,4,E,N,A,-,N,NA,NA,NA,NA,NA,NA,NA,NA,NA,N,4,0,1,2,A,-,09,21801,A,N,D,C,A,A,H,-,A,D,0,NA,NA,NA,NA,Y,NA,A,01,0,0,1,0,0,0,0,0,0,-,-,NA,NA,LOS ANGELES,PICO RIVERA,-118.09817012,33.95276275
8473129,2017,2017-11-28,1900,2017-09-07,1450,525863,1510,4,5,5,1954,0,0,0,NA,0,0AM,BEVERLY BL,PARAMOUNT BL,0,NA,Y,A,-,N,NA,NA,NA,NA,NA,NA,NA,NA,NA,Y,4,0,1,2,D,-,00,NA,NA,N,B,C,A,A,H,-,A,A,0,NA,NA,NA,NA,Y,NA,-,-,0,0,1,0,0,0,0,0,0,-,-,NA,NA,LOS ANGELES,PICO RIVERA,-118.08591012,34.01213006
8473133,2017,2017-11-28,1900,2017-09-03,1530,529141,1513,7,5,5,1954,0,0,0,NA,0,151T2,MINES AV,PARAMOUNT BL,60,E,N,A,-,N,NA,NA,NA,NA,NA,NA,NA,NA,NA,Y,4,0,1,2,A,-,03,22350,NA,N,E,I,A,A,H,-,A,A,0,NA,NA,NA,NA,Y,NA,A,01,0,0,1,0,0,0,0,0,0,-,-,NA,NA,LOS ANGELES,PICO RIVERA,-118.09467916,33.9950745
8473137,2017,2017-11-28,1900,2017-09-04,2120,529141,1512,1,5,5,1954,0,0,0,NA,0,151T2,DURFEE AV,BEVERLY BL,2,N,N,A,-,N,NA,NA,NA,NA,NA,NA,NA,NA,NA,Y,4,0,1,2,A,-,05,21650,NA,N,D,G,A,A,H,-,C,A,0,NA,Y,NA,NA,Y,NA,L,04,0,0,1,0,0,0,1,0,0,-,-,NA,NA,LOS ANGELES,PICO RIVERA,-118.07634837,34.00911531
8473141,2017,2017-11-28,1900,2017-09-06,1515,529141,1518,3,5,5,1954,0,0,0,NA,0,151T2,CLAYMORE ST,CEYLON AV,110,W,N,A,-,N,NA,NA,NA,NA,NA,NA,NA,NA,NA,Y,4,0,1,2,A,-,08,22107,NA,N,G,E,A,A,H,-,A,D,0,NA,NA,NA,NA,Y,NA,A,01,0,0,1,0,0,0,0,0,0,-,-,NA,NA,LOS ANGELES,PICO RIVERA,-118.10513984,33.95897132
8473151,2017,2017-12-01,1942,2017-10-10,0930,236600,2313,2,5,7,1942,0,0,0,NA,0,230TD,SOUTH ST,PIONEER BL,200,E,N,A,-,N,NA,NA,NA,NA,NA,NA,NA,NA,NA,Y,4,0,1,2,A,-,09,21804,A,N,A,C,A,A,H,-,A,D,0,NA,NA,NA,NA,Y,NA,A,01,0,0,1,0,0,0,0,0,0,-,-,NA,NA,LOS ANGELES,LOS ANGELES,-118.08147266,33.85847
8473153,2017,2017-11-28,1900,2017-09-27,1120,455303,1515,3,5,5,1954,0,0,0,NA,0,151T1,PASSONS BL,COSGROVE ST,14,N,N,A,-,N,NA,NA,NA,NA,NA,NA,NA,NA,NA,N,4,0,1,2,A,-,08,22100,B,N,A,C,A,A,H,-,A,D,0,NA,NA,NA,NA,Y,NA,A,01,0,0,1,0,0,0,0,0,0,-,-,NA,NA,LOS ANGELES,PICO RIVERA,-118.08467914,33.98776423
8473171,2017,2017-12-01,1900,2017-10-08,1225,236600,2314,7,5,5,1919,0,0,0,NA,0,230T10,195TH ST,ELY AV,83,E,N,A,-,N,NA,NA,NA,NA,NA,NA,NA,NA,NA,N,3,0,1,2,A,-,07,21658,A,N,B,G,A,A,H,-,A,D,0,NA,Y,NA,NA,Y,NA,A,01,0,1,0,0,0,0,1,0,0,-,-,NA,NA,LOS ANGELES,CERRITOS,-118.06865726,33.85338354
8473274,2017,2017-11-02,1947,2017-09-12,2004,1360,NA,2,5,5,1947,0,0,0,NA,0,00C,W BEVERLY,MONTEBELLO BL,0,NA,Y,A,-,N,NA,NA,NA,NA,NA,NA,NA,NA,NA,N,4,0,2,2,A,-,03,22350,NA,N,C,C,A,A,H,-,C,A,0,NA,NA,NA,NA,Y,NA,A,01,0,0,2,0,0,0,0,0,0,-,-,34.01719,-118.10593,LOS ANGELES,MONTEBELLO,-118.10628,34.01627007
8473278,2017,2017-11-02,1947,2017-09-15,1035,1351,NA,5,5,5,1947,0,0,0,NA,0,00E,S GREENWOOD AV,WASHINGTON BL,6,N,N,B,-,N,NA,NA,NA,NA,NA,NA,NA,NA,NA,Y,4,0,1,2,A,-,03,22350,NA,M,C,C,A,-,H,-,A,A,0,NA,NA,NA,NA,Y,NA,A,07,0,0,1,0,0,0,0,0,0,-,-,33.99515,-118.1193,LOS ANGELES,MONTEBELLO,-118.11930131,33.99514478
8473285,2017,2017-11-02,1942,2017-09-17,0320,42578,1822,7,5,7,1942,0,0,0,R,0,18A17,MAIN ST,93RD ST,0,NA,Y,A,-,N,NA,NA,NA,NA,NA,NA,NA,NA,NA,N,4,0,1,2,A,-,09,21802,A,F,-,A,A,A,H,-,B,D,0,NA,NA,NA,NA,Y,NA,-,99,0,0,1,0,0,0,0,0,0,-,-,NA,NA,LOS ANGELES,LOS ANGELES,-118.27387012,33.95190009
8473289,2017,2017-12-19,1947,2017-09-30,1820,1412,NA,6,5,5,1947,0,0,0,NA,0,00C,W WHITTIER,6TH ST,100,E,N,A,-,N,NA,NA,NA,NA,NA,NA,NA,NA,NA,NA,3,0,1,3,A,-,05,21650,NA,N,A,C,A,A,H,-,A,D,0,NA,NA,NA,NA,Y,NA,A,01,0,1,0,0,0,0,0,0,0,-,-,34.01007,-118.1082,LOS ANGELES,MONTEBELLO,-118.10574082,34.00954265
8473293,2017,2017-11-02,1947,2017-09-29,1321,1402,NA,5,5,5,1947,0,0,0,NA,0,00E,WEST WASHINGTON BL,VAIL AV SOUTH,0,NA,Y,A,-,N,NA,NA,NA,NA,NA,NA,NA,NA,NA,Y,3,0,2,2,A,-,12,21453,A,N,D,C,A,A,H,-,A,A,0,NA,NA,NA,NA,Y,NA,A,01,0,1,1,0,0,0,0,0,0,-,-,33.99821,-118.12683,LOS ANGELES,MONTEBELLO,-118.12683001,33.9982001
8473299,2017,2017-11-02,1900,2017-10-14,0538,462141,2116,6,5,5,1943,0,0,0,NA,0,212T4,EUCLID AV,ALPINE AV,40,E,N,A,-,N,NA,NA,NA,NA,NA,NA,NA,NA,NA,Y,4,0,2,3,A,-,00,28152,A,F,C,C,A,A,H,-,C,D,0,NA,NA,NA,NA,Y,Y,A,07,0,0,2,0,0,0,0,0,0,-,-,NA,NA,LOS ANGELES,LYNWOOD,-118.21315009999999,33.91348255
8473303,2017,2017-11-02,1942,2017-10-04,1950,42993,1023,3,5,7,1942,0,0,0,J,0,10A26,VANOWEN ST,WILBUR AV,0,NA,Y,A,-,N,NA,NA,NA,NA,NA,NA,NA,NA,NA,N,4,0,2,2,A,-,03,22350,NA,F,C,C,A,A,H,-,C,A,0,NA,NA,NA,NA,Y,NA,-,99,0,0,2,0,0,0,0,0,0,-,-,NA,NA,LOS ANGELES,LOS ANGELES,-118.54475002,34.1938501
8473318,2017,2017-11-02,1900,2017-10-23,0707,177970,2923,1,5,5,1990,0,0,0,NA,0,292K2D,GRAND AV,COUNTRY VIEW DR,0,NA,Y,A,-,N,NA,NA,NA,NA,NA,NA,NA,NA,NA,Y,3,0,1,1,A,-,03,22350,NA,N,E,I,A,A,-,-,A,D,0,NA,NA,NA,NA,Y,NA,A,01,0,1,0,0,0,0,0,0,0,-,-,NA,NA,LOS ANGELES,DIAMOND BAR,-117.80284013,33.99685008
8473322,2017,2017-11-06,1900,2017-10-17,1550,525144,2924,2,5,5,1990,0,0,0,NA,0,292T1P,DIAMOND BAR BL,MAPLE HILL RD,18,N,N,A,-,N,NA,NA,NA,NA,NA,NA,NA,NA,NA,Y,3,0,1,1,C,-,18,NA,NA,N,E,I,A,A,H,-,A,A,0,NA,NA,NA,NA,Y,Y,-,-,0,1,0,0,0,0,0,0,0,-,-,NA,NA,LOS ANGELES,DIAMOND BAR,-117.81984598,33.99011302
8473337,2017,2018-06-13,1926,2017-10-21,0906,0049,NA,6,5,5,1926,0,0,0,NA,0,002,RT 66,VERMONT AV,0,NA,Y,A,-,N,NA,NA,NA,NA,NA,NA,NA,NA,NA,Y,4,0,1,2,A,-,12,21453,A,N,D,C,A,A,H,-,A,A,0,NA,NA,NA,NA,Y,NA,A,01,0,0,1,0,0,0,0,0,0,-,-,NA,NA,LOS ANGELES,GLENDORA,-117.86740007,34.12880011
8473341,2017,2017-11-03,1926,2017-10-18,1245,0022,NA,3,5,5,1926,0,0,0,NA,0,002,BARRANCA AV,ARROW HWY,322,N,N,A,-,N,NA,NA,NA,NA,NA,NA,NA,NA,NA,Y,4,0,2,2,A,-,09,21804,A,N,D,C,A,A,H,-,A,A,0,NA,NA,NA,NA,Y,NA,A,01,0,0,2,0,0,0,0,0,0,-,-,NA,NA,LOS ANGELES,GLENDORA,-117.88148,34.10755227
8473344,2017,2017-12-05,1926,2017-10-22,1304,0082,NA,7,5,5,1926,0,0,0,NA,0,001,WABASH AV,ADA AV,222,N,N,A,-,N,NA,NA,NA,NA,NA,NA,NA,NA,NA,Y,3,0,1,3,A,-,08,22107,NA,N,B,E,A,A,H,-,A,D,0,NA,NA,NA,NA,Y,NA,A,01,0,1,0,0,0,0,0,0,0,-,-,NA,NA,LOS ANGELES,GLENDORA,-117.86286997,34.13298851
8473345,2017,2017-11-03,1926,2017-10-13,1240,0022,NA,5,5,5,1926,0,0,0,NA,0,003,AMELIA AV,FOOTHILL BL,19,N,N,A,-,N,NA,NA,NA,NA,NA,NA,NA,NA,NA,N,3,0,1,2,A,-,09,21453,B,N,D,C,A,A,H,-,A,A,0,NA,NA,Y,NA,Y,NA,C,02,0,1,0,0,0,0,0,0,1,-,-,NA,NA,LOS ANGELES,GLENDORA,-117.82046,34.13618
8473346,2017,2017-11-02,1909,2017-10-17,1827,566,1909,2,5,4,1909,0,0,0,NA,0,NORTH,LOVELAND ST,PERRY RD,180,W,N,A,-,N,NA,NA,NA,NA,NA,NA,NA,NA,NA,Y,4,0,1,2,A,-,08,22107,NA,N,D,C,A,A,H,-,C,D,0,NA,NA,NA,NA,Y,NA,A,01,0,0,1,0,0,0,0,0,0,-,-,NA,NA,LOS ANGELES,BELL GARDENS,-118.14706223,33.96934882
8473348,2017,2017-12-05,1926,2017-10-12,1418,0087,1,4,5,5,1926,0,0,0,NA,0,001,GRAND AV,ORANGEPATH AV,0,NA,Y,A,-,N,NA,NA,NA,NA,NA,NA,NA,NA,NA,Y,4,0,1,3,A,-,08,22101,D,N,D,C,A,A,H,-,A,A,0,NA,NA,NA,NA,Y,NA,A,01,0,0,1,0,0,0,0,0,0,-,-,NA,NA,LOS ANGELES,GLENDORA,-117.87284009,34.1298901
8473361,2017,2017-11-06,1900,2017-10-09,0826,621425,1366,1,5,5,1952,0,0,0,NA,0,133T1,ORANGE AV,MARCELLE ST,0,NA,Y,A,-,N,NA,NA,NA,NA,NA,NA,NA,NA,NA,Y,4,0,2,2,A,-,09,21802,A,N,-,C,A,A,H,-,A,D,0,NA,NA,NA,NA,Y,NA,A,08,0,0,2,0,0,0,0,0,0,-,-,NA,NA,LOS ANGELES,PARAMOUNT,-118.17748,33.88643008
8473362,2017,2017-11-03,1900,2017-10-14,0930,625463,1365,6,5,5,1952,0,0,0,NA,0,136B,PARAMOUNT BL,SOMERSET BL,0,NA,Y,A,-,N,NA,NA,NA,NA,NA,NA,NA,NA,NA,N,3,0,1,2,A,-,12,21453,A,N,D,C,A,A,H,-,A,A,0,NA,NA,NA,NA,Y,NA,A,01,0,1,0,0,0,0,0,0,0,-,-,NA,NA,LOS ANGELES,PARAMOUNT,-118.16020009,33.89648001
8473365,2017,2017-11-06,1965,2017-10-29,2015,3553,0B3C,7,5,5,1965,0,0,0,NA,0,B003,20TH ST,BROADWAY,0,NA,Y,A,-,N,NA,NA,NA,NA,NA,NA,NA,NA,NA,N,4,0,1,2,A,-,09,21801,A,N,D,G,A,A,H,-,C,A,0,NA,Y,NA,NA,Y,NA,A,01,0,0,1,0,0,0,1,0,0,-,-,NA,NA,LOS ANGELES,SANTA MONICA,-118.47848005,34.02736006
8473366,2017,2017-11-03,1900,2017-10-11,1135,625459,1332,3,5,5,1908,0,0,0,NA,0,133T2,SOMERSET BL,BLAINE AV,45,S,N,A,-,N,NA,NA,NA,NA,NA,NA,NA,NA,NA,N,4,0,1,2,A,-,03,22350,NA,N,C,C,A,A,H,-,A,D,0,NA,NA,NA,NA,Y,NA,A,01,0,0,1,0,0,0,0,0,0,-,-,NA,NA,LOS ANGELES,BELLFLOWER,-118.12646,33.89657
8473369,2017,2017-11-06,1900,2017-10-04,0726,623020,1322,3,5,5,1935,0,0,0,NA,0,132,BELLFLOWER BL,ANDY ST,10,N,N,A,-,N,NA,NA,NA,NA,NA,NA,NA,NA,NA,Y,4,0,2,2,A,-,09,21802,A,N,D,C,A,A,H,-,A,D,0,NA,NA,NA,NA,Y,NA,A,01,0,0,2,0,0,0,0,0,0,-,-,NA,NA,LOS ANGELES,LAKEWOOD,-118.12534013,33.86213742
8473370,2017,2017-11-03,1900,2017-10-17,0725,624371,1351,2,5,3,1927,0,0,0,NA,0,135A,222ND ST,BELSHIRE AV,0,NA,Y,A,-,N,NA,NA,NA,NA,NA,NA,NA,NA,NA,N,4,0,1,2,A,-,09,21802,A,N,A,G,A,A,H,-,A,A,0,NA,Y,NA,NA,Y,NA,A,07,0,0,1,0,0,0,1,0,0,-,-,NA,NA,LOS ANGELES,HAWAIIAN GARDENS,-118.06984013,33.82691007
8473373,2017,2017-11-06,1900,2017-10-03,0700,451503,1349,2,5,3,1903,0,0,0,NA,0,134A,SOUTH ST,NORWALK BL,0,NA,Y,A,-,N,NA,NA,NA,NA,NA,NA,NA,NA,NA,Y,4,0,3,3,A,-,12,21453,A,N,D,C,A,A,H,-,A,A,0,NA,NA,NA,NA,Y,NA,A,NA,0,0,3,0,0,0,0,0,0,-,-,NA,NA,LOS ANGELES,ARTESIA,-118.07234004,33.85853008
8473374,2017,2017-11-03,1900,2017-10-16,1624,621425,1335,1,5,5,1908,0,0,0,NA,0,133A,CLARK AV,ROSE ST,0,NA,Y,A,-,N,NA,NA,NA,NA,NA,NA,NA,NA,NA,Y,4,0,2,2,A,-,09,21801,A,N,E,I,A,A,H,-,A,D,0,NA,NA,NA,NA,Y,NA,A,01,0,0,2,0,0,0,0,0,0,-,-,NA,NA,LOS ANGELES,BELLFLOWER,-118.13387009,33.86960011
8473377,2017,2017-11-06,1900,2017-10-04,1810,619491,1363,3,5,5,1952,0,0,0,NA,0,136D,ROSECRANS AV,ORANGE AV,1200,W,N,A,-,N,NA,NA,NA,NA,NA,NA,NA,NA,NA,Y,4,0,2,3,A,-,03,22350,NA,N,C,C,A,A,H,-,B,A,0,NA,NA,NA,NA,Y,NA,A,01,0,0,2,0,0,0,0,0,0,-,-,NA,NA,LOS ANGELES,PARAMOUNT,-118.18151526,33.9036
8473378,2017,2017-11-03,1900,2017-10-12,1045,625459,1336,4,5,5,1908,0,0,0,NA,0,133T2,BELLFLOWER BL,PARK ST,0,NA,Y,A,-,N,NA,NA,NA,NA,NA,NA,NA,NA,NA,Y,4,0,1,2,A,-,09,21801,A,N,D,C,A,A,H,-,A,A,0,NA,NA,NA,NA,Y,NA,A,01,0,0,1,0,0,0,0,0,0,-,-,NA,NA,LOS ANGELES,BELLFLOWER,-118.12526001,33.87844004
8473382,2017,2017-11-03,1900,2017-10-12,1910,451411,1324,4,5,5,1935,0,0,0,NA,0,132T1P,WOODRUFF AV,CENTRALIA ST,0,NA,Y,A,-,N,NA,NA,NA,NA,NA,NA,NA,NA,NA,Y,3,0,1,2,A,-,09,21801,A,N,D,C,A,A,H,-,C,A,0,NA,NA,NA,NA,Y,NA,A,01,0,1,0,0,0,0,0,0,0,-,-,NA,NA,LOS ANGELES,LAKEWOOD,-118.11668011,33.83953001
8473385,2017,2017-11-06,1965,2017-10-17,1640,3158,0B3C,2,5,5,1965,0,0,0,NA,0,B003,EXPO LINE,16TH ST,131,W,N,A,-,N,NA,NA,NA,NA,NA,NA,NA,NA,NA,N,2,0,1,2,A,-,12,22451,A,N,H,B,C,A,H,-,A,A,0,Y,NA,NA,NA,Y,NA,N,60,1,0,0,0,1,0,0,0,0,-,-,NA,NA,LOS ANGELES,SANTA MONICA,-118.481045,34.02275
8473386,2017,2017-11-03,1900,2017-10-02,1938,606987,1320,1,5,5,1935,0,0,0,NA,0,132T2,DEEBOYAR AV,YEARLING ST,8,N,N,A,-,N,NA,NA,NA,NA,NA,NA,NA,NA,NA,Y,3,0,1,1,A,-,01,23152,A,N,E,I,A,A,H,-,D,D,0,NA,NA,NA,NA,Y,NA,A,01,0,1,0,0,0,0,0,0,0,-,-,NA,NA,LOS ANGELES,LAKEWOOD,-118.16362,33.85024194
8473387,2017,2017-11-06,1933,2017-08-25,1200,42359,NA,5,5,6,1933,0,0,0,NA,0,NA,CENTURY,PRAIRIE,0,NA,Y,A,-,N,NA,NA,NA,NA,NA,NA,NA,NA,NA,N,4,0,1,2,D,-,00,NA,NA,N,C,C,A,A,H,-,A,D,0,NA,NA,NA,NA,Y,NA,-,-,0,0,1,0,0,0,0,0,0,-,-,NA,NA,LOS ANGELES,INGLEWOOD,-118.34395007,33.94545005
8473389,2017,2017-11-06,1965,2017-10-25,0840,3833,0BIL,3,5,5,1965,0,0,0,NA,0,B001,4TH ST,BROADWAY,66,S,N,A,-,N,NA,NA,NA,NA,NA,NA,NA,NA,NA,N,4,0,1,2,A,-,03,22350,NA,F,C,C,A,A,H,-,A,A,0,NA,NA,NA,NA,Y,NA,A,01,0,0,1,0,0,0,0,0,0,-,-,NA,NA,LOS ANGELES,SANTA MONICA,-118.49346674,34.01495159
8473393,2017,2017-11-06,1965,2017-10-24,1310,3693,0B3A,2,5,5,1965,0,0,0,NA,0,B003,WILSHIRE BL,YALE ST,0,NA,Y,A,-,N,NA,NA,NA,NA,NA,NA,NA,NA,NA,Y,4,0,1,2,A,-,09,21801,A,N,D,C,A,A,H,-,A,A,0,NA,NA,NA,NA,Y,NA,A,01,0,0,1,0,0,0,0,0,0,-,-,NA,NA,LOS ANGELES,SANTA MONICA,-118.47465006,34.03827009
8473394,2017,2017-11-03,1900,2017-10-14,1920,610427,1365,6,5,5,1952,0,0,0,NA,0,136W,DOWNEY AV,ROSECRANS AV,0,NA,Y,A,-,N,NA,NA,NA,NA,NA,NA,NA,NA,NA,Y,4,0,1,2,A,-,12,21453,A,N,A,C,A,A,H,-,C,A,0,NA,NA,NA,NA,Y,NA,A,01,0,0,1,0,0,0,0,0,0,-,-,NA,NA,LOS ANGELES,PARAMOUNT,-118.15156006,33.90367006
8473397,2017,2017-11-06,1965,2017-10-23,1255,3693,0B3A,1,5,5,1965,0,0,0,NA,0,B003,20TH ST,SANTA MONICA BL,289,N,N,A,-,N,NA,NA,NA,NA,NA,NA,NA,NA,NA,N,4,0,1,2,A,-,07,21658,A,N,B,C,A,A,H,-,A,A,0,NA,NA,NA,NA,Y,NA,A,07,0,0,1,0,0,0,0,0,0,-,-,NA,NA,LOS ANGELES,SANTA MONICA,-118.48066658,34.0292341
8473398,2017,2017-11-03,1900,2017-10-15,1330,624614,1365,7,5,5,1952,0,0,0,NA,0,136D,ROSECRANS AV,PARAMOUNT BL,150,W,N,A,-,N,NA,NA,NA,NA,NA,NA,NA,NA,NA,N,3,0,1,2,A,-,03,22350,NA,N,C,C,A,A,H,-,A,D,0,NA,NA,NA,NA,Y,NA,A,01,0,1,0,0,0,0,0,0,0,-,-,NA,NA,LOS ANGELES,PARAMOUNT,-118.16073331,33.90375